"n","p","dimension","correlation","scheme","metric","replications","mean","sd","se","ci_lower","ci_upper"
100,20,"n=100, p=20","independent","original","mean_entry_tau",100,0.99330849989119,0.00344170725641949,0.000344170725641949,0.992633925268932,0.993983074513448
100,20,"n=100, p=20","independent","original","mean_jaccard_s",100,0.995555555555556,0.0218829317296591,0.00218829317296591,0.991266500936542,0.999844610174569
100,20,"n=100, p=20","independent","original","mean_jaccard_2s",100,0.97989898989899,0.0332540882769655,0.00332540882769655,0.973381188596705,0.986416791201275
100,20,"n=100, p=20","independent","original","mean_support_f1",100,0.988121212121212,0.0450902244946072,0.00450902244946072,0.979283528120269,0.996958896122155
100,20,"n=100, p=20","independent","original","mean_rmse",100,1.67967225148532,0.270152875628722,0.0270152875628722,1.62672228786209,1.73262221510855
100,20,"n=100, p=20","independent","original","f1_lasso",100,0.988,0.0477366513151884,0.00477366513151884,0.978643616342223,0.997356383657777
100,20,"n=100, p=20","independent","original","f1_lar",100,0.988,0.0477366513151884,0.00477366513151884,0.978643616342223,0.997356383657777
100,20,"n=100, p=20","independent","original","f1_glmnet",100,0.988363636363636,0.0425829381315826,0.00425829381315826,0.980017380489846,0.996709892237427
100,20,"n=100, p=20","independent","original","rmse_lasso",100,1.56433363530486,0.272835533580644,0.0272835533580644,1.51085787072306,1.61780939988667
100,20,"n=100, p=20","independent","original","rmse_lar",100,1.56433363530486,0.272835533580644,0.0272835533580644,1.51085787072306,1.61780939988667
100,20,"n=100, p=20","independent","original","rmse_glmnet",100,1.91034948384623,0.329568493679582,0.0329568493679582,1.84575405908503,1.97494490860742
100,20,"n=100, p=20","independent","original","elapsed_seconds",100,0.0324000000000018,0.0200060596880664,0.00200060596880664,0.0284788123011408,0.0363211876988628
100,20,"n=100, p=20","independent","quantile_2","mean_entry_tau",100,0.992442572366348,0.00344186068270974,0.000344186068270974,0.991767967672536,0.993117177060159
100,20,"n=100, p=20","independent","quantile_2","mean_jaccard_s",100,0.995555555555556,0.0218829317296591,0.00218829317296591,0.991266500936542,0.999844610174569
100,20,"n=100, p=20","independent","quantile_2","mean_jaccard_2s",100,0.985151515151515,0.0292633607349699,0.00292633607349699,0.979415896447461,0.990887133855569
100,20,"n=100, p=20","independent","quantile_2","mean_support_f1",100,0.968121212121212,0.072038468584029,0.0072038468584029,0.954001672278742,0.982240751963682
100,20,"n=100, p=20","independent","quantile_2","mean_rmse",100,1.9719612546369,0.329651057855107,0.0329651057855107,1.9073496472973,2.0365728619765
100,20,"n=100, p=20","independent","quantile_2","f1_lasso",100,0.968,0.0736905898354941,0.00736905898354941,0.953556644392243,0.982443355607757
100,20,"n=100, p=20","independent","quantile_2","f1_lar",100,0.968,0.0736905898354941,0.00736905898354941,0.953556644392243,0.982443355607757
100,20,"n=100, p=20","independent","quantile_2","f1_glmnet",100,0.968363636363636,0.070565672601925,0.0070565672601925,0.954532764533659,0.982194508193614
100,20,"n=100, p=20","independent","quantile_2","rmse_lasso",100,1.94685808233087,0.335349922962479,0.0335349922962479,1.88112949743023,2.01258666723152
100,20,"n=100, p=20","independent","quantile_2","rmse_lar",100,1.94685808233087,0.335349922962479,0.0335349922962479,1.88112949743023,2.01258666723152
100,20,"n=100, p=20","independent","quantile_2","rmse_glmnet",100,2.02216759924896,0.332743616474891,0.0332743616474891,1.95694985041988,2.08738534807804
100,20,"n=100, p=20","independent","quantile_2","elapsed_seconds",100,0.0638999999999993,0.040623797573506,0.0040623797573506,0.0559377356755921,0.0718622643244065
100,20,"n=100, p=20","independent","quantile_4","mean_entry_tau",100,0.99056648631874,0.00515515701809833,0.000515515701809833,0.989556075543192,0.991576897094287
100,20,"n=100, p=20","independent","quantile_4","mean_jaccard_s",100,0.976190476190476,0.049040823861375,0.0049040823861375,0.966578474713647,0.985802477667306
100,20,"n=100, p=20","independent","quantile_4","mean_jaccard_2s",100,0.973829503829504,0.0426053570572484,0.00426053570572484,0.965478853846283,0.982180153812724
100,20,"n=100, p=20","independent","quantile_4","mean_support_f1",100,0.891313131313131,0.105914504780373,0.0105914504780373,0.870553888376178,0.912072374250084
100,20,"n=100, p=20","independent","quantile_4","mean_rmse",100,2.13351470979984,0.333856179110813,0.0333856179110813,2.06807889869412,2.19895052090556
100,20,"n=100, p=20","independent","quantile_4","f1_lasso",100,0.89,0.107778298447144,0.0107778298447144,0.86887545350436,0.91112454649564
100,20,"n=100, p=20","independent","quantile_4","f1_lar",100,0.89,0.107778298447144,0.0107778298447144,0.86887545350436,0.91112454649564
100,20,"n=100, p=20","independent","quantile_4","f1_glmnet",100,0.893939393939394,0.107336330427436,0.0107336330427436,0.872901473175617,0.914977314703172
100,20,"n=100, p=20","independent","quantile_4","rmse_lasso",100,2.12162840356385,0.33293337362391,0.033293337362391,2.05637346233356,2.18688334479414
100,20,"n=100, p=20","independent","quantile_4","rmse_lar",100,2.12162840356385,0.33293337362391,0.033293337362391,2.05637346233356,2.18688334479414
100,20,"n=100, p=20","independent","quantile_4","rmse_glmnet",100,2.15728732227181,0.341114175476962,0.0341114175476962,2.09042894387833,2.2241457006653
100,20,"n=100, p=20","independent","quantile_4","elapsed_seconds",100,0.233700000000001,0.167064101893298,0.0167064101893298,0.200955436028915,0.266444563971087
100,20,"n=100, p=20","independent","quantile_8","mean_entry_tau",100,0.992281408565438,0.00600141167483626,0.000600141167483626,0.99110513187717,0.993457685253705
100,20,"n=100, p=20","independent","quantile_8","mean_jaccard_s",100,0.968452380952381,0.0578292130151192,0.00578292130151192,0.957117855201418,0.979786906703344
100,20,"n=100, p=20","independent","quantile_8","mean_jaccard_2s",100,0.987474747474748,0.0282113165924529,0.00282113165924529,0.981945329422627,0.993004165526868
100,20,"n=100, p=20","independent","quantile_8","mean_support_f1",100,0.756513597513598,0.151662275569061,0.0151662275569061,0.726787791502062,0.786239403525134
100,20,"n=100, p=20","independent","quantile_8","mean_rmse",100,2.40980804904217,0.370412550842199,0.0370412550842199,2.3372071890771,2.48240890900724
100,20,"n=100, p=20","independent","quantile_8","f1_lasso",100,0.758,0.156463440077253,0.0156463440077253,0.727333165744859,0.788666834255142
100,20,"n=100, p=20","independent","quantile_8","f1_lar",100,0.758,0.156463440077253,0.0156463440077253,0.727333165744859,0.788666834255142
100,20,"n=100, p=20","independent","quantile_8","f1_glmnet",100,0.753540792540793,0.148294666982223,0.0148294666982223,0.724475037812277,0.782606547269308
100,20,"n=100, p=20","independent","quantile_8","rmse_lasso",100,2.40695924020432,0.370322498780053,0.0370322498780053,2.33437603044343,2.47954244996521
100,20,"n=100, p=20","independent","quantile_8","rmse_lar",100,2.40695924020432,0.370322498780053,0.0370322498780053,2.33437603044343,2.47954244996521
100,20,"n=100, p=20","independent","quantile_8","rmse_glmnet",100,2.41550566671787,0.371028646824597,0.0371028646824597,2.34278405194025,2.48822728149549
100,20,"n=100, p=20","independent","quantile_8","elapsed_seconds",100,0.3972,0.186342142145555,0.0186342142145555,0.360676940139471,0.433723059860529
100,20,"n=100, p=20","independent","equal_width_4","mean_entry_tau",100,0.9892203641936,0.00534853594044381,0.000534853594044381,0.988172051149273,0.990268677237927
100,20,"n=100, p=20","independent","equal_width_4","mean_jaccard_s",100,0.973174603174603,0.0523634585331301,0.00523634585331301,0.96291136530211,0.983437841047097
100,20,"n=100, p=20","independent","equal_width_4","mean_jaccard_2s",100,0.980808080808081,0.0364762622317271,0.00364762622317271,0.973658733410662,0.987957428205499
100,20,"n=100, p=20","independent","equal_width_4","mean_support_f1",100,0.829232323232323,0.125285172373054,0.0125285172373054,0.804676429447205,0.853788217017442
100,20,"n=100, p=20","independent","equal_width_4","mean_rmse",100,2.28798357285151,0.340983204833791,0.0340983204833791,2.22115086470408,2.35481628099893
100,20,"n=100, p=20","independent","equal_width_4","f1_lasso",100,0.828,0.127191893522259,0.0127191893522259,0.803070388869637,0.852929611130363
100,20,"n=100, p=20","independent","equal_width_4","f1_lar",100,0.828,0.127191893522259,0.0127191893522259,0.803070388869637,0.852929611130363
100,20,"n=100, p=20","independent","equal_width_4","f1_glmnet",100,0.83169696969697,0.126820380572635,0.0126820380572635,0.806840175104733,0.856553764289206
100,20,"n=100, p=20","independent","equal_width_4","rmse_lasso",100,2.28322196385199,0.344609231305727,0.0344609231305727,2.21567855451607,2.35076537318792
100,20,"n=100, p=20","independent","equal_width_4","rmse_lar",100,2.28322196385199,0.344609231305727,0.0344609231305727,2.21567855451607,2.35076537318792
100,20,"n=100, p=20","independent","equal_width_4","rmse_glmnet",100,2.29750679085053,0.335405162501966,0.0335405162501966,2.23176737900014,2.36324620270091
100,20,"n=100, p=20","independent","equal_width_4","elapsed_seconds",100,0.219199999999999,0.1225872602012,0.01225872602012,0.195172897000564,0.243227102999434
100,20,"n=100, p=20","ar1_rho_0.5","original","mean_entry_tau",100,0.992867130469503,0.00863698707276626,0.000863698707276626,0.991174281003241,0.994559979935766
100,20,"n=100, p=20","ar1_rho_0.5","original","mean_jaccard_s",100,0.987777777777778,0.0349406708594689,0.00349406708594689,0.980929406289322,0.994626149266234
100,20,"n=100, p=20","ar1_rho_0.5","original","mean_jaccard_2s",100,0.978661616161616,0.0386745561464792,0.00386745561464792,0.971081403156906,0.986241829166326
100,20,"n=100, p=20","ar1_rho_0.5","original","mean_support_f1",100,0.92230303030303,0.103936953212564,0.0103936953212564,0.901931387473368,0.942674673132693
100,20,"n=100, p=20","ar1_rho_0.5","original","mean_rmse",100,1.7394573846594,0.320612269570485,0.0320612269570485,1.67661737982359,1.80229738949522
100,20,"n=100, p=20","ar1_rho_0.5","original","f1_lasso",100,0.922,0.105963591994056,0.0105963591994056,0.901231135969165,0.942768864030835
100,20,"n=100, p=20","ar1_rho_0.5","original","f1_lar",100,0.922,0.105963591994056,0.0105963591994056,0.901231135969165,0.942768864030835
100,20,"n=100, p=20","ar1_rho_0.5","original","f1_glmnet",100,0.922909090909091,0.103147559269333,0.0103147559269333,0.902692169292302,0.94312601252588
100,20,"n=100, p=20","ar1_rho_0.5","original","rmse_lasso",100,1.66207853849333,0.311267796578686,0.0311267796578686,1.60107005036391,1.72308702662275
100,20,"n=100, p=20","ar1_rho_0.5","original","rmse_lar",100,1.66207853849333,0.311267796578686,0.0311267796578686,1.60107005036391,1.72308702662275
100,20,"n=100, p=20","ar1_rho_0.5","original","rmse_glmnet",100,1.89421507699155,0.392585568803787,0.0392585568803787,1.81726830550601,1.9711618484771
100,20,"n=100, p=20","ar1_rho_0.5","original","elapsed_seconds",100,0.0380999999999972,0.0383681001759449,0.00383681001759449,0.030579852365512,0.0456201476344824
100,20,"n=100, p=20","ar1_rho_0.5","quantile_2","mean_entry_tau",100,0.990373582620409,0.00894646324335002,0.000894646324335002,0.988620075824712,0.992127089416106
100,20,"n=100, p=20","ar1_rho_0.5","quantile_2","mean_jaccard_s",100,0.978412698412698,0.0475131096733199,0.00475131096733199,0.969100128916728,0.987725267908669
100,20,"n=100, p=20","ar1_rho_0.5","quantile_2","mean_jaccard_2s",100,0.975709013209013,0.0414767908114228,0.00414767908114228,0.967579562209974,0.983838464208052
100,20,"n=100, p=20","ar1_rho_0.5","quantile_2","mean_support_f1",100,0.856020202020202,0.122067216479171,0.0122067216479171,0.832095027590285,0.87994537645012
100,20,"n=100, p=20","ar1_rho_0.5","quantile_2","mean_rmse",100,1.98614341725364,0.382460028838999,0.0382460028838999,1.9111812516012,2.06110558290609
100,20,"n=100, p=20","ar1_rho_0.5","quantile_2","f1_lasso",100,0.856,0.124169971483374,0.0124169971483374,0.831662685589259,0.880337314410741
100,20,"n=100, p=20","ar1_rho_0.5","quantile_2","f1_lar",100,0.856,0.124169971483374,0.0124169971483374,0.831662685589259,0.880337314410741
100,20,"n=100, p=20","ar1_rho_0.5","quantile_2","f1_glmnet",100,0.856060606060606,0.122307948292139,0.0122307948292139,0.832088248195347,0.880032963925865
100,20,"n=100, p=20","ar1_rho_0.5","quantile_2","rmse_lasso",100,1.96626715273063,0.3854619091133,0.03854619091133,1.89071661854442,2.04181768691684
100,20,"n=100, p=20","ar1_rho_0.5","quantile_2","rmse_lar",100,1.96626715273063,0.3854619091133,0.03854619091133,1.89071661854442,2.04181768691684
100,20,"n=100, p=20","ar1_rho_0.5","quantile_2","rmse_glmnet",100,2.02589594629967,0.383714682097353,0.0383714682097353,1.95068786860859,2.10110402399075
100,20,"n=100, p=20","ar1_rho_0.5","quantile_2","elapsed_seconds",100,0.0694000000000017,0.0121289369324314,0.00121289369324314,0.0670227283612451,0.0717772716387582
100,20,"n=100, p=20","ar1_rho_0.5","quantile_4","mean_entry_tau",100,0.989979516121206,0.00508881599846761,0.000508881599846761,0.988982108185507,0.990976924056906
100,20,"n=100, p=20","ar1_rho_0.5","quantile_4","mean_jaccard_s",100,0.974761904761905,0.0483927840510417,0.00483927840510417,0.965276919087901,0.984246890435909
100,20,"n=100, p=20","ar1_rho_0.5","quantile_4","mean_jaccard_2s",100,0.97949494949495,0.0360772486093997,0.00360772486093997,0.972423808767507,0.986566090222392
100,20,"n=100, p=20","ar1_rho_0.5","quantile_4","mean_support_f1",100,0.785444444444445,0.128547400276049,0.0128547400276049,0.760249153990339,0.81063973489855
100,20,"n=100, p=20","ar1_rho_0.5","quantile_4","mean_rmse",100,2.16378089869359,0.374125798509174,0.0374125798509174,2.09045224218579,2.23710955520138
100,20,"n=100, p=20","ar1_rho_0.5","quantile_4","f1_lasso",100,0.784,0.132360084312424,0.0132360084312424,0.758057423474765,0.809942576525235
100,20,"n=100, p=20","ar1_rho_0.5","quantile_4","f1_lar",100,0.784,0.132360084312424,0.0132360084312424,0.758057423474765,0.809942576525235
100,20,"n=100, p=20","ar1_rho_0.5","quantile_4","f1_glmnet",100,0.788333333333333,0.127262068293001,0.0127262068293001,0.763389967947905,0.813276698718762
100,20,"n=100, p=20","ar1_rho_0.5","quantile_4","rmse_lasso",100,2.15489346992791,0.372537934484197,0.0372537934484197,2.08187603476901,2.22791090508681
100,20,"n=100, p=20","ar1_rho_0.5","quantile_4","rmse_lar",100,2.15489346992791,0.372537934484197,0.0372537934484197,2.08187603476901,2.22791090508681
100,20,"n=100, p=20","ar1_rho_0.5","quantile_4","rmse_glmnet",100,2.18155575622494,0.380891567047881,0.0380891567047881,2.10690100908356,2.25621050336632
100,20,"n=100, p=20","ar1_rho_0.5","quantile_4","elapsed_seconds",100,0.254000000000001,0.0320037876546228,0.00320037876546228,0.247727257619695,0.260272742380307
100,20,"n=100, p=20","ar1_rho_0.5","quantile_8","mean_entry_tau",100,0.992482327646375,0.00424874547165969,0.000424874547165969,0.99164957353393,0.993315081758821
100,20,"n=100, p=20","ar1_rho_0.5","quantile_8","mean_jaccard_s",100,0.984166666666667,0.0432958700183224,0.00432958700183224,0.975680676143075,0.992652657190258
100,20,"n=100, p=20","ar1_rho_0.5","quantile_8","mean_jaccard_2s",100,0.981996891996892,0.0346849524642331,0.00346849524642331,0.975198641313902,0.988795142679882
100,20,"n=100, p=20","ar1_rho_0.5","quantile_8","mean_support_f1",100,0.676172494172494,0.151588427536919,0.0151588427536919,0.646461162375258,0.70588382596973
100,20,"n=100, p=20","ar1_rho_0.5","quantile_8","mean_rmse",100,2.39342461804311,0.389296348795129,0.0389296348795129,2.31712253367927,2.46972670240696
100,20,"n=100, p=20","ar1_rho_0.5","quantile_8","f1_lasso",100,0.676,0.155127839102614,0.0155127839102614,0.645594943535888,0.706405056464112
100,20,"n=100, p=20","ar1_rho_0.5","quantile_8","f1_lar",100,0.676,0.155127839102614,0.0155127839102614,0.645594943535888,0.706405056464112
100,20,"n=100, p=20","ar1_rho_0.5","quantile_8","f1_glmnet",100,0.676517482517483,0.147569576060969,0.0147569576060969,0.647593845609533,0.705441119425433
100,20,"n=100, p=20","ar1_rho_0.5","quantile_8","rmse_lasso",100,2.38740231008066,0.388892065379062,0.0388892065379062,2.31117946526637,2.46362515489496
100,20,"n=100, p=20","ar1_rho_0.5","quantile_8","rmse_lar",100,2.38740231008066,0.388892065379062,0.0388892065379062,2.31117946526637,2.46362515489496
100,20,"n=100, p=20","ar1_rho_0.5","quantile_8","rmse_glmnet",100,2.40546923396801,0.391806774592137,0.0391806774592137,2.32867510614795,2.48226336178807
100,20,"n=100, p=20","ar1_rho_0.5","quantile_8","elapsed_seconds",100,0.473900000000004,0.114934280738557,0.0114934280738557,0.451372880975247,0.496427119024762
100,20,"n=100, p=20","ar1_rho_0.5","equal_width_4","mean_entry_tau",100,0.988423271427004,0.00470160717794446,0.000470160717794446,0.987501756420127,0.989344786433881
100,20,"n=100, p=20","ar1_rho_0.5","equal_width_4","mean_jaccard_s",100,0.961164021164021,0.0656175160685457,0.00656175160685457,0.948302988014586,0.974025054313456
100,20,"n=100, p=20","ar1_rho_0.5","equal_width_4","mean_jaccard_2s",100,0.977249417249417,0.036809375390971,0.0036809375390971,0.970034779672787,0.984464054826048
100,20,"n=100, p=20","ar1_rho_0.5","equal_width_4","mean_support_f1",100,0.724763347763348,0.130913804516798,0.0130913804516798,0.699104242078055,0.75042245344864
100,20,"n=100, p=20","ar1_rho_0.5","equal_width_4","mean_rmse",100,2.34229727450383,0.393914371431941,0.0393914371431941,2.26509005770317,2.41950449130449
100,20,"n=100, p=20","ar1_rho_0.5","equal_width_4","f1_lasso",100,0.726,0.132283747675177,0.0132283747675177,0.700072385455665,0.751927614544335
100,20,"n=100, p=20","ar1_rho_0.5","equal_width_4","f1_lar",100,0.726,0.132283747675177,0.0132283747675177,0.700072385455665,0.751927614544335
100,20,"n=100, p=20","ar1_rho_0.5","equal_width_4","f1_glmnet",100,0.722290043290043,0.135464344267363,0.0135464344267363,0.69573903181364,0.748841054766446
100,20,"n=100, p=20","ar1_rho_0.5","equal_width_4","rmse_lasso",100,2.34145268115049,0.396492982441865,0.0396492982441865,2.26374005659188,2.41916530570909
100,20,"n=100, p=20","ar1_rho_0.5","equal_width_4","rmse_lar",100,2.34145268115049,0.396492982441865,0.0396492982441865,2.26374005659188,2.41916530570909
100,20,"n=100, p=20","ar1_rho_0.5","equal_width_4","rmse_glmnet",100,2.34398646121052,0.389973246240779,0.0389973246240779,2.26755170494732,2.42042121747371
100,20,"n=100, p=20","ar1_rho_0.5","equal_width_4","elapsed_seconds",100,0.249500000000003,0.0435165125979451,0.00435165125979451,0.240970763530805,0.2580292364692
100,20,"n=100, p=20","ar1_rho_0.9","original","mean_entry_tau",100,0.985903461842557,0.0213966280437729,0.00213966280437729,0.981709722745978,0.990097200939137
100,20,"n=100, p=20","ar1_rho_0.9","original","mean_jaccard_s",100,0.971031746031746,0.0668539841517947,0.00668539841517947,0.957928365137994,0.984135126925498
100,20,"n=100, p=20","ar1_rho_0.9","original","mean_jaccard_2s",100,0.937859362859363,0.0774958687220921,0.00774958687220921,0.922670172589833,0.953048553128893
100,20,"n=100, p=20","ar1_rho_0.9","original","mean_support_f1",100,0.657060606060606,0.165966007046366,0.0165966007046366,0.624531268679518,0.689589943441694
100,20,"n=100, p=20","ar1_rho_0.9","original","mean_rmse",100,1.55489213531156,0.541851584373716,0.0541851584373716,1.44868922477431,1.6610950458488
100,20,"n=100, p=20","ar1_rho_0.9","original","f1_lasso",100,0.66,0.176383420737639,0.0176383420737639,0.625428849535423,0.694571150464577
100,20,"n=100, p=20","ar1_rho_0.9","original","f1_lar",100,0.652,0.169658004184413,0.0169658004184413,0.618747031179855,0.685252968820145
100,20,"n=100, p=20","ar1_rho_0.9","original","f1_glmnet",100,0.659181818181818,0.158079681504654,0.0158079681504654,0.628198200606906,0.69016543575673
100,20,"n=100, p=20","ar1_rho_0.9","original","rmse_lasso",100,1.52606171256316,0.530263367352548,0.0530263367352548,1.42213009256206,1.62999333256426
100,20,"n=100, p=20","ar1_rho_0.9","original","rmse_lar",100,1.52630152485837,0.530086069111218,0.0530086069111218,1.42240465531257,1.63019839440417
100,20,"n=100, p=20","ar1_rho_0.9","original","rmse_glmnet",100,1.61231316851314,0.575024537328746,0.0575024537328746,1.49960835919671,1.72501797782957
100,20,"n=100, p=20","ar1_rho_0.9","original","elapsed_seconds",100,0.0329999999999973,0.0407133363601593,0.00407133363601593,0.025020186073406,0.0409798139265885
100,20,"n=100, p=20","ar1_rho_0.9","quantile_2","mean_entry_tau",100,0.980819099571885,0.0249701145741446,0.00249701145741446,0.975924957115352,0.985713242028417
100,20,"n=100, p=20","ar1_rho_0.9","quantile_2","mean_jaccard_s",100,0.967301587301587,0.0623930863656428,0.00623930863656428,0.955072542373921,0.979530632229253
100,20,"n=100, p=20","ar1_rho_0.9","quantile_2","mean_jaccard_2s",100,0.924268509268509,0.0798372535857209,0.00798372535857209,0.908620407565708,0.939916610971311
100,20,"n=100, p=20","ar1_rho_0.9","quantile_2","mean_support_f1",100,0.57189898989899,0.160686886850691,0.0160686886850691,0.540404360076254,0.603393619721725
100,20,"n=100, p=20","ar1_rho_0.9","quantile_2","mean_rmse",100,1.76713552847948,0.625544342118504,0.0625544342118504,1.64452883742426,1.88974221953471
100,20,"n=100, p=20","ar1_rho_0.9","quantile_2","f1_lasso",100,0.57,0.164224532179869,0.0164224532179869,0.537811991692746,0.602188008307254
100,20,"n=100, p=20","ar1_rho_0.9","quantile_2","f1_lar",100,0.57,0.164224532179869,0.0164224532179869,0.537811991692746,0.602188008307254
100,20,"n=100, p=20","ar1_rho_0.9","quantile_2","f1_glmnet",100,0.57569696969697,0.158792470089729,0.0158792470089729,0.544573645559383,0.606820293834556
100,20,"n=100, p=20","ar1_rho_0.9","quantile_2","rmse_lasso",100,1.74973802725631,0.619857986848292,0.0619857986848292,1.62824586183405,1.87123019267858
100,20,"n=100, p=20","ar1_rho_0.9","quantile_2","rmse_lar",100,1.74940350160147,0.620276319957738,0.0620276319957738,1.62782934288975,1.87097766031318
100,20,"n=100, p=20","ar1_rho_0.9","quantile_2","rmse_glmnet",100,1.80226505658067,0.64111503042487,0.064111503042487,1.6766065106174,1.92792360254395
100,20,"n=100, p=20","ar1_rho_0.9","quantile_2","elapsed_seconds",100,0.074699999999998,0.0895719901204773,0.00895719901204773,0.0571438899363844,0.0922561100636116
100,20,"n=100, p=20","ar1_rho_0.9","quantile_4","mean_entry_tau",100,0.982839071977891,0.0166943850208216,0.00166943850208216,0.97956697251381,0.986111171441972
100,20,"n=100, p=20","ar1_rho_0.9","quantile_4","mean_jaccard_s",100,0.974993386243386,0.0603955997514108,0.00603955997514108,0.96315584869211,0.986830923794663
100,20,"n=100, p=20","ar1_rho_0.9","quantile_4","mean_jaccard_2s",100,0.968461538461538,0.0502913118197957,0.00502913118197957,0.958604441344859,0.978318635578218
100,20,"n=100, p=20","ar1_rho_0.9","quantile_4","mean_support_f1",100,0.489629370629371,0.142231285405313,0.0142231285405313,0.461752038689929,0.517506702568812
100,20,"n=100, p=20","ar1_rho_0.9","quantile_4","mean_rmse",100,1.94212579017057,0.667001994700697,0.0667001994700697,1.81139339920923,2.0728581811319
100,20,"n=100, p=20","ar1_rho_0.9","quantile_4","f1_lasso",100,0.49,0.143195846675281,0.0143195846675281,0.461933614051645,0.518066385948355
100,20,"n=100, p=20","ar1_rho_0.9","quantile_4","f1_lar",100,0.49,0.143195846675281,0.0143195846675281,0.461933614051645,0.518066385948355
100,20,"n=100, p=20","ar1_rho_0.9","quantile_4","f1_glmnet",100,0.488888111888112,0.143136067140154,0.0143136067140154,0.460833442728642,0.516942781047582
100,20,"n=100, p=20","ar1_rho_0.9","quantile_4","rmse_lasso",100,1.92973018764022,0.661022189236901,0.0661022189236901,1.80016983854978,2.05929053673065
100,20,"n=100, p=20","ar1_rho_0.9","quantile_4","rmse_lar",100,1.9298393928982,0.660961010614591,0.0660961010614591,1.80029103481774,2.05938775097866
100,20,"n=100, p=20","ar1_rho_0.9","quantile_4","rmse_glmnet",100,1.96680778997328,0.681022296435956,0.0681022296435956,1.83332741987183,2.10028816007473
100,20,"n=100, p=20","ar1_rho_0.9","quantile_4","elapsed_seconds",100,0.2901,0.348577180126652,0.0348577180126652,0.221778872695176,0.358421127304824
100,20,"n=100, p=20","ar1_rho_0.9","quantile_8","mean_entry_tau",100,0.990022426226883,0.00938228365918404,0.000938228365918404,0.988183498629683,0.991861353824083
100,20,"n=100, p=20","ar1_rho_0.9","quantile_8","mean_jaccard_s",100,0.974285714285714,0.0517319539274077,0.00517319539274077,0.964146251315942,0.984425177255486
100,20,"n=100, p=20","ar1_rho_0.9","quantile_8","mean_jaccard_2s",100,0.970860528360528,0.0476958479673097,0.00476958479673097,0.961512142158936,0.980208914562121
100,20,"n=100, p=20","ar1_rho_0.9","quantile_8","mean_support_f1",100,0.437878787878788,0.154660645955973,0.0154660645955973,0.407565301271417,0.468192274486159
100,20,"n=100, p=20","ar1_rho_0.9","quantile_8","mean_rmse",100,2.13938185764958,0.73737878981679,0.073737878981679,1.99485561484549,2.28390810045367
100,20,"n=100, p=20","ar1_rho_0.9","quantile_8","f1_lasso",100,0.436,0.159240622196649,0.0159240622196649,0.404788838049457,0.467211161950543
100,20,"n=100, p=20","ar1_rho_0.9","quantile_8","f1_lar",100,0.436,0.159240622196649,0.0159240622196649,0.404788838049457,0.467211161950543
100,20,"n=100, p=20","ar1_rho_0.9","quantile_8","f1_glmnet",100,0.441636363636364,0.149818860863659,0.0149818860863659,0.412271866907086,0.471000860365641
100,20,"n=100, p=20","ar1_rho_0.9","quantile_8","rmse_lasso",100,2.13171810801617,0.736761712682819,0.0736761712682819,1.98731281233033,2.276123403702
100,20,"n=100, p=20","ar1_rho_0.9","quantile_8","rmse_lar",100,2.13262009634509,0.73564243548627,0.073564243548627,1.98843417898978,2.2768060137004
100,20,"n=100, p=20","ar1_rho_0.9","quantile_8","rmse_glmnet",100,2.15380736858749,0.740473528431171,0.0740473528431171,2.00867455701498,2.29894018016
100,20,"n=100, p=20","ar1_rho_0.9","quantile_8","elapsed_seconds",100,0.454200000000002,0.551620532722643,0.0551620532722643,0.346082375586364,0.56231762441364
100,20,"n=100, p=20","ar1_rho_0.9","equal_width_4","mean_entry_tau",100,0.980143681311889,0.0174075368121874,0.00174075368121874,0.9767318040967,0.983555558527078
100,20,"n=100, p=20","ar1_rho_0.9","equal_width_4","mean_jaccard_s",100,0.946825396825397,0.0709280021275655,0.00709280021275655,0.932923508408394,0.9607272852424
100,20,"n=100, p=20","ar1_rho_0.9","equal_width_4","mean_jaccard_2s",100,0.966416083916084,0.0547871394036651,0.00547871394036652,0.955677804592966,0.977154363239202
100,20,"n=100, p=20","ar1_rho_0.9","equal_width_4","mean_support_f1",100,0.425070707070707,0.168417212239423,0.0168417212239423,0.39206093347178,0.458080480669634
100,20,"n=100, p=20","ar1_rho_0.9","equal_width_4","mean_rmse",100,2.10570276642171,0.701357991753529,0.0701357991753529,1.96823660003802,2.2431689328054
100,20,"n=100, p=20","ar1_rho_0.9","equal_width_4","f1_lasso",100,0.422,0.174992063312089,0.0174992063312089,0.387701555590831,0.45629844440917
100,20,"n=100, p=20","ar1_rho_0.9","equal_width_4","f1_lar",100,0.422,0.174992063312089,0.0174992063312089,0.387701555590831,0.45629844440917
100,20,"n=100, p=20","ar1_rho_0.9","equal_width_4","f1_glmnet",100,0.431212121212121,0.165172364544384,0.0165172364544384,0.398838337761422,0.46358590466282
100,20,"n=100, p=20","ar1_rho_0.9","equal_width_4","rmse_lasso",100,2.10225057157043,0.696905151154371,0.0696905151154371,1.96565716194418,2.23884398119669
100,20,"n=100, p=20","ar1_rho_0.9","equal_width_4","rmse_lar",100,2.10205408015812,0.697066320842891,0.0697066320842891,1.96542908127291,2.23867907904332
100,20,"n=100, p=20","ar1_rho_0.9","equal_width_4","rmse_glmnet",100,2.11280364753658,0.711803820288573,0.0711803820288573,1.97329009876002,2.25231719631314
100,20,"n=100, p=20","ar1_rho_0.9","equal_width_4","elapsed_seconds",100,0.327,0.381693462073813,0.0381693462073813,0.252188081433533,0.401811918566468
100,20,"n=100, p=20","block","original","mean_entry_tau",100,0.989739482358323,0.0190549688266396,0.00190549688266396,0.986004708468302,0.993474256248345
100,20,"n=100, p=20","block","original","mean_jaccard_s",100,0.97781746031746,0.0547250476056376,0.00547250476056376,0.967091350986755,0.988543569648165
100,20,"n=100, p=20","block","original","mean_jaccard_2s",100,0.960582750582751,0.0580574100034775,0.00580574100034775,0.949203498222069,0.971962002943432
100,20,"n=100, p=20","block","original","mean_support_f1",100,0.709849261849262,0.1678188368995,0.01678188368995,0.67695676981696,0.742741753881564
100,20,"n=100, p=20","block","original","mean_rmse",100,1.72490423076887,0.651185708988184,0.0651185708988184,1.59727183180718,1.85253662973055
100,20,"n=100, p=20","block","original","f1_lasso",100,0.708,0.16918103387266,0.016918103387266,0.674840517360959,0.741159482639042
100,20,"n=100, p=20","block","original","f1_lar",100,0.708,0.16918103387266,0.016918103387266,0.674840517360959,0.741159482639042
100,20,"n=100, p=20","block","original","f1_glmnet",100,0.713547785547786,0.168174971105521,0.0168174971105521,0.680585491211103,0.746510079884468
100,20,"n=100, p=20","block","original","rmse_lasso",100,1.68940793968789,0.646896522630941,0.0646896522630941,1.56261622125223,1.81619965812356
100,20,"n=100, p=20","block","original","rmse_lar",100,1.69035510000382,0.646012750749455,0.0646012750749455,1.56373660085693,1.81697359915072
100,20,"n=100, p=20","block","original","rmse_glmnet",100,1.79494965261488,0.670433698159979,0.0670433698159979,1.66354464777553,1.92635465745424
100,20,"n=100, p=20","block","original","elapsed_seconds",100,0.036599999999994,0.0265991569700073,0.00265991569700073,0.0313865652338726,0.0418134347661154
100,20,"n=100, p=20","block","quantile_2","mean_entry_tau",100,0.986935264952052,0.01741222540327,0.001741222540327,0.983522468773011,0.990348061131092
100,20,"n=100, p=20","block","quantile_2","mean_jaccard_s",100,0.976230158730159,0.0539062512246545,0.00539062512246545,0.965664533490126,0.986795783970191
100,20,"n=100, p=20","block","quantile_2","mean_jaccard_2s",100,0.963719891219891,0.0625138248760817,0.00625138248760817,0.951467181544179,0.975972600895603
100,20,"n=100, p=20","block","quantile_2","mean_support_f1",100,0.612811188811189,0.146664472581586,0.0146664472581586,0.584064952185198,0.64155742543718
100,20,"n=100, p=20","block","quantile_2","mean_rmse",100,1.97611321523372,0.769148724313561,0.0769148724313561,1.82536006526827,2.12686636519918
100,20,"n=100, p=20","block","quantile_2","f1_lasso",100,0.612,0.149936013288363,0.0149936013288363,0.582612541395481,0.641387458604519
100,20,"n=100, p=20","block","quantile_2","f1_lar",100,0.612,0.149936013288363,0.0149936013288363,0.582612541395481,0.641387458604519
100,20,"n=100, p=20","block","quantile_2","f1_glmnet",100,0.614433566433567,0.144063177746226,0.0144063177746226,0.586197183595306,0.642669949271827
100,20,"n=100, p=20","block","quantile_2","rmse_lasso",100,1.96211353713957,0.765309343762756,0.0765309343762756,1.81211290576207,2.11211416851707
100,20,"n=100, p=20","block","quantile_2","rmse_lar",100,1.96211353713957,0.765309343762756,0.0765309343762756,1.81211290576207,2.11211416851707
100,20,"n=100, p=20","block","quantile_2","rmse_glmnet",100,2.00411257142203,0.779650413689843,0.0779650413689843,1.85130109033882,2.15692405250524
100,20,"n=100, p=20","block","quantile_2","elapsed_seconds",100,0.0785999999999956,0.0685642071714587,0.00685642071714587,0.0651614153943897,0.0920385846056015
100,20,"n=100, p=20","block","quantile_4","mean_entry_tau",100,0.985808024721989,0.00819898614083597,0.000819898614083597,0.984201023438385,0.987415026005592
100,20,"n=100, p=20","block","quantile_4","mean_jaccard_s",100,0.962896825396825,0.0598539160320323,0.00598539160320323,0.951165457854547,0.974628192939104
100,20,"n=100, p=20","block","quantile_4","mean_jaccard_2s",100,0.968480963480963,0.0537207032102807,0.00537207032102807,0.957951705651748,0.979010221310178
100,20,"n=100, p=20","block","quantile_4","mean_support_f1",100,0.501773115773116,0.156358106073738,0.0156358106073738,0.471126926982663,0.532419304563568
100,20,"n=100, p=20","block","quantile_4","mean_rmse",100,2.12047197729287,0.775143695568252,0.0775143695568252,1.96854381296149,2.27240014162425
100,20,"n=100, p=20","block","quantile_4","f1_lasso",100,0.5,0.159544807043493,0.0159544807043493,0.468729217819475,0.531270782180525
100,20,"n=100, p=20","block","quantile_4","f1_lar",100,0.5,0.159544807043493,0.0159544807043493,0.468729217819475,0.531270782180525
100,20,"n=100, p=20","block","quantile_4","f1_glmnet",100,0.505319347319347,0.156270710467346,0.0156270710467346,0.474690288067747,0.535948406570947
100,20,"n=100, p=20","block","quantile_4","rmse_lasso",100,2.10986141621262,0.77458616592546,0.077458616592546,1.95804252769123,2.26168030473401
100,20,"n=100, p=20","block","quantile_4","rmse_lar",100,2.10986141621262,0.77458616592546,0.077458616592546,1.95804252769123,2.26168030473401
100,20,"n=100, p=20","block","quantile_4","rmse_glmnet",100,2.14169309945337,0.778643048619151,0.0778643048619151,1.98907906192401,2.29430713698272
100,20,"n=100, p=20","block","quantile_4","elapsed_seconds",100,0.301199999999989,0.230275548599553,0.0230275548599553,0.256065992474476,0.346334007525501
100,20,"n=100, p=20","block","quantile_8","mean_entry_tau",100,0.990741842288318,0.00707565439482868,0.000707565439482868,0.989355014026931,0.992128670549704
100,20,"n=100, p=20","block","quantile_8","mean_jaccard_s",100,0.980952380952381,0.0497876160466731,0.00497876160466731,0.971194008207233,0.990710753697529
100,20,"n=100, p=20","block","quantile_8","mean_jaccard_2s",100,0.981691919191919,0.0397488826643424,0.00397488826643424,0.973901138189708,0.98948270019413
100,20,"n=100, p=20","block","quantile_8","mean_support_f1",100,0.442010101010101,0.129844637022901,0.0129844637022901,0.416560552153612,0.46745964986659
100,20,"n=100, p=20","block","quantile_8","mean_rmse",100,2.35695663944261,0.804399111685597,0.0804399111685597,2.19929441355223,2.51461886533299
100,20,"n=100, p=20","block","quantile_8","f1_lasso",100,0.442,0.13117957466039,0.013117957466039,0.416288803366564,0.467711196633436
100,20,"n=100, p=20","block","quantile_8","f1_lar",100,0.442,0.13117957466039,0.013117957466039,0.416288803366564,0.467711196633436
100,20,"n=100, p=20","block","quantile_8","f1_glmnet",100,0.442030303030303,0.129312767503533,0.0129312767503533,0.416685000599611,0.467375605460995
100,20,"n=100, p=20","block","quantile_8","rmse_lasso",100,2.34430552550105,0.799204739145693,0.0799204739145693,2.18766139662849,2.50094965437361
100,20,"n=100, p=20","block","quantile_8","rmse_lar",100,2.34462984803776,0.798877502112378,0.0798877502112378,2.18804985762373,2.50120983845179
100,20,"n=100, p=20","block","quantile_8","rmse_glmnet",100,2.38193454478902,0.816557751720586,0.0816557751720586,2.22188922545178,2.54197986412625
100,20,"n=100, p=20","block","quantile_8","elapsed_seconds",100,0.49989999999999,0.366020077276782,0.0366020077276782,0.428160064853741,0.571639935146239
100,20,"n=100, p=20","block","equal_width_4","mean_entry_tau",100,0.97906209094132,0.0152945172404201,0.00152945172404201,0.976064365562198,0.982059816320443
100,20,"n=100, p=20","block","equal_width_4","mean_jaccard_s",100,0.961190476190476,0.0619773319409847,0.00619773319409847,0.949042919130043,0.973338033250909
100,20,"n=100, p=20","block","equal_width_4","mean_jaccard_2s",100,0.948014763014763,0.0698685727315956,0.00698685727315955,0.93432052275937,0.961709003270156
100,20,"n=100, p=20","block","equal_width_4","mean_support_f1",100,0.424900543900544,0.127797157279158,0.0127797157279158,0.399852301073829,0.449948786727259
100,20,"n=100, p=20","block","equal_width_4","mean_rmse",100,2.32339762872141,0.805076979369098,0.0805076979369098,2.16560254076506,2.48119271667775
100,20,"n=100, p=20","block","equal_width_4","f1_lasso",100,0.422,0.129941711874396,0.0129941711874396,0.396531424472618,0.447468575527382
100,20,"n=100, p=20","block","equal_width_4","f1_lar",100,0.422,0.129941711874396,0.0129941711874396,0.396531424472618,0.447468575527382
100,20,"n=100, p=20","block","equal_width_4","f1_glmnet",100,0.430701631701632,0.130445694222258,0.0130445694222258,0.405134275634069,0.456268987769194
100,20,"n=100, p=20","block","equal_width_4","rmse_lasso",100,2.31676335424265,0.803562890441397,0.0803562890441397,2.15926502771614,2.47426168076916
100,20,"n=100, p=20","block","equal_width_4","rmse_lar",100,2.31676335424265,0.803562890441397,0.0803562890441397,2.15926502771614,2.47426168076916
100,20,"n=100, p=20","block","equal_width_4","rmse_glmnet",100,2.33666617767892,0.810369844252905,0.0810369844252905,2.17783368820535,2.49549866715249
100,20,"n=100, p=20","block","equal_width_4","elapsed_seconds",100,0.303499999999998,0.259301217143533,0.0259301217143533,0.252676961439865,0.35432303856013
100,100,"n=100, p=100","independent","original","mean_entry_tau",100,0.953671903637607,0.0180209193063538,0.00180209193063538,0.950139803453561,0.957204003821652
100,100,"n=100, p=100","independent","original","mean_jaccard_s",100,0.976216006216006,0.0381815442342609,0.00381815442342609,0.968732423546091,0.983699588885921
100,100,"n=100, p=100","independent","original","mean_jaccard_2s",100,0.971128171345563,0.0353655639599627,0.00353655639599627,0.96419652080941,0.978059821881715
100,100,"n=100, p=100","independent","original","mean_support_f1",100,0.802037016123973,0.0909318202842805,0.00909318202842805,0.784214379348254,0.819859652899692
100,100,"n=100, p=100","independent","original","mean_rmse",100,2.77838304339778,0.375727890588074,0.0375727890588074,2.70474037684252,2.85202570995304
100,100,"n=100, p=100","independent","original","f1_lasso",100,0.802,0.0931816949986868,0.00931816949986868,0.783736387780257,0.820263612219743
100,100,"n=100, p=100","independent","original","f1_lar",100,0.802,0.0931816949986868,0.00931816949986868,0.783736387780257,0.820263612219743
100,100,"n=100, p=100","independent","original","f1_glmnet",100,0.802111048371918,0.0902710882489918,0.00902710882489918,0.784417915075116,0.81980418166872
100,100,"n=100, p=100","independent","original","rmse_lasso",100,2.76492819098449,0.377746738395737,0.0377746738395737,2.69088983025893,2.83896655171006
100,100,"n=100, p=100","independent","original","rmse_lar",100,2.76492819098449,0.377746738395737,0.0377746738395737,2.69088983025893,2.83896655171006
100,100,"n=100, p=100","independent","original","rmse_glmnet",100,2.80529274822435,0.37721257240213,0.037721257240213,2.73135908403354,2.87922641241517
100,100,"n=100, p=100","independent","original","elapsed_seconds",100,0.368100000000002,0.210783507107861,0.0210783507107861,0.326786432606861,0.409413567393142
100,100,"n=100, p=100","independent","quantile_2","mean_entry_tau",100,0.940879169934172,0.0177591727299545,0.00177591727299545,0.937398372079101,0.944359967789243
100,100,"n=100, p=100","independent","quantile_2","mean_jaccard_s",100,0.977606837606838,0.0390611204332484,0.00390611204332484,0.969950858001921,0.985262817211754
100,100,"n=100, p=100","independent","quantile_2","mean_jaccard_2s",100,0.984556120208294,0.0248190439477704,0.00248190439477704,0.979691587594531,0.989420652822057
100,100,"n=100, p=100","independent","quantile_2","mean_support_f1",100,0.725168831168831,0.0921326637730909,0.00921326637730909,0.707110829069305,0.743226833268357
100,100,"n=100, p=100","independent","quantile_2","mean_rmse",100,3.10460180708141,0.383793137843325,0.0383793137843325,3.02937835206412,3.1798252620987
100,100,"n=100, p=100","independent","quantile_2","f1_lasso",100,0.724,0.0933333333333334,0.00933333333333334,0.705706666666667,0.742293333333333
100,100,"n=100, p=100","independent","quantile_2","f1_lar",100,0.724,0.0933333333333334,0.00933333333333334,0.705706666666667,0.742293333333333
100,100,"n=100, p=100","independent","quantile_2","f1_glmnet",100,0.727506493506494,0.0928502435190982,0.00928502435190983,0.70930784577675,0.745705141236237
100,100,"n=100, p=100","independent","quantile_2","rmse_lasso",100,3.09698782083461,0.385959838546406,0.0385959838546406,3.02133969247951,3.1726359491897
100,100,"n=100, p=100","independent","quantile_2","rmse_lar",100,3.09698782083461,0.385959838546406,0.0385959838546406,3.02133969247951,3.1726359491897
100,100,"n=100, p=100","independent","quantile_2","rmse_glmnet",100,3.11982977957501,0.381204285318903,0.0381204285318903,3.04511373965251,3.19454581949752
100,100,"n=100, p=100","independent","quantile_2","elapsed_seconds",100,0.315500000000006,0.191086077171747,0.0191086077171747,0.278047128874344,0.352952871125669
100,100,"n=100, p=100","independent","quantile_4","mean_entry_tau",100,0.943030956286779,0.0166074677144557,0.00166074677144557,0.939775892614746,0.946286019958812
100,100,"n=100, p=100","independent","quantile_4","mean_jaccard_s",100,0.965182595182595,0.0455909608747899,0.00455909608747899,0.956246766851136,0.974118423514054
100,100,"n=100, p=100","independent","quantile_4","mean_jaccard_2s",100,0.977835184139532,0.0266638418186507,0.00266638418186507,0.972609071143076,0.983061297135988
100,100,"n=100, p=100","independent","quantile_4","mean_support_f1",100,0.576322542192107,0.100871984882776,0.0100871984882776,0.556551633155083,0.596093451229131
100,100,"n=100, p=100","independent","quantile_4","mean_rmse",100,3.37598232174074,0.380775375601075,0.0380775375601075,3.30135034812293,3.45061429535855
100,100,"n=100, p=100","independent","quantile_4","f1_lasso",100,0.575,0.101876336206147,0.0101876336206147,0.555032238103595,0.594967761896405
100,100,"n=100, p=100","independent","quantile_4","f1_lar",100,0.575,0.101876336206147,0.0101876336206147,0.555032238103595,0.594967761896405
100,100,"n=100, p=100","independent","quantile_4","f1_glmnet",100,0.578967626576322,0.101996790098407,0.0101996790098407,0.558976255717034,0.59895899743561
100,100,"n=100, p=100","independent","quantile_4","rmse_lasso",100,3.37311033249405,0.380852414352289,0.0380852414352289,3.298463259281,3.4477574057071
100,100,"n=100, p=100","independent","quantile_4","rmse_lar",100,3.37311033249405,0.380852414352289,0.0380852414352289,3.298463259281,3.4477574057071
100,100,"n=100, p=100","independent","quantile_4","rmse_glmnet",100,3.38172630023413,0.381346440105576,0.0381346440105576,3.30698239797344,3.45647020249483
100,100,"n=100, p=100","independent","quantile_4","elapsed_seconds",100,0.426800000000001,0.233959678819068,0.0233959678819068,0.380943902951463,0.472656097048538
100,100,"n=100, p=100","independent","quantile_8","mean_entry_tau",100,0.949162732657041,0.0158294566727881,0.00158294566727881,0.946060159149175,0.952265306164908
100,100,"n=100, p=100","independent","quantile_8","mean_jaccard_s",100,0.957006327006327,0.0519080443392245,0.00519080443392245,0.946832350315839,0.967180303696815
100,100,"n=100, p=100","independent","quantile_8","mean_jaccard_2s",100,0.976503544764414,0.0278814788017172,0.00278814788017172,0.971038774919278,0.981968314609551
100,100,"n=100, p=100","independent","quantile_8","mean_support_f1",100,0.424632944350336,0.110935662145266,0.0110935662145266,0.402889554569864,0.446376334130808
100,100,"n=100, p=100","independent","quantile_8","mean_rmse",100,3.62938864325165,0.379496518185902,0.0379496518185902,3.55500732568721,3.70376996081609
100,100,"n=100, p=100","independent","quantile_8","f1_lasso",100,0.424,0.114697670227235,0.0114697670227235,0.401519256635462,0.446480743364538
100,100,"n=100, p=100","independent","quantile_8","f1_lar",100,0.424,0.114697670227235,0.0114697670227235,0.401519256635462,0.446480743364538
100,100,"n=100, p=100","independent","quantile_8","f1_glmnet",100,0.425898833051007,0.107781543853413,0.0107781543853413,0.404773650455738,0.447024015646276
100,100,"n=100, p=100","independent","quantile_8","rmse_lasso",100,3.62916835991749,0.379517423343165,0.0379517423343165,3.55478294494223,3.70355377489275
100,100,"n=100, p=100","independent","quantile_8","rmse_lar",100,3.62916835991749,0.379517423343165,0.0379517423343165,3.55478294494223,3.70355377489275
100,100,"n=100, p=100","independent","quantile_8","rmse_glmnet",100,3.62982920991996,0.37953948483541,0.037953948483541,3.55543947089222,3.7042189489477
100,100,"n=100, p=100","independent","quantile_8","elapsed_seconds",100,0.607499999999995,0.307851384189635,0.0307851384189635,0.547161128698827,0.667838871301164
100,100,"n=100, p=100","independent","equal_width_4","mean_entry_tau",100,0.942056521434127,0.0177641625935138,0.00177641625935138,0.938574745565799,0.945538297302456
100,100,"n=100, p=100","independent","equal_width_4","mean_jaccard_s",100,0.969260739260739,0.0444653777939077,0.00444653777939077,0.960545525213133,0.977975953308345
100,100,"n=100, p=100","independent","equal_width_4","mean_jaccard_2s",100,0.975854539180626,0.0353738864049789,0.00353738864049789,0.96892125744525,0.982787820916002
100,100,"n=100, p=100","independent","equal_width_4","mean_support_f1",100,0.543357236965933,0.117344672024693,0.0117344672024693,0.520357681249093,0.566356792682773
100,100,"n=100, p=100","independent","equal_width_4","mean_rmse",100,3.53141108680456,0.378817821232225,0.0378817821232224,3.45716279384304,3.60565937976607
100,100,"n=100, p=100","independent","equal_width_4","f1_lasso",100,0.541,0.119844174921547,0.0119844174921547,0.517510541715377,0.564489458284623
100,100,"n=100, p=100","independent","equal_width_4","f1_lar",100,0.541,0.119844174921547,0.0119844174921547,0.517510541715377,0.564489458284623
100,100,"n=100, p=100","independent","equal_width_4","f1_glmnet",100,0.548071710897798,0.115394563172701,0.0115394563172701,0.525454376515948,0.570689045279647
100,100,"n=100, p=100","independent","equal_width_4","rmse_lasso",100,3.5303266593019,0.377972046482588,0.0377972046482588,3.45624413819132,3.60440918041249
100,100,"n=100, p=100","independent","equal_width_4","rmse_lar",100,3.5303266593019,0.377972046482588,0.0377972046482588,3.45624413819132,3.60440918041249
100,100,"n=100, p=100","independent","equal_width_4","rmse_glmnet",100,3.53357994180987,0.380727508725773,0.0380727508725773,3.45895735009961,3.60820253352012
100,100,"n=100, p=100","independent","equal_width_4","elapsed_seconds",100,0.438999999999992,0.224789463788458,0.0224789463788458,0.394941265097454,0.48305873490253
100,100,"n=100, p=100","ar1_rho_0.5","original","mean_entry_tau",100,0.940835608549134,0.0234188219645534,0.00234188219645534,0.936245519444081,0.945425697654186
100,100,"n=100, p=100","ar1_rho_0.5","original","mean_jaccard_s",100,0.967762237762238,0.0472504004690802,0.00472504004690802,0.958501159270298,0.977023316254177
100,100,"n=100, p=100","ar1_rho_0.5","original","mean_jaccard_2s",100,0.963844657757701,0.0369624603889972,0.00369624603889972,0.956600015521458,0.971089299993945
100,100,"n=100, p=100","ar1_rho_0.5","original","mean_support_f1",100,0.732557374992158,0.0990859470747527,0.00990859470747527,0.713136529365506,0.751978220618809
100,100,"n=100, p=100","ar1_rho_0.5","original","mean_rmse",100,2.83693845506773,0.351584242030137,0.0351584242030137,2.76802794362982,2.90584896650563
100,100,"n=100, p=100","ar1_rho_0.5","original","f1_lasso",100,0.732,0.102375817851718,0.0102375817851718,0.711934339701063,0.752065660298937
100,100,"n=100, p=100","ar1_rho_0.5","original","f1_lar",100,0.732,0.102375817851718,0.0102375817851718,0.711934339701063,0.752065660298937
100,100,"n=100, p=100","ar1_rho_0.5","original","f1_glmnet",100,0.733672124976473,0.0966199422506496,0.00966199422506496,0.714734616295346,0.7526096336576
100,100,"n=100, p=100","ar1_rho_0.5","original","rmse_lasso",100,2.82485237113212,0.353558207906317,0.0353558207906317,2.75555496238249,2.89414977988176
100,100,"n=100, p=100","ar1_rho_0.5","original","rmse_lar",100,2.82511719746572,0.35371464493499,0.0353714644934991,2.75578912705846,2.89444526787298
100,100,"n=100, p=100","ar1_rho_0.5","original","rmse_glmnet",100,2.86084579660533,0.353561515690136,0.0353561515690136,2.79154773953007,2.9301438536806
100,100,"n=100, p=100","ar1_rho_0.5","original","elapsed_seconds",100,0.239100000000005,0.113991803710307,0.0113991803710307,0.216757606472785,0.261442393527226
100,100,"n=100, p=100","ar1_rho_0.5","quantile_2","mean_entry_tau",100,0.930231879283549,0.0271021608524425,0.00271021608524425,0.92491985575647,0.935543902810628
100,100,"n=100, p=100","ar1_rho_0.5","quantile_2","mean_jaccard_s",100,0.976037296037296,0.0380281983769811,0.00380281983769811,0.968583769155408,0.983490822919184
100,100,"n=100, p=100","ar1_rho_0.5","quantile_2","mean_jaccard_2s",100,0.97903162055336,0.0324101254722913,0.00324101254722913,0.972679235960791,0.985384005145929
100,100,"n=100, p=100","ar1_rho_0.5","quantile_2","mean_support_f1",100,0.655821005081875,0.0946173149164551,0.00946173149164551,0.63727601135825,0.6743659988055
100,100,"n=100, p=100","ar1_rho_0.5","quantile_2","mean_rmse",100,3.13522470074431,0.351999556845344,0.0351999556845344,3.06623278760262,3.204216613886
100,100,"n=100, p=100","ar1_rho_0.5","quantile_2","f1_lasso",100,0.655,0.0957427107756338,0.00957427107756339,0.636234428687976,0.673765571312024
100,100,"n=100, p=100","ar1_rho_0.5","quantile_2","f1_lar",100,0.655,0.0957427107756338,0.00957427107756339,0.636234428687976,0.673765571312024
100,100,"n=100, p=100","ar1_rho_0.5","quantile_2","f1_glmnet",100,0.657463015245624,0.0956293622342102,0.00956293622342102,0.638719660247719,0.676206370243529
100,100,"n=100, p=100","ar1_rho_0.5","quantile_2","rmse_lasso",100,3.12884429275478,0.349620170779571,0.0349620170779571,3.06031873928198,3.19736984622757
100,100,"n=100, p=100","ar1_rho_0.5","quantile_2","rmse_lar",100,3.12884429275478,0.349620170779571,0.0349620170779571,3.06031873928198,3.19736984622757
100,100,"n=100, p=100","ar1_rho_0.5","quantile_2","rmse_glmnet",100,3.14798551672338,0.358249645488221,0.0358249645488221,3.07776858620769,3.21820244723907
100,100,"n=100, p=100","ar1_rho_0.5","quantile_2","elapsed_seconds",100,0.165600000000013,0.0823434541687501,0.00823434541687501,0.149460682982938,0.181739317017088
100,100,"n=100, p=100","ar1_rho_0.5","quantile_4","mean_entry_tau",100,0.940794162946814,0.0170671164695086,0.00170671164695086,0.937449008118791,0.944139317774838
100,100,"n=100, p=100","ar1_rho_0.5","quantile_4","mean_jaccard_s",100,0.977350427350427,0.0375507950697853,0.00375507950697853,0.969990471516749,0.984710383184105
100,100,"n=100, p=100","ar1_rho_0.5","quantile_4","mean_jaccard_2s",100,0.98146535228057,0.0283860316186458,0.00283860316186458,0.975901690083315,0.987029014477824
100,100,"n=100, p=100","ar1_rho_0.5","quantile_4","mean_support_f1",100,0.525255724951377,0.109382720281016,0.0109382720281016,0.503816711776298,0.546694738126456
100,100,"n=100, p=100","ar1_rho_0.5","quantile_4","mean_rmse",100,3.38999632399417,0.342331801356671,0.0342331801356671,3.32289929092826,3.45709335706007
100,100,"n=100, p=100","ar1_rho_0.5","quantile_4","f1_lasso",100,0.525,0.109521456778795,0.0109521456778795,0.503533794471356,0.546466205528644
100,100,"n=100, p=100","ar1_rho_0.5","quantile_4","f1_lar",100,0.525,0.109521456778795,0.0109521456778795,0.503533794471356,0.546466205528644
100,100,"n=100, p=100","ar1_rho_0.5","quantile_4","f1_glmnet",100,0.525767174854131,0.110870898094116,0.0110870898094116,0.504036478827685,0.547497870880578
100,100,"n=100, p=100","ar1_rho_0.5","quantile_4","rmse_lasso",100,3.38677292659943,0.340835555972225,0.0340835555972225,3.31996915762887,3.45357669556998
100,100,"n=100, p=100","ar1_rho_0.5","quantile_4","rmse_lar",100,3.38677292659943,0.340835555972225,0.0340835555972225,3.31996915762887,3.45357669556998
100,100,"n=100, p=100","ar1_rho_0.5","quantile_4","rmse_glmnet",100,3.39644311878365,0.346013256082445,0.0346013256082445,3.32862452059149,3.46426171697581
100,100,"n=100, p=100","ar1_rho_0.5","quantile_4","elapsed_seconds",100,0.254999999999998,0.128003314351042,0.0128003314351042,0.229911350387193,0.280088649612802
100,100,"n=100, p=100","ar1_rho_0.5","quantile_8","mean_entry_tau",100,0.949314772182781,0.0160028096163785,0.00160028096163785,0.94617822149797,0.952451322867591
100,100,"n=100, p=100","ar1_rho_0.5","quantile_8","mean_jaccard_s",100,0.96044067044067,0.0515481583880185,0.00515481583880185,0.950337231396619,0.970544109484722
100,100,"n=100, p=100","ar1_rho_0.5","quantile_8","mean_jaccard_2s",100,0.973736432649476,0.029891809782825,0.0029891809782825,0.967877637932042,0.97959522736691
100,100,"n=100, p=100","ar1_rho_0.5","quantile_8","mean_support_f1",100,0.363195024781981,0.117472016140265,0.0117472016140265,0.340170509618489,0.386219539945473
100,100,"n=100, p=100","ar1_rho_0.5","quantile_8","mean_rmse",100,3.65462987330988,0.332285980151641,0.0332285980151641,3.58950182120015,3.7197579254196
100,100,"n=100, p=100","ar1_rho_0.5","quantile_8","f1_lasso",100,0.363,0.120315242491372,0.0120315242491372,0.339418212471691,0.386581787528309
100,100,"n=100, p=100","ar1_rho_0.5","quantile_8","f1_lar",100,0.363,0.120315242491372,0.0120315242491372,0.339418212471691,0.386581787528309
100,100,"n=100, p=100","ar1_rho_0.5","quantile_8","f1_glmnet",100,0.363585074345944,0.114996516691509,0.0114996516691509,0.341045757074408,0.38612439161748
100,100,"n=100, p=100","ar1_rho_0.5","quantile_8","rmse_lasso",100,3.65422057138619,0.332990700266674,0.0332990700266674,3.58895439413392,3.71948674863846
100,100,"n=100, p=100","ar1_rho_0.5","quantile_8","rmse_lar",100,3.65422057138619,0.332990700266674,0.0332990700266674,3.58895439413392,3.71948674863846
100,100,"n=100, p=100","ar1_rho_0.5","quantile_8","rmse_glmnet",100,3.65544847715725,0.330987451988617,0.0330987451988617,3.59057493656748,3.72032201774702
100,100,"n=100, p=100","ar1_rho_0.5","quantile_8","elapsed_seconds",100,0.349299999999992,0.143542870096554,0.0143542870096554,0.321165597461067,0.377434402538916
100,100,"n=100, p=100","ar1_rho_0.5","equal_width_4","mean_entry_tau",100,0.93996429760518,0.018273358935661,0.0018273358935661,0.93638271925379,0.943545875956569
100,100,"n=100, p=100","ar1_rho_0.5","equal_width_4","mean_jaccard_s",100,0.967000777000777,0.0418530394471187,0.00418530394471187,0.958797581269142,0.975203972732412
100,100,"n=100, p=100","ar1_rho_0.5","equal_width_4","mean_jaccard_2s",100,0.983174603174603,0.022561127464035,0.0022561127464035,0.978752622191652,0.987596584157554
100,100,"n=100, p=100","ar1_rho_0.5","equal_width_4","mean_support_f1",100,0.462076165380513,0.104605281871305,0.0104605281871305,0.441573530133737,0.482578800627289
100,100,"n=100, p=100","ar1_rho_0.5","equal_width_4","mean_rmse",100,3.55866852623755,0.35082148251194,0.035082148251194,3.48990751566521,3.62742953680989
100,100,"n=100, p=100","ar1_rho_0.5","equal_width_4","f1_lasso",100,0.461,0.106263442405745,0.0106263442405745,0.440172365288474,0.481827634711526
100,100,"n=100, p=100","ar1_rho_0.5","equal_width_4","f1_lar",100,0.461,0.106263442405745,0.0106263442405745,0.440172365288474,0.481827634711526
100,100,"n=100, p=100","ar1_rho_0.5","equal_width_4","f1_glmnet",100,0.46422849614154,0.105058532734222,0.0105058532734222,0.443637023725632,0.484819968557447
100,100,"n=100, p=100","ar1_rho_0.5","equal_width_4","rmse_lasso",100,3.55852946190634,0.350427027163514,0.0350427027163514,3.48984576458229,3.62721315923039
100,100,"n=100, p=100","ar1_rho_0.5","equal_width_4","rmse_lar",100,3.55852946190634,0.350427027163514,0.0350427027163514,3.48984576458229,3.62721315923039
100,100,"n=100, p=100","ar1_rho_0.5","equal_width_4","rmse_glmnet",100,3.55894665489997,0.351778297480024,0.0351778297480024,3.48999810859389,3.62789520120606
100,100,"n=100, p=100","ar1_rho_0.5","equal_width_4","elapsed_seconds",100,0.25180000000001,0.136747056918062,0.0136747056918062,0.22499757684407,0.27860242315595
100,100,"n=100, p=100","ar1_rho_0.9","original","mean_entry_tau",100,0.887106789545969,0.0346093274156012,0.00346093274156012,0.880323361372511,0.893890217719427
100,100,"n=100, p=100","ar1_rho_0.9","original","mean_jaccard_s",100,0.951006216006216,0.0663259617079846,0.00663259617079846,0.938006327511451,0.964006104500981
100,100,"n=100, p=100","ar1_rho_0.9","original","mean_jaccard_2s",100,0.890738030702523,0.0796681222688382,0.00796681222688382,0.875123078737831,0.906352982667216
100,100,"n=100, p=100","ar1_rho_0.9","original","mean_support_f1",100,0.44347619047619,0.115113252497815,0.0115113252497815,0.420913992986619,0.466038387965762
100,100,"n=100, p=100","ar1_rho_0.9","original","mean_rmse",100,2.66469405379492,0.521419985347395,0.0521419985347395,2.56249573666683,2.76689237092301
100,100,"n=100, p=100","ar1_rho_0.9","original","f1_lasso",100,0.444,0.115749642755301,0.0115749642755301,0.421313070019961,0.466686929980039
100,100,"n=100, p=100","ar1_rho_0.9","original","f1_lar",100,0.439,0.119675487140108,0.0119675487140108,0.415543604520539,0.462456395479461
100,100,"n=100, p=100","ar1_rho_0.9","original","f1_glmnet",100,0.447428571428571,0.114531272862466,0.0114531272862466,0.424980441947528,0.469876700909615
100,100,"n=100, p=100","ar1_rho_0.9","original","rmse_lasso",100,2.64387897237919,0.518562863795584,0.0518562863795584,2.54224065107526,2.74551729368313
100,100,"n=100, p=100","ar1_rho_0.9","original","rmse_lar",100,2.65999116346917,0.525565195435926,0.0525565195435926,2.55698038516373,2.76300194177461
100,100,"n=100, p=100","ar1_rho_0.9","original","rmse_glmnet",100,2.6902120255364,0.525427489964288,0.0525427489964288,2.5872282375034,2.7931958135694
100,100,"n=100, p=100","ar1_rho_0.9","original","elapsed_seconds",100,0.286899999999996,0.0909955598872615,0.00909955598872615,0.269064870262093,0.304735129737899
100,100,"n=100, p=100","ar1_rho_0.9","quantile_2","mean_entry_tau",100,0.882101805221357,0.0305773271831203,0.00305773271831203,0.876108649093465,0.888094961349248
100,100,"n=100, p=100","ar1_rho_0.9","quantile_2","mean_jaccard_s",100,0.963853923853924,0.0595856095846999,0.00595856095846999,0.952175144375323,0.975532703332525
100,100,"n=100, p=100","ar1_rho_0.9","quantile_2","mean_jaccard_2s",100,0.925497804128239,0.0629397372278969,0.00629397372278969,0.913161615631571,0.937833992624907
100,100,"n=100, p=100","ar1_rho_0.9","quantile_2","mean_support_f1",100,0.369943722943723,0.107422243503792,0.0107422243503792,0.34888896321698,0.390998482670466
100,100,"n=100, p=100","ar1_rho_0.9","quantile_2","mean_rmse",100,2.95976558392429,0.566330817007956,0.0566330817007956,2.84876474379073,3.07076642405785
100,100,"n=100, p=100","ar1_rho_0.9","quantile_2","f1_lasso",100,0.37,0.107778298447144,0.0107778298447144,0.34887545350436,0.39112454649564
100,100,"n=100, p=100","ar1_rho_0.9","quantile_2","f1_lar",100,0.367,0.109225926548155,0.0109225926548155,0.345591718396562,0.388408281603438
100,100,"n=100, p=100","ar1_rho_0.9","quantile_2","f1_glmnet",100,0.372831168831169,0.108562700889883,0.0108562700889883,0.351552879456752,0.394109458205586
100,100,"n=100, p=100","ar1_rho_0.9","quantile_2","rmse_lasso",100,2.94689892206228,0.560277331547663,0.0560277331547663,2.83708456507894,3.05671327904562
100,100,"n=100, p=100","ar1_rho_0.9","quantile_2","rmse_lar",100,2.95351036653129,0.564493931306445,0.0564493931306445,2.84286955599523,3.06415117706736
100,100,"n=100, p=100","ar1_rho_0.9","quantile_2","rmse_glmnet",100,2.9788874631793,0.575929909486212,0.0575929909486212,2.86600520092,3.0917697254386
100,100,"n=100, p=100","ar1_rho_0.9","quantile_2","elapsed_seconds",100,0.175299999999979,0.0608434819264123,0.00608434819264123,0.163374677542402,0.187225322457556
100,100,"n=100, p=100","ar1_rho_0.9","quantile_4","mean_entry_tau",100,0.90696534778578,0.0247378369250246,0.00247378369250246,0.902116731748475,0.911813963823085
100,100,"n=100, p=100","ar1_rho_0.9","quantile_4","mean_jaccard_s",100,0.969376456876457,0.0494312850501837,0.00494312850501837,0.959687925006621,0.979064988746293
100,100,"n=100, p=100","ar1_rho_0.9","quantile_4","mean_jaccard_2s",100,0.956359872012046,0.0433977059988747,0.00433977059988747,0.947853921636266,0.964865822387825
100,100,"n=100, p=100","ar1_rho_0.9","quantile_4","mean_support_f1",100,0.307946420729029,0.104156942203911,0.0104156942203911,0.287531660057063,0.328361181400996
100,100,"n=100, p=100","ar1_rho_0.9","quantile_4","mean_rmse",100,3.13897708259798,0.564803120973131,0.0564803120973131,3.02827567088725,3.24967849430871
100,100,"n=100, p=100","ar1_rho_0.9","quantile_4","f1_lasso",100,0.308,0.105102162900982,0.0105102162900982,0.287399976071407,0.328600023928593
100,100,"n=100, p=100","ar1_rho_0.9","quantile_4","f1_lar",100,0.306,0.106192126246571,0.0106192126246571,0.285186343255672,0.326813656744328
100,100,"n=100, p=100","ar1_rho_0.9","quantile_4","f1_glmnet",100,0.309839262187088,0.10358162943483,0.010358162943483,0.289537262817862,0.330141261556315
100,100,"n=100, p=100","ar1_rho_0.9","quantile_4","rmse_lasso",100,3.13176979297115,0.56198650972315,0.056198650972315,3.02162043706541,3.24191914887689
100,100,"n=100, p=100","ar1_rho_0.9","quantile_4","rmse_lar",100,3.13375559076801,0.56241284244773,0.056241284244773,3.02352267364826,3.24398850788777
100,100,"n=100, p=100","ar1_rho_0.9","quantile_4","rmse_glmnet",100,3.15140586405478,0.570957025224555,0.0570957025224555,3.03949828711076,3.26331344099879
100,100,"n=100, p=100","ar1_rho_0.9","quantile_4","elapsed_seconds",100,0.238700000000003,0.0658841192679972,0.00658841192679972,0.225786712623476,0.251613287376531
100,100,"n=100, p=100","ar1_rho_0.9","quantile_8","mean_entry_tau",100,0.928276679906551,0.0220268835657945,0.00220268835657945,0.923959410727655,0.932593949085447
100,100,"n=100, p=100","ar1_rho_0.9","quantile_8","mean_jaccard_s",100,0.963378843378843,0.0466225230473705,0.00466225230473705,0.954240828861559,0.972516857896128
100,100,"n=100, p=100","ar1_rho_0.9","quantile_8","mean_jaccard_2s",100,0.963255928853755,0.0391891994232514,0.00391891994232514,0.955574845766798,0.970937011940712
100,100,"n=100, p=100","ar1_rho_0.9","quantile_8","mean_support_f1",100,0.240522115565594,0.0984869146687486,0.00984869146687486,0.221218680290519,0.259825550840669
100,100,"n=100, p=100","ar1_rho_0.9","quantile_8","mean_rmse",100,3.36541649565557,0.628670504882724,0.0628670504882724,3.24219707669856,3.48863591461259
100,100,"n=100, p=100","ar1_rho_0.9","quantile_8","f1_lasso",100,0.238,0.100282429450855,0.0100282429450855,0.218344643827632,0.257655356172368
100,100,"n=100, p=100","ar1_rho_0.9","quantile_8","f1_lar",100,0.239,0.10039819709436,0.010039819709436,0.219321953369505,0.258678046630495
100,100,"n=100, p=100","ar1_rho_0.9","quantile_8","f1_glmnet",100,0.244566346696781,0.0995722609132855,0.00995722609132855,0.225050183557778,0.264082509835785
100,100,"n=100, p=100","ar1_rho_0.9","quantile_8","rmse_lasso",100,3.36335135420134,0.628404280969389,0.0628404280969389,3.24018411513134,3.48651859327134
100,100,"n=100, p=100","ar1_rho_0.9","quantile_8","rmse_lar",100,3.36364252790338,0.629094370784608,0.0629094370784608,3.24034003122959,3.48694502457716
100,100,"n=100, p=100","ar1_rho_0.9","quantile_8","rmse_glmnet",100,3.369255604862,0.629153357540425,0.0629153357540425,3.24594154678408,3.49256966293992
100,100,"n=100, p=100","ar1_rho_0.9","quantile_8","elapsed_seconds",100,0.322200000000021,0.110303346652889,0.0110303346652889,0.300580544056054,0.343819455943987
100,100,"n=100, p=100","ar1_rho_0.9","equal_width_4","mean_entry_tau",100,0.910061710440334,0.0268054025694403,0.00268054025694403,0.904807851536724,0.915315569343944
100,100,"n=100, p=100","ar1_rho_0.9","equal_width_4","mean_jaccard_s",100,0.970142635142635,0.0476163047525569,0.00476163047525569,0.960809839411134,0.979475430874136
100,100,"n=100, p=100","ar1_rho_0.9","equal_width_4","mean_jaccard_2s",100,0.960934186586361,0.0449793289949343,0.00449793289949343,0.952118238103353,0.969750135069368
100,100,"n=100, p=100","ar1_rho_0.9","equal_width_4","mean_support_f1",100,0.253639594704812,0.109311256936633,0.0109311256936633,0.232214588345232,0.275064601064392
100,100,"n=100, p=100","ar1_rho_0.9","equal_width_4","mean_rmse",100,3.29977091326473,0.614195748941664,0.0614195748941664,3.17938854647217,3.4201532800573
100,100,"n=100, p=100","ar1_rho_0.9","equal_width_4","f1_lasso",100,0.252,0.109618254028066,0.0109618254028066,0.230514822210499,0.273485177789501
100,100,"n=100, p=100","ar1_rho_0.9","equal_width_4","f1_lar",100,0.252,0.109618254028066,0.0109618254028066,0.230514822210499,0.273485177789501
100,100,"n=100, p=100","ar1_rho_0.9","equal_width_4","f1_glmnet",100,0.256918784114436,0.11169686784805,0.011169686784805,0.235026198016219,0.278811370212654
100,100,"n=100, p=100","ar1_rho_0.9","equal_width_4","rmse_lasso",100,3.29477574325599,0.611874456160131,0.0611874456160131,3.1748483498486,3.41470313666337
100,100,"n=100, p=100","ar1_rho_0.9","equal_width_4","rmse_lar",100,3.29519299635179,0.611903345432967,0.0611903345432967,3.17525994064693,3.41512605205665
100,100,"n=100, p=100","ar1_rho_0.9","equal_width_4","rmse_glmnet",100,3.30934400018642,0.619310721037922,0.0619310721037922,3.18795909886299,3.43072890150985
100,100,"n=100, p=100","ar1_rho_0.9","equal_width_4","elapsed_seconds",100,0.258399999999995,0.0803492377064062,0.00803492377064062,0.242651549409539,0.27414845059045
100,100,"n=100, p=100","block","original","mean_entry_tau",100,0.913489123571158,0.0286358399878498,0.00286358399878498,0.907876498933539,0.919101748208776
100,100,"n=100, p=100","block","original","mean_jaccard_s",100,0.955299145299145,0.0591307837565575,0.00591307837565575,0.94370951168286,0.966888778915431
100,100,"n=100, p=100","block","original","mean_jaccard_2s",100,0.91085699858381,0.0731364382482505,0.00731364382482505,0.896522256687153,0.925191740480467
100,100,"n=100, p=100","block","original","mean_support_f1",100,0.501122780601041,0.110661777476335,0.0110661777476335,0.47943307221568,0.522812488986403
100,100,"n=100, p=100","block","original","mean_rmse",100,2.68153866829545,0.544642812627046,0.0544642812627045,2.57478867702055,2.78828865957035
100,100,"n=100, p=100","block","original","f1_lasso",100,0.501,0.114145928220383,0.0114145928220383,0.478627398068805,0.523372601931195
100,100,"n=100, p=100","block","original","f1_lar",100,0.496,0.110022954446109,0.0110022954446109,0.474435500928563,0.517564499071437
100,100,"n=100, p=100","block","original","f1_glmnet",100,0.506368341803124,0.112804590593678,0.0112804590593678,0.484258642046763,0.528478041559485
100,100,"n=100, p=100","block","original","rmse_lasso",100,2.66801834747338,0.546986476793584,0.0546986476793584,2.56080899802183,2.77522769692492
100,100,"n=100, p=100","block","original","rmse_lar",100,2.67656193052957,0.548077873513069,0.0548077873513069,2.56913866732101,2.78398519373813
100,100,"n=100, p=100","block","original","rmse_glmnet",100,2.70003572688341,0.542150192888735,0.0542150192888735,2.59377428907722,2.8062971646896
100,100,"n=100, p=100","block","original","elapsed_seconds",100,0.237999999999997,0.0852802865422412,0.00852802865422412,0.221285063837718,0.254714936162277
100,100,"n=100, p=100","block","quantile_2","mean_entry_tau",100,0.895503275709252,0.0262740334534659,0.00262740334534659,0.890353565152373,0.900652986266132
100,100,"n=100, p=100","block","quantile_2","mean_jaccard_s",100,0.965666278166278,0.0491094317457948,0.00491094317457948,0.956040829544102,0.975291726788454
100,100,"n=100, p=100","block","quantile_2","mean_jaccard_2s",100,0.944087279628584,0.0551313576950059,0.00551313576950059,0.933281533520363,0.954893025736805
100,100,"n=100, p=100","block","quantile_2","mean_support_f1",100,0.422370851370851,0.11005123482335,0.011005123482335,0.400800809345475,0.443940893396228
100,100,"n=100, p=100","block","quantile_2","mean_rmse",100,2.96226159971194,0.572539772268843,0.0572539772268843,2.85004380434725,3.07447939507663
100,100,"n=100, p=100","block","quantile_2","f1_lasso",100,0.421,0.110366698241852,0.0110366698241852,0.399368127144597,0.442631872855403
100,100,"n=100, p=100","block","quantile_2","f1_lar",100,0.421,0.110366698241852,0.0110366698241852,0.399368127144597,0.442631872855403
100,100,"n=100, p=100","block","quantile_2","f1_glmnet",100,0.425112554112554,0.112304632320778,0.0112304632320778,0.403100846177682,0.447124262047427
100,100,"n=100, p=100","block","quantile_2","rmse_lasso",100,2.94891804760395,0.563789415721588,0.0563789415721588,2.83841532212252,3.05942077308538
100,100,"n=100, p=100","block","quantile_2","rmse_lar",100,2.95924037267298,0.575999328381277,0.0575999328381277,2.84634450431025,3.07213624103571
100,100,"n=100, p=100","block","quantile_2","rmse_glmnet",100,2.97862637885889,0.581947622031231,0.0581947622031231,2.86456464494077,3.09268811277701
100,100,"n=100, p=100","block","quantile_2","elapsed_seconds",100,0.151400000000012,0.0539363635512378,0.00539363635512378,0.14082847274397,0.161971527256055
100,100,"n=100, p=100","block","quantile_4","mean_entry_tau",100,0.91463053920538,0.0232057791584836,0.00232057791584836,0.910082206490317,0.919178871920443
100,100,"n=100, p=100","block","quantile_4","mean_jaccard_s",100,0.964690032190032,0.0506184256475787,0.00506184256475787,0.954768820763107,0.974611243616958
100,100,"n=100, p=100","block","quantile_4","mean_jaccard_2s",100,0.956428963548529,0.0509338279573713,0.00509338279573713,0.946445933268884,0.966411993828174
100,100,"n=100, p=100","block","quantile_4","mean_support_f1",100,0.357442028985507,0.103444212250053,0.0103444212250053,0.337166963384497,0.377717094586518
100,100,"n=100, p=100","block","quantile_4","mean_rmse",100,3.14545988061192,0.570186229037068,0.0570186229037068,3.03370337972066,3.25721638150319
100,100,"n=100, p=100","block","quantile_4","f1_lasso",100,0.356,0.104755607839091,0.0104755607839091,0.335467900863538,0.376532099136462
100,100,"n=100, p=100","block","quantile_4","f1_lar",100,0.353,0.104885700174095,0.0104885700174095,0.332442402765877,0.373557597234123
100,100,"n=100, p=100","block","quantile_4","f1_glmnet",100,0.363326086956522,0.105495376752274,0.0105495376752274,0.342648993113076,0.384003180799967
100,100,"n=100, p=100","block","quantile_4","rmse_lasso",100,3.13947904497689,0.56715210294779,0.056715210294779,3.02831723279912,3.25064085715465
100,100,"n=100, p=100","block","quantile_4","rmse_lar",100,3.14093774964024,0.567363449830868,0.0567363449830868,3.02973451347339,3.25214098580709
100,100,"n=100, p=100","block","quantile_4","rmse_glmnet",100,3.15596284721864,0.577317923723543,0.0577317923723543,3.04280853416883,3.26911716026846
100,100,"n=100, p=100","block","quantile_4","elapsed_seconds",100,0.240699999999997,0.0895246143004708,0.00895246143004708,0.223153175597105,0.258246824402889
100,100,"n=100, p=100","block","quantile_8","mean_entry_tau",100,0.933741163639839,0.021187799864231,0.0021187799864231,0.92958835486645,0.937893972413228
100,100,"n=100, p=100","block","quantile_8","mean_jaccard_s",100,0.956153568653569,0.054823405448118,0.0054823405448118,0.945408181185737,0.9668989561214
100,100,"n=100, p=100","block","quantile_8","mean_jaccard_2s",100,0.962994227994228,0.037031952555527,0.0037031952555527,0.955735965293345,0.970252490695111
100,100,"n=100, p=100","block","quantile_8","mean_support_f1",100,0.271481021394065,0.0994729325726399,0.00994729325726399,0.251984326609827,0.290977716178302
100,100,"n=100, p=100","block","quantile_8","mean_rmse",100,3.37980357832689,0.608633119312352,0.0608633119312352,3.26051148694167,3.49909566971212
100,100,"n=100, p=100","block","quantile_8","f1_lasso",100,0.272,0.100584152415635,0.0100584152415635,0.252285506126536,0.291714493873464
100,100,"n=100, p=100","block","quantile_8","f1_lar",100,0.27,0.1,0.01,0.2504,0.2896
100,100,"n=100, p=100","block","quantile_8","f1_glmnet",100,0.272443064182195,0.100922847999977,0.0100922847999977,0.252662185974199,0.29222394239019
100,100,"n=100, p=100","block","quantile_8","rmse_lasso",100,3.37815961102907,0.606660706425064,0.0606660706425064,3.25925411256976,3.49706510948838
100,100,"n=100, p=100","block","quantile_8","rmse_lar",100,3.37828688730674,0.606721389342954,0.0606721389342954,3.25936949499552,3.49720427961796
100,100,"n=100, p=100","block","quantile_8","rmse_glmnet",100,3.38296423664487,0.612794604176232,0.0612794604176232,3.26285649422633,3.50307197906342
100,100,"n=100, p=100","block","quantile_8","elapsed_seconds",100,0.325600000000022,0.0990798066248412,0.00990798066248412,0.306180357901553,0.345019642098491
100,100,"n=100, p=100","block","equal_width_4","mean_entry_tau",100,0.906551866770288,0.0257577734846206,0.00257577734846206,0.901503343167303,0.911600390373274
100,100,"n=100, p=100","block","equal_width_4","mean_jaccard_s",100,0.976363636363636,0.0380180075983856,0.00380180075983856,0.968912106874353,0.98381516585292
100,100,"n=100, p=100","block","equal_width_4","mean_jaccard_2s",100,0.964953476475216,0.0449051338169869,0.00449051338169869,0.956152070247086,0.973754882703345
100,100,"n=100, p=100","block","equal_width_4","mean_support_f1",100,0.281409812409812,0.0961911339893694,0.00961911339893694,0.262556350147896,0.300263274671729
100,100,"n=100, p=100","block","equal_width_4","mean_rmse",100,3.31258565604724,0.6105342907191,0.06105342907191,3.1929209350663,3.43225037702818
100,100,"n=100, p=100","block","equal_width_4","f1_lasso",100,0.281,0.0960797227895311,0.00960797227895311,0.262168374333252,0.299831625666748
100,100,"n=100, p=100","block","equal_width_4","f1_lar",100,0.28,0.0942809041582063,0.00942809041582063,0.261520942784992,0.298479057215008
100,100,"n=100, p=100","block","equal_width_4","f1_glmnet",100,0.283229437229437,0.100436172766092,0.0100436172766092,0.263543947367283,0.302914927091591
100,100,"n=100, p=100","block","equal_width_4","rmse_lasso",100,3.30859351800155,0.609931246633385,0.0609931246633385,3.1890469936614,3.42814004234169
100,100,"n=100, p=100","block","equal_width_4","rmse_lar",100,3.30843008526106,0.609329119698008,0.0609329119698008,3.18900157780025,3.42785859272187
100,100,"n=100, p=100","block","equal_width_4","rmse_glmnet",100,3.32073336487911,0.612751836281698,0.0612751836281698,3.2006340049679,3.44083272479033
100,100,"n=100, p=100","block","equal_width_4","elapsed_seconds",100,0.233499999999999,0.072270186093456,0.0072270186093456,0.219335043525682,0.247664956474316
100,200,"n=100, p=200","independent","original","mean_entry_tau",100,0.910930943438007,0.0230872351993297,0.00230872351993297,0.906405845338938,0.915456041537076
100,200,"n=100, p=200","independent","original","mean_jaccard_s",100,0.979198820503168,0.0264331122023365,0.00264331122023365,0.97401793051151,0.984379710494826
100,200,"n=100, p=200","independent","original","mean_jaccard_2s",100,0.97673370525611,0.0236085938962222,0.00236085938962222,0.972106420852451,0.98136098965977
100,200,"n=100, p=200","independent","original","mean_support_f1",100,0.560051828142866,0.0926287502168674,0.00926287502168674,0.54189659310036,0.578207063185372
100,200,"n=100, p=200","independent","original","mean_rmse",100,4.57585959606401,0.440773077552871,0.0440773077552871,4.48946807286364,4.66225111926437
100,200,"n=100, p=200","independent","original","f1_lasso",100,0.5605,0.0930121638618446,0.00930121638618446,0.542269615883078,0.578730384116922
100,200,"n=100, p=200","independent","original","f1_lar",100,0.5605,0.0930121638618446,0.00930121638618446,0.542269615883078,0.578730384116922
100,200,"n=100, p=200","independent","original","f1_glmnet",100,0.559155484428598,0.0928721601997767,0.00928721601997767,0.540952541029442,0.577358427827755
100,200,"n=100, p=200","independent","original","rmse_lasso",100,4.57239444595267,0.441587840341992,0.0441587840341992,4.48584322924564,4.6589456626597
100,200,"n=100, p=200","independent","original","rmse_lar",100,4.57239444595267,0.441587840341992,0.0441587840341992,4.48584322924564,4.6589456626597
100,200,"n=100, p=200","independent","original","rmse_glmnet",100,4.58278989628668,0.440252856191526,0.0440252856191526,4.49650033647314,4.66907945610022
100,200,"n=100, p=200","independent","original","elapsed_seconds",100,0.151700000000028,0.0700080081999169,0.00700080081999169,0.137978430392844,0.165421569607212
100,200,"n=100, p=200","independent","quantile_2","mean_entry_tau",100,0.911067641508041,0.0218897822069314,0.00218897822069314,0.906777244195483,0.9153580388206
100,200,"n=100, p=200","independent","quantile_2","mean_jaccard_s",100,0.979956396260744,0.025676425159296,0.0025676425159296,0.974923816929522,0.984988975591966
100,200,"n=100, p=200","independent","quantile_2","mean_jaccard_2s",100,0.96896370069711,0.0260420832560471,0.00260420832560471,0.963859452378924,0.974067949015295
100,200,"n=100, p=200","independent","quantile_2","mean_support_f1",100,0.507160215721759,0.0862809240902137,0.00862809240902137,0.490249154600077,0.52407127684344
100,200,"n=100, p=200","independent","quantile_2","mean_rmse",100,4.86587713737518,0.425914737252225,0.0425914737252224,4.78239784887375,4.94935642587662
100,200,"n=100, p=200","independent","quantile_2","f1_lasso",100,0.5065,0.0869386757049665,0.00869386757049665,0.489460019561827,0.523539980438174
100,200,"n=100, p=200","independent","quantile_2","f1_lar",100,0.5065,0.0869386757049665,0.00869386757049665,0.489460019561827,0.523539980438174
100,200,"n=100, p=200","independent","quantile_2","f1_glmnet",100,0.508480647165276,0.0860970820695626,0.00860970820695625,0.491605619079641,0.52535567525091
100,200,"n=100, p=200","independent","quantile_2","rmse_lasso",100,4.86466151286648,0.426636161747772,0.0426636161747772,4.78104082516392,4.94828220056905
100,200,"n=100, p=200","independent","quantile_2","rmse_lar",100,4.86470250309933,0.426700035508882,0.0426700035508882,4.78106929613959,4.94833571005907
100,200,"n=100, p=200","independent","quantile_2","rmse_glmnet",100,4.86826739615973,0.424606491464609,0.0424606491464609,4.78504452383267,4.95149026848679
100,200,"n=100, p=200","independent","quantile_2","elapsed_seconds",100,0.21990000000003,0.0925234886912371,0.00925234886912371,0.201765396216547,0.238034603783512
100,200,"n=100, p=200","independent","quantile_4","mean_entry_tau",100,0.921984145878786,0.0197040851774632,0.00197040851774632,0.918122145184003,0.925846146573568
100,200,"n=100, p=200","independent","quantile_4","mean_jaccard_s",100,0.971536357362444,0.0339852513285932,0.00339852513285932,0.96487524810204,0.978197466622849
100,200,"n=100, p=200","independent","quantile_4","mean_jaccard_2s",100,0.968306656631954,0.0246689204280902,0.00246689204280902,0.963471548228049,0.97314176503586
100,200,"n=100, p=200","independent","quantile_4","mean_support_f1",100,0.348727887960446,0.0795807013508158,0.00795807013508158,0.333130070495686,0.364325705425206
100,200,"n=100, p=200","independent","quantile_4","mean_rmse",100,5.16145929376786,0.423188375006072,0.0423188375006072,5.07851437226667,5.24440421526906
100,200,"n=100, p=200","independent","quantile_4","f1_lasso",100,0.347,0.0812838895911773,0.00812838895911773,0.331068357640129,0.362931642359871
100,200,"n=100, p=200","independent","quantile_4","f1_lar",100,0.3465,0.0807962270346227,0.00807962270346227,0.330663939501214,0.362336060498786
100,200,"n=100, p=200","independent","quantile_4","f1_glmnet",100,0.352683663881338,0.079123250522308,0.0079123250522308,0.337175506778966,0.368191820983711
100,200,"n=100, p=200","independent","quantile_4","rmse_lasso",100,5.16142324055313,0.423238931907002,0.0423238931907002,5.07846840989936,5.2443780712069
100,200,"n=100, p=200","independent","quantile_4","rmse_lar",100,5.16142354912207,0.423135271266331,0.0423135271266331,5.07848903595387,5.24435806229027
100,200,"n=100, p=200","independent","quantile_4","rmse_glmnet",100,5.1615310916284,0.42321786529094,0.042321786529094,5.07858039003137,5.24448179322542
100,200,"n=100, p=200","independent","quantile_4","elapsed_seconds",100,0.299300000000012,0.111157863901191,0.0111157863901191,0.277513058675379,0.321086941324645
100,200,"n=100, p=200","independent","quantile_8","mean_entry_tau",100,0.924036684211419,0.0189368841883489,0.00189368841883489,0.920325054910502,0.927748313512335
100,200,"n=100, p=200","independent","quantile_8","mean_jaccard_s",100,0.972616224355355,0.0333127463420978,0.00333127463420978,0.966086926072304,0.979145522638406
100,200,"n=100, p=200","independent","quantile_8","mean_jaccard_2s",100,0.962082658009204,0.0318092155353425,0.00318092155353425,0.955848051764277,0.968317264254131
100,200,"n=100, p=200","independent","quantile_8","mean_support_f1",100,0.242622414485999,0.0738546710004416,0.00738546710004416,0.228146898969913,0.257097930002086
100,200,"n=100, p=200","independent","quantile_8","mean_rmse",100,5.37086986865825,0.425128732819667,0.0425128732819667,5.2875446370256,5.45419510029091
100,200,"n=100, p=200","independent","quantile_8","f1_lasso",100,0.2435,0.0740785141766913,0.00740785141766913,0.228980611221368,0.258019388778632
100,200,"n=100, p=200","independent","quantile_8","f1_lar",100,0.243,0.0745423749055908,0.00745423749055908,0.228389694518504,0.257610305481496
100,200,"n=100, p=200","independent","quantile_8","f1_glmnet",100,0.241367243457998,0.0735227135398505,0.00735227135398505,0.226956791604187,0.255777695311809
100,200,"n=100, p=200","independent","quantile_8","rmse_lasso",100,5.37080251152502,0.424999296735318,0.0424999296735318,5.2875026493649,5.45410237368515
100,200,"n=100, p=200","independent","quantile_8","rmse_lar",100,5.37081440057957,0.425024289814512,0.0425024289814512,5.28750963977593,5.45411916138322
100,200,"n=100, p=200","independent","quantile_8","rmse_glmnet",100,5.37099269387017,0.425384351043451,0.0425384351043451,5.28761736106565,5.45436802667468
100,200,"n=100, p=200","independent","quantile_8","elapsed_seconds",100,0.556199999999981,0.155360642676756,0.0155360642676756,0.525749314035337,0.586650685964625
100,200,"n=100, p=200","independent","equal_width_4","mean_entry_tau",100,0.919419871569559,0.019671093372503,0.0019671093372503,0.915564337268548,0.92327540587057
100,200,"n=100, p=200","independent","equal_width_4","mean_jaccard_s",100,0.967315499717674,0.0383122018693325,0.00383122018693325,0.959806308151284,0.974824691284063
100,200,"n=100, p=200","independent","equal_width_4","mean_jaccard_2s",100,0.965745819210935,0.0287623797747005,0.00287623797747005,0.960108392775094,0.971383245646777
100,200,"n=100, p=200","independent","equal_width_4","mean_support_f1",100,0.338067274587978,0.0827583035448794,0.00827583035448794,0.321846647093182,0.354287902082774
100,200,"n=100, p=200","independent","equal_width_4","mean_rmse",100,5.27861453120771,0.432404665215711,0.0432404665215711,5.19386321682544,5.36336584558999
100,200,"n=100, p=200","independent","equal_width_4","f1_lasso",100,0.338,0.0844231764817738,0.00844231764817738,0.321453057409572,0.354546942590428
100,200,"n=100, p=200","independent","equal_width_4","f1_lar",100,0.338,0.0832181021488265,0.00832181021488265,0.32168925197883,0.35431074802117
100,200,"n=100, p=200","independent","equal_width_4","f1_glmnet",100,0.338201823763934,0.0819351680871797,0.00819351680871797,0.322142530818847,0.354261116709021
100,200,"n=100, p=200","independent","equal_width_4","rmse_lasso",100,5.27874929068818,0.432240312247523,0.0432240312247523,5.19403018948766,5.36346839188869
100,200,"n=100, p=200","independent","equal_width_4","rmse_lar",100,5.27895750329409,0.432146664898608,0.0432146664898608,5.19425675697396,5.36365824961421
100,200,"n=100, p=200","independent","equal_width_4","rmse_glmnet",100,5.27813679964088,0.432846674177681,0.0432846674177681,5.19329885150206,5.36297474777971
100,200,"n=100, p=200","independent","equal_width_4","elapsed_seconds",100,0.321800000000007,0.0955090561045523,0.00955090561045522,0.303080225003515,0.3405197749965
100,200,"n=100, p=200","ar1_rho_0.5","original","mean_entry_tau",100,0.895474600664926,0.0248885396884611,0.00248885396884611,0.890596446885987,0.900352754443864
100,200,"n=100, p=200","ar1_rho_0.5","original","mean_jaccard_s",100,0.9779788568919,0.0298613803417574,0.00298613803417574,0.972126026344916,0.983831687438885
100,200,"n=100, p=200","ar1_rho_0.5","original","mean_jaccard_2s",100,0.9645714896855,0.0310143479798079,0.00310143479798079,0.958492677481458,0.970650301889542
100,200,"n=100, p=200","ar1_rho_0.5","original","mean_support_f1",100,0.541012976372591,0.0894559854873375,0.00894559854873375,0.523479603217073,0.558546349528109
100,200,"n=100, p=200","ar1_rho_0.5","original","mean_rmse",100,4.44537989316355,0.412194065943158,0.0412194065943158,4.36458985623869,4.52616993008841
100,200,"n=100, p=200","ar1_rho_0.5","original","f1_lasso",100,0.542,0.090375199959263,0.0090375199959263,0.524286460807984,0.559713539192016
100,200,"n=100, p=200","ar1_rho_0.5","original","f1_lar",100,0.542,0.090375199959263,0.0090375199959263,0.524286460807984,0.559713539192016
100,200,"n=100, p=200","ar1_rho_0.5","original","f1_glmnet",100,0.539038929117772,0.0884737143482228,0.00884737143482228,0.52169808110552,0.556379777130024
100,200,"n=100, p=200","ar1_rho_0.5","original","rmse_lasso",100,4.44164456853418,0.412437595479061,0.0412437595479061,4.36080679982029,4.52248233724808
100,200,"n=100, p=200","ar1_rho_0.5","original","rmse_lar",100,4.44293146877317,0.412724021009778,0.0412724021009778,4.36203756065526,4.52382537689109
100,200,"n=100, p=200","ar1_rho_0.5","original","rmse_glmnet",100,4.45156364218329,0.412133317872823,0.0412133317872823,4.37078551188022,4.53234177248637
100,200,"n=100, p=200","ar1_rho_0.5","original","elapsed_seconds",100,0.141599999999989,0.0340741911870494,0.00340741911870494,0.134921458527328,0.148278541472651
100,200,"n=100, p=200","ar1_rho_0.5","quantile_2","mean_entry_tau",100,0.902497874601178,0.0190289282917414,0.00190289282917414,0.898768204655996,0.906227544546359
100,200,"n=100, p=200","ar1_rho_0.5","quantile_2","mean_jaccard_s",100,0.972041219649915,0.0301736517447438,0.00301736517447438,0.966127183907945,0.977955255391885
100,200,"n=100, p=200","ar1_rho_0.5","quantile_2","mean_jaccard_2s",100,0.963599134971364,0.0313228879098025,0.00313228879098025,0.957459848941042,0.969738421001685
100,200,"n=100, p=200","ar1_rho_0.5","quantile_2","mean_support_f1",100,0.456043339971304,0.0793142803481981,0.00793142803481981,0.440497741023057,0.471588938919551
100,200,"n=100, p=200","ar1_rho_0.5","quantile_2","mean_rmse",100,4.759991839811,0.387154271080151,0.0387154271080151,4.68410960267929,4.83587407694271
100,200,"n=100, p=200","ar1_rho_0.5","quantile_2","f1_lasso",100,0.4565,0.0802945964696394,0.00802945964696393,0.440762259091951,0.472237740908049
100,200,"n=100, p=200","ar1_rho_0.5","quantile_2","f1_lar",100,0.456,0.0804909179894718,0.00804909179894718,0.440223780074064,0.471776219925936
100,200,"n=100, p=200","ar1_rho_0.5","quantile_2","f1_glmnet",100,0.455630019913911,0.0787099769776599,0.00787099769776599,0.44020286442629,0.471057175401532
100,200,"n=100, p=200","ar1_rho_0.5","quantile_2","rmse_lasso",100,4.75920666967267,0.387967714336191,0.0387967714336191,4.68316499766277,4.83524834168256
100,200,"n=100, p=200","ar1_rho_0.5","quantile_2","rmse_lar",100,4.7594846685816,0.388322964117543,0.0388322964117543,4.68337336761456,4.83559596954864
100,200,"n=100, p=200","ar1_rho_0.5","quantile_2","rmse_glmnet",100,4.76128418117872,0.385611005854198,0.0385611005854198,4.6857044240313,4.83686393832614
100,200,"n=100, p=200","ar1_rho_0.5","quantile_2","elapsed_seconds",100,0.198099999999977,0.062824028729918,0.0062824028729918,0.185786490368913,0.210413509631041
100,200,"n=100, p=200","ar1_rho_0.5","quantile_4","mean_entry_tau",100,0.921655141493726,0.0200409673537184,0.00200409673537184,0.917727111892397,0.925583171095054
100,200,"n=100, p=200","ar1_rho_0.5","quantile_4","mean_jaccard_s",100,0.969161660802965,0.037365671254142,0.0037365671254142,0.961837989237153,0.976485332368777
100,200,"n=100, p=200","ar1_rho_0.5","quantile_4","mean_jaccard_2s",100,0.96760184196174,0.0285929667023936,0.00285929667023936,0.961997620488071,0.973206063435409
100,200,"n=100, p=200","ar1_rho_0.5","quantile_4","mean_support_f1",100,0.341020010143133,0.082588106927837,0.0082588106927837,0.324832741185277,0.357207279100989
100,200,"n=100, p=200","ar1_rho_0.5","quantile_4","mean_rmse",100,5.06394878778328,0.391119588306096,0.0391119588306096,4.98728934847529,5.14060822709128
100,200,"n=100, p=200","ar1_rho_0.5","quantile_4","f1_lasso",100,0.34,0.0843872746402686,0.00843872746402686,0.323460094170507,0.356539905829493
100,200,"n=100, p=200","ar1_rho_0.5","quantile_4","f1_lar",100,0.34,0.0840874965182522,0.00840874965182522,0.323518850682423,0.356481149317577
100,200,"n=100, p=200","ar1_rho_0.5","quantile_4","f1_glmnet",100,0.343060030429398,0.0811861060421054,0.00811861060421054,0.327147553645146,0.358972507213651
100,200,"n=100, p=200","ar1_rho_0.5","quantile_4","rmse_lasso",100,5.06367455556266,0.390617038380347,0.0390617038380347,4.98711361604011,5.14023549508521
100,200,"n=100, p=200","ar1_rho_0.5","quantile_4","rmse_lar",100,5.06403281939519,0.390921729156222,0.0390921729156222,4.98741216048057,5.14065347830981
100,200,"n=100, p=200","ar1_rho_0.5","quantile_4","rmse_glmnet",100,5.064138988392,0.391906623131986,0.0391906623131986,4.98732529025813,5.14095268652587
100,200,"n=100, p=200","ar1_rho_0.5","quantile_4","elapsed_seconds",100,0.279200000000001,0.0784145935706634,0.00784145935706634,0.263830739660151,0.294569260339851
100,200,"n=100, p=200","ar1_rho_0.5","quantile_8","mean_entry_tau",100,0.923428973744533,0.0210981148992124,0.00210981148992124,0.919293743224287,0.927564204264779
100,200,"n=100, p=200","ar1_rho_0.5","quantile_8","mean_jaccard_s",100,0.968346571303093,0.0318114197560763,0.00318114197560763,0.962111533030902,0.974581609575284
100,200,"n=100, p=200","ar1_rho_0.5","quantile_8","mean_jaccard_2s",100,0.96677946354918,0.0330744136845967,0.00330744136845967,0.960296878466999,0.973262048631361
100,200,"n=100, p=200","ar1_rho_0.5","quantile_8","mean_support_f1",100,0.250148622464278,0.0827686922641032,0.00827686922641032,0.233925958780513,0.266371286148042
100,200,"n=100, p=200","ar1_rho_0.5","quantile_8","mean_rmse",100,5.26464015617024,0.402154414207427,0.0402154414207427,5.18581789098559,5.3434624213549
100,200,"n=100, p=200","ar1_rho_0.5","quantile_8","f1_lasso",100,0.249,0.0834786611577286,0.00834786611577286,0.232638182413085,0.265361817586915
100,200,"n=100, p=200","ar1_rho_0.5","quantile_8","f1_lar",100,0.249,0.0834786611577286,0.00834786611577286,0.232638182413085,0.265361817586915
100,200,"n=100, p=200","ar1_rho_0.5","quantile_8","f1_glmnet",100,0.252445867392833,0.0825578818981936,0.00825578818981936,0.236264522540787,0.268627212244879
100,200,"n=100, p=200","ar1_rho_0.5","quantile_8","rmse_lasso",100,5.26479054059271,0.402230123100833,0.0402230123100833,5.18595343646495,5.34362764472048
100,200,"n=100, p=200","ar1_rho_0.5","quantile_8","rmse_lar",100,5.26478765971844,0.402225890279398,0.0402225890279398,5.18595138522368,5.3436239342132
100,200,"n=100, p=200","ar1_rho_0.5","quantile_8","rmse_glmnet",100,5.26434226819957,0.402020523714852,0.0402020523714852,5.18554624555146,5.34313829084768
100,200,"n=100, p=200","ar1_rho_0.5","quantile_8","elapsed_seconds",100,0.50420000000001,0.114769685928316,0.0114769685928316,0.48170514155806,0.52669485844196
100,200,"n=100, p=200","ar1_rho_0.5","equal_width_4","mean_entry_tau",100,0.918210703896606,0.0200656421399533,0.00200656421399533,0.914277838037176,0.922143569756037
100,200,"n=100, p=200","ar1_rho_0.5","equal_width_4","mean_jaccard_s",100,0.971748541313759,0.0294511363466247,0.00294511363466247,0.96597611858982,0.977520964037697
100,200,"n=100, p=200","ar1_rho_0.5","equal_width_4","mean_jaccard_2s",100,0.968084343966363,0.0322376529971104,0.00322376529971105,0.96176576397893,0.974402923953797
100,200,"n=100, p=200","ar1_rho_0.5","equal_width_4","mean_support_f1",100,0.310008672741515,0.0879811622430562,0.00879811622430562,0.292764364941875,0.327252980541154
100,200,"n=100, p=200","ar1_rho_0.5","equal_width_4","mean_rmse",100,5.16839570935998,0.394143271023598,0.0394143271023598,5.09114362823935,5.2456477904806
100,200,"n=100, p=200","ar1_rho_0.5","equal_width_4","f1_lasso",100,0.309,0.0891542755479783,0.00891542755479783,0.291525761992596,0.326474238007404
100,200,"n=100, p=200","ar1_rho_0.5","equal_width_4","f1_lar",100,0.3095,0.0886757229369112,0.00886757229369112,0.292119558304365,0.326880441695635
100,200,"n=100, p=200","ar1_rho_0.5","equal_width_4","f1_glmnet",100,0.311526018224543,0.0875315911255757,0.00875315911255757,0.294369826363931,0.328682210085156
100,200,"n=100, p=200","ar1_rho_0.5","equal_width_4","rmse_lasso",100,5.16850391440201,0.39393179564954,0.039393179564954,5.0912932824547,5.24571454634932
100,200,"n=100, p=200","ar1_rho_0.5","equal_width_4","rmse_lar",100,5.16873199337817,0.393816242898146,0.0393816242898146,5.09154400977014,5.24591997698621
100,200,"n=100, p=200","ar1_rho_0.5","equal_width_4","rmse_glmnet",100,5.16795122029975,0.394708348427322,0.0394708348427322,5.09058838400799,5.2453140565915
100,200,"n=100, p=200","ar1_rho_0.5","equal_width_4","elapsed_seconds",100,0.302200000000016,0.0869061958015021,0.00869061958015021,0.285166385622922,0.319233614377111
100,200,"n=100, p=200","ar1_rho_0.9","original","mean_entry_tau",100,0.812051557935472,0.0341884483653533,0.00341884483653533,0.805350622055863,0.818752493815082
100,200,"n=100, p=200","ar1_rho_0.9","original","mean_jaccard_s",100,0.906990301003344,0.070823767338212,0.0070823767338212,0.893108842605055,0.920871759401634
100,200,"n=100, p=200","ar1_rho_0.9","original","mean_jaccard_2s",100,0.816677398386717,0.065197989540664,0.0065197989540664,0.803898592436747,0.829456204336687
100,200,"n=100, p=200","ar1_rho_0.9","original","mean_support_f1",100,0.340305760383185,0.0804444589842185,0.00804444589842185,0.324538646422278,0.356072874344092
100,200,"n=100, p=200","ar1_rho_0.9","original","mean_rmse",100,3.95008774828907,0.547591072030262,0.0547591072030262,3.84275989817114,4.057415598407
100,200,"n=100, p=200","ar1_rho_0.9","original","f1_lasso",100,0.3405,0.0812450464690468,0.00812450464690468,0.324575970892067,0.356424029107933
100,200,"n=100, p=200","ar1_rho_0.9","original","f1_lar",100,0.337,0.0818411864404457,0.00818411864404458,0.320959127457673,0.353040872542327
100,200,"n=100, p=200","ar1_rho_0.9","original","f1_glmnet",100,0.343417281149556,0.0849997034891209,0.00849997034891209,0.326757339265688,0.360077223033423
100,200,"n=100, p=200","ar1_rho_0.9","original","rmse_lasso",100,3.92457786237766,0.544614191968956,0.0544614191968956,3.81783348075175,4.03132224400358
100,200,"n=100, p=200","ar1_rho_0.9","original","rmse_lar",100,3.97180697134211,0.55319888693316,0.055319888693316,3.86337998950321,4.08023395318101
100,200,"n=100, p=200","ar1_rho_0.9","original","rmse_glmnet",100,3.95387841114744,0.547981443107529,0.0547981443107529,3.84647404829836,4.06128277399652
100,200,"n=100, p=200","ar1_rho_0.9","original","elapsed_seconds",100,0.175599999999999,0.0615017450684462,0.00615017450684462,0.163545657966584,0.187654342033415
100,200,"n=100, p=200","ar1_rho_0.9","quantile_2","mean_entry_tau",100,0.835202104853879,0.0299437987295298,0.00299437987295298,0.829333120302891,0.841071089404867
100,200,"n=100, p=200","ar1_rho_0.9","quantile_2","mean_jaccard_s",100,0.941363366585106,0.0523290203239782,0.00523290203239782,0.931106878601606,0.951619854568605
100,200,"n=100, p=200","ar1_rho_0.9","quantile_2","mean_jaccard_2s",100,0.854227222590704,0.0607999634033395,0.00607999634033395,0.842310429763649,0.866144015417758
100,200,"n=100, p=200","ar1_rho_0.9","quantile_2","mean_support_f1",100,0.29184870297661,0.080126907918565,0.0080126907918565,0.276143829024571,0.307553576928649
100,200,"n=100, p=200","ar1_rho_0.9","quantile_2","mean_rmse",100,4.34784628059174,0.562645275616779,0.0562645275616779,4.23756780657085,4.45812475461262
100,200,"n=100, p=200","ar1_rho_0.9","quantile_2","f1_lasso",100,0.292,0.0812528165789975,0.00812528165789974,0.276074447950516,0.307925552049483
100,200,"n=100, p=200","ar1_rho_0.9","quantile_2","f1_lar",100,0.29,0.080403025220737,0.0080403025220737,0.274241007056736,0.305758992943264
100,200,"n=100, p=200","ar1_rho_0.9","quantile_2","f1_glmnet",100,0.29354610892983,0.0811491448466276,0.00811491448466276,0.277640876539891,0.309451341319769
100,200,"n=100, p=200","ar1_rho_0.9","quantile_2","rmse_lasso",100,4.33479031613287,0.562748870432507,0.0562748870432507,4.2244915375281,4.44508909473764
100,200,"n=100, p=200","ar1_rho_0.9","quantile_2","rmse_lar",100,4.36233291255062,0.566169361329717,0.0566169361329717,4.25136371772999,4.47330210737124
100,200,"n=100, p=200","ar1_rho_0.9","quantile_2","rmse_glmnet",100,4.34641561309172,0.561218823844871,0.0561218823844871,4.23641672361812,4.45641450256531
100,200,"n=100, p=200","ar1_rho_0.9","quantile_2","elapsed_seconds",100,0.245499999999997,0.0802694326514307,0.00802694326514307,0.229767191200317,0.261232808799678
100,200,"n=100, p=200","ar1_rho_0.9","quantile_4","mean_entry_tau",100,0.881492861476757,0.0273176098280206,0.00273176098280206,0.876138609950465,0.886847113003049
100,200,"n=100, p=200","ar1_rho_0.9","quantile_4","mean_jaccard_s",100,0.958797440240919,0.0464345009352529,0.00464345009352529,0.949696278057609,0.967898602424228
100,200,"n=100, p=200","ar1_rho_0.9","quantile_4","mean_jaccard_2s",100,0.914149709444778,0.0488506411517109,0.00488506411517109,0.904574983779043,0.923724435110513
100,200,"n=100, p=200","ar1_rho_0.9","quantile_4","mean_support_f1",100,0.228633316390548,0.0814328883621787,0.00814328883621787,0.212672470271561,0.244594162509535
100,200,"n=100, p=200","ar1_rho_0.9","quantile_4","mean_rmse",100,4.66132254566949,0.618597715922843,0.0618597715922843,4.54007739334861,4.78256769799036
100,200,"n=100, p=200","ar1_rho_0.9","quantile_4","f1_lasso",100,0.2275,0.0829917240610548,0.00829917240610548,0.211233622084033,0.243766377915967
100,200,"n=100, p=200","ar1_rho_0.9","quantile_4","f1_lar",100,0.229,0.082321125337107,0.0082321125337107,0.212865059433927,0.245134940566073
100,200,"n=100, p=200","ar1_rho_0.9","quantile_4","f1_glmnet",100,0.229399949171645,0.0813333628320628,0.00813333628320628,0.213458610056561,0.245341288286729
100,200,"n=100, p=200","ar1_rho_0.9","quantile_4","rmse_lasso",100,4.6605133469562,0.617964552993606,0.0617964552993606,4.53939229456945,4.78163439934295
100,200,"n=100, p=200","ar1_rho_0.9","quantile_4","rmse_lar",100,4.66387808683948,0.619861817730316,0.0619861817730316,4.54238517056434,4.78537100311462
100,200,"n=100, p=200","ar1_rho_0.9","quantile_4","rmse_glmnet",100,4.65957620321277,0.618154441141945,0.0618154441141945,4.53841793274895,4.78073447367659
100,200,"n=100, p=200","ar1_rho_0.9","quantile_4","elapsed_seconds",100,0.321599999999958,0.0952160753765118,0.00952160753765118,0.302937649226161,0.340262350773754
100,200,"n=100, p=200","ar1_rho_0.9","quantile_8","mean_entry_tau",100,0.902272189262689,0.0205996294648581,0.00205996294648581,0.898234661887577,0.906309716637802
100,200,"n=100, p=200","ar1_rho_0.9","quantile_8","mean_jaccard_s",100,0.959688343057908,0.0410752584409194,0.00410752584409194,0.951637592403488,0.967739093712328
100,200,"n=100, p=200","ar1_rho_0.9","quantile_8","mean_jaccard_2s",100,0.937726102502747,0.0441406658689657,0.00441406658689657,0.92907453199243,0.946377673013064
100,200,"n=100, p=200","ar1_rho_0.9","quantile_8","mean_support_f1",100,0.190354945206051,0.0737232584643577,0.00737232584643577,0.175905186547037,0.204804703865065
100,200,"n=100, p=200","ar1_rho_0.9","quantile_8","mean_rmse",100,5.02545593190326,0.6730606076385,0.06730606076385,4.89353605280612,5.15737581100041
100,200,"n=100, p=200","ar1_rho_0.9","quantile_8","f1_lasso",100,0.19,0.0748736309127626,0.00748736309127626,0.175324768341099,0.204675231658901
100,200,"n=100, p=200","ar1_rho_0.9","quantile_8","f1_lar",100,0.189,0.0740529431139532,0.00740529431139532,0.174485623149665,0.203514376850335
100,200,"n=100, p=200","ar1_rho_0.9","quantile_8","f1_glmnet",100,0.192064835618154,0.0740224389146535,0.00740224389146535,0.177556437590882,0.206573233645426
100,200,"n=100, p=200","ar1_rho_0.9","quantile_8","rmse_lasso",100,5.02432805322055,0.672579080450329,0.0672579080450329,4.89250255345228,5.15615355298881
100,200,"n=100, p=200","ar1_rho_0.9","quantile_8","rmse_lar",100,5.02742806659795,0.673845072601461,0.0673845072601461,4.89535443236806,5.15950170082784
100,200,"n=100, p=200","ar1_rho_0.9","quantile_8","rmse_glmnet",100,5.0246116758913,0.672880411838568,0.0672880411838568,4.89272711517094,5.15649623661166
100,200,"n=100, p=200","ar1_rho_0.9","quantile_8","elapsed_seconds",100,0.545599999999995,0.165213788648525,0.0165213788648525,0.513218097424884,0.577981902575106
100,200,"n=100, p=200","ar1_rho_0.9","equal_width_4","mean_entry_tau",100,0.875237466479956,0.0254593154095018,0.00254593154095018,0.870247440659694,0.880227492300219
100,200,"n=100, p=200","ar1_rho_0.9","equal_width_4","mean_jaccard_s",100,0.960871290545204,0.0376525601602054,0.00376525601602054,0.953491388753803,0.968251192336604
100,200,"n=100, p=200","ar1_rho_0.9","equal_width_4","mean_jaccard_2s",100,0.925813697054885,0.0447556560667382,0.00447556560667382,0.917041588465804,0.934585805643966
100,200,"n=100, p=200","ar1_rho_0.9","equal_width_4","mean_support_f1",100,0.211141126032221,0.0818374223978547,0.00818374223978547,0.195100991242241,0.2271812608222
100,200,"n=100, p=200","ar1_rho_0.9","equal_width_4","mean_rmse",100,4.8813535729881,0.662707270786356,0.0662707270786356,4.75146294791397,5.01124419806222
100,200,"n=100, p=200","ar1_rho_0.9","equal_width_4","f1_lasso",100,0.2085,0.0841040120831631,0.00841040120831631,0.1920156136317,0.2249843863683
100,200,"n=100, p=200","ar1_rho_0.9","equal_width_4","f1_lar",100,0.2095,0.0833924033068536,0.00833924033068536,0.193155088951857,0.225844911048143
100,200,"n=100, p=200","ar1_rho_0.9","equal_width_4","f1_glmnet",100,0.215423378096662,0.0808094770935994,0.00808094770935994,0.199584720586317,0.231262035607008
100,200,"n=100, p=200","ar1_rho_0.9","equal_width_4","rmse_lasso",100,4.88062409905604,0.661909483110668,0.0661909483110668,4.75088984036635,5.01035835774573
100,200,"n=100, p=200","ar1_rho_0.9","equal_width_4","rmse_lar",100,4.88372897632326,0.663930936146392,0.0663930936146392,4.75359851283857,5.01385943980795
100,200,"n=100, p=200","ar1_rho_0.9","equal_width_4","rmse_glmnet",100,4.87970764358499,0.662474355196411,0.0662474355196411,4.7498626699665,5.00955261720349
100,200,"n=100, p=200","ar1_rho_0.9","equal_width_4","elapsed_seconds",100,0.319099999999989,0.102090225493998,0.0102090225493998,0.299090315803166,0.339109684196813
100,200,"n=100, p=200","block","original","mean_entry_tau",100,0.842441960685653,0.0311885446692364,0.00311885446692364,0.836329005930482,0.848554915440823
100,200,"n=100, p=200","block","original","mean_jaccard_s",100,0.947291395319656,0.0572781289622664,0.00572781289622664,0.936064882043052,0.95851790859626
100,200,"n=100, p=200","block","original","mean_jaccard_2s",100,0.865030786887281,0.0585159298596119,0.00585159298596119,0.853561664634797,0.876499909139765
100,200,"n=100, p=200","block","original","mean_support_f1",100,0.3734980290712,0.0887688014731902,0.00887688014731902,0.356099343982455,0.390896714159945
100,200,"n=100, p=200","block","original","mean_rmse",100,3.94604478946638,0.499473718069889,0.0499473718069889,3.84814794072468,4.04394163820808
100,200,"n=100, p=200","block","original","f1_lasso",100,0.374,0.0905873092991541,0.00905873092991541,0.356244887377366,0.391755112622634
100,200,"n=100, p=200","block","original","f1_lar",100,0.3695,0.0904240850189547,0.00904240850189547,0.351776879336285,0.387223120663715
100,200,"n=100, p=200","block","original","f1_glmnet",100,0.376994087213599,0.0878151948864919,0.00878151948864919,0.359782309015847,0.394205865411352
100,200,"n=100, p=200","block","original","rmse_lasso",100,3.93523740927025,0.499621006079626,0.0499621006079626,3.83731169207865,4.03316312646186
100,200,"n=100, p=200","block","original","rmse_lar",100,3.95309564677228,0.500976297966902,0.0500976297966902,3.85490429237077,4.05128700117379
100,200,"n=100, p=200","block","original","rmse_glmnet",100,3.9498013123566,0.499535364028649,0.0499535364028649,3.85189238100698,4.04771024370621
100,200,"n=100, p=200","block","original","elapsed_seconds",100,0.15900000000001,0.0520003884988982,0.00520003884988982,0.148807923854226,0.169192076145794
100,200,"n=100, p=200","block","quantile_2","mean_entry_tau",100,0.847819174642338,0.0289705042644103,0.00289705042644103,0.842140955806514,0.853497393478162
100,200,"n=100, p=200","block","quantile_2","mean_jaccard_s",100,0.948278514963298,0.053005341371656,0.0053005341371656,0.937889468054453,0.958667561872142
100,200,"n=100, p=200","block","quantile_2","mean_jaccard_2s",100,0.872852025693377,0.0609867497329466,0.00609867497329466,0.860898622745719,0.884805428641034
100,200,"n=100, p=200","block","quantile_2","mean_support_f1",100,0.310054569681909,0.0772984178224178,0.00772984178224178,0.294904079788716,0.325205059575103
100,200,"n=100, p=200","block","quantile_2","mean_rmse",100,4.34853842098285,0.546722551119713,0.0546722551119713,4.24138080096339,4.45569604100231
100,200,"n=100, p=200","block","quantile_2","f1_lasso",100,0.311,0.0783607302186755,0.00783607302186755,0.29564129687714,0.32635870312286
100,200,"n=100, p=200","block","quantile_2","f1_lar",100,0.3075,0.0789370673768706,0.00789370673768706,0.292028334794133,0.322971665205867
100,200,"n=100, p=200","block","quantile_2","f1_glmnet",100,0.311663709045728,0.0772734699100073,0.00772734699100073,0.296518108943367,0.32680930914809
100,200,"n=100, p=200","block","quantile_2","rmse_lasso",100,4.3427289077076,0.546640996358195,0.0546640996358195,4.23558727242139,4.44987054299381
100,200,"n=100, p=200","block","quantile_2","rmse_lar",100,4.3553754693037,0.547502220727447,0.0547502220727447,4.24806503404113,4.46268590456628
100,200,"n=100, p=200","block","quantile_2","rmse_glmnet",100,4.34751088593725,0.54678879778769,0.054678879778769,4.24034028157086,4.45468149030363
100,200,"n=100, p=200","block","quantile_2","elapsed_seconds",100,0.218599999999965,0.0678831437996262,0.00678831437996262,0.205294903815238,0.231905096184692
100,200,"n=100, p=200","block","quantile_4","mean_entry_tau",100,0.887006248562899,0.0258036010860163,0.00258036010860163,0.88194874275004,0.892063754375759
100,200,"n=100, p=200","block","quantile_4","mean_jaccard_s",100,0.958423581249668,0.0382847320172676,0.00382847320172676,0.950919773774284,0.965927388725053
100,200,"n=100, p=200","block","quantile_4","mean_jaccard_2s",100,0.923042518868538,0.0505218548883141,0.00505218548883141,0.913140235310428,0.932944802426647
100,200,"n=100, p=200","block","quantile_4","mean_support_f1",100,0.250200477824969,0.0793919953018863,0.00793919953018863,0.234639646745799,0.265761308904139
100,200,"n=100, p=200","block","quantile_4","mean_rmse",100,4.6743192205222,0.576513685636486,0.0576513685636486,4.56132253813745,4.78731590290695
100,200,"n=100, p=200","block","quantile_4","f1_lasso",100,0.2515,0.081170415568952,0.0081170415568952,0.235590598548485,0.267409401451515
100,200,"n=100, p=200","block","quantile_4","f1_lar",100,0.2475,0.0792563288108001,0.00792563288108001,0.231965759553083,0.263034240446917
100,200,"n=100, p=200","block","quantile_4","f1_glmnet",100,0.251601433474908,0.0802018471171102,0.00802018471171102,0.235881871439954,0.267320995509861
100,200,"n=100, p=200","block","quantile_4","rmse_lasso",100,4.67219533279749,0.576044619038234,0.0576044619038234,4.559290587466,4.78510007812899
100,200,"n=100, p=200","block","quantile_4","rmse_lar",100,4.67566119890987,0.576223757744,0.0576223757744,4.56272134239204,4.78860105542769
100,200,"n=100, p=200","block","quantile_4","rmse_glmnet",100,4.67510112985925,0.57766663873489,0.057766663873489,4.56187846866721,4.78832379105129
100,200,"n=100, p=200","block","quantile_4","elapsed_seconds",100,0.294399999999996,0.0823802467252087,0.00823802467252087,0.278253471641855,0.310546528358137
100,200,"n=100, p=200","block","quantile_8","mean_entry_tau",100,0.910194096755654,0.0229735536583744,0.00229735536583744,0.905691280238612,0.914696913272695
100,200,"n=100, p=200","block","quantile_8","mean_jaccard_s",100,0.969636978480457,0.03461447540609,0.003461447540609,0.962852541300863,0.97642141566005
100,200,"n=100, p=200","block","quantile_8","mean_jaccard_2s",100,0.950194144463899,0.0370228374143605,0.00370228374143605,0.942937668330684,0.957450620597113
100,200,"n=100, p=200","block","quantile_8","mean_support_f1",100,0.192693767346915,0.0748870443891954,0.00748870443891954,0.178015906646633,0.207371628047198
100,200,"n=100, p=200","block","quantile_8","mean_rmse",100,5.00293365735586,0.626409732181176,0.0626409732181176,4.88015734984835,5.12570996486337
100,200,"n=100, p=200","block","quantile_8","f1_lasso",100,0.192,0.0757854494176444,0.00757854494176444,0.177146051914142,0.206853948085858
100,200,"n=100, p=200","block","quantile_8","f1_lar",100,0.1905,0.0754431353183752,0.00754431353183752,0.175713145477598,0.205286854522402
100,200,"n=100, p=200","block","quantile_8","f1_glmnet",100,0.195581302040746,0.0752915311076726,0.00752915311076726,0.180824161943642,0.21033844213785
100,200,"n=100, p=200","block","quantile_8","rmse_lasso",100,5.00320904042522,0.626153000652695,0.0626153000652695,4.88048305229729,5.12593502855315
100,200,"n=100, p=200","block","quantile_8","rmse_lar",100,5.00413332982162,0.625995593552759,0.0625995593552759,4.88143819348528,5.12682846615796
100,200,"n=100, p=200","block","quantile_8","rmse_glmnet",100,5.00145860182076,0.627144398257322,0.0627144398257322,4.87853829976232,5.12437890387919
100,200,"n=100, p=200","block","quantile_8","elapsed_seconds",100,0.517200000000016,0.135833231083815,0.0135833231083815,0.490576686707588,0.543823313292444
100,200,"n=100, p=200","block","equal_width_4","mean_entry_tau",100,0.886395265929856,0.0235520188132339,0.00235520188132339,0.881779070242462,0.891011461617249
100,200,"n=100, p=200","block","equal_width_4","mean_jaccard_s",100,0.964258140410314,0.0419904244570477,0.00419904244570477,0.956028017216733,0.972488263603896
100,200,"n=100, p=200","block","equal_width_4","mean_jaccard_2s",100,0.932125937902077,0.0519711324632334,0.00519711324632333,0.921939595939283,0.94231227986487
100,200,"n=100, p=200","block","equal_width_4","mean_support_f1",100,0.222029163552987,0.0743854446200636,0.00743854446200636,0.207449616407454,0.236608710698519
100,200,"n=100, p=200","block","equal_width_4","mean_rmse",100,4.86211527429071,0.621040821276999,0.0621040821276999,4.74039127332041,4.983839275261
100,200,"n=100, p=200","block","equal_width_4","f1_lasso",100,0.2215,0.0756303477114147,0.00756303477114147,0.206676451848563,0.236323548151437
100,200,"n=100, p=200","block","equal_width_4","f1_lar",100,0.222,0.0746439359339871,0.00746439359339871,0.207369788556939,0.236630211443061
100,200,"n=100, p=200","block","equal_width_4","f1_glmnet",100,0.22258749065896,0.0747324855938229,0.00747324855938229,0.20793992348257,0.237235057835349
100,200,"n=100, p=200","block","equal_width_4","rmse_lasso",100,4.86018256705348,0.62114178356079,0.062114178356079,4.73843877747556,4.98192635663139
100,200,"n=100, p=200","block","equal_width_4","rmse_lar",100,4.86466895310818,0.621438304638777,0.0621438304638777,4.74286704539898,4.98647086081738
100,200,"n=100, p=200","block","equal_width_4","rmse_glmnet",100,4.86149430271046,0.620845595520085,0.0620845595520085,4.73980856598852,4.98318003943239
100,200,"n=100, p=200","block","equal_width_4","elapsed_seconds",100,0.311499999999992,0.0928926283622126,0.00928926283622125,0.293293044840998,0.329706955158986
500,100,"n=500, p=100","independent","original","mean_entry_tau",100,0.992070369687999,0.000951076666664523,9.51076666664523e-05,0.991883958661333,0.992256780714665
500,100,"n=500, p=100","independent","original","mean_jaccard_s",100,1,0,0,1,1
500,100,"n=500, p=100","independent","original","mean_jaccard_2s",100,0.955969663187054,0.0427018995527512,0.00427018995527512,0.947600090874715,0.964339235499394
500,100,"n=500, p=100","independent","original","mean_support_f1",100,1,0,0,1,1
500,100,"n=500, p=100","independent","original","mean_rmse",100,2.23238422510145,0.210682238696772,0.0210682238696772,2.19109050631689,2.27367794388602
500,100,"n=500, p=100","independent","original","f1_lasso",100,1,0,0,1,1
500,100,"n=500, p=100","independent","original","f1_lar",100,1,0,0,1,1
500,100,"n=500, p=100","independent","original","f1_glmnet",100,1,0,0,1,1
500,100,"n=500, p=100","independent","original","rmse_lasso",100,2.08147639457665,0.202787562616326,0.0202787562616326,2.04173003230385,2.12122275684945
500,100,"n=500, p=100","independent","original","rmse_lar",100,2.08147639457665,0.202787562616326,0.0202787562616326,2.04173003230385,2.12122275684945
500,100,"n=500, p=100","independent","original","rmse_glmnet",100,2.53419988615105,0.28160904544828,0.028160904544828,2.47900451324319,2.58939525905892
500,100,"n=500, p=100","independent","original","elapsed_seconds",100,0.178099999999936,0.0643019235617698,0.00643019235617698,0.165496822981829,0.190703177018043
500,100,"n=500, p=100","independent","quantile_2","mean_entry_tau",100,0.988901205835341,0.00133508750011892,0.000133508750011892,0.988639528685318,0.989162882985364
500,100,"n=500, p=100","independent","quantile_2","mean_jaccard_s",100,1,0,0,1,1
500,100,"n=500, p=100","independent","quantile_2","mean_jaccard_2s",100,0.955794775273036,0.0410827488606224,0.00410827488606224,0.947742556496354,0.963846994049718
500,100,"n=500, p=100","independent","quantile_2","mean_support_f1",100,0.995,0.021904291355759,0.0021904291355759,0.990706758894271,0.999293241105729
500,100,"n=500, p=100","independent","quantile_2","mean_rmse",100,2.59937217833857,0.293298874104854,0.0293298874104854,2.54188559901402,2.65685875766312
500,100,"n=500, p=100","independent","quantile_2","f1_lasso",100,0.995,0.021904291355759,0.0021904291355759,0.990706758894271,0.999293241105729
500,100,"n=500, p=100","independent","quantile_2","f1_lar",100,0.995,0.021904291355759,0.0021904291355759,0.990706758894271,0.999293241105729
500,100,"n=500, p=100","independent","quantile_2","f1_glmnet",100,0.995,0.021904291355759,0.0021904291355759,0.990706758894271,0.999293241105729
500,100,"n=500, p=100","independent","quantile_2","rmse_lasso",100,2.57157910030563,0.297758287984301,0.0297758287984301,2.5132184758607,2.62993972475055
500,100,"n=500, p=100","independent","quantile_2","rmse_lar",100,2.57157910030563,0.297758287984301,0.0297758287984301,2.5132184758607,2.62993972475055
500,100,"n=500, p=100","independent","quantile_2","rmse_glmnet",100,2.65495833440445,0.304350479560326,0.0304350479560326,2.59530564041063,2.71461102839828
500,100,"n=500, p=100","independent","quantile_2","elapsed_seconds",100,0.615899999999956,0.27976936749736,0.027976936749736,0.561065203970473,0.670734796029438
500,100,"n=500, p=100","independent","quantile_4","mean_entry_tau",100,0.98656403212382,0.00165693070759076,0.000165693070759076,0.986239273705132,0.986888790542508
500,100,"n=500, p=100","independent","quantile_4","mean_jaccard_s",100,0.991289821289821,0.0256547675233685,0.00256547675233685,0.986261486855241,0.996318155724401
500,100,"n=500, p=100","independent","quantile_4","mean_jaccard_2s",100,0.957006674484935,0.0415456873815093,0.00415456873815093,0.94886371975816,0.965149629211711
500,100,"n=500, p=100","independent","quantile_4","mean_support_f1",100,0.983387728213815,0.0383270577643899,0.00383270577643899,0.975875624891995,0.990899831535636
500,100,"n=500, p=100","independent","quantile_4","mean_rmse",100,2.76014372892462,0.299145905550749,0.0299145905550749,2.70151113143667,2.81877632641256
500,100,"n=500, p=100","independent","quantile_4","f1_lasso",100,0.984,0.0394917201397452,0.00394917201397452,0.97625962285261,0.99174037714739
500,100,"n=500, p=100","independent","quantile_4","f1_lar",100,0.984,0.0394917201397452,0.00394917201397452,0.97625962285261,0.99174037714739
500,100,"n=500, p=100","independent","quantile_4","f1_glmnet",100,0.982163184641445,0.038804380163952,0.0038804380163952,0.974557526129311,0.98976884315358
500,100,"n=500, p=100","independent","quantile_4","rmse_lasso",100,2.74817292581739,0.297372633861928,0.0297372633861928,2.68988788958045,2.80645796205433
500,100,"n=500, p=100","independent","quantile_4","rmse_lar",100,2.74817292581739,0.297372633861928,0.0297372633861928,2.68988788958045,2.80645796205433
500,100,"n=500, p=100","independent","quantile_4","rmse_glmnet",100,2.78408533513906,0.311658018751942,0.0311658018751942,2.72300036346368,2.84517030681444
500,100,"n=500, p=100","independent","quantile_4","elapsed_seconds",100,3.47359999999996,1.38839819048917,0.138839819048917,3.20147395466408,3.74572604533584
500,100,"n=500, p=100","independent","quantile_8","mean_entry_tau",100,0.991925798116491,0.00218566191036092,0.000218566191036092,0.991497408382061,0.992354187850922
500,100,"n=500, p=100","independent","quantile_8","mean_jaccard_s",100,0.985835275835276,0.0294287659143385,0.00294287659143385,0.980067237716066,0.991603313954486
500,100,"n=500, p=100","independent","quantile_8","mean_jaccard_2s",100,0.972426529991747,0.0350056658757329,0.00350056658757329,0.965565419480104,0.979287640503391
500,100,"n=500, p=100","independent","quantile_8","mean_support_f1",100,0.905102013928101,0.0701713437289071,0.00701713437289071,0.891348430557235,0.918855597298967
500,100,"n=500, p=100","independent","quantile_8","mean_rmse",100,3.12530065399207,0.315769148313678,0.0315769148313678,3.06340990092258,3.18719140706155
500,100,"n=500, p=100","independent","quantile_8","f1_lasso",100,0.905,0.0729950876996721,0.00729950876996721,0.890692962810864,0.919307037189136
500,100,"n=500, p=100","independent","quantile_8","f1_lar",100,0.905,0.0729950876996721,0.00729950876996721,0.890692962810864,0.919307037189136
500,100,"n=500, p=100","independent","quantile_8","f1_glmnet",100,0.905306041784303,0.0671201919810518,0.00671201919810518,0.892150484156017,0.918461599412589
500,100,"n=500, p=100","independent","quantile_8","rmse_lasso",100,3.12472923711199,0.316787280428079,0.0316787280428079,3.06263893014809,3.1868195440759
500,100,"n=500, p=100","independent","quantile_8","rmse_lar",100,3.12472923711199,0.316787280428079,0.0316787280428079,3.06263893014809,3.1868195440759
500,100,"n=500, p=100","independent","quantile_8","rmse_glmnet",100,3.12644348775221,0.31464494179395,0.031464494179395,3.06477307916059,3.18811389634382
500,100,"n=500, p=100","independent","quantile_8","elapsed_seconds",100,8.78500000000003,3.01992491043174,0.301992491043174,8.19309471755541,9.37690528244465
500,100,"n=500, p=100","independent","equal_width_4","mean_entry_tau",100,0.986461448970336,0.00184526113024097,0.000184526113024097,0.986099777788808,0.986823120151863
500,100,"n=500, p=100","independent","equal_width_4","mean_jaccard_s",100,0.980707070707071,0.0346682456047401,0.00346682456047401,0.973912094568542,0.9875020468456
500,100,"n=500, p=100","independent","equal_width_4","mean_jaccard_2s",100,0.957241176429582,0.0414770460688832,0.00414770460688832,0.949111675400081,0.965370677459083
500,100,"n=500, p=100","independent","equal_width_4","mean_support_f1",100,0.947082251082251,0.0587318797920618,0.00587318797920618,0.935570802643007,0.958593699521495
500,100,"n=500, p=100","independent","equal_width_4","mean_rmse",100,2.97158043449267,0.331655313644442,0.0331655313644442,2.90657599301835,3.03658487596698
500,100,"n=500, p=100","independent","equal_width_4","f1_lasso",100,0.948,0.0594248528085104,0.00594248528085104,0.936352728849532,0.959647271150468
500,100,"n=500, p=100","independent","equal_width_4","f1_lar",100,0.948,0.0594248528085104,0.00594248528085104,0.936352728849532,0.959647271150468
500,100,"n=500, p=100","independent","equal_width_4","f1_glmnet",100,0.945246753246753,0.0611569102130799,0.00611569102130799,0.93325999884499,0.957233507648517
500,100,"n=500, p=100","independent","equal_width_4","rmse_lasso",100,2.97726707611329,0.332263693449541,0.0332263693449541,2.91214339219718,3.0423907600294
500,100,"n=500, p=100","independent","equal_width_4","rmse_lar",100,2.97726707611329,0.332263693449541,0.0332263693449541,2.91214339219718,3.0423907600294
500,100,"n=500, p=100","independent","equal_width_4","rmse_glmnet",100,2.96020715125142,0.33310060788911,0.033310060788911,2.89491943210515,3.02549487039768
500,100,"n=500, p=100","independent","equal_width_4","elapsed_seconds",100,3.28260000000004,1.28598554746265,0.128598554746265,3.03054683269736,3.53465316730272
500,100,"n=500, p=100","ar1_rho_0.5","original","mean_entry_tau",100,0.992245130916988,0.00165737991543764,0.000165737991543764,0.991920284453562,0.992569977380414
500,100,"n=500, p=100","ar1_rho_0.5","original","mean_jaccard_s",100,0.995252525252525,0.0180152558407241,0.00180152558407241,0.991721535107743,0.998783515397307
500,100,"n=500, p=100","ar1_rho_0.5","original","mean_jaccard_2s",100,0.970079553296945,0.0333493778442541,0.00333493778442541,0.963543075239471,0.976616031354418
500,100,"n=500, p=100","ar1_rho_0.5","original","mean_support_f1",100,0.980411255411255,0.0385156836467534,0.00385156836467534,0.972862181416492,0.987960329406019
500,100,"n=500, p=100","ar1_rho_0.5","original","mean_rmse",100,2.29186319047035,0.280694769930475,0.0280694769930475,2.23684701556398,2.34687936537672
500,100,"n=500, p=100","ar1_rho_0.5","original","f1_lasso",100,0.98,0.0402015126103685,0.00402015126103685,0.972120503528368,0.987879496471632
500,100,"n=500, p=100","ar1_rho_0.5","original","f1_lar",100,0.98,0.0402015126103685,0.00402015126103685,0.972120503528368,0.987879496471632
500,100,"n=500, p=100","ar1_rho_0.5","original","f1_glmnet",100,0.981233766233766,0.0371528037755265,0.00371528037755265,0.973951816693763,0.988515715773769
500,100,"n=500, p=100","ar1_rho_0.5","original","rmse_lasso",100,2.20040875710752,0.276901197310202,0.0276901197310202,2.14613612243472,2.25468139178032
500,100,"n=500, p=100","ar1_rho_0.5","original","rmse_lar",100,2.20040875710752,0.276901197310202,0.0276901197310202,2.14613612243472,2.25468139178032
500,100,"n=500, p=100","ar1_rho_0.5","original","rmse_glmnet",100,2.47477205719601,0.35721367647054,0.035721367647054,2.40475817660779,2.54478593778424
500,100,"n=500, p=100","ar1_rho_0.5","original","elapsed_seconds",100,0.232099999999991,0.0784740193769141,0.00784740193769141,0.216719092202116,0.247480907797866
500,100,"n=500, p=100","ar1_rho_0.5","quantile_2","mean_entry_tau",100,0.989238774314803,0.0027024888623845,0.00027024888623845,0.988709086497775,0.98976846213183
500,100,"n=500, p=100","ar1_rho_0.5","quantile_2","mean_jaccard_s",100,0.988888888888889,0.0279684305148757,0.00279684305148757,0.983407076507973,0.994370701269805
500,100,"n=500, p=100","ar1_rho_0.5","quantile_2","mean_jaccard_2s",100,0.968692264257482,0.0343053794460193,0.00343053794460193,0.961968409886062,0.975416118628901
500,100,"n=500, p=100","ar1_rho_0.5","quantile_2","mean_support_f1",100,0.955180375180375,0.0545918536322356,0.00545918536322356,0.944480371868457,0.965880378492293
500,100,"n=500, p=100","ar1_rho_0.5","quantile_2","mean_rmse",100,2.60579089002973,0.374735911547394,0.0374735911547394,2.53234265136644,2.67923912869302
500,100,"n=500, p=100","ar1_rho_0.5","quantile_2","f1_lasso",100,0.954,0.0558135423992378,0.00558135423992378,0.943060545689749,0.964939454310251
500,100,"n=500, p=100","ar1_rho_0.5","quantile_2","f1_lar",100,0.954,0.0558135423992378,0.00558135423992378,0.943060545689749,0.964939454310251
500,100,"n=500, p=100","ar1_rho_0.5","quantile_2","f1_glmnet",100,0.957541125541126,0.0537979284891418,0.00537979284891418,0.946996731557254,0.968085519524997
500,100,"n=500, p=100","ar1_rho_0.5","quantile_2","rmse_lasso",100,2.59453832293353,0.380468731645413,0.0380468731645413,2.51996645153103,2.66911019433603
500,100,"n=500, p=100","ar1_rho_0.5","quantile_2","rmse_lar",100,2.59453832293353,0.380468731645413,0.0380468731645413,2.51996645153103,2.66911019433603
500,100,"n=500, p=100","ar1_rho_0.5","quantile_2","rmse_glmnet",100,2.62829602422212,0.368714499381922,0.0368714499381922,2.55602798234327,2.70056406610098
500,100,"n=500, p=100","ar1_rho_0.5","quantile_2","elapsed_seconds",100,0.824700000000012,0.244612474388068,0.0244612474388068,0.77675595501995,0.872644044980073
500,100,"n=500, p=100","ar1_rho_0.5","quantile_4","mean_entry_tau",100,0.985620102536121,0.00605373870317209,0.000605373870317209,0.984433569750299,0.986806635321943
500,100,"n=500, p=100","ar1_rho_0.5","quantile_4","mean_jaccard_s",100,0.983209013209013,0.0342263445830783,0.00342263445830783,0.97650064967073,0.989917376747297
500,100,"n=500, p=100","ar1_rho_0.5","quantile_4","mean_jaccard_2s",100,0.950478422275524,0.0402202973337526,0.00402202973337526,0.942595243998108,0.958361600552939
500,100,"n=500, p=100","ar1_rho_0.5","quantile_4","mean_support_f1",100,0.896410816236903,0.0727414036456053,0.00727414036456053,0.882153501122365,0.910668131351442
500,100,"n=500, p=100","ar1_rho_0.5","quantile_4","mean_rmse",100,2.81619783200846,0.374908422744356,0.0374908422744356,2.74271578115057,2.88967988286636
500,100,"n=500, p=100","ar1_rho_0.5","quantile_4","f1_lasso",100,0.895,0.0757121075675696,0.00757121075675696,0.880160426916756,0.909839573083244
500,100,"n=500, p=100","ar1_rho_0.5","quantile_4","f1_lar",100,0.895,0.0757121075675696,0.00757121075675696,0.880160426916756,0.909839573083244
500,100,"n=500, p=100","ar1_rho_0.5","quantile_4","f1_glmnet",100,0.89923244871071,0.0707101672428003,0.00707101672428003,0.885373255931121,0.913091641490299
500,100,"n=500, p=100","ar1_rho_0.5","quantile_4","rmse_lasso",100,2.811201344476,0.375494427171234,0.0375494427171234,2.73760443675044,2.88479825220157
500,100,"n=500, p=100","ar1_rho_0.5","quantile_4","rmse_lar",100,2.811201344476,0.375494427171234,0.0375494427171234,2.73760443675044,2.88479825220157
500,100,"n=500, p=100","ar1_rho_0.5","quantile_4","rmse_glmnet",100,2.82619080707339,0.376471384749111,0.0376471384749111,2.75240241566256,2.89997919848421
500,100,"n=500, p=100","ar1_rho_0.5","quantile_4","elapsed_seconds",100,4.40449999999997,1.28930752300953,0.128930752300953,4.1517957254901,4.65720427450984
500,100,"n=500, p=100","ar1_rho_0.5","quantile_8","mean_entry_tau",100,0.990423847853961,0.00644920514713691,0.000644920514713691,0.989159803645122,0.9916878920628
500,100,"n=500, p=100","ar1_rho_0.5","quantile_8","mean_jaccard_s",100,0.978282828282828,0.0353535353535354,0.00353535353535354,0.971353535353535,0.985212121212121
500,100,"n=500, p=100","ar1_rho_0.5","quantile_8","mean_jaccard_2s",100,0.978895790200138,0.0263881769114848,0.00263881769114848,0.973723707525487,0.984067872874789
500,100,"n=500, p=100","ar1_rho_0.5","quantile_8","mean_support_f1",100,0.805893217893218,0.0802225949971091,0.00802225949971091,0.790169589273785,0.821616846512651
500,100,"n=500, p=100","ar1_rho_0.5","quantile_8","mean_rmse",100,3.20011804781107,0.371760892492606,0.0371760892492606,3.12725291288252,3.27298318273962
500,100,"n=500, p=100","ar1_rho_0.5","quantile_8","f1_lasso",100,0.808,0.0812528165789975,0.00812528165789975,0.792074447950517,0.823925552049484
500,100,"n=500, p=100","ar1_rho_0.5","quantile_8","f1_lar",100,0.808,0.0812528165789975,0.00812528165789975,0.792074447950517,0.823925552049484
500,100,"n=500, p=100","ar1_rho_0.5","quantile_8","f1_glmnet",100,0.801679653679654,0.0813304241905459,0.00813304241905459,0.785738890538307,0.817620416821001
500,100,"n=500, p=100","ar1_rho_0.5","quantile_8","rmse_lasso",100,3.19906964537992,0.372333538217312,0.0372333538217312,3.12609227188933,3.27204701887052
500,100,"n=500, p=100","ar1_rho_0.5","quantile_8","rmse_lar",100,3.19906964537992,0.372333538217312,0.0372333538217312,3.12609227188933,3.27204701887052
500,100,"n=500, p=100","ar1_rho_0.5","quantile_8","rmse_glmnet",100,3.20221485267336,0.371320044096573,0.0371320044096573,3.12943612403043,3.27499358131629
500,100,"n=500, p=100","ar1_rho_0.5","quantile_8","elapsed_seconds",100,11.3756,2.92168808268873,0.292168808268873,10.802949135793,11.948250864207
500,100,"n=500, p=100","ar1_rho_0.5","equal_width_4","mean_entry_tau",100,0.986043296287565,0.00450414143920824,0.000450414143920824,0.985160484565481,0.98692610800965
500,100,"n=500, p=100","ar1_rho_0.5","equal_width_4","mean_jaccard_s",100,0.971731601731602,0.0410291359769344,0.00410291359769344,0.963689891080122,0.979773312383081
500,100,"n=500, p=100","ar1_rho_0.5","equal_width_4","mean_jaccard_2s",100,0.965892716520528,0.0396726914321403,0.00396726914321403,0.958116868999828,0.973668564041227
500,100,"n=500, p=100","ar1_rho_0.5","equal_width_4","mean_support_f1",100,0.814767676767677,0.0814631139900039,0.00814631139900039,0.798800906425636,0.830734447109718
500,100,"n=500, p=100","ar1_rho_0.5","equal_width_4","mean_rmse",100,3.15479806956482,0.404685911659243,0.0404685911659243,3.0754796308796,3.23411650825003
500,100,"n=500, p=100","ar1_rho_0.5","equal_width_4","f1_lasso",100,0.814,0.0829019135649309,0.00829019135649309,0.797751224941274,0.830248775058727
500,100,"n=500, p=100","ar1_rho_0.5","equal_width_4","f1_lar",100,0.814,0.0829019135649309,0.00829019135649309,0.797751224941274,0.830248775058727
500,100,"n=500, p=100","ar1_rho_0.5","equal_width_4","f1_glmnet",100,0.81630303030303,0.082400613884908,0.0082400613884908,0.800152509981588,0.832453550624472
500,100,"n=500, p=100","ar1_rho_0.5","equal_width_4","rmse_lasso",100,3.1615559653322,0.407623211462166,0.0407623211462166,3.08166181588562,3.24145011477879
500,100,"n=500, p=100","ar1_rho_0.5","equal_width_4","rmse_lar",100,3.1615559653322,0.407623211462166,0.0407623211462166,3.08166181588562,3.24145011477879
500,100,"n=500, p=100","ar1_rho_0.5","equal_width_4","rmse_glmnet",100,3.14128227803004,0.400015826866931,0.0400015826866931,3.06287917596412,3.21968538009595
500,100,"n=500, p=100","ar1_rho_0.5","equal_width_4","elapsed_seconds",100,4.36520000000007,1.24967994286372,0.124967994286372,4.12026273119878,4.61013726880136
500,100,"n=500, p=100","ar1_rho_0.9","original","mean_entry_tau",100,0.980196832788188,0.0137184559307171,0.00137184559307171,0.977508015425768,0.982885650150609
500,100,"n=500, p=100","ar1_rho_0.9","original","mean_jaccard_s",100,0.967311577311577,0.0492727694023844,0.00492727694023844,0.95765411450871,0.976969040114445
500,100,"n=500, p=100","ar1_rho_0.9","original","mean_jaccard_2s",100,0.938149799234582,0.0597648632610326,0.00597648632610326,0.926435886035419,0.949863712433744
500,100,"n=500, p=100","ar1_rho_0.9","original","mean_support_f1",100,0.67245818432775,0.106704739843588,0.0106704739843588,0.651544055318406,0.693372313337093
500,100,"n=500, p=100","ar1_rho_0.9","original","mean_rmse",100,2.43572993817035,0.518342474788548,0.0518342474788548,2.3341348131118,2.53732506322891
500,100,"n=500, p=100","ar1_rho_0.9","original","f1_lasso",100,0.674,0.106950380262923,0.0106950380262923,0.653037725468467,0.694962274531533
500,100,"n=500, p=100","ar1_rho_0.9","original","f1_lar",100,0.669,0.109816191700477,0.0109816191700477,0.647476026426707,0.690523973573294
500,100,"n=500, p=100","ar1_rho_0.9","original","f1_glmnet",100,0.674374552983249,0.107209558970039,0.0107209558970039,0.653361479425121,0.695387626541376
500,100,"n=500, p=100","ar1_rho_0.9","original","rmse_lasso",100,2.41858011086737,0.510854781693501,0.0510854781693501,2.31845257365545,2.5187076480793
500,100,"n=500, p=100","ar1_rho_0.9","original","rmse_lar",100,2.42409117105548,0.515279574768404,0.0515279574768404,2.32309637440087,2.52508596771009
500,100,"n=500, p=100","ar1_rho_0.9","original","rmse_glmnet",100,2.4645185325882,0.53574406675447,0.053574406675447,2.35951269550433,2.56952436967208
500,100,"n=500, p=100","ar1_rho_0.9","original","elapsed_seconds",100,0.336699999999964,0.107365654836101,0.0107365654836101,0.315656331652089,0.35774366834784
500,100,"n=500, p=100","ar1_rho_0.9","quantile_2","mean_entry_tau",100,0.973175575902093,0.0140002828579423,0.00140002828579423,0.970431520461936,0.97591963134225
500,100,"n=500, p=100","ar1_rho_0.9","quantile_2","mean_jaccard_s",100,0.956264846264846,0.0617571330185647,0.00617571330185647,0.944160448193208,0.968369244336485
500,100,"n=500, p=100","ar1_rho_0.9","quantile_2","mean_jaccard_2s",100,0.951198240165631,0.0475438620975267,0.00475438620975267,0.941879643194516,0.960516837136747
500,100,"n=500, p=100","ar1_rho_0.9","quantile_2","mean_support_f1",100,0.559055022272414,0.0927471532645731,0.00927471532645731,0.540876580232557,0.57723346431227
500,100,"n=500, p=100","ar1_rho_0.9","quantile_2","mean_rmse",100,2.74205600571993,0.587040238252504,0.0587040238252504,2.62699611902244,2.85711589241742
500,100,"n=500, p=100","ar1_rho_0.9","quantile_2","f1_lasso",100,0.557,0.0966666666666666,0.00966666666666666,0.538053333333333,0.575946666666667
500,100,"n=500, p=100","ar1_rho_0.9","quantile_2","f1_lar",100,0.555,0.0957427107756338,0.00957427107756338,0.536234428687976,0.573765571312024
500,100,"n=500, p=100","ar1_rho_0.9","quantile_2","f1_glmnet",100,0.565165066817241,0.0909885738518655,0.00909885738518655,0.547331306342275,0.582998827292206
500,100,"n=500, p=100","ar1_rho_0.9","quantile_2","rmse_lasso",100,2.73896712636856,0.590245185042779,0.0590245185042779,2.62327907010018,2.85465518263695
500,100,"n=500, p=100","ar1_rho_0.9","quantile_2","rmse_lar",100,2.74404663527234,0.593122019769646,0.0593122019769646,2.62779471939749,2.86029855114719
500,100,"n=500, p=100","ar1_rho_0.9","quantile_2","rmse_glmnet",100,2.74315425551889,0.579680012210287,0.0579680012210287,2.62953697312568,2.85677153791211
500,100,"n=500, p=100","ar1_rho_0.9","quantile_2","elapsed_seconds",100,1.31520000000006,0.458379843370224,0.0458379843370224,1.2253575506995,1.40504244930062
500,100,"n=500, p=100","ar1_rho_0.9","quantile_4","mean_entry_tau",100,0.973535934914345,0.00994190537993369,0.000994190537993369,0.971587321459878,0.975484548368812
500,100,"n=500, p=100","ar1_rho_0.9","quantile_4","mean_jaccard_s",100,0.950543623043623,0.0596541142815941,0.00596541142815941,0.938851416644431,0.962235829442815
500,100,"n=500, p=100","ar1_rho_0.9","quantile_4","mean_jaccard_2s",100,0.950174635750723,0.0495084106053089,0.00495084106053089,0.940470987272082,0.959878284229363
500,100,"n=500, p=100","ar1_rho_0.9","quantile_4","mean_support_f1",100,0.480904822230909,0.0927315978846805,0.00927315978846805,0.462729429045512,0.499080215416307
500,100,"n=500, p=100","ar1_rho_0.9","quantile_4","mean_rmse",100,2.96265236557022,0.623736633762321,0.0623736633762321,2.84039998535281,3.08490474578764
500,100,"n=500, p=100","ar1_rho_0.9","quantile_4","f1_lasso",100,0.482,0.0957479857108063,0.00957479857108063,0.463233394800682,0.500766605199318
500,100,"n=500, p=100","ar1_rho_0.9","quantile_4","f1_lar",100,0.479,0.0945964314785967,0.00945964314785967,0.460459099430195,0.497540900569805
500,100,"n=500, p=100","ar1_rho_0.9","quantile_4","f1_glmnet",100,0.481714466692728,0.092757832471463,0.0092757832471463,0.463533931528321,0.499895001857134
500,100,"n=500, p=100","ar1_rho_0.9","quantile_4","rmse_lasso",100,2.96046558285814,0.624904416638499,0.0624904416638499,2.837984317197,3.08294684851929
500,100,"n=500, p=100","ar1_rho_0.9","quantile_4","rmse_lar",100,2.96664004643269,0.623931983802716,0.0623931983802716,2.84434937760736,3.08893071525802
500,100,"n=500, p=100","ar1_rho_0.9","quantile_4","rmse_glmnet",100,2.96085146741984,0.623806538168434,0.0623806538168434,2.83858538593883,3.08311754890085
500,100,"n=500, p=100","ar1_rho_0.9","quantile_4","elapsed_seconds",100,6.78909999999987,1.93903969515689,0.193903969515689,6.40904821974912,7.16915178025062
500,100,"n=500, p=100","ar1_rho_0.9","quantile_8","mean_entry_tau",100,0.982310299539718,0.00861286730746698,0.000861286730746698,0.980622177547455,0.983998421531982
500,100,"n=500, p=100","ar1_rho_0.9","quantile_8","mean_jaccard_s",100,0.977983682983683,0.0414491571361847,0.00414491571361847,0.969859648184991,0.986107717782375
500,100,"n=500, p=100","ar1_rho_0.9","quantile_8","mean_jaccard_2s",100,0.976692703431834,0.0311902026281404,0.00311902026281404,0.970579423716718,0.982805983146949
500,100,"n=500, p=100","ar1_rho_0.9","quantile_8","mean_support_f1",100,0.37825064307673,0.0949347026796605,0.00949347026796605,0.359643441351517,0.396857844801944
500,100,"n=500, p=100","ar1_rho_0.9","quantile_8","mean_rmse",100,3.20466894775055,0.642628060910806,0.0642628060910806,3.07871384781203,3.33062404768906
500,100,"n=500, p=100","ar1_rho_0.9","quantile_8","f1_lasso",100,0.378,0.0970056751437822,0.00970056751437822,0.358986887671819,0.397013112328181
500,100,"n=500, p=100","ar1_rho_0.9","quantile_8","f1_lar",100,0.377,0.096247786279147,0.0096247786279147,0.358135433889287,0.395864566110713
500,100,"n=500, p=100","ar1_rho_0.9","quantile_8","f1_glmnet",100,0.37975192923019,0.0939089087026095,0.00939089087026095,0.361345783124479,0.398158075335902
500,100,"n=500, p=100","ar1_rho_0.9","quantile_8","rmse_lasso",100,3.20071373657478,0.641762289704722,0.0641762289704722,3.07492832779266,3.32649914535691
500,100,"n=500, p=100","ar1_rho_0.9","quantile_8","rmse_lar",100,3.20099986840387,0.641859262537662,0.0641859262537662,3.07519545294649,3.32680428386125
500,100,"n=500, p=100","ar1_rho_0.9","quantile_8","rmse_glmnet",100,3.21229323827298,0.644638747372855,0.0644638747372855,3.0859440437879,3.33864243275806
500,100,"n=500, p=100","ar1_rho_0.9","quantile_8","elapsed_seconds",100,15.4546,4.04338627460408,0.404338627460408,14.6620962901776,16.2471037098224
500,100,"n=500, p=100","ar1_rho_0.9","equal_width_4","mean_entry_tau",100,0.969091908890188,0.0147384945273721,0.00147384945273721,0.966203163962823,0.971980653817553
500,100,"n=500, p=100","ar1_rho_0.9","equal_width_4","mean_jaccard_s",100,0.950430125430125,0.0558105111755334,0.00558105111755334,0.939491265239721,0.96136898562053
500,100,"n=500, p=100","ar1_rho_0.9","equal_width_4","mean_jaccard_2s",100,0.953845000410218,0.0453504252328608,0.00453504252328608,0.944956317064577,0.962733683755859
500,100,"n=500, p=100","ar1_rho_0.9","equal_width_4","mean_support_f1",100,0.365387389422172,0.0924714793492946,0.00924714793492946,0.34726297946971,0.383511799374634
500,100,"n=500, p=100","ar1_rho_0.9","equal_width_4","mean_rmse",100,3.20254641650054,0.65568166764939,0.065568166764939,3.07403280964126,3.33106002335982
500,100,"n=500, p=100","ar1_rho_0.9","equal_width_4","f1_lasso",100,0.362,0.097213708140905,0.0097213708140905,0.342946113204383,0.381053886795617
500,100,"n=500, p=100","ar1_rho_0.9","equal_width_4","f1_lar",100,0.361,0.09733312577811,0.009733312577811,0.34192270734749,0.38007729265251
500,100,"n=500, p=100","ar1_rho_0.9","equal_width_4","f1_glmnet",100,0.373162168266516,0.0893220022534144,0.00893220022534144,0.355655055824847,0.390669280708185
500,100,"n=500, p=100","ar1_rho_0.9","equal_width_4","rmse_lasso",100,3.20834076497245,0.660328102100037,0.0660328102100037,3.07891645696084,3.33776507298405
500,100,"n=500, p=100","ar1_rho_0.9","equal_width_4","rmse_lar",100,3.20951994837112,0.661278570743308,0.0661278570743308,3.07990934850543,3.33913054823681
500,100,"n=500, p=100","ar1_rho_0.9","equal_width_4","rmse_glmnet",100,3.18977853615805,0.646226990990206,0.0646226990990206,3.06311804592396,3.31643902639213
500,100,"n=500, p=100","ar1_rho_0.9","equal_width_4","elapsed_seconds",100,6.75830000000004,1.80945164694343,0.180945164694343,6.40364747719912,7.11295252280095
500,100,"n=500, p=100","block","original","mean_entry_tau",100,0.986406620822498,0.00892938713240801,0.000892938713240801,0.984656460944546,0.98815678070045
500,100,"n=500, p=100","block","original","mean_jaccard_s",100,0.982350427350427,0.035977239369018,0.0035977239369018,0.9752988884341,0.989401966266755
500,100,"n=500, p=100","block","original","mean_jaccard_2s",100,0.966383320785495,0.0397755793905778,0.00397755793905778,0.958587307224941,0.974179334346048
500,100,"n=500, p=100","block","original","mean_support_f1",100,0.741499403977665,0.0964746677263167,0.00964746677263167,0.722590369103307,0.760408438852023
500,100,"n=500, p=100","block","original","mean_rmse",100,2.35987147966085,0.523550717189964,0.0523550717189964,2.25725553909162,2.46248742023008
500,100,"n=500, p=100","block","original","f1_lasso",100,0.741,0.0964993327029841,0.00964993327029841,0.722086130790215,0.759913869209785
500,100,"n=500, p=100","block","original","f1_lar",100,0.74,0.0984731927834662,0.00984731927834662,0.720699254214441,0.75930074578556
500,100,"n=500, p=100","block","original","f1_glmnet",100,0.743498211932995,0.0976300035286422,0.00976300035286422,0.724362731241381,0.762633692624608
500,100,"n=500, p=100","block","original","rmse_lasso",100,2.34040246645548,0.513794756298784,0.0513794756298784,2.23969869422091,2.44110623869004
500,100,"n=500, p=100","block","original","rmse_lar",100,2.34108396892174,0.513445438026604,0.0513445438026604,2.24044866306852,2.44171927477495
500,100,"n=500, p=100","block","original","rmse_glmnet",100,2.39812800360534,0.547963781294213,0.0547963781294213,2.29072710247168,2.50552890473901
500,100,"n=500, p=100","block","original","elapsed_seconds",100,0.280799999999999,0.109836241742048,0.0109836241742048,0.259272096618558,0.302327903381441
500,100,"n=500, p=100","block","quantile_2","mean_entry_tau",100,0.982313713814725,0.00834063654113281,0.000834063654113281,0.980678949052663,0.983948478576787
500,100,"n=500, p=100","block","quantile_2","mean_jaccard_s",100,0.966317016317016,0.0443323791259584,0.00443323791259584,0.957627870008328,0.975006162625704
500,100,"n=500, p=100","block","quantile_2","mean_jaccard_2s",100,0.973427912667043,0.0389721023564012,0.00389721023564012,0.965789380605188,0.981066444728898
500,100,"n=500, p=100","block","quantile_2","mean_support_f1",100,0.645293079866993,0.107284107927354,0.0107284107927354,0.624265394713232,0.666320765020754
500,100,"n=500, p=100","block","quantile_2","mean_rmse",100,2.68075187377564,0.577444134357178,0.0577444134357178,2.56757282344163,2.79393092410964
500,100,"n=500, p=100","block","quantile_2","f1_lasso",100,0.647,0.109595214818491,0.0109595214818491,0.625519337895576,0.668480662104424
500,100,"n=500, p=100","block","quantile_2","f1_lar",100,0.647,0.109595214818491,0.0109595214818491,0.625519337895576,0.668480662104424
500,100,"n=500, p=100","block","quantile_2","f1_glmnet",100,0.641879239600979,0.105750578959524,0.0105750578959524,0.621152126124912,0.662606353077045
500,100,"n=500, p=100","block","quantile_2","rmse_lasso",100,2.68103330687852,0.582358729310321,0.0582358729310321,2.5668909959337,2.79517561782334
500,100,"n=500, p=100","block","quantile_2","rmse_lar",100,2.68103330687852,0.582358729310321,0.0582358729310321,2.5668909959337,2.79517561782334
500,100,"n=500, p=100","block","quantile_2","rmse_glmnet",100,2.68018900756987,0.569116969264933,0.0569116969264933,2.56864208159394,2.79173593354579
500,100,"n=500, p=100","block","quantile_2","elapsed_seconds",100,1.06730000000007,0.417972148799067,0.0417972148799067,0.985377458835451,1.14922254116469
500,100,"n=500, p=100","block","quantile_4","mean_entry_tau",100,0.977783704580657,0.00832565402439102,0.000832565402439102,0.976151876391877,0.979415532769438
500,100,"n=500, p=100","block","quantile_4","mean_jaccard_s",100,0.961866466866467,0.0570562444113639,0.00570562444113639,0.950683442961839,0.973049490771094
500,100,"n=500, p=100","block","quantile_4","mean_jaccard_2s",100,0.960790121714035,0.03994006977924,0.003994006977924,0.952961868037304,0.968618375390766
500,100,"n=500, p=100","block","quantile_4","mean_support_f1",100,0.529793531589184,0.109399679850897,0.0109399679850897,0.508351194338408,0.55123586883996
500,100,"n=500, p=100","block","quantile_4","mean_rmse",100,2.98398326810207,0.6012064402536,0.06012064402536,2.86614680581236,3.10181973039177
500,100,"n=500, p=100","block","quantile_4","f1_lasso",100,0.529,0.113079037344986,0.0113079037344986,0.506836508680383,0.551163491319617
500,100,"n=500, p=100","block","quantile_4","f1_lar",100,0.529,0.113079037344986,0.0113079037344986,0.506836508680383,0.551163491319617
500,100,"n=500, p=100","block","quantile_4","f1_glmnet",100,0.531380594767551,0.106681080560484,0.0106681080560484,0.510471102977696,0.552290086557406
500,100,"n=500, p=100","block","quantile_4","rmse_lasso",100,2.98493690221412,0.602022473959646,0.0602022473959646,2.86694049731803,3.10293330711021
500,100,"n=500, p=100","block","quantile_4","rmse_lar",100,2.9850775384975,0.60205198460471,0.060205198460471,2.86707534951498,3.10307972748002
500,100,"n=500, p=100","block","quantile_4","rmse_glmnet",100,2.98193536359458,0.600605016309017,0.0600605016309017,2.86421678039801,3.09965394679115
500,100,"n=500, p=100","block","quantile_4","elapsed_seconds",100,5.46180000000015,1.65364328717292,0.165364328717292,5.13768591571426,5.78591408428604
500,100,"n=500, p=100","block","quantile_8","mean_entry_tau",100,0.983853079996018,0.00642210185417108,0.000642210185417108,0.9825943480326,0.985111811959435
500,100,"n=500, p=100","block","quantile_8","mean_jaccard_s",100,0.971872571872572,0.0379380127917132,0.00379380127917132,0.964436721365396,0.979308422379748
500,100,"n=500, p=100","block","quantile_8","mean_jaccard_2s",100,0.970099429073342,0.0369520453531479,0.00369520453531479,0.962856828184125,0.977342029962559
500,100,"n=500, p=100","block","quantile_8","mean_support_f1",100,0.423137900746596,0.0937234241570614,0.00937234241570614,0.404768109611812,0.44150769188138
500,100,"n=500, p=100","block","quantile_8","mean_rmse",100,3.26830672373961,0.620652109502394,0.0620652109502394,3.14665891027714,3.38995453720208
500,100,"n=500, p=100","block","quantile_8","f1_lasso",100,0.421,0.0956582722533971,0.00956582722533971,0.402250978638334,0.439749021361666
500,100,"n=500, p=100","block","quantile_8","f1_lar",100,0.421,0.0956582722533971,0.00956582722533971,0.402250978638334,0.439749021361666
500,100,"n=500, p=100","block","quantile_8","f1_glmnet",100,0.427413702239789,0.0938981277696859,0.00938981277696859,0.409009669196931,0.445817735282648
500,100,"n=500, p=100","block","quantile_8","rmse_lasso",100,3.26733025259618,0.620635805424285,0.0620635805424285,3.14568563473302,3.38897487045934
500,100,"n=500, p=100","block","quantile_8","rmse_lar",100,3.26733025259618,0.620635805424285,0.0620635805424285,3.14568563473302,3.38897487045934
500,100,"n=500, p=100","block","quantile_8","rmse_glmnet",100,3.27025966602648,0.621137309443967,0.0621137309443967,3.14851675337546,3.3920025786775
500,100,"n=500, p=100","block","quantile_8","elapsed_seconds",100,13.5355,3.77397477549339,0.377397477549339,12.7958009440033,14.2751990559968
500,100,"n=500, p=100","block","equal_width_4","mean_entry_tau",100,0.972576766024669,0.0108456051783069,0.00108456051783069,0.970451027409721,0.974702504639617
500,100,"n=500, p=100","block","equal_width_4","mean_jaccard_s",100,0.932000222000222,0.0615101973493861,0.00615101973493861,0.919944223319742,0.944056220680702
500,100,"n=500, p=100","block","equal_width_4","mean_jaccard_2s",100,0.950380659437181,0.0482122041153862,0.00482122041153862,0.940931067430566,0.959830251443797
500,100,"n=500, p=100","block","equal_width_4","mean_support_f1",100,0.393862431771127,0.0905325385508226,0.00905325385508226,0.376118054215166,0.411606809327089
500,100,"n=500, p=100","block","equal_width_4","mean_rmse",100,3.27395961242896,0.629927297638638,0.0629927297638638,3.15049386209179,3.39742536276614
500,100,"n=500, p=100","block","equal_width_4","f1_lasso",100,0.392,0.0960639517627858,0.00960639517627858,0.373171465454494,0.410828534545506
500,100,"n=500, p=100","block","equal_width_4","f1_lar",100,0.392,0.0960639517627858,0.00960639517627858,0.373171465454494,0.410828534545506
500,100,"n=500, p=100","block","equal_width_4","f1_glmnet",100,0.397587295313382,0.0894066510578832,0.00894066510578832,0.380063591706037,0.415110998920727
500,100,"n=500, p=100","block","equal_width_4","rmse_lasso",100,3.28046720049104,0.630423913464733,0.0630423913464733,3.15690411345195,3.40403028753013
500,100,"n=500, p=100","block","equal_width_4","rmse_lar",100,3.28028419314978,0.630451555724445,0.0630451555724445,3.15671568822779,3.40385269807177
500,100,"n=500, p=100","block","equal_width_4","rmse_glmnet",100,3.26112744364606,0.629514177492446,0.0629514177492446,3.13774266485754,3.38451222243458
500,100,"n=500, p=100","block","equal_width_4","elapsed_seconds",100,5.51710000000006,1.79720450430745,0.179720450430745,5.1648479171558,5.86935208284432
