"path_specification","n","p","dimension","correlation","active_s","scheme","method","group_weight_specification","df_definition","delta_f1_s_mean","delta_f1_s_sd","delta_f1_s_n","delta_f1_s_ci_low","delta_f1_s_ci_high","delta_rmse_s_mean","delta_rmse_s_sd","delta_rmse_s_n","delta_rmse_s_ci_low","delta_rmse_s_ci_high","delta_f1_2s_mean","delta_f1_2s_sd","delta_f1_2s_n","delta_f1_2s_ci_low","delta_f1_2s_ci_high","delta_rmse_2s_mean","delta_rmse_2s_sd","delta_rmse_2s_n","delta_rmse_2s_ci_low","delta_rmse_2s_ci_high","entry_order_tau_original_vs_sparse_mean","entry_order_tau_original_vs_sparse_sd","entry_order_tau_original_vs_sparse_n","entry_order_tau_original_vs_sparse_ci_low","entry_order_tau_original_vs_sparse_ci_high","active_set_jaccard_s_original_vs_sparse_mean","active_set_jaccard_s_original_vs_sparse_sd","active_set_jaccard_s_original_vs_sparse_n","active_set_jaccard_s_original_vs_sparse_ci_low","active_set_jaccard_s_original_vs_sparse_ci_high","active_set_jaccard_2s_original_vs_sparse_mean","active_set_jaccard_2s_original_vs_sparse_sd","active_set_jaccard_2s_original_vs_sparse_n","active_set_jaccard_2s_original_vs_sparse_ci_low","active_set_jaccard_2s_original_vs_sparse_ci_high","original_parent_count_s_mean","original_parent_count_s_sd","original_parent_count_s_n","original_parent_count_s_ci_low","original_parent_count_s_ci_high","sparse_parent_count_s_mean","sparse_parent_count_s_sd","sparse_parent_count_s_n","sparse_parent_count_s_ci_low","sparse_parent_count_s_ci_high","original_component_count_s_mean","original_component_count_s_sd","original_component_count_s_n","original_component_count_s_ci_low","original_component_count_s_ci_high","sparse_component_count_s_mean","sparse_component_count_s_sd","sparse_component_count_s_n","sparse_component_count_s_ci_low","sparse_component_count_s_ci_high","sparse_df_diagnostic_s_mean","sparse_df_diagnostic_s_sd","sparse_df_diagnostic_s_n","sparse_df_diagnostic_s_ci_low","sparse_df_diagnostic_s_ci_high","original_target_reached_s_mean","original_target_reached_s_sd","original_target_reached_s_n","original_target_reached_s_ci_low","original_target_reached_s_ci_high","sparse_target_reached_s_mean","sparse_target_reached_s_sd","sparse_target_reached_s_n","sparse_target_reached_s_ci_low","sparse_target_reached_s_ci_high","original_target_exact_s_mean","original_target_exact_s_sd","original_target_exact_s_n","original_target_exact_s_ci_low","original_target_exact_s_ci_high","sparse_target_exact_s_mean","sparse_target_exact_s_sd","sparse_target_exact_s_n","sparse_target_exact_s_ci_low","sparse_target_exact_s_ci_high"
"primary_controlled",100,20,"n=100, p=20","ar1_rho_0.5",5,"equal_width_4","component_lasso_glmnet","not_applicable","active_coefficient_count_proxy_excluding_intercept",-0.196121212121212,0.15054238078651,100,-0.225627518755368,-0.166614905487056,0.446787420115721,0.210387488453311,100,0.405551472378872,0.48802336785257,-0.0319607843137255,0.0565112564960776,100,-0.0430369905869567,-0.0208845780404943,0.533521463702597,0.182490065107777,100,0.497753410941473,0.569289516463722,0.47004745807898,0.111094304432036,100,0.448272974410301,0.491821941747659,0.63172619047619,0.169839531403356,100,0.598437642321133,0.665014738631248,0.578488011988012,0.129872954315618,100,0.553032912942151,0.603943111033873,5.03,0.171446607997765,100,4.99639646483244,5.06360353516756,5.12,0.383497988352882,100,5.04483439428284,5.19516560571716,5.03,0.171446607997765,100,4.99639646483244,5.06360353516756,8.11,1.91166012785862,100,7.73531461493971,8.48468538506029,8.11,1.91166012785862,100,7.73531461493971,8.48468538506029,1,0,100,1,1,1,0,100,1,1,0.97,0.171446607997765,100,0.936396464832438,1.00360353516756,0.9,0.301511344577764,100,0.840903776462758,0.959096223537242
"primary_controlled",100,20,"n=100, p=20","ar1_rho_0.5",5,"equal_width_4","parent_group_lasso_grpreg","equal_parent","grpreg_approximate_df_excluding_intercept",-0.124575757575758,0.143251150490179,100,-0.152652983071833,-0.0964985320796825,-0.00224189937501956,0.160353809427653,100,-0.0336712460228395,0.0291874472728003,-0.0308333333333333,0.0604707032237315,100,-0.0426855911651847,-0.0189810755014819,0.226763595252053,0.0884443033227165,100,0.2094285118008,0.244098678703305,0.507467179281674,0.121697967914265,100,0.483614377570478,0.53131998099287,0.745892857142857,0.194842877047297,100,0.707703653241587,0.784082061044127,0.580605228105228,0.127508125292376,100,0.555613635547922,0.605596820662534,5.03,0.171446607997765,100,4.99639646483244,5.06360353516756,5.07,0.293188669562103,100,5.01253502076583,5.12746497923417,5.03,0.171446607997765,100,4.99639646483244,5.06360353516756,20.28,1.17275467824841,100,20.0501400830633,20.5098599169367,8.32729440689553,1.84430245804619,100,7.96581112511847,8.68877768867258,1,0,100,1,1,1,0,100,1,1,0.97,0.171446607997765,100,0.936396464832438,1.00360353516756,0.94,0.238683256575942,100,0.893218081711115,0.986781918288885
"primary_controlled",100,20,"n=100, p=20","ar1_rho_0.5",5,"equal_width_4","parent_group_lasso_grpreg","sqrt_group_size","grpreg_approximate_df_excluding_intercept",-0.0754545454545454,0.118661173781144,100,-0.0987121355156496,-0.0521969553934413,0.122140440716298,0.115996128788703,100,0.0994051994737119,0.144875681958883,-0.0125833333333333,0.0446726307641932,100,-0.0213391689631152,-0.00382749770355147,0.239090628728984,0.0878541940087063,100,0.221871206703278,0.25631005075469,0.532560120515915,0.113924750191283,100,0.510230869478423,0.554889371553406,0.815952380952381,0.181890904281912,100,0.780301763713126,0.851602998191636,0.592730103230103,0.110747097402558,100,0.571023672139202,0.614436534321005,5.03,0.171446607997765,100,4.99639646483244,5.06360353516756,5.05,0.21904291355759,100,5.00706758894271,5.09293241105729,5.03,0.171446607997765,100,4.99639646483244,5.06360353516756,20.2,0.876171654230361,100,20.0282703557709,20.3717296442291,5.96040029851303,1.881035783533,100,5.59171728494056,6.3290833120855,1,0,100,1,1,1,0,100,1,1,0.97,0.171446607997765,100,0.936396464832438,1.00360353516756,0.95,0.21904291355759,100,0.907067588942712,0.992932411057288
"primary_controlled",100,20,"n=100, p=20","ar1_rho_0.5",5,"quantile_2","component_lasso_glmnet","not_applicable","active_coefficient_count_proxy_excluding_intercept",-0.064,0.100569544303959,100,-0.0837116306835759,-0.044288369316424,0.134037891729871,0.124984901355107,100,0.10954085106427,0.158534932395472,-0.00258333333333333,0.0262641923581226,100,-0.00773111503552536,0.0025644483688587,0.122063575367366,0.0794532276066195,100,0.106490742756469,0.137636407978264,0.686484153276159,0.090120267153644,100,0.668820580914045,0.704147725638274,0.870238095238095,0.172669835457085,100,0.836394807488507,0.904081382987684,0.719189976689977,0.116972424111205,100,0.69626338156418,0.742116571815773,5.03,0.171446607997765,100,4.99639646483244,5.06360353516756,5.03,0.171446607997765,100,4.99639646483244,5.06360353516756,5.03,0.171446607997765,100,4.99639646483244,5.06360353516756,7.65,1.05767994624407,100,7.44269473053616,7.85730526946384,7.65,1.05767994624407,100,7.44269473053616,7.85730526946384,1,0,100,1,1,1,0,100,1,1,0.97,0.171446607997765,100,0.936396464832438,1.00360353516756,0.97,0.171446607997765,100,0.936396464832438,1.00360353516756
"primary_controlled",100,20,"n=100, p=20","ar1_rho_0.5",5,"quantile_2","parent_group_lasso_grpreg","equal_parent","grpreg_approximate_df_excluding_intercept",-0.0329090909090909,0.0780724029892973,100,-0.0482112818949932,-0.0176068999231886,0.0330836374853264,0.100525767774905,100,0.0133805870014449,0.0527866879692078,-0.00608333333333333,0.032991832305552,100,-0.0125497324652215,0.000383065798554861,0.0878496612961312,0.0512405363847314,100,0.0778065161647238,0.0978928064275386,0.65570704325959,0.0970602468223453,100,0.636683234882411,0.67473085163677,0.915714285714286,0.143154252528346,100,0.88765605221873,0.943772519209842,0.681821511821512,0.129443153984812,100,0.656450653640489,0.707192370002535,5.03,0.171446607997765,100,4.99639646483244,5.06360353516756,5.04,0.196946385566932,100,5.00139850842888,5.07860149157112,5.03,0.171446607997765,100,4.99639646483244,5.06360353516756,10.08,0.393892771133865,100,10.0027970168578,10.1572029831422,3.49852766230046,1.23965027711852,100,3.25555620798523,3.74149911661569,1,0,100,1,1,1,0,100,1,1,0.97,0.171446607997765,100,0.936396464832438,1.00360353516756,0.96,0.196946385566932,100,0.921398508428881,0.998601491571119
"primary_controlled",100,20,"n=100, p=20","ar1_rho_0.5",5,"quantile_2","parent_group_lasso_grpreg","sqrt_group_size","grpreg_approximate_df_excluding_intercept",-0.0301818181818182,0.0742818245932132,100,-0.044741055802088,-0.0156225805615484,0.0440983365488148,0.080638482783424,100,0.0282931939232637,0.059903479174366,-0.00475,0.0303887780915011,100,-0.0107062005059342,0.00120620050593423,0.0880376502896357,0.0507442551063592,100,0.0780917762887893,0.0979835242904821,0.659280053732765,0.094831972026247,100,0.64069298721562,0.677867120249909,0.926666666666667,0.134673400505042,100,0.900270680167678,0.953062653165655,0.681638361638362,0.128532235345445,100,0.656446043510654,0.706830679766069,5.03,0.171446607997765,100,4.99639646483244,5.06360353516756,5.03,0.171446607997765,100,4.99639646483244,5.06360353516756,5.03,0.171446607997765,100,4.99639646483244,5.06360353516756,10.06,0.342893215995531,100,9.99279292966488,10.1272070703351,3.38411683770346,1.13296853509643,100,3.16205500482456,3.60617867058236,1,0,100,1,1,1,0,100,1,1,0.97,0.171446607997765,100,0.936396464832438,1.00360353516756,0.97,0.171446607997765,100,0.936396464832438,1.00360353516756
"primary_controlled",100,20,"n=100, p=20","ar1_rho_0.5",5,"quantile_4","component_lasso_glmnet","not_applicable","active_coefficient_count_proxy_excluding_intercept",-0.138727272727273,0.141772849527606,100,-0.166514751234683,-0.110939794219862,0.288038419282049,0.175391151342896,100,0.253661753618841,0.322415084945257,-0.026,0.0507972356238586,100,-0.0359562581822763,-0.0160437418177237,0.357145011525592,0.13523756077692,100,0.330638449613316,0.383651573437869,0.544020446315775,0.110568446925783,100,0.522349030718322,0.565691861913229,0.727857142857143,0.192010863002666,100,0.69022301370862,0.765491272005665,0.615256701631702,0.141076710271178,100,0.587605666418551,0.642907736844852,5.03,0.171446607997765,100,4.99639646483244,5.06360353516756,5.04,0.196946385566932,100,5.00139850842888,5.07860149157112,5.03,0.171446607997765,100,4.99639646483244,5.06360353516756,7.54,1.33651136406041,100,7.27804377264416,7.80195622735584,7.54,1.33651136406041,100,7.27804377264416,7.80195622735584,1,0,100,1,1,1,0,100,1,1,0.97,0.171446607997765,100,0.936396464832438,1.00360353516756,0.96,0.196946385566932,100,0.921398508428881,0.998601491571119
"primary_controlled",100,20,"n=100, p=20","ar1_rho_0.5",5,"quantile_4","parent_group_lasso_grpreg","equal_parent","grpreg_approximate_df_excluding_intercept",-0.146181818181818,0.128198652093268,100,-0.171308753992099,-0.121054882371538,0.0108179145091322,0.190892240440213,100,-0.0265969646171496,0.048232793635414,-0.0310833333333333,0.0607063616573997,100,-0.0429817802181837,-0.019184886448483,0.23373766584728,0.111805400779523,100,0.211823807294493,0.255651524400067,0.509773493659846,0.130880122955603,100,0.484120989560548,0.535425997759144,0.713630952380952,0.190118665107322,100,0.676367694019917,0.750894210741987,0.592394605394605,0.128366690217507,100,0.567234734111974,0.617554476677237,5.03,0.171446607997765,100,4.99639646483244,5.06360353516756,5.09,0.287623491264661,100,5.03362579571213,5.14637420428787,5.03,0.171446607997765,100,4.99639646483244,5.06360353516756,20.36,1.15049396505865,100,20.1345031828485,20.5854968171515,8.12965418074309,2.23921011324506,100,7.69076899854706,8.56853936293912,1,0,100,1,1,1,0,100,1,1,0.97,0.171446607997765,100,0.936396464832438,1.00360353516756,0.91,0.287623491264661,100,0.853625795712126,0.966374204287874
"primary_controlled",100,20,"n=100, p=20","ar1_rho_0.5",5,"quantile_4","parent_group_lasso_grpreg","sqrt_group_size","grpreg_approximate_df_excluding_intercept",-0.0814545454545454,0.113662402893562,100,-0.103732376421684,-0.0591767144874072,0.130434728817934,0.139407779002861,100,0.103110804133373,0.157758653502494,-0.0162009803921569,0.0466890726958887,100,-0.025352038640551,-0.00704992214376268,0.253881005588432,0.109803936186677,100,0.232359434095844,0.275402577081021,0.544154027279894,0.1208240722638,100,0.520472509116189,0.567835545443599,0.805952380952381,0.180358224311253,100,0.770602168987375,0.841302592917387,0.604261405261405,0.129357925591767,100,0.578907251845419,0.629615558677392,5.03,0.171446607997765,100,4.99639646483244,5.06360353516756,5.03,0.171446607997765,100,4.99639646483244,5.06360353516756,5.03,0.171446607997765,100,4.99639646483244,5.06360353516756,20.12,0.685786431991061,100,19.9855858593298,20.2544141406702,5.89565939503927,1.99903965155913,100,5.50384762333368,6.28747116674486,1,0,100,1,1,1,0,100,1,1,0.97,0.171446607997765,100,0.936396464832438,1.00360353516756,0.97,0.171446607997765,100,0.936396464832438,1.00360353516756
"primary_controlled",100,20,"n=100, p=20","ar1_rho_0.5",5,"quantile_8","component_lasso_glmnet","not_applicable","active_coefficient_count_proxy_excluding_intercept",-0.244125874125874,0.163073670497183,100,-0.276088313543322,-0.212163434708426,0.493446195835296,0.21339447166005,100,0.451620879389926,0.535271512280665,-0.0712009803921568,0.0789654392705238,100,-0.0866782064891795,-0.0557237542951342,0.735825127938907,0.20489663529424,100,0.695665387421235,0.775984868456578,0.412358408503113,0.130376285709378,100,0.386804656504075,0.437912160502151,0.578472222222222,0.168016253163733,100,0.54554103660213,0.611403407842314,0.53026381951382,0.116945453727398,100,0.507342510583249,0.55318512844439,5.03,0.171446607997765,100,4.99639646483244,5.06360353516756,5.1,0.389249472080761,100,5.02370710347217,5.17629289652783,5.03,0.171446607997765,100,4.99639646483244,5.06360353516756,7.67,1.73528444965433,100,7.32988424786775,8.01011575213225,7.67,1.73528444965433,100,7.32988424786775,8.01011575213225,1,0,100,1,1,1,0,100,1,1,0.97,0.171446607997765,100,0.936396464832438,1.00360353516756,0.92,0.272659924344291,100,0.866558654828519,0.973441345171481
"primary_controlled",100,20,"n=100, p=20","ar1_rho_0.5",5,"quantile_8","parent_group_lasso_grpreg","equal_parent","grpreg_approximate_df_excluding_intercept",-0.187818181818182,0.15425738831004,100,-0.21805262992695,-0.157583733709414,0.159514235836817,0.187740721874919,100,0.122717054349333,0.196311417324301,-0.0582941176470588,0.0729096039809678,100,-0.0725844000273285,-0.0440038352667891,0.443711616629021,0.146442337293466,100,0.415008918519501,0.47241431473854,0.442106698529663,0.130747352131031,100,0.416480217511981,0.467733179547345,0.639166666666667,0.189643479528679,100,0.601996544679046,0.676336788654288,0.542057525807526,0.137604262341648,100,0.515087090388563,0.569027961226489,5.03,0.171446607997765,100,4.99639646483244,5.06360353516756,5.06,0.238683256575942,100,5.01321808171112,5.10678191828888,5.03,0.171446607997765,100,4.99639646483244,5.06360353516756,40.48,1.90946605260754,100,40.1057446536889,40.8542553463111,13.3997600961627,3.23496725673493,100,12.7657065138427,14.0338136784828,1,0,100,1,1,1,0,100,1,1,0.97,0.171446607997765,100,0.936396464832438,1.00360353516756,0.94,0.238683256575942,100,0.893218081711115,0.986781918288885
"primary_controlled",100,20,"n=100, p=20","ar1_rho_0.5",5,"quantile_8","parent_group_lasso_grpreg","sqrt_group_size","grpreg_approximate_df_excluding_intercept",-0.142909090909091,0.145294218343207,100,-0.17138675770436,-0.114431424113822,0.255526206906971,0.17698908413178,100,0.220836346417142,0.2902160673968,-0.0383333333333333,0.0614544989673019,100,-0.0503784151309245,-0.0262882515357422,0.459418216720695,0.143480720968073,100,0.431295995410953,0.487540438030438,0.465797054360473,0.125569119425599,100,0.441185506953055,0.49040860176789,0.692678571428571,0.186126946147591,100,0.656197689983644,0.729159452873499,0.559873126873127,0.138396487776574,100,0.532747415268918,0.586998838477335,5.03,0.171446607997765,100,4.99639646483244,5.06360353516756,5.07,0.256432399976243,100,5.01973924960466,5.12026075039534,5.03,0.171446607997765,100,4.99639646483244,5.06360353516756,40.56,2.05145919980994,100,40.1579139968373,40.9620860031628,9.37458862820785,3.05213718002469,100,8.77636974092301,9.97280751549269,1,0,100,1,1,1,0,100,1,1,0.97,0.171446607997765,100,0.936396464832438,1.00360353516756,0.93,0.256432399976243,100,0.879739249604656,0.980260750395344
"primary_controlled",100,20,"n=100, p=20","ar1_rho_0.9",5,"equal_width_4","component_lasso_glmnet","not_applicable","active_coefficient_count_proxy_excluding_intercept",-0.232212121212121,0.205634633713042,100,-0.272516509419877,-0.191907733004365,0.507726437203135,0.273229795009728,100,0.454173397381229,0.561279477025042,-0.133297619047619,0.117075347921171,100,-0.156244387240169,-0.110350850855069,0.46167963974545,0.19524959377555,100,0.423410719365442,0.499948560125458,0.314546618402431,0.14387319326375,100,0.286347472522736,0.342745764282126,0.396710678210678,0.168936894663087,100,0.363599046856713,0.429822309564643,0.45538887338152,0.114073255893896,100,0.433030515226317,0.477747231536724,5.05,0.261116483933547,100,4.99882116914902,5.10117883085097,5.11,0.34509550720186,100,5.04236128058844,5.17763871941156,5.05,0.261116483933547,100,4.99882116914902,5.10117883085097,6.48,1.37422154272332,100,6.21065257762623,6.74934742237377,6.48,1.37422154272332,100,6.21065257762623,6.74934742237377,1,0,100,1,1,1,0,100,1,1,0.96,0.196946385566932,100,0.921398508428881,0.998601491571119,0.9,0.301511344577764,100,0.840903776462758,0.959096223537242
"primary_controlled",100,20,"n=100, p=20","ar1_rho_0.9",5,"equal_width_4","parent_group_lasso_grpreg","equal_parent","grpreg_approximate_df_excluding_intercept",-0.156848484848485,0.171703731986347,100,-0.190502416317809,-0.123194553379161,0.0891620908500588,0.147901033259075,100,0.0601734883312801,0.118150693368838,-0.114273109243697,0.1209456136837,100,-0.137978449525703,-0.0905677689616922,0.215541675894564,0.106272312807106,100,0.194712302584371,0.236371049204757,0.415330038770957,0.15755258518371,100,0.38444973207495,0.446210345466964,0.568706349206349,0.202736439212924,100,0.528970007120616,0.608442691292082,0.504162212787213,0.134007711112322,100,0.477896701409198,0.530427724165228,5.05,0.261116483933547,100,4.99882116914902,5.10117883085097,5.11,0.31446603773522,100,5.0483646566039,5.1716353433961,5.05,0.261116483933547,100,4.99882116914902,5.10117883085097,20.44,1.25786415094088,100,20.1934586264156,20.6865413735844,6.84102518514819,2.4219651061939,100,6.36632002433419,7.3157303459622,1,0,100,1,1,1,0,100,1,1,0.96,0.196946385566932,100,0.921398508428881,0.998601491571119,0.89,0.31446603773522,100,0.828364656603897,0.951635343396103
"primary_controlled",100,20,"n=100, p=20","ar1_rho_0.9",5,"equal_width_4","parent_group_lasso_grpreg","sqrt_group_size","grpreg_approximate_df_excluding_intercept",-0.119515151515152,0.168413265188353,100,-0.152524151492069,-0.0865061515382343,0.157084897349949,0.168616547679125,100,0.12403605400484,0.190133740695057,-0.0909789915966386,0.102215557060799,100,-0.111013240780555,-0.070944742412722,0.224509695185893,0.109663338098999,100,0.20301568091849,0.246003709453297,0.451677926735174,0.145417477039,100,0.42317610123553,0.480179752234818,0.611166666666667,0.206957822904336,100,0.570602933377417,0.651730399955916,0.516236471861472,0.124538244319455,100,0.491826975974859,0.540645967748085,5.05,0.261116483933547,100,4.99882116914902,5.10117883085097,5.08,0.307482445914323,100,5.01973344060079,5.14026655939921,5.05,0.261116483933547,100,4.99882116914902,5.10117883085097,20.32,1.22992978365729,100,20.0789337624032,20.5610662375968,5.00130610757145,1.71449456218346,100,4.66526517338349,5.33734704175941,1,0,100,1,1,1,0,100,1,1,0.96,0.196946385566932,100,0.921398508428881,0.998601491571119,0.93,0.256432399976243,100,0.879739249604656,0.980260750395344
"primary_controlled",100,20,"n=100, p=20","ar1_rho_0.9",5,"quantile_2","component_lasso_glmnet","not_applicable","active_coefficient_count_proxy_excluding_intercept",-0.0815757575757576,0.158927170975811,100,-0.112725483087017,-0.0504260320644987,0.193981934121389,0.171738459192442,100,0.160321196119671,0.227642672123108,-0.037797619047619,0.0861828780078424,100,-0.0546894631371562,-0.0209057749580819,0.0933548874825071,0.0637553896798856,100,0.0808588311052496,0.105850943859765,0.608642628578032,0.128620957668486,100,0.583432920875009,0.633852336281055,0.703293650793651,0.21565814974191,100,0.661024653444236,0.745562648143065,0.64987345987346,0.135081916480331,100,0.623397404243315,0.676349515503605,5.05,0.261116483933547,100,4.99882116914902,5.10117883085097,5.05,0.21904291355759,100,5.00706758894271,5.09293241105729,5.05,0.261116483933547,100,4.99882116914902,5.10117883085097,6.6,1.11010055054632,100,6.38242029209292,6.81757970790708,6.6,1.11010055054632,100,6.38242029209292,6.81757970790708,1,0,100,1,1,1,0,100,1,1,0.96,0.196946385566932,100,0.921398508428881,0.998601491571119,0.95,0.21904291355759,100,0.907067588942712,0.992932411057288
"primary_controlled",100,20,"n=100, p=20","ar1_rho_0.9",5,"quantile_2","parent_group_lasso_grpreg","equal_parent","grpreg_approximate_df_excluding_intercept",-0.0666969696969697,0.138373780575962,100,-0.0938182306898582,-0.0395757087040812,0.0112777231335001,0.126439700025472,100,-0.0135044580714924,0.0360599043384927,-0.0517093837535014,0.100589336194618,100,-0.0714248936476466,-0.0319938738593562,0.0708406504979921,0.0540310325633867,100,0.0602505681155683,0.0814307328804159,0.590568626841422,0.146178899164525,100,0.561917562605175,0.619219691077669,0.752380952380952,0.215863201118027,100,0.710071764961819,0.794690139800086,0.620864635364635,0.150369776468721,100,0.591392159176766,0.650337111552505,5.05,0.261116483933547,100,4.99882116914902,5.10117883085097,5.07,0.325824517434794,100,5.00613839458278,5.13386160541722,5.05,0.261116483933547,100,4.99882116914902,5.10117883085097,10.14,0.651649034869587,100,10.0122767891656,10.2677232108344,3.9038825583259,1.53983774297744,100,3.60207436070232,4.20569075594948,1,0,100,1,1,1,0,100,1,1,0.96,0.196946385566932,100,0.921398508428881,0.998601491571119,0.95,0.21904291355759,100,0.907067588942712,0.992932411057288
"primary_controlled",100,20,"n=100, p=20","ar1_rho_0.9",5,"quantile_2","parent_group_lasso_grpreg","sqrt_group_size","grpreg_approximate_df_excluding_intercept",-0.0416666666666667,0.127038844528094,100,-0.0665662801941732,-0.0167670531391602,0.052875145847419,0.127481998962584,100,0.0278886740507526,0.0778616176440854,-0.0377142857142857,0.0877787497760806,100,-0.0549189206703975,-0.0205096507581739,0.0698790700547932,0.0531175346523937,100,0.059468033262924,0.0802901068466624,0.637893611739763,0.123302069938738,100,0.613726406031771,0.662060817447756,0.787261904761905,0.209909723473022,100,0.746119598961192,0.828404210562617,0.649198301698302,0.137386338303541,100,0.622270579390808,0.676126024005796,5.05,0.261116483933547,100,4.99882116914902,5.10117883085097,5.07,0.293188669562103,100,5.01253502076583,5.12746497923417,5.05,0.261116483933547,100,4.99882116914902,5.10117883085097,10.14,0.586377339124206,100,10.0250700415317,10.2549299584683,3.3289546808542,1.29726913326351,100,3.07468993073455,3.58321943097384,1,0,100,1,1,1,0,100,1,1,0.96,0.196946385566932,100,0.921398508428881,0.998601491571119,0.94,0.238683256575942,100,0.893218081711115,0.986781918288885
"primary_controlled",100,20,"n=100, p=20","ar1_rho_0.9",5,"quantile_4","component_lasso_glmnet","not_applicable","active_coefficient_count_proxy_excluding_intercept",-0.16830303030303,0.173717843308263,100,-0.20235172759145,-0.134254333014611,0.361341810424576,0.22379177841802,100,0.317478621854644,0.405204998994508,-0.097297619047619,0.117257690438306,100,-0.120280126373527,-0.0743151117217111,0.326974089940663,0.150635538219844,100,0.297449524449573,0.356498655431752,0.390256309950146,0.138305370314565,100,0.363148457368491,0.4173641625318,0.521369047619048,0.19767577093354,100,0.482624596516074,0.560113498722021,0.491854936729937,0.121055889419967,100,0.468127982403623,0.51558189105625,5.05,0.261116483933547,100,4.99882116914902,5.10117883085097,5.11,0.31446603773522,100,5.0483646566039,5.1716353433961,5.05,0.261116483933547,100,4.99882116914902,5.10117883085097,6.46,1.15836875899611,100,6.23295972323676,6.68704027676324,6.46,1.15836875899611,100,6.23295972323676,6.68704027676324,1,0,100,1,1,1,0,100,1,1,0.96,0.196946385566932,100,0.921398508428881,0.998601491571119,0.89,0.31446603773522,100,0.828364656603897,0.951635343396103
"primary_controlled",100,20,"n=100, p=20","ar1_rho_0.9",5,"quantile_4","parent_group_lasso_grpreg","equal_parent","grpreg_approximate_df_excluding_intercept",-0.134666666666667,0.166931820135259,100,-0.167385303413178,-0.101948029920156,0.0903924361353319,0.147968218062755,100,0.0613906653950318,0.119394206875632,-0.111130952380952,0.108632340190256,100,-0.132422891058243,-0.0898390137036622,0.206734312613004,0.0983323045584442,100,0.187461180919549,0.226007444306459,0.403274282368513,0.153411342439834,100,0.373205659250306,0.433342905486721,0.586384920634921,0.231887458843117,100,0.54093497870167,0.631834862568172,0.480719946719947,0.127934814275291,100,0.45564472312199,0.505795170317904,5.05,0.261116483933547,100,4.99882116914902,5.10117883085097,5.07,0.256432399976243,100,5.01973924960466,5.12026075039534,5.05,0.261116483933547,100,4.99882116914902,5.10117883085097,20.28,1.02572959990497,100,20.0789569984186,20.4810430015814,6.59107854739154,2.36742178286577,100,6.12706387794985,7.05509321683323,1,0,100,1,1,1,0,100,1,1,0.96,0.196946385566932,100,0.921398508428881,0.998601491571119,0.93,0.256432399976243,100,0.879739249604656,0.980260750395344
"primary_controlled",100,20,"n=100, p=20","ar1_rho_0.9",5,"quantile_4","parent_group_lasso_grpreg","sqrt_group_size","grpreg_approximate_df_excluding_intercept",-0.109939393939394,0.174210856724437,100,-0.144084721857384,-0.0757940660214043,0.170507574664372,0.152572793352238,100,0.140603307167333,0.200411842161411,-0.080047619047619,0.10486094404636,100,-0.100600364080706,-0.0594948740145325,0.216700085670073,0.102970302804585,100,0.196517906320374,0.236882265019772,0.443791480977129,0.149483147419534,100,0.4144927840829,0.473090177871358,0.603607142857143,0.228886756948011,100,0.558745338495333,0.648468947218953,0.507373959373959,0.121478249110993,100,0.483564222548205,0.531183696199714,5.05,0.261116483933547,100,4.99882116914902,5.10117883085097,5.09,0.287623491264661,100,5.03362579571213,5.14637420428787,5.05,0.261116483933547,100,4.99882116914902,5.10117883085097,20.36,1.15049396505865,100,20.1345031828485,20.5854968171515,4.78412108978174,1.89301672408878,100,4.41308981186034,5.15515236770314,1,0,100,1,1,1,0,100,1,1,0.96,0.196946385566932,100,0.921398508428881,0.998601491571119,0.91,0.287623491264661,100,0.853625795712126,0.966374204287874
"primary_controlled",100,20,"n=100, p=20","ar1_rho_0.9",5,"quantile_8","component_lasso_glmnet","not_applicable","active_coefficient_count_proxy_excluding_intercept",-0.211757575757576,0.206815125928913,100,-0.252293340439643,-0.171221811075509,0.532648536503309,0.285832687421491,100,0.476625329768697,0.588671743237921,-0.158175070028011,0.114788811666036,100,-0.180673677114554,-0.135676462941468,0.561765896883049,0.189812500817619,100,0.524562646722796,0.598969147043303,0.282444493056105,0.137267466217359,100,0.255540069677503,0.309348916434707,0.412186868686869,0.179070221455148,100,0.37708910528166,0.447284632092078,0.452302574876104,0.116728979342744,100,0.429423694924926,0.475181454827282,5.05,0.261116483933547,100,4.99882116914902,5.10117883085097,5.14,0.348735088019777,100,5.07164792274812,5.20835207725188,5.05,0.261116483933547,100,4.99882116914902,5.10117883085097,6.71,1.47911384882225,100,6.42009368563084,6.99990631436916,6.71,1.47911384882225,100,6.42009368563084,6.99990631436916,1,0,100,1,1,1,0,100,1,1,0.96,0.196946385566932,100,0.921398508428881,0.998601491571119,0.86,0.348735088019777,100,0.791647922748124,0.928352077251876
"primary_controlled",100,20,"n=100, p=20","ar1_rho_0.9",5,"quantile_8","parent_group_lasso_grpreg","equal_parent","grpreg_approximate_df_excluding_intercept",-0.183030303030303,0.176619904125876,100,-0.217647804238975,-0.148412801821631,0.185894732896036,0.166675566560598,100,0.153226321850159,0.218563143941913,-0.14546918767507,0.136532248233676,100,-0.17222950832887,-0.11870886702127,0.333580247731806,0.143088789303667,100,0.305534845028288,0.361625650435325,0.334330342318648,0.153781721624065,100,0.304189124880331,0.364471559756965,0.508412698412698,0.202434806266244,100,0.468735476384515,0.548089920440882,0.444577018569666,0.109619681923301,100,0.423091560912699,0.466062476226633,5.05,0.261116483933547,100,4.99882116914902,5.10117883085097,5.13,0.337997668989631,100,5.06375245687803,5.19624754312197,5.05,0.261116483933547,100,4.99882116914902,5.10117883085097,41.04,2.70398135191705,100,40.5100196550243,41.5699803449757,11.048102571568,3.90681800970723,100,10.2823662416654,11.8138389014706,1,0,100,1,1,1,0,100,1,1,0.96,0.196946385566932,100,0.921398508428881,0.998601491571119,0.87,0.337997668989631,100,0.803752456878032,0.936247543121968
"primary_controlled",100,20,"n=100, p=20","ar1_rho_0.9",5,"quantile_8","parent_group_lasso_grpreg","sqrt_group_size","grpreg_approximate_df_excluding_intercept",-0.161272727272727,0.185048129152567,100,-0.19754216058663,-0.125003293958824,0.236916689026628,0.182555182638189,100,0.201135873229543,0.272697504823713,-0.128802521008403,0.126637522212734,100,-0.153623475362099,-0.103981566654708,0.341201544797182,0.144766535850961,100,0.312827303770393,0.36957578582397,0.351917150730673,0.152518432136494,100,0.32202353803192,0.381810763429426,0.533888888888889,0.206533099384508,100,0.493408401409525,0.574369376368252,0.451783427356957,0.110225119553992,100,0.430179303924374,0.473387550789539,5.05,0.261116483933547,100,4.99882116914902,5.10117883085097,5.16,0.394917201397452,100,5.0825962285261,5.2374037714739,5.05,0.261116483933547,100,4.99882116914902,5.10117883085097,41.28,3.15933761117962,100,40.6607698282088,41.8992301717912,7.97820326022225,2.61725589677893,100,7.46522110445358,8.49118541599092,1,0,100,1,1,1,0,100,1,1,0.96,0.196946385566932,100,0.921398508428881,0.998601491571119,0.85,0.358870281282637,100,0.779661424868603,0.920338575131397
"primary_controlled",100,20,"n=100, p=20","block",5,"equal_width_4","component_lasso_glmnet","not_applicable","active_coefficient_count_proxy_excluding_intercept",-0.283393939393939,0.200847135973676,100,-0.32275997804478,-0.244027900743099,0.550829856099199,0.333491121737443,100,0.485465596238661,0.616194115959738,-0.166044117647059,0.111183368709699,100,-0.18783605791416,-0.144252177379958,0.540285697227143,0.253288089288099,100,0.490641231726675,0.58993016272761,0.291577170102582,0.12344305101349,100,0.267382332103938,0.315772008101226,0.392222222222222,0.167220205485611,100,0.359447061947042,0.424997382497402,0.477411213786214,0.114839504991822,100,0.454902670807817,0.499919756764611,5.05,0.261116483933547,100,4.99882116914902,5.10117883085097,5.07,0.256432399976243,100,5.01973924960466,5.12026075039534,5.05,0.261116483933547,100,4.99882116914902,5.10117883085097,6.07,1.09410726488343,100,5.85555497608285,6.28444502391715,6.07,1.09410726488343,100,5.85555497608285,6.28444502391715,1,0,100,1,1,1,0,100,1,1,0.96,0.196946385566932,100,0.921398508428881,0.998601491571119,0.93,0.256432399976243,100,0.879739249604656,0.980260750395344
"primary_controlled",100,20,"n=100, p=20","block",5,"equal_width_4","parent_group_lasso_grpreg","equal_parent","grpreg_approximate_df_excluding_intercept",-0.163212121212121,0.195101459966625,100,-0.20145200736558,-0.124972235058663,0.0565813771822584,0.144060855510772,100,0.0283454495021472,0.0848173048623697,-0.128044117647059,0.109288738665699,100,-0.149464710425536,-0.106623524868582,0.238779809657225,0.135851673371249,100,0.21215288167646,0.26540673763799,0.431297967595581,0.147494111073271,100,0.402389121825219,0.460206813365942,0.598670634920635,0.233646144634413,100,0.55287599057229,0.64446527926898,0.534943847818848,0.142942745829497,100,0.506927069636266,0.562960626001429,5.05,0.261116483933547,100,4.99882116914902,5.10117883085097,5.08,0.272659924344291,100,5.02655865482852,5.13344134517148,5.05,0.261116483933547,100,4.99882116914902,5.10117883085097,20.32,1.09063969737716,100,20.1062346193141,20.5337653806859,6.05625632319504,2.11810034891827,100,5.64110865480706,6.47140399158302,1,0,100,1,1,1,0,100,1,1,0.96,0.196946385566932,100,0.921398508428881,0.998601491571119,0.92,0.272659924344291,100,0.866558654828519,0.973441345171481
"primary_controlled",100,20,"n=100, p=20","block",5,"equal_width_4","parent_group_lasso_grpreg","sqrt_group_size","grpreg_approximate_df_excluding_intercept",-0.135121212121212,0.180719615049699,100,-0.170542256670953,-0.0997001675714711,0.11316729268941,0.137995117190826,100,0.0861202497200078,0.140214335658812,-0.1005,0.0955727316017162,100,-0.119232255393936,-0.0817677446060636,0.229273080400112,0.126783832934939,100,0.204423449144864,0.254122711655361,0.46295985267668,0.137745699800393,100,0.435961695515803,0.489958009837558,0.624464285714286,0.227435585646386,100,0.579886910927594,0.669041660500977,0.567486471861472,0.135797782744204,100,0.540870106443608,0.594102837279336,5.05,0.261116483933547,100,4.99882116914902,5.10117883085097,5.08,0.307482445914323,100,5.01973344060079,5.14026655939921,5.05,0.261116483933547,100,4.99882116914902,5.10117883085097,20.32,1.22992978365729,100,20.0789337624032,20.5610662375968,4.83237614272544,1.76695049651672,100,4.48605384540816,5.17869844004272,1,0,100,1,1,1,0,100,1,1,0.96,0.196946385566932,100,0.921398508428881,0.998601491571119,0.93,0.256432399976243,100,0.879739249604656,0.980260750395344
"primary_controlled",100,20,"n=100, p=20","block",5,"quantile_2","component_lasso_glmnet","not_applicable","active_coefficient_count_proxy_excluding_intercept",-0.0964848484848485,0.163507482491061,100,-0.128532315053096,-0.0644373819166005,0.212037708984635,0.24051411720545,100,0.164896942012367,0.259178475956903,-0.0345833333333333,0.0758636672967546,100,-0.0494526121234972,-0.0197140545431694,0.142726394914201,0.1138090345686,100,0.120419824138755,0.165032965689646,0.600878596612619,0.117251744960467,100,0.577897254600367,0.62385993862487,0.676607142857143,0.202379281251058,100,0.636940803731935,0.71627348198235,0.656822344322344,0.132829364201974,100,0.630787788938757,0.682856899705931,5.05,0.261116483933547,100,4.99882116914902,5.10117883085097,5.08,0.272659924344291,100,5.02655865482852,5.13344134517148,5.05,0.261116483933547,100,4.99882116914902,5.10117883085097,6.51,0.948097510221859,100,6.32417288799652,6.69582711200348,6.51,0.948097510221859,100,6.32417288799652,6.69582711200348,1,0,100,1,1,1,0,100,1,1,0.96,0.196946385566932,100,0.921398508428881,0.998601491571119,0.92,0.272659924344291,100,0.866558654828519,0.973441345171481
"primary_controlled",100,20,"n=100, p=20","block",5,"quantile_2","parent_group_lasso_grpreg","equal_parent","grpreg_approximate_df_excluding_intercept",-0.0834545454545455,0.142927375249557,100,-0.111468311003459,-0.0554407799056323,0.00492223136596637,0.122504188250227,100,-0.0190885895310781,0.0289330522630108,-0.0495833333333333,0.0922074270108411,100,-0.0676559890274582,-0.0315106776392085,0.103271998130835,0.0808388535061037,100,0.0874275828436385,0.119116413418031,0.58383862749669,0.135533084632516,100,0.557274142908717,0.610403112084663,0.75422619047619,0.197699466634082,100,0.71547709501591,0.79297528593647,0.630998834498835,0.142506907864032,100,0.603067480557484,0.658930188440185,5.05,0.261116483933547,100,4.99882116914902,5.10117883085097,5.11,0.34509550720186,100,5.04236128058844,5.17763871941156,5.05,0.261116483933547,100,4.99882116914902,5.10117883085097,10.22,0.69019101440372,100,10.0847225611769,10.3552774388231,3.5071953305597,1.41276171798364,100,3.2302940338349,3.78409662728449,1,0,100,1,1,1,0,100,1,1,0.96,0.196946385566932,100,0.921398508428881,0.998601491571119,0.9,0.301511344577764,100,0.840903776462758,0.959096223537242
"primary_controlled",100,20,"n=100, p=20","block",5,"quantile_2","parent_group_lasso_grpreg","sqrt_group_size","grpreg_approximate_df_excluding_intercept",-0.0612121212121212,0.129998362508711,100,-0.0866918002638285,-0.0357324421604139,0.0388202900656491,0.0860089814473111,100,0.0219625297019762,0.0556780504293221,-0.0278333333333333,0.0716588359984687,100,-0.0418784651890332,-0.0137882014776335,0.0993550430025507,0.0809434382320359,100,0.0834901291090717,0.11521995689603,0.621835028178193,0.117409735354168,100,0.598822720048776,0.64484733630761,0.796666666666667,0.190849201863642,100,0.759260223101393,0.834073110231941,0.65772311022311,0.131596140971937,100,0.631930266592611,0.68351595385361,5.05,0.261116483933547,100,4.99882116914902,5.10117883085097,5.07,0.256432399976243,100,5.01973924960466,5.12026075039534,5.05,0.261116483933547,100,4.99882116914902,5.10117883085097,10.14,0.512864799952486,100,10.0394784992093,10.2405215007907,3.14201162037685,1.33694050351339,100,2.87997128168823,3.40405195906548,1,0,100,1,1,1,0,100,1,1,0.96,0.196946385566932,100,0.921398508428881,0.998601491571119,0.93,0.256432399976243,100,0.879739249604656,0.980260750395344
"primary_controlled",100,20,"n=100, p=20","block",5,"quantile_4","component_lasso_glmnet","not_applicable","active_coefficient_count_proxy_excluding_intercept",-0.206212121212121,0.202167244466632,100,-0.245836901127581,-0.166587341296661,0.352054494892967,0.284192688612051,100,0.296352727925005,0.407756261860929,-0.137294117647059,0.0976653020141713,100,-0.156436516841836,-0.118151718452281,0.354446026811413,0.156178847084052,100,0.323834972782939,0.385057080839888,0.37748729845221,0.131809656071957,100,0.351652605862106,0.403321991042313,0.505039682539683,0.209191244558653,100,0.464038198606187,0.546041166473178,0.522028554778555,0.135151263804891,100,0.495538907072796,0.548518202484313,5.05,0.261116483933547,100,4.99882116914902,5.10117883085097,5.12,0.356186309210063,100,5.05018748339483,5.18981251660517,5.05,0.261116483933547,100,4.99882116914902,5.10117883085097,6.4,1.00503781525921,100,6.20301258820919,6.59698741179081,6.4,1.00503781525921,100,6.20301258820919,6.59698741179081,1,0,100,1,1,1,0,100,1,1,0.96,0.196946385566932,100,0.921398508428881,0.998601491571119,0.89,0.31446603773522,100,0.828364656603897,0.951635343396103
"primary_controlled",100,20,"n=100, p=20","block",5,"quantile_4","parent_group_lasso_grpreg","equal_parent","grpreg_approximate_df_excluding_intercept",-0.156606060606061,0.175684140744105,100,-0.191040152191905,-0.122171969020216,0.0604452623104214,0.178143031728553,100,0.025529228091625,0.0953612965292179,-0.129,0.112169704683169,100,-0.150985262117901,-0.107014737882099,0.236874377278569,0.126023402405634,100,0.212173790407064,0.261574964150073,0.420724950252897,0.134744921658389,100,0.394314945607853,0.447134954897941,0.598392857142857,0.214122738448929,100,0.556424800406867,0.640360913878847,0.522810522810523,0.122021294947004,100,0.49889434900091,0.546726696620136,5.05,0.261116483933547,100,4.99882116914902,5.10117883085097,5.09,0.320825954263823,100,5.02711811296429,5.15288188703571,5.05,0.261116483933547,100,4.99882116914902,5.10117883085097,20.36,1.28330381705529,100,20.1084724518572,20.6115275481428,5.9986596298991,2.17333374386533,100,5.57268621610149,6.4246330436967,1,0,100,1,1,1,0,100,1,1,0.96,0.196946385566932,100,0.921398508428881,0.998601491571119,0.92,0.272659924344291,100,0.866558654828519,0.973441345171481
"primary_controlled",100,20,"n=100, p=20","block",5,"quantile_4","parent_group_lasso_grpreg","sqrt_group_size","grpreg_approximate_df_excluding_intercept",-0.123939393939394,0.175069900056144,100,-0.158253094350398,-0.0896256935283897,0.106499662977344,0.148100064915908,100,0.0774720502538261,0.135527275700862,-0.0925,0.0991086820828404,100,-0.111925301688237,-0.0730746983117633,0.240175051416636,0.124442132298306,100,0.215784393486168,0.264565709347104,0.454905945336253,0.115977894140424,100,0.43217427808473,0.477637612587776,0.630892857142857,0.21494356658969,100,0.588763918091278,0.673021796194436,0.548821012321012,0.116222572864279,100,0.526041388039614,0.571600636602411,5.05,0.261116483933547,100,4.99882116914902,5.10117883085097,5.03,0.171446607997765,100,4.99639646483244,5.06360353516756,5.05,0.261116483933547,100,4.99882116914902,5.10117883085097,20.12,0.685786431991061,100,19.9855858593298,20.2544141406702,4.90426230276081,1.85184575120005,100,4.5413005355256,5.26722406999602,1,0,100,1,1,1,0,100,1,1,0.96,0.196946385566932,100,0.921398508428881,0.998601491571119,0.97,0.171446607997765,100,0.936396464832438,1.00360353516756
"primary_controlled",100,20,"n=100, p=20","block",5,"quantile_8","component_lasso_glmnet","not_applicable","active_coefficient_count_proxy_excluding_intercept",-0.267757575757576,0.199804896906412,100,-0.306919335551233,-0.228595815963919,0.574766148542826,0.299295856560614,100,0.516104160656946,0.633428136428706,-0.187107843137255,0.105455723850596,100,-0.207777165011972,-0.166438521262538,0.62907164105416,0.239872014298413,100,0.582056726251671,0.676086555856649,0.248642911578292,0.148859967309719,100,0.219466357985587,0.277819465170997,0.411940476190476,0.174353870210293,100,0.377767117629259,0.446113834751694,0.445886084503732,0.117602237208812,100,0.422836046010804,0.468936122996659,5.05,0.261116483933547,100,4.99882116914902,5.10117883085097,5.09,0.287623491264661,100,5.03362579571213,5.14637420428787,5.05,0.261116483933547,100,4.99882116914902,5.10117883085097,6.24,1.2153895331011,100,6.00178365151218,6.47821634848782,6.24,1.2153895331011,100,6.00178365151218,6.47821634848782,1,0,100,1,1,1,0,100,1,1,0.96,0.196946385566932,100,0.921398508428881,0.998601491571119,0.91,0.287623491264661,100,0.853625795712126,0.966374204287874
"primary_controlled",100,20,"n=100, p=20","block",5,"quantile_8","parent_group_lasso_grpreg","equal_parent","grpreg_approximate_df_excluding_intercept",-0.206666666666667,0.189858933313161,100,-0.243879017596046,-0.169454315737287,0.173448304933644,0.217354011663853,100,0.130846918647529,0.21604969121976,-0.160950980392157,0.120845381892254,100,-0.184636675243039,-0.137265285541275,0.342754838246648,0.14309855329142,100,0.314707521801529,0.370802154691766,0.353690904164232,0.149661136681458,100,0.324357321374666,0.383024486953797,0.524246031746032,0.229669708350974,100,0.479230768909241,0.569261294582823,0.478452934320581,0.118417730395361,100,0.455243059163091,0.501662809478072,5.05,0.261116483933547,100,4.99882116914902,5.10117883085097,5.05,0.21904291355759,100,5.00706758894271,5.09293241105729,5.05,0.261116483933547,100,4.99882116914902,5.10117883085097,40.39,1.75749477347384,100,40.0455310243991,40.7344689756009,9.58772528102062,3.35289054876695,100,8.93055873346229,10.2448918285789,1,0,100,1,1,1,0,100,1,1,0.96,0.196946385566932,100,0.921398508428881,0.998601491571119,0.95,0.21904291355759,100,0.907067588942712,0.992932411057288
"primary_controlled",100,20,"n=100, p=20","block",5,"quantile_8","parent_group_lasso_grpreg","sqrt_group_size","grpreg_approximate_df_excluding_intercept",-0.178121212121212,0.193266538256901,100,-0.216001453619565,-0.14024097062286,0.22385560797332,0.228383597068783,100,0.179092422947838,0.268618792998801,-0.149611111111111,0.122406388642694,100,-0.173602763285079,-0.125619458937143,0.343822937229956,0.140558673711337,100,0.316273437182534,0.371372437277378,0.370407269750173,0.145077281732527,100,0.341972122530598,0.398842416969748,0.542718253968254,0.216270016864365,100,0.500329330662838,0.585107177273669,0.484550865800866,0.121101618576894,100,0.460814948559794,0.508286783041937,5.05,0.261116483933547,100,4.99882116914902,5.10117883085097,5.06,0.238683256575942,100,5.01321808171112,5.10678191828888,5.05,0.261116483933547,100,4.99882116914902,5.10117883085097,40.47,1.91461682217554,100,40.0947351028536,40.8452648971464,7.38405802385667,2.86207174049512,100,6.82309196271963,7.94502408499371,1,0,100,1,1,1,0,100,1,1,0.96,0.196946385566932,100,0.921398508428881,0.998601491571119,0.94,0.238683256575942,100,0.893218081711115,0.986781918288885
"primary_controlled",100,20,"n=100, p=20","independent",5,"equal_width_4","component_lasso_glmnet","not_applicable","active_coefficient_count_proxy_excluding_intercept",-0.162545454545454,0.126886992532184,100,-0.187415305081763,-0.137675604009146,0.376575791298458,0.189500370894032,100,0.339433718603228,0.413717863993689,-0.0108774509803922,0.0442408051331623,100,-0.019548648786492,-0.00220625317429234,0.514490532217344,0.171376614791116,100,0.480900715718286,0.548080348716403,0.530740837368419,0.10623484627371,100,0.509918807498772,0.551562867238066,0.732083333333333,0.189816481340089,100,0.694879302990676,0.769287363675991,0.596331501831502,0.124942985225708,100,0.571842676727263,0.620820326935741,5.01,0.1,100,4.9904,5.0296,5.05,0.21904291355759,100,5.00706758894271,5.09293241105729,5.01,0.1,100,4.9904,5.0296,8.72,1.74124070476175,100,8.3787168218667,9.0612831781333,8.72,1.74124070476175,100,8.3787168218667,9.0612831781333,1,0,100,1,1,1,0,100,1,1,0.99,0.1,100,0.9704,1.0096,0.95,0.21904291355759,100,0.907067588942712,0.992932411057288
"primary_controlled",100,20,"n=100, p=20","independent",5,"equal_width_4","parent_group_lasso_grpreg","equal_parent","grpreg_approximate_df_excluding_intercept",-0.118727272727273,0.130048569529224,100,-0.144216792355001,-0.0932377530995448,-0.0362266916826617,0.163218095669231,100,-0.0682174384338309,-0.0042359449314925,-0.0189019607843137,0.0516190983897261,100,-0.0290193040687,-0.0087846174999274,0.225413084276358,0.0891703427970723,100,0.207935697088132,0.242890471464584,0.531120445321324,0.10907762946949,100,0.509741229945304,0.552499660697344,0.788511904761905,0.197431656533547,100,0.749815300081329,0.82720850944248,0.579398767898768,0.118892148603755,100,0.556095906772432,0.602701629025104,5.01,0.1,100,4.9904,5.0296,5.07,0.256432399976243,100,5.01973924960466,5.12026075039534,5.01,0.1,100,4.9904,5.0296,20.28,1.02572959990497,100,20.0789569984186,20.4810430015814,8.5561645589814,1.91948080822345,100,8.1799463205696,8.93238279739319,1,0,100,1,1,1,0,100,1,1,0.99,0.1,100,0.9704,1.0096,0.93,0.256432399976243,100,0.879739249604656,0.980260750395344
"primary_controlled",100,20,"n=100, p=20","independent",5,"equal_width_4","parent_group_lasso_grpreg","sqrt_group_size","grpreg_approximate_df_excluding_intercept",-0.0718181818181818,0.100731940233907,100,-0.0915616421040275,-0.052074721532336,0.114941465822224,0.108199576820113,100,0.0937343487654815,0.136148582878966,-0.00225,0.0262150039285984,100,-0.00738814077000529,0.00288814077000529,0.239287581452247,0.0913303266693293,100,0.221386837425059,0.257188325479436,0.556535119413782,0.103439553580389,100,0.536260966912025,0.576809271915538,0.859285714285714,0.172328585797179,100,0.825509311469467,0.893062117101961,0.596497502497502,0.114751521249316,100,0.574006204332636,0.618988800662368,5.01,0.1,100,4.9904,5.0296,5.03,0.171446607997765,100,4.99639646483244,5.06360353516756,5.01,0.1,100,4.9904,5.0296,20.12,0.685786431991061,100,19.9855858593298,20.2544141406702,5.83954689312231,1.7564366753178,100,5.49528530476002,6.1838084814846,1,0,100,1,1,1,0,100,1,1,0.99,0.1,100,0.9704,1.0096,0.97,0.171446607997765,100,0.936396464832438,1.00360353516756
"primary_controlled",100,20,"n=100, p=20","independent",5,"quantile_2","component_lasso_glmnet","not_applicable","active_coefficient_count_proxy_excluding_intercept",-0.02,0.0679073139587278,100,-0.0333098335359106,-0.00669016646408933,0.114079074269695,0.0938888733006027,100,0.0956768551027774,0.132481293436614,0.00208333333333333,0.0149529283867765,100,-0.000847440630474866,0.00501410729714153,0.109047152861685,0.0590840079293315,100,0.097466687307536,0.120627618415834,0.737558221782119,0.0823803363013318,100,0.721411675867058,0.75370476769718,0.953333333333333,0.113805709955196,100,0.931027414182115,0.975639252484552,0.760567765567766,0.119451289328034,100,0.737155312859471,0.78398021827606,5.01,0.1,100,4.9904,5.0296,5.01,0.1,100,4.9904,5.0296,5.01,0.1,100,4.9904,5.0296,7.6,0.864566219253764,100,7.43054502102626,7.76945497897374,7.6,0.864566219253764,100,7.43054502102626,7.76945497897374,1,0,100,1,1,1,0,100,1,1,0.99,0.1,100,0.9704,1.0096,0.99,0.1,100,0.9704,1.0096
"primary_controlled",100,20,"n=100, p=20","independent",5,"quantile_2","parent_group_lasso_grpreg","equal_parent","grpreg_approximate_df_excluding_intercept",-0.0249090909090909,0.0780279092414119,100,-0.0402025611204076,-0.00961562069777415,0.0381191017727219,0.0628529583452173,100,0.0257999219370593,0.0504382816083845,-0.000367647058823529,0.0189768206969955,100,-0.00408710391543465,0.00335180979778759,0.0845902665143877,0.0498955600407016,100,0.0748107367464102,0.0943697962823652,0.681347242216637,0.0953550383026233,100,0.662657654709323,0.700036829723951,0.949285714285714,0.122515857615568,100,0.925272606193063,0.973298822378366,0.708585581085581,0.112364617349462,100,0.686562116085086,0.730609046086076,5.01,0.1,100,4.9904,5.0296,5.02,0.14070529413629,100,4.99242176234929,5.04757823765071,5.01,0.1,100,4.9904,5.0296,10.04,0.281410588272579,100,9.98484352469857,10.0951564753014,3.27908363601516,0.974104997983001,100,3.08815905641049,3.47000821561982,1,0,100,1,1,1,0,100,1,1,0.99,0.1,100,0.9704,1.0096,0.98,0.14070529413629,100,0.952421762349287,1.00757823765071
"primary_controlled",100,20,"n=100, p=20","independent",5,"quantile_2","parent_group_lasso_grpreg","sqrt_group_size","grpreg_approximate_df_excluding_intercept",-0.0249090909090909,0.0780279092414119,100,-0.0402025611204076,-0.00961562069777415,0.0394647610853375,0.0641090389319525,100,0.0268993894546748,0.0520301327160002,-0.000367647058823529,0.0189768206969955,100,-0.00408710391543465,0.00335180979778759,0.0845902665143877,0.0498955600407016,100,0.0748107367464102,0.0943697962823653,0.681380058338704,0.0953875825047152,100,0.662684092167779,0.700076024509628,0.949285714285714,0.122515857615568,100,0.925272606193063,0.973298822378366,0.708585581085581,0.112364617349462,100,0.686562116085086,0.730609046086076,5.01,0.1,100,4.9904,5.0296,5.02,0.14070529413629,100,4.99242176234929,5.04757823765071,5.01,0.1,100,4.9904,5.0296,10.04,0.281410588272579,100,9.98484352469857,10.0951564753014,3.26890260162193,0.985399242047682,100,3.07576435018058,3.46204085306327,1,0,100,1,1,1,0,100,1,1,0.99,0.1,100,0.9704,1.0096,0.98,0.14070529413629,100,0.952421762349287,1.00757823765071
"primary_controlled",100,20,"n=100, p=20","independent",5,"quantile_4","component_lasso_glmnet","not_applicable","active_coefficient_count_proxy_excluding_intercept",-0.0974545454545454,0.109137425038505,100,-0.118845480762092,-0.0760636101469983,0.243928659637707,0.147101309232805,100,0.215096803028078,0.272760516247337,-0.00635294117647059,0.0297957146710022,100,-0.012192901251987,-0.000512981100954151,0.34437012560504,0.124985962463998,100,0.319872876962096,0.368867374247984,0.561348852740287,0.0956598481657155,100,0.542599522499807,0.580098182980767,0.823333333333333,0.175981051517315,100,0.78884104723594,0.857825619430727,0.615139693639694,0.114254851377394,100,0.592745742769724,0.637533644509663,5.01,0.1,100,4.9904,5.0296,5.03,0.171446607997765,100,4.99639646483244,5.06360353516756,5.01,0.1,100,4.9904,5.0296,7.69,1.31575534246003,100,7.43211195287783,7.94788804712217,7.69,1.31575534246003,100,7.43211195287783,7.94788804712217,1,0,100,1,1,1,0,100,1,1,0.99,0.1,100,0.9704,1.0096,0.97,0.171446607997765,100,0.936396464832438,1.00360353516756
"primary_controlled",100,20,"n=100, p=20","independent",5,"quantile_4","parent_group_lasso_grpreg","equal_parent","grpreg_approximate_df_excluding_intercept",-0.114181818181818,0.117635382910345,100,-0.137238353232246,-0.0911252831313905,-0.0282576976408513,0.17514885588048,100,-0.0625868733934253,0.00607147811172266,-0.0180833333333333,0.055493083562119,100,-0.0289599777115086,-0.007206688955158,0.225411116124637,0.0954900731251989,100,0.206695061792098,0.244127170457176,0.540288820090643,0.101645866765028,100,0.520366230204697,0.560211409976588,0.798809523809524,0.185800444981003,100,0.762392636593247,0.8352264110258,0.579982642357642,0.124146076086712,100,0.555650011444647,0.604315273270638,5.01,0.1,100,4.9904,5.0296,5.06,0.238683256575942,100,5.01321808171112,5.10678191828888,5.01,0.1,100,4.9904,5.0296,20.24,0.954733026303768,100,20.0528723268445,20.4271276731555,8.38392848512023,2.02660885782082,100,7.98671314898735,8.78114382125311,1,0,100,1,1,1,0,100,1,1,0.99,0.1,100,0.9704,1.0096,0.94,0.238683256575942,100,0.893218081711115,0.986781918288885
"primary_controlled",100,20,"n=100, p=20","independent",5,"quantile_4","parent_group_lasso_grpreg","sqrt_group_size","grpreg_approximate_df_excluding_intercept",-0.0718181818181818,0.102538935246598,100,-0.0919158131265149,-0.0517205505098486,0.127007446623912,0.115296586710909,100,0.104409315628574,0.14960557761925,-0.00170098039215686,0.0231712581970801,100,-0.00624254699878457,0.00284058621447084,0.237043942501504,0.0901180111123589,100,0.219380812323482,0.254707072679527,0.563848943864213,0.0868975406601903,100,0.546817025894816,0.580880861833611,0.865238095238095,0.169282028943039,100,0.83205881756526,0.898417372910931,0.59722872960373,0.102942824183265,100,0.57705193606381,0.61740552314365,5.01,0.1,100,4.9904,5.0296,5.03,0.171446607997765,100,4.99639646483244,5.06360353516756,5.01,0.1,100,4.9904,5.0296,20.12,0.685786431991061,100,19.9855858593298,20.2544141406702,5.6983686776869,1.74038428433713,100,5.35725335795682,6.03948399741697,1,0,100,1,1,1,0,100,1,1,0.99,0.1,100,0.9704,1.0096,0.97,0.171446607997765,100,0.936396464832438,1.00360353516756
"primary_controlled",100,20,"n=100, p=20","independent",5,"quantile_8","component_lasso_glmnet","not_applicable","active_coefficient_count_proxy_excluding_intercept",-0.230939393939394,0.151810116925247,100,-0.260694176856742,-0.201184611022046,0.48228670169204,0.214088166883481,100,0.440325420982877,0.524247982401202,-0.0365,0.0670211535027189,100,-0.0496361460865329,-0.0233638539134671,0.77185658297064,0.206528497010679,100,0.731376997556547,0.812336168384733,0.436074853358879,0.108920402791631,100,0.414726454411719,0.457423252306038,0.631428571428571,0.207447060081997,100,0.5907689476525,0.672088195204643,0.539473193473193,0.116686372984194,100,0.516602664368291,0.562343722578095,5.01,0.1,100,4.9904,5.0296,5.13,0.366666666666667,100,5.05813333333333,5.20186666666667,5.01,0.1,100,4.9904,5.0296,7.72,1.8427033281447,100,7.35883014768364,8.08116985231636,7.72,1.8427033281447,100,7.35883014768364,8.08116985231636,1,0,100,1,1,1,0,100,1,1,0.99,0.1,100,0.9704,1.0096,0.88,0.32659863237109,100,0.815986668055266,0.944013331944734
"primary_controlled",100,20,"n=100, p=20","independent",5,"quantile_8","parent_group_lasso_grpreg","equal_parent","grpreg_approximate_df_excluding_intercept",-0.182757575757576,0.129991009597491,100,-0.208235813638684,-0.157279337876467,0.131738078018397,0.183089778793417,100,0.0958524813748868,0.167623674661906,-0.0307843137254902,0.0601854293977367,100,-0.0425806578874466,-0.0189879695635338,0.450823137859412,0.151791973320915,100,0.421071911088513,0.480574364630311,0.469823336678798,0.10531610734163,100,0.449181379639839,0.490465293717757,0.695595238095238,0.181069231087948,100,0.660105668802,0.731084807388476,0.543828463203463,0.119166123863329,100,0.520471902926251,0.567185023480676,5.01,0.1,100,4.9904,5.0296,5.1,0.333333333333333,100,5.03466666666667,5.16533333333333,5.01,0.1,100,4.9904,5.0296,40.8,2.66666666666667,100,40.2773333333333,41.3226666666667,13.6102068820994,2.71818692031754,100,13.0774422457172,14.1429715184817,1,0,100,1,1,1,0,100,1,1,0.99,0.1,100,0.9704,1.0096,0.91,0.287623491264661,100,0.853625795712126,0.966374204287874
"primary_controlled",100,20,"n=100, p=20","independent",5,"quantile_8","parent_group_lasso_grpreg","sqrt_group_size","grpreg_approximate_df_excluding_intercept",-0.140939393939394,0.123817646045028,100,-0.165207652564219,-0.116671135314568,0.246951244470069,0.167004883738835,100,0.214218287257257,0.27968420168288,-0.0142352941176471,0.0503728790269511,100,-0.0241083784069295,-0.00436220982836464,0.465488124962684,0.152679251850251,100,0.435562991600035,0.495413258325333,0.487756798878017,0.100123459915721,100,0.468132600734536,0.507380997021499,0.760357142857143,0.185276977696807,100,0.724042855228569,0.796671430485717,0.557111013986014,0.109988909186771,100,0.535553187785407,0.578668840186621,5.01,0.1,100,4.9904,5.0296,5.07,0.293188669562103,100,5.01253502076583,5.12746497923417,5.01,0.1,100,4.9904,5.0296,40.56,2.34550935649682,100,40.1002801661266,41.0197198338734,9.27226690597174,3.00812530669242,100,8.68267434586003,9.86185946608346,1,0,100,1,1,1,0,100,1,1,0.99,0.1,100,0.9704,1.0096,0.94,0.238683256575942,100,0.893218081711115,0.986781918288885
"primary_controlled",100,100,"n=100, p=100","ar1_rho_0.5",10,"equal_width_4","component_lasso_glmnet","not_applicable","active_coefficient_count_proxy_excluding_intercept",-0.272353472614342,0.121088075830705,100,-0.29608673547716,-0.248620209751524,0.67006847390298,0.213726124647366,100,0.628178153472096,0.711958794333864,-0.187907258064516,0.083464969623208,100,-0.204266392110665,-0.171548124018367,1.00720070109667,0.239579935593636,100,0.960243033720315,1.05415836847302,0.253107485162338,0.065104832406285,100,0.240346938010706,0.265868032313969,0.394145394595085,0.124344681677424,100,0.36977383698631,0.41851695220386,0.370098190664993,0.0851420274878436,100,0.353410353277375,0.38678602805261,10.14,0.402517331328978,100,10.0611066030595,10.2188933969405,10.23,0.509604719068583,100,10.1301174750626,10.3298825249374,10.14,0.402517331328978,100,10.0611066030595,10.2188933969405,12.23,1.68087879853175,100,11.9005477554878,12.5594522445122,12.23,1.68087879853175,100,11.9005477554878,12.5594522445122,1,0,100,1,1,1,0,100,1,1,0.88,0.32659863237109,100,0.815986668055266,0.944013331944734,0.8,0.402015126103685,100,0.721205035283678,0.878794964716322
"primary_controlled",100,100,"n=100, p=100","ar1_rho_0.5",10,"equal_width_4","parent_group_lasso_grpreg","equal_parent","grpreg_approximate_df_excluding_intercept",-0.1894016563147,0.128712270198763,100,-0.214629261273657,-0.164174051355742,0.328098137539057,0.178560849985258,100,0.293100210941946,0.363096064136168,-0.128800866827669,0.0790583563657503,100,-0.144296304675357,-0.113305428979982,0.615833645241927,0.214886694203316,100,0.573715853178077,0.657951437305777,0.29387658733123,0.0753750644784987,100,0.279103074693445,0.308650099969016,0.503034340659341,0.126448148048362,100,0.478250503641862,0.52781817767682,0.420536860636583,0.0816380440941516,100,0.404535803994129,0.436537917279036,10.14,0.402517331328978,100,10.0611066030595,10.2188933969405,10.39,0.665073854788498,100,10.2596455244615,10.5203544755385,10.14,0.402517331328978,100,10.0611066030595,10.2188933969405,41.56,2.66029541915399,100,41.0385820978458,42.0814179021542,9.34039643539599,2.77047115952929,100,8.79738408812825,9.88340878266374,1,0,100,1,1,1,0,100,1,1,0.88,0.32659863237109,100,0.815986668055266,0.944013331944734,0.7,0.460566186471838,100,0.60972902745152,0.79027097254848
"primary_controlled",100,100,"n=100, p=100","ar1_rho_0.5",10,"equal_width_4","parent_group_lasso_grpreg","sqrt_group_size","grpreg_approximate_df_excluding_intercept",-0.173333333333333,0.119676719389855,100,-0.196789970333745,-0.149876696332922,0.36087412707289,0.168455021957014,100,0.327856942769316,0.393891311376465,-0.121190860215054,0.0790359435708824,100,-0.136681905154947,-0.105699815275161,0.62533511184641,0.21466813166991,100,0.583260158039107,0.667410065653712,0.296088663626435,0.0768099059088506,100,0.281033922068301,0.31114340518457,0.52021912156471,0.12794351403809,100,0.495142192813244,0.545296050316175,0.424265779301652,0.079579611957258,100,0.40866817535803,0.439863383245275,10.14,0.402517331328978,100,10.0611066030595,10.2188933969405,10.21,0.518252697615612,100,10.1084224712673,10.3115775287327,10.14,0.402517331328978,100,10.0611066030595,10.2188933969405,40.84,2.07301079046245,100,40.4336898850694,41.2463101149306,7.72805650671136,1.94896928166889,100,7.34605852750426,8.11005448591846,1,0,100,1,1,1,0,100,1,1,0.88,0.32659863237109,100,0.815986668055266,0.944013331944734,0.84,0.368452949177471,100,0.767783221961216,0.912216778038784
"primary_controlled",100,100,"n=100, p=100","ar1_rho_0.5",10,"quantile_2","component_lasso_glmnet","not_applicable","active_coefficient_count_proxy_excluding_intercept",-0.0775151515151516,0.0874485677594257,100,-0.094655070795999,-0.0603752322343041,0.262472450071661,0.138805000979418,100,0.235266669879695,0.289678230263627,-0.0466045943304008,0.0573594637749108,100,-0.0578470492302833,-0.0353621394305183,0.371776317628156,0.145195015033145,100,0.34331809468166,0.400234540574653,0.46394459144508,0.0611928237439395,100,0.451950797991267,0.475938384898892,0.680278554778555,0.125225062906094,100,0.65573444244896,0.704822667108149,0.61200843990814,0.0934745198013063,100,0.593687434027084,0.630329445789196,10.14,0.402517331328978,100,10.0611066030595,10.2188933969405,10.21,0.498381217928443,100,10.112317281286,10.307682718714,10.14,0.402517331328978,100,10.0611066030595,10.2188933969405,12.83,1.42881599638132,100,12.5499520647093,13.1100479352907,12.83,1.42881599638132,100,12.5499520647093,13.1100479352907,1,0,100,1,1,1,0,100,1,1,0.88,0.32659863237109,100,0.815986668055266,0.944013331944734,0.83,0.377525168068637,100,0.756005067058547,0.903994932941453
"primary_controlled",100,100,"n=100, p=100","ar1_rho_0.5",10,"quantile_2","parent_group_lasso_grpreg","equal_parent","grpreg_approximate_df_excluding_intercept",-0.0814935064935065,0.0965552440741373,100,-0.100418334332037,-0.0625686786549756,0.169981371633751,0.129641537611235,100,0.14457163026195,0.195391113005553,-0.049133064516129,0.0568250678527195,100,-0.060270777815262,-0.037995351216996,0.282893862375681,0.122864064831809,100,0.258812505668646,0.306975219082716,0.41694954404005,0.0638238770831506,100,0.404440064131753,0.429459023948348,0.690448051948052,0.135394406481381,100,0.663910748277701,0.716985355618403,0.569827501386499,0.0913906342462551,100,0.551914937074233,0.587740065698765,10.14,0.402517331328978,100,10.0611066030595,10.2188933969405,10.11,0.31446603773522,100,10.0483646566039,10.1716353433961,10.14,0.402517331328978,100,10.0611066030595,10.2188933969405,20.22,0.62893207547044,100,20.0967293132078,20.3432706867922,4.91519259519479,1.20741783852851,100,4.6785386988432,5.15184649154637,1,0,100,1,1,1,0,100,1,1,0.88,0.32659863237109,100,0.815986668055266,0.944013331944734,0.89,0.31446603773522,100,0.828364656603897,0.951635343396103
"primary_controlled",100,100,"n=100, p=100","ar1_rho_0.5",10,"quantile_2","parent_group_lasso_grpreg","sqrt_group_size","grpreg_approximate_df_excluding_intercept",-0.0814935064935065,0.0965552440741373,100,-0.100418334332037,-0.0625686786549756,0.169981371633752,0.129641537611235,100,0.14457163026195,0.195391113005554,-0.049133064516129,0.0568250678527195,100,-0.060270777815262,-0.037995351216996,0.282893862375681,0.122864064831809,100,0.258812505668646,0.306975219082716,0.416947833166005,0.0638229483765157,100,0.404438535284208,0.429457131047802,0.690448051948052,0.135394406481381,100,0.663910748277701,0.716985355618403,0.569827501386499,0.0913906342462551,100,0.551914937074233,0.587740065698765,10.14,0.402517331328978,100,10.0611066030595,10.2188933969405,10.11,0.31446603773522,100,10.0483646566039,10.1716353433961,10.14,0.402517331328978,100,10.0611066030595,10.2188933969405,20.22,0.62893207547044,100,20.0967293132078,20.3432706867922,4.91519259519479,1.20741783852851,100,4.6785386988432,5.15184649154637,1,0,100,1,1,1,0,100,1,1,0.88,0.32659863237109,100,0.815986668055266,0.944013331944734,0.89,0.31446603773522,100,0.828364656603897,0.951635343396103
"primary_controlled",100,100,"n=100, p=100","ar1_rho_0.5",10,"quantile_4","component_lasso_glmnet","not_applicable","active_coefficient_count_proxy_excluding_intercept",-0.206380952380952,0.111235674703311,100,-0.228183144622801,-0.184578760139103,0.507618826793864,0.175491117852501,100,0.473222567694773,0.542015085892954,-0.138573924731183,0.0784560846938924,100,-0.153951317331186,-0.12319653213118,0.784722157180823,0.216761772973257,100,0.742236849678065,0.827207464683582,0.285183494868141,0.0591511391412178,100,0.273589871596462,0.296777118139819,0.479786856933916,0.122662814264065,100,0.455744945338159,0.503828768529673,0.408113127459848,0.0839594034184339,100,0.391657084389835,0.424569170529861,10.14,0.402517331328978,100,10.0611066030595,10.2188933969405,10.25,0.5,100,10.152,10.348,10.14,0.402517331328978,100,10.0611066030595,10.2188933969405,12.29,1.26566946392776,100,12.0419287850702,12.5380712149298,12.29,1.26566946392776,100,12.0419287850702,12.5380712149298,1,0,100,1,1,1,0,100,1,1,0.88,0.32659863237109,100,0.815986668055266,0.944013331944734,0.78,0.416333199893227,100,0.698398692820928,0.861601307179072
"primary_controlled",100,100,"n=100, p=100","ar1_rho_0.5",10,"quantile_4","parent_group_lasso_grpreg","equal_parent","grpreg_approximate_df_excluding_intercept",-0.18817316017316,0.118366072162163,100,-0.211372910316944,-0.164973410029376,0.319760292324029,0.179014947559392,100,0.284673362602388,0.35484722204567,-0.132969086021505,0.0736829688490023,100,-0.14741094791591,-0.118527224127101,0.613701994267216,0.197323768715398,100,0.575026535598998,0.652377452935434,0.290987213927254,0.0703775839926539,100,0.277193207464694,0.304781220389814,0.502150787121375,0.135382962813347,100,0.475615726409959,0.528685847832791,0.41164989796643,0.0841300719117877,100,0.39516040387172,0.428139392061141,10.14,0.402517331328978,100,10.0611066030595,10.2188933969405,10.2,0.471404520791032,100,10.107604713925,10.292395286075,10.14,0.402517331328978,100,10.0611066030595,10.2188933969405,40.8,1.88561808316413,100,40.4304188556998,41.1695811443002,9.49104303334234,2.83419855716855,100,8.9355401161373,10.0465459505474,1,0,100,1,1,1,0,100,1,1,0.88,0.32659863237109,100,0.815986668055266,0.944013331944734,0.83,0.377525168068637,100,0.756005067058547,0.903994932941453
"primary_controlled",100,100,"n=100, p=100","ar1_rho_0.5",10,"quantile_4","parent_group_lasso_grpreg","sqrt_group_size","grpreg_approximate_df_excluding_intercept",-0.174614718614719,0.122431902814586,100,-0.198611371566378,-0.15061806566306,0.357365194461431,0.163009872652757,100,0.325415259421491,0.389315129501372,-0.125591397849462,0.0698365803407915,100,-0.139279367596257,-0.111903428102667,0.621205040276382,0.198112776159439,100,0.582374936149132,0.660035144403632,0.293383614364376,0.0697838946464012,100,0.279705971013681,0.307061257715071,0.511013664440135,0.12685486844785,100,0.486150110224356,0.535877218655914,0.420461291160123,0.0834300837034835,100,0.40410899475424,0.436813587566006,10.14,0.402517331328978,100,10.0611066030595,10.2188933969405,10.23,0.489382212074519,100,10.1340810864334,10.3259189135666,10.14,0.402517331328978,100,10.0611066030595,10.2188933969405,40.92,1.95752884829808,100,40.5363243457336,41.3036756542664,7.76632527690622,1.74872708201023,100,7.42357476883221,8.10907578498022,1,0,100,1,1,1,0,100,1,1,0.88,0.32659863237109,100,0.815986668055266,0.944013331944734,0.8,0.402015126103685,100,0.721205035283678,0.878794964716322
"primary_controlled",100,100,"n=100, p=100","ar1_rho_0.5",10,"quantile_8","component_lasso_glmnet","not_applicable","active_coefficient_count_proxy_excluding_intercept",-0.372127799736495,0.140818945626268,100,-0.399728313079244,-0.344527286393747,0.763826786474558,0.206923018776307,100,0.723269874794402,0.804383698154714,-0.249144428152493,0.0888724666798019,100,-0.266563431621734,-0.231725424683251,1.18262787108287,0.232481560951992,100,1.13706148513628,1.22819425702946,0.187379037414635,0.074881188882602,100,0.172702324393645,0.202055750435625,0.278062046140994,0.0962776784082946,100,0.259191621172968,0.296932471109019,0.289827408620418,0.08090498702422,100,0.273970031163671,0.305684786077165,10.14,0.402517331328978,100,10.0611066030595,10.2188933969405,10.28,0.55194788218315,100,10.1718182150921,10.3881817849079,10.14,0.402517331328978,100,10.0611066030595,10.2188933969405,11.52,1.36685142875253,100,11.2520971199645,11.7879028800355,11.52,1.36685142875253,100,11.2520971199645,11.7879028800355,1,0,100,1,1,1,0,100,1,1,0.88,0.32659863237109,100,0.815986668055266,0.944013331944734,0.76,0.429234695990928,100,0.675869999585778,0.844130000414222
"primary_controlled",100,100,"n=100, p=100","ar1_rho_0.5",10,"quantile_8","parent_group_lasso_grpreg","equal_parent","grpreg_approximate_df_excluding_intercept",-0.296375682288726,0.120988953820012,100,-0.320089517237448,-0.272661847340003,0.524263061829876,0.202130728732829,100,0.484645438998241,0.56388068466151,-0.204877321603128,0.0955193370010185,100,-0.223599111655328,-0.186155531550928,0.91675381718276,0.255038498608497,100,0.866766271455495,0.966741362910026,0.228446136574854,0.0744195472060933,100,0.21385990532246,0.243032367827248,0.357593513856285,0.112574022186977,100,0.335529005507637,0.379658022204932,0.32561486112012,0.0693740058092013,100,0.312017555981517,0.339212166258724,10.14,0.402517331328978,100,10.0611066030595,10.2188933969405,10.37,0.613896316057269,100,10.2496763220528,10.4903236779472,10.14,0.402517331328978,100,10.0611066030595,10.2188933969405,82.96,4.91117052845816,100,81.9974105764222,83.9225894235778,15.0106231755725,3.54798570209831,100,14.3152179779612,15.7060283731838,1,0,100,1,1,1,0,100,1,1,0.88,0.32659863237109,100,0.815986668055266,0.944013331944734,0.69,0.464823198711732,100,0.598894653052501,0.781105346947499
"primary_controlled",100,100,"n=100, p=100","ar1_rho_0.5",10,"quantile_8","parent_group_lasso_grpreg","sqrt_group_size","grpreg_approximate_df_excluding_intercept",-0.274601731601732,0.123872378180154,100,-0.298880717725042,-0.250322745478421,0.561738894102596,0.206264632085826,100,0.521311026213774,0.602166761991418,-0.201694281524927,0.0945378872420482,100,-0.220223707424368,-0.183164855625485,0.91897298018293,0.25415015829472,100,0.869159549157165,0.968786411208696,0.229115225013382,0.0750293302891543,100,0.214409476276707,0.243820973750056,0.378273680567798,0.121202195594905,100,0.354518050231197,0.4020293109044,0.328514911136869,0.0733421286697519,100,0.314139853917597,0.34288996835614,10.14,0.402517331328978,100,10.0611066030595,10.2188933969405,10.35,0.592461054424762,100,10.2338776333327,10.4661223666673,10.14,0.402517331328978,100,10.0611066030595,10.2188933969405,82.8,4.7396884353981,100,81.871021066662,83.728978933338,11.1118977271508,2.95461363361078,100,10.5327934549631,11.6910019993385,1,0,100,1,1,1,0,100,1,1,0.88,0.32659863237109,100,0.815986668055266,0.944013331944734,0.71,0.456048021572069,100,0.620614587771875,0.799385412228125
"primary_controlled",100,100,"n=100, p=100","ar1_rho_0.9",10,"equal_width_4","component_lasso_glmnet","not_applicable","active_coefficient_count_proxy_excluding_intercept",-0.189285714285714,0.134290540767165,100,-0.215606660276079,-0.16296476829535,0.601306472338246,0.227525271979614,100,0.556711519030242,0.645901425646251,-0.19483064516129,0.137508210654357,100,-0.221782254449544,-0.167879035873036,0.816976238231677,0.206616187742941,100,0.776479465434061,0.857473011029293,0.201327887674996,0.0639669225912856,100,0.188790370847104,0.213865404502888,0.246729515625413,0.102453902919062,100,0.226648550653277,0.26681048059755,0.278606265425857,0.0753376691411209,100,0.263840082274197,0.293372448577516,10.08,0.272659924344291,100,10.0265586548285,10.1334413451715,10.22,0.504124403437697,100,10.1211916169262,10.3188083830738,10.08,0.272659924344291,100,10.0265586548285,10.1334413451715,11.4,1.31040898851149,100,11.1431598382517,11.6568401617483,11.4,1.31040898851149,100,11.1431598382517,11.6568401617483,1,0,100,1,1,1,0,100,1,1,0.92,0.272659924344291,100,0.866558654828519,0.973441345171481,0.82,0.386122919665369,100,0.744319907745588,0.895680092254412
"primary_controlled",100,100,"n=100, p=100","ar1_rho_0.9",10,"equal_width_4","parent_group_lasso_grpreg","equal_parent","grpreg_approximate_df_excluding_intercept",-0.118502164502164,0.12003767245762,100,-0.142029548303858,-0.094974780700471,0.220095261399323,0.154435184695655,100,0.189825965198974,0.250364557599671,-0.159843475073314,0.122164619009771,100,-0.183787740399229,-0.135899209747399,0.491375610715131,0.18406524363094,100,0.455298822963467,0.527452398466795,0.238311311705666,0.074302729110799,100,0.22374797679995,0.252874646611383,0.40497872608128,0.147968047434773,100,0.375976988784065,0.433980463378496,0.341751028638493,0.0895756761935868,100,0.32419419610455,0.359307861172436,10.08,0.272659924344291,100,10.0265586548285,10.1334413451715,10.2,0.426401432711221,100,10.1164253191886,10.2835746808114,10.08,0.272659924344291,100,10.0265586548285,10.1334413451715,40.8,1.70560573084488,100,40.4657012767544,41.1342987232456,8.88179417260552,2.34044270607058,100,8.42306740221568,9.34052094299535,1,0,100,1,1,1,0,100,1,1,0.92,0.272659924344291,100,0.866558654828519,0.973441345171481,0.81,0.394277244403663,100,0.732721660096882,0.887278339903118
"primary_controlled",100,100,"n=100, p=100","ar1_rho_0.9",10,"equal_width_4","parent_group_lasso_grpreg","sqrt_group_size","grpreg_approximate_df_excluding_intercept",-0.108064935064935,0.122918571852186,100,-0.132156975147964,-0.0839728949819065,0.286377135505375,0.158189390895236,100,0.255372014889909,0.317382256120841,-0.148100806451613,0.115375899547127,100,-0.17071448276285,-0.125487130140376,0.497342082036851,0.185359729134951,100,0.461011575126401,0.533672588947302,0.238136973340224,0.0753518345190242,100,0.223368013774495,0.252905932905953,0.428410969491465,0.143439420700524,100,0.400296843034162,0.456525095948768,0.351606964120067,0.0861204651059061,100,0.334727352959309,0.368486575280825,10.08,0.272659924344291,100,10.0265586548285,10.1334413451715,10.17,0.427702341505507,100,10.0861703410649,10.2538296589351,10.08,0.272659924344291,100,10.0265586548285,10.1334413451715,40.68,1.71080936602203,100,40.3446813642597,41.0153186357403,6.86177803839729,1.80461399584263,100,6.50807369521214,7.21548238158245,1,0,100,1,1,1,0,100,1,1,0.92,0.272659924344291,100,0.866558654828519,0.973441345171481,0.85,0.358870281282637,100,0.779661424868603,0.920338575131397
"primary_controlled",100,100,"n=100, p=100","ar1_rho_0.9",10,"quantile_2","component_lasso_glmnet","not_applicable","active_coefficient_count_proxy_excluding_intercept",-0.0717878787878788,0.110799586711817,100,-0.0935045977833949,-0.0500711597923627,0.272746261766302,0.16911960044358,100,0.239598820079361,0.305893703453244,-0.0774341397849462,0.0858852512573948,100,-0.0942676490313956,-0.0606006305384969,0.335451825068808,0.159771030836707,100,0.304136703024813,0.366766947112803,0.410342195623489,0.0647379803165032,100,0.397653551481454,0.423030839765523,0.505486846486846,0.13220863307666,100,0.479573954403821,0.531399738569872,0.495107361821866,0.0978887938004052,100,0.475921158236986,0.514293565406745,10.08,0.272659924344291,100,10.0265586548285,10.1334413451715,10.17,0.403394686042433,100,10.0909346415357,10.2490653584643,10.08,0.272659924344291,100,10.0265586548285,10.1334413451715,11.38,1.02277104283442,100,11.1795368756045,11.5804631243955,11.38,1.02277104283442,100,11.1795368756045,11.5804631243955,1,0,100,1,1,1,0,100,1,1,0.92,0.272659924344291,100,0.866558654828519,0.973441345171481,0.84,0.368452949177471,100,0.767783221961216,0.912216778038784
"primary_controlled",100,100,"n=100, p=100","ar1_rho_0.9",10,"quantile_2","parent_group_lasso_grpreg","equal_parent","grpreg_approximate_df_excluding_intercept",-0.0544761904761905,0.0839302335928524,100,-0.0709265162603896,-0.0380258646919914,0.103476059676441,0.120827184413837,100,0.0797939315313292,0.127158187821553,-0.0723104838709677,0.084153743195546,100,-0.0888046175372948,-0.0558163502046407,0.240958941361419,0.12946189122134,100,0.215584410682037,0.266333472040802,0.384516745476525,0.0725845422890331,100,0.370290175187874,0.398743315765175,0.644736138861139,0.177669875991505,100,0.609912843166804,0.679559434555474,0.505490020456026,0.101638809393567,100,0.485568813814887,0.525411227097165,10.08,0.272659924344291,100,10.0265586548285,10.1334413451715,10.18,0.386122919665369,100,10.1043199077456,10.2556800922544,10.08,0.272659924344291,100,10.0265586548285,10.1334413451715,20.36,0.772245839330738,100,20.2086398154912,20.5113601845088,4.90855611405674,1.36830543018683,100,4.64036824974012,5.17674397837335,1,0,100,1,1,1,0,100,1,1,0.92,0.272659924344291,100,0.866558654828519,0.973441345171481,0.82,0.386122919665369,100,0.744319907745588,0.895680092254412
"primary_controlled",100,100,"n=100, p=100","ar1_rho_0.9",10,"quantile_2","parent_group_lasso_grpreg","sqrt_group_size","grpreg_approximate_df_excluding_intercept",-0.0517619047619048,0.0876214917993575,100,-0.0689357171545788,-0.0345880923692307,0.108948795383935,0.1153924796518,100,0.0863318693721818,0.131565721395687,-0.0657204301075269,0.0836178231310715,100,-0.0821095234412169,-0.0493313367738369,0.238187567763899,0.126281405521245,100,0.213436412281735,0.262938723246063,0.387546581209963,0.0708385842068894,100,0.373662218705413,0.401430943714513,0.652624833499833,0.176709722949303,100,0.61798972780177,0.687259939197897,0.510264093106072,0.095876445549455,100,0.491472309778379,0.529055876433765,10.08,0.272659924344291,100,10.0265586548285,10.1334413451715,10.14,0.348735088019777,100,10.0716479227481,10.2083520772519,10.08,0.272659924344291,100,10.0265586548285,10.1334413451715,20.28,0.697470176039554,100,20.1432958454962,20.4167041545038,4.73400603080897,1.17707987041348,100,4.50329837620792,4.96471368541001,1,0,100,1,1,1,0,100,1,1,0.92,0.272659924344291,100,0.866558654828519,0.973441345171481,0.86,0.348735088019777,100,0.791647922748124,0.928352077251876
"primary_controlled",100,100,"n=100, p=100","ar1_rho_0.9",10,"quantile_4","component_lasso_glmnet","not_applicable","active_coefficient_count_proxy_excluding_intercept",-0.134134199134199,0.118443809593835,100,-0.157349185814591,-0.110919212453808,0.445515028110459,0.191482732880564,100,0.407984412465869,0.48304564375505,-0.163132331378299,0.118686694267391,100,-0.186394923454708,-0.13986973930189,0.631328126255741,0.193896794511321,100,0.593324354531523,0.66933189797996,0.225319196494444,0.0654825972855035,100,0.212484607426486,0.238153785562403,0.360924938193901,0.133245442044369,100,0.334808831553205,0.387041044834597,0.323092458463978,0.0831078213897108,100,0.306803325471595,0.339381591456362,10.08,0.272659924344291,100,10.0265586548285,10.1334413451715,10.19,0.419114024647906,100,10.107853651169,10.272146348831,10.08,0.272659924344291,100,10.0265586548285,10.1334413451715,11.18,0.978351530469349,100,10.988243100028,11.371756899972,11.18,0.978351530469349,100,10.988243100028,11.371756899972,1,0,100,1,1,1,0,100,1,1,0.92,0.272659924344291,100,0.866558654828519,0.973441345171481,0.82,0.386122919665369,100,0.744319907745588,0.895680092254412
"primary_controlled",100,100,"n=100, p=100","ar1_rho_0.9",10,"quantile_4","parent_group_lasso_grpreg","equal_parent","grpreg_approximate_df_excluding_intercept",-0.130891774891775,0.119047937382057,100,-0.154225170618658,-0.107558379164892,0.229466334887331,0.17106657347863,100,0.195937286485519,0.262995383289142,-0.165145772238514,0.114085161595566,100,-0.187506463911245,-0.142785080565783,0.497197291802121,0.17918581146117,100,0.462076872755732,0.53231771084851,0.238728357791913,0.0724592578238993,100,0.224526343258428,0.252930372325397,0.423658601202719,0.130099468044775,100,0.398159105465943,0.449158096939495,0.336044526109443,0.0862270727831397,100,0.319144019843948,0.352945032374938,10.08,0.272659924344291,100,10.0265586548285,10.1334413451715,10.15,0.385992097056273,100,10.074345548977,10.225654451023,10.08,0.272659924344291,100,10.0265586548285,10.1334413451715,40.6,1.54396838822509,100,40.2973821959079,40.9026178040921,8.70100054899491,2.39815414925076,100,8.23096233574176,9.17103876224806,1,0,100,1,1,1,0,100,1,1,0.92,0.272659924344291,100,0.866558654828519,0.973441345171481,0.86,0.348735088019777,100,0.791647922748124,0.928352077251876
"primary_controlled",100,100,"n=100, p=100","ar1_rho_0.9",10,"quantile_4","parent_group_lasso_grpreg","sqrt_group_size","grpreg_approximate_df_excluding_intercept",-0.129316017316017,0.113685855595888,100,-0.151598445012811,-0.107033589619223,0.291628948312783,0.164478594226861,100,0.259391143844319,0.323866752781248,-0.157990591397849,0.116330977713653,100,-0.180791463029725,-0.135189719765973,0.501984927122604,0.177675650369184,100,0.467160499650244,0.536809354594964,0.240606066543814,0.0690663283562273,100,0.227069066185993,0.254143066901634,0.430759696186167,0.130849204321594,100,0.405113252139134,0.456406140233199,0.343286588344557,0.0860980598707275,100,0.326411368609895,0.36016180807922,10.08,0.272659924344291,100,10.0265586548285,10.1334413451715,10.2,0.426401432711221,100,10.1164253191886,10.2835746808114,10.08,0.272659924344291,100,10.0265586548285,10.1334413451715,40.8,1.70560573084488,100,40.4657012767544,41.1342987232456,6.8245906705035,1.83766851710493,100,6.46440764115094,7.18477369985607,1,0,100,1,1,1,0,100,1,1,0.92,0.272659924344291,100,0.866558654828519,0.973441345171481,0.81,0.394277244403663,100,0.732721660096882,0.887278339903118
"primary_controlled",100,100,"n=100, p=100","ar1_rho_0.9",10,"quantile_8","component_lasso_glmnet","not_applicable","active_coefficient_count_proxy_excluding_intercept",-0.19874025974026,0.136874311879345,100,-0.225567624868611,-0.171912894611908,0.66368267790862,0.242346601525453,100,0.616182744009631,0.711182611807608,-0.223008041926448,0.123083862769116,100,-0.247132479029195,-0.198883604823701,0.955649106772228,0.228637540640853,100,0.91083614880662,1.00046206473783,0.14822297624812,0.0693904824696286,100,0.134622441684073,0.161823510812167,0.232846294658214,0.0974809502408097,100,0.213740028411015,0.251952560905413,0.238671074156565,0.0649322907485229,100,0.225944345169854,0.251397803143275,10.08,0.272659924344291,100,10.0265586548285,10.1334413451715,10.27,0.565953205047052,100,10.1590731718108,10.3809268281892,10.08,0.272659924344291,100,10.0265586548285,10.1334413451715,11.34,1.16532390260382,100,11.1115965150897,11.5684034849103,11.34,1.16532390260382,100,11.1115965150897,11.5684034849103,1,0,100,1,1,1,0,100,1,1,0.92,0.272659924344291,100,0.866558654828519,0.973441345171481,0.79,0.409360180740332,100,0.709765404574895,0.870234595425105
"primary_controlled",100,100,"n=100, p=100","ar1_rho_0.9",10,"quantile_8","parent_group_lasso_grpreg","equal_parent","grpreg_approximate_df_excluding_intercept",-0.169337662337662,0.127914363332565,100,-0.194408877550845,-0.14426644712448,0.368158551240483,0.18232480975603,100,0.332422888528301,0.403894213952665,-0.198445381231672,0.130962837224628,100,-0.224114097327699,-0.172776665135644,0.677530520603227,0.204278110106806,100,0.637492011022293,0.717569030184161,0.192826362176316,0.0759435733432079,100,0.177941421801047,0.207711302551584,0.324708530848237,0.108234390266548,100,0.303494590355993,0.34592247134048,0.275664522482078,0.0807206111444293,100,0.25984328269777,0.291485762266386,10.08,0.272659924344291,100,10.0265586548285,10.1334413451715,10.34,0.669991708074726,100,10.2086816252174,10.4713183747826,10.08,0.272659924344291,100,10.0265586548285,10.1334413451715,82.72,5.35993366459781,100,81.6694530017388,83.7705469982612,13.7862725755299,3.58541849679426,100,13.0835305501582,14.4890146009016,1,0,100,1,1,1,0,100,1,1,0.92,0.272659924344291,100,0.866558654828519,0.973441345171481,0.74,0.440844002276808,100,0.653594575553746,0.826405424446254
"primary_controlled",100,100,"n=100, p=100","ar1_rho_0.9",10,"quantile_8","parent_group_lasso_grpreg","sqrt_group_size","grpreg_approximate_df_excluding_intercept",-0.162792207792208,0.131138765192969,100,-0.18849540577003,-0.137089009814386,0.412881414956758,0.190334131484126,100,0.375575925185869,0.450186904727647,-0.197497311827957,0.131465305120261,100,-0.223264511631528,-0.171730112024386,0.683724358359993,0.205881514210928,100,0.643371581574651,0.724077135145335,0.192728882907984,0.0762076748984129,100,0.177792178627895,0.207665587188073,0.335791619886821,0.123035295146076,100,0.31167670203819,0.359906537735452,0.276847250107491,0.0799488716132685,100,0.26117727127129,0.292517228943692,10.08,0.272659924344291,100,10.0265586548285,10.1334413451715,10.21,0.456048021572069,100,10.1206145877719,10.2993854122281,10.08,0.272659924344291,100,10.0265586548285,10.1334413451715,81.68,3.64838417257655,100,80.964916702175,82.395083297825,10.9004339151437,3.08149914736214,100,10.2964600822607,11.5044077480267,1,0,100,1,1,1,0,100,1,1,0.92,0.272659924344291,100,0.866558654828519,0.973441345171481,0.81,0.394277244403663,100,0.732721660096882,0.887278339903118
"primary_controlled",100,100,"n=100, p=100","block",10,"equal_width_4","component_lasso_glmnet","not_applicable","active_coefficient_count_proxy_excluding_intercept",-0.223614718614719,0.133343815764553,100,-0.249750106504571,-0.197479330724866,0.599519702451868,0.194296867220891,100,0.561437516476573,0.637601888427162,-0.188833944281525,0.094220517878413,100,-0.207301165785694,-0.170366722777356,0.806192904634226,0.249046276939342,100,0.757379834354115,0.855005974914337,0.204126573360346,0.0725616492254239,100,0.189904490112163,0.218348656608529,0.291518196414868,0.108847934140338,100,0.270184001323362,0.312852391506374,0.302249447199976,0.0676611450372589,100,0.288987862772674,0.315511031627279,10.13,0.366666666666667,100,10.0581333333333,10.2018666666667,10.15,0.411329453348431,100,10.0693794271437,10.2306205728563,10.13,0.366666666666667,100,10.0581333333333,10.2018666666667,11.16,1.04175454174797,100,10.9558161098174,11.3641838901826,11.16,1.04175454174797,100,10.9558161098174,11.3641838901826,1,0,100,1,1,1,0,100,1,1,0.88,0.32659863237109,100,0.815986668055266,0.944013331944734,0.87,0.337997668989631,100,0.803752456878032,0.936247543121968
"primary_controlled",100,100,"n=100, p=100","block",10,"equal_width_4","parent_group_lasso_grpreg","equal_parent","grpreg_approximate_df_excluding_intercept",-0.126783738001129,0.121706021516302,100,-0.150638118218324,-0.102929357783934,0.221834343459548,0.14898831904155,100,0.192632632927404,0.251036053991692,-0.133693670576735,0.0838327094367836,100,-0.150124881626345,-0.117262459527126,0.447464504282521,0.189636840903057,100,0.410295683465522,0.484633325099521,0.258628806391521,0.0699896887049876,100,0.244910827405344,0.272346785377699,0.437999278499278,0.126692844333194,100,0.413167481009973,0.462831075988584,0.387932237327439,0.0840211920595364,100,0.37146408368377,0.404400390971109,10.13,0.366666666666667,100,10.0581333333333,10.2018666666667,10.29,0.624338033278432,100,10.1676297454774,10.4123702545226,10.13,0.366666666666667,100,10.0581333333333,10.2018666666667,41.16,2.49735213311373,100,40.6705189819097,41.6494810180903,9.21233866170921,2.62100997641535,100,8.69862070633181,9.72605661708662,1,0,100,1,1,1,0,100,1,1,0.88,0.32659863237109,100,0.815986668055266,0.944013331944734,0.78,0.416333199893227,100,0.698398692820928,0.861601307179072
"primary_controlled",100,100,"n=100, p=100","block",10,"equal_width_4","parent_group_lasso_grpreg","sqrt_group_size","grpreg_approximate_df_excluding_intercept",-0.114975719932242,0.115312632169394,100,-0.137576995837443,-0.0923744440270405,0.274514922220606,0.156607237419043,100,0.243819903686473,0.305209940754738,-0.124329301075269,0.0860280208390258,100,-0.141190793159718,-0.10746780899082,0.455539110471927,0.198546549885147,100,0.416623986694438,0.494454234249416,0.263082239168063,0.0719924779481162,100,0.248971713490232,0.277192764845894,0.476785219682278,0.141504338159704,100,0.449050369402976,0.50452006996158,0.396680070981235,0.082551317547196,100,0.380500012741984,0.412860129220485,10.13,0.366666666666667,100,10.0581333333333,10.2018666666667,10.24,0.514830559553826,100,10.1390932103275,10.3409067896725,10.13,0.366666666666667,100,10.0581333333333,10.2018666666667,40.96,2.0593222382153,100,40.5563728413098,41.3636271586902,7.2202738181285,2.2077371613918,100,6.78755733449571,7.65299030176129,1,0,100,1,1,1,0,100,1,1,0.88,0.32659863237109,100,0.815986668055266,0.944013331944734,0.79,0.409360180740332,100,0.709765404574895,0.870234595425105
"primary_controlled",100,100,"n=100, p=100","block",10,"quantile_2","component_lasso_glmnet","not_applicable","active_coefficient_count_proxy_excluding_intercept",-0.079982683982684,0.101726979928376,100,-0.0999211720486456,-0.0600441959167223,0.26048561581733,0.1623731980201,100,0.22866046900539,0.29231076262927,-0.0744704301075269,0.0864377141921841,100,-0.091412222089195,-0.0575286381258588,0.2933019210284,0.155627928057171,100,0.262798847129195,0.323804994927606,0.424605580136944,0.0675972858816256,100,0.411356512104146,0.437854648169743,0.545658806879395,0.14112735737445,100,0.517997844834003,0.573319768924787,0.521567686915532,0.0902935916055658,100,0.503870142960841,0.539265230870223,10.13,0.366666666666667,100,10.0581333333333,10.2018666666667,10.25,0.435194139889245,100,10.1647019485817,10.3352980514183,10.13,0.366666666666667,100,10.0581333333333,10.2018666666667,11.76,1.18167831340159,100,11.5283910505733,11.9916089494267,11.76,1.18167831340159,100,11.5283910505733,11.9916089494267,1,0,100,1,1,1,0,100,1,1,0.88,0.32659863237109,100,0.815986668055266,0.944013331944734,0.75,0.435194139889245,100,0.664701948581708,0.835298051418292
"primary_controlled",100,100,"n=100, p=100","block",10,"quantile_2","parent_group_lasso_grpreg","equal_parent","grpreg_approximate_df_excluding_intercept",-0.0295064935064935,0.0819961416972615,100,-0.0455777372791568,-0.0134352497338303,0.101864056424885,0.112799229482385,100,0.0797554074463377,0.123972705403433,-0.0548791903858317,0.0902811739730767,100,-0.0725743004845548,-0.0371840802871087,0.192395048045094,0.110506695675949,100,0.170735735692608,0.21405436039758,0.398402963968062,0.0680031873998745,100,0.385074339237686,0.411731588698437,0.681710789210789,0.147503869489698,100,0.652800030790809,0.71062154763077,0.539443683189485,0.10018016778047,100,0.519808370304513,0.559078996074457,10.13,0.366666666666667,100,10.0581333333333,10.2018666666667,10.14,0.348735088019777,100,10.0716479227481,10.2083520772519,10.13,0.366666666666667,100,10.0581333333333,10.2018666666667,20.28,0.697470176039554,100,20.1432958454962,20.4167041545038,4.80685315809099,1.42029030038005,100,4.5284762592165,5.08523005696548,1,0,100,1,1,1,0,100,1,1,0.88,0.32659863237109,100,0.815986668055266,0.944013331944734,0.86,0.348735088019777,100,0.791647922748124,0.928352077251876
"primary_controlled",100,100,"n=100, p=100","block",10,"quantile_2","parent_group_lasso_grpreg","sqrt_group_size","grpreg_approximate_df_excluding_intercept",-0.0312683982683983,0.0797455931312934,100,-0.0468985345221318,-0.0156382620146648,0.107736701756207,0.113947394349187,100,0.085403012463766,0.130070391048647,-0.0536774193548387,0.0885233658040152,100,-0.0710279990524257,-0.0363268396572517,0.191115338660263,0.112115496139465,100,0.169140701416927,0.213089975903598,0.400304238017494,0.0691761619158896,100,0.386745710281979,0.413862765753008,0.684210789210789,0.150755718028935,100,0.654662668477118,0.71375890994446,0.541018908771385,0.100372739879428,100,0.521345851755017,0.560691965787753,10.13,0.366666666666667,100,10.0581333333333,10.2018666666667,10.13,0.337997668989631,100,10.063752456878,10.196247543122,10.13,0.366666666666667,100,10.0581333333333,10.2018666666667,20.26,0.675995337979262,100,20.1275049137561,20.3924950862439,4.67400871380204,1.26438521899268,100,4.42618921087948,4.92182821672461,1,0,100,1,1,1,0,100,1,1,0.88,0.32659863237109,100,0.815986668055266,0.944013331944734,0.87,0.337997668989631,100,0.803752456878032,0.936247543121968
"primary_controlled",100,100,"n=100, p=100","block",10,"quantile_4","component_lasso_glmnet","not_applicable","active_coefficient_count_proxy_excluding_intercept",-0.142484848484848,0.120480557865056,100,-0.166099037826399,-0.118870659143298,0.437024809445492,0.178207365129511,100,0.402096165880107,0.471953453010876,-0.146570675924329,0.0980891796509093,100,-0.165796155135907,-0.12734519671275,0.585215461501636,0.201914955121397,100,0.545640130297842,0.624790792705429,0.244664157313096,0.0711251718996371,100,0.230723623620767,0.258604691005424,0.414097293616256,0.129602810477909,100,0.388695142762586,0.439499444469927,0.356281677913626,0.0841711969497421,100,0.339784123311477,0.372779232515775,10.13,0.366666666666667,100,10.0581333333333,10.2018666666667,10.2,0.471404520791032,100,10.107604713925,10.292395286075,10.13,0.366666666666667,100,10.0581333333333,10.2018666666667,11.48,1.25914834132224,100,11.2332069251008,11.7267930748992,11.48,1.25914834132224,100,11.2332069251008,11.7267930748992,1,0,100,1,1,1,0,100,1,1,0.88,0.32659863237109,100,0.815986668055266,0.944013331944734,0.83,0.377525168068637,100,0.756005067058547,0.903994932941453
"primary_controlled",100,100,"n=100, p=100","block",10,"quantile_4","parent_group_lasso_grpreg","equal_parent","grpreg_approximate_df_excluding_intercept",-0.125770562770563,0.122297066796104,100,-0.149740787862599,-0.101800337678526,0.211146886941375,0.142331019672911,100,0.183250007085485,0.239043766797266,-0.132081256109482,0.0991231784063192,100,-0.15150939907712,-0.112653113141843,0.467263318384977,0.190325003506465,100,0.42995961769771,0.504567019072244,0.253975758871366,0.077834894125164,100,0.238720119622834,0.269231398119898,0.456210407239819,0.121283925788955,100,0.432438757785184,0.479982056694454,0.373032160025494,0.085491836428212,100,0.356275760085565,0.389788559965424,10.13,0.366666666666667,100,10.0581333333333,10.2018666666667,10.24,0.514830559553826,100,10.1390932103275,10.3409067896725,10.13,0.366666666666667,100,10.0581333333333,10.2018666666667,40.96,2.0593222382153,100,40.5563728413098,41.3636271586902,9.46122843437876,2.74445642213139,100,8.92331497564101,9.99914189311651,1,0,100,1,1,1,0,100,1,1,0.88,0.32659863237109,100,0.815986668055266,0.944013331944734,0.8,0.402015126103685,100,0.721205035283678,0.878794964716322
"primary_controlled",100,100,"n=100, p=100","block",10,"quantile_4","parent_group_lasso_grpreg","sqrt_group_size","grpreg_approximate_df_excluding_intercept",-0.121056277056277,0.123623428492994,100,-0.145286469040904,-0.0968260850716502,0.267922476264571,0.141331701429242,100,0.24022146278444,0.295623489744703,-0.124617790811339,0.0960993120538075,100,-0.143453255973885,-0.105782325648793,0.474317871526004,0.192714694761847,100,0.436545791352682,0.512089951699326,0.254046007818867,0.0778741365418702,100,0.23878267705666,0.269309338581073,0.469115758424582,0.135319654082241,100,0.442593106224463,0.495638410624701,0.375978225331604,0.0814956352476168,100,0.360005080823071,0.391951369840137,10.13,0.366666666666667,100,10.0581333333333,10.2018666666667,10.19,0.419114024647906,100,10.107853651169,10.272146348831,10.13,0.366666666666667,100,10.0581333333333,10.2018666666667,40.76,1.67645609859162,100,40.431414604676,41.088585395324,7.30299371522527,1.83494414185305,100,6.94334466342207,7.66264276702847,1,0,100,1,1,1,0,100,1,1,0.88,0.32659863237109,100,0.815986668055266,0.944013331944734,0.82,0.386122919665369,100,0.744319907745588,0.895680092254412
"primary_controlled",100,100,"n=100, p=100","block",10,"quantile_8","component_lasso_glmnet","not_applicable","active_coefficient_count_proxy_excluding_intercept",-0.233164502164502,0.148743448152108,100,-0.262318218002315,-0.204010786326689,0.662271006406977,0.212513415385855,100,0.620618376991349,0.703923635822605,-0.229979048070841,0.113678341470516,100,-0.252260002999062,-0.20769809314262,0.938912882294279,0.268920817968378,100,0.886204401972477,0.991621362616082,0.149212292829736,0.0781628532031642,100,0.133892373601916,0.164532212057556,0.25631693817878,0.097090820682963,100,0.23728713732492,0.275346739032641,0.253537015375807,0.0696466777021851,100,0.239886266546179,0.267187764205435,10.13,0.366666666666667,100,10.0581333333333,10.2018666666667,10.27,0.529054808029367,100,10.1663052576262,10.3736947423738,10.13,0.366666666666667,100,10.0581333333333,10.2018666666667,11.41,1.20684077096552,100,11.1734592088908,11.6465407911092,11.41,1.20684077096552,100,11.1734592088908,11.6465407911092,1,0,100,1,1,1,0,100,1,1,0.88,0.32659863237109,100,0.815986668055266,0.944013331944734,0.77,0.422952584681651,100,0.687101293402396,0.852898706597604
"primary_controlled",100,100,"n=100, p=100","block",10,"quantile_8","parent_group_lasso_grpreg","equal_parent","grpreg_approximate_df_excluding_intercept",-0.190635987201205,0.138775882484115,100,-0.217836060168091,-0.163435914234318,0.371912945741257,0.145866962569153,100,0.343323021077703,0.400502870404811,-0.183507942326491,0.111050347951015,100,-0.20527381052489,-0.161742074128092,0.670922045872131,0.233995020495873,100,0.62505902185494,0.716785069889322,0.195381199840918,0.0712805587682418,100,0.181410210322343,0.209352189359494,0.339412889784794,0.119220935214531,100,0.316045586482746,0.362780193086842,0.29052004677614,0.066454824477142,100,0.27749490117862,0.30354519237366,10.13,0.366666666666667,100,10.0581333333333,10.2018666666667,10.22,0.578748213776505,100,10.1065653500998,10.3334346499002,10.13,0.366666666666667,100,10.0581333333333,10.2018666666667,81.76,4.62998571021204,100,80.8525228007984,82.6674771992016,14.0647754945171,3.9117598980573,100,13.2980705544978,14.8314804345363,1,0,100,1,1,1,0,100,1,1,0.88,0.32659863237109,100,0.815986668055266,0.944013331944734,0.84,0.368452949177471,100,0.767783221961216,0.912216778038784
"primary_controlled",100,100,"n=100, p=100","block",10,"quantile_8","parent_group_lasso_grpreg","sqrt_group_size","grpreg_approximate_df_excluding_intercept",-0.169471861471861,0.12254011445688,100,-0.19348972390541,-0.145453999038313,0.42433599052129,0.1486844184712,100,0.395193844500935,0.453478136541645,-0.182438172043011,0.112185812603904,100,-0.204426591313376,-0.160449752772646,0.678076026023342,0.237637521652815,100,0.63149907177939,0.724652980267294,0.195011621897097,0.071026356843507,100,0.18109045595577,0.208932787838424,0.356230861845413,0.107267778560041,100,0.335206377247645,0.377255346443181,0.29024819011688,0.064458329326203,100,0.277614357568944,0.302882022664816,10.13,0.366666666666667,100,10.0581333333333,10.2018666666667,10.24,0.494821669744247,100,10.1430149527301,10.3369850472699,10.13,0.366666666666667,100,10.0581333333333,10.2018666666667,81.92,3.95857335795398,100,81.144119621841,82.695880378159,10.9492593169431,3.08172082173284,100,10.3452420358834,11.5532765980027,1,0,100,1,1,1,0,100,1,1,0.88,0.32659863237109,100,0.815986668055266,0.944013331944734,0.79,0.409360180740332,100,0.709765404574895,0.870234595425105
"primary_controlled",100,100,"n=100, p=100","independent",10,"equal_width_4","component_lasso_glmnet","not_applicable","active_coefficient_count_proxy_excluding_intercept",-0.258251082251082,0.130495431107903,100,-0.283828186748231,-0.232673977753933,0.696668278770028,0.213793336255248,100,0.654764784864,0.738571772676057,-0.152904692082111,0.092891707465547,100,-0.171111466745359,-0.134697917418864,1.05092589468209,0.217691697162108,100,1.00825832203831,1.09359346732586,0.270847477033927,0.0627785770046785,100,0.25854287594101,0.283152078126844,0.429926069415621,0.114748434381371,100,0.407435376276872,0.452416762554369,0.38200803576381,0.0740570856274544,100,0.367492846980829,0.396523224546791,10.07,0.256432399976243,100,10.0197392496047,10.1202607503953,10.31,0.525991127935317,100,10.2069057389247,10.4130942610753,10.07,0.256432399976243,100,10.0197392496047,10.1202607503953,12.64,1.61758018551343,100,12.3229542836394,12.9570457163606,12.64,1.61758018551343,100,12.3229542836394,12.9570457163606,1,0,100,1,1,1,0,100,1,1,0.93,0.256432399976243,100,0.879739249604656,0.980260750395344,0.72,0.451260859854213,100,0.631552871468574,0.808447128531426
"primary_controlled",100,100,"n=100, p=100","independent",10,"equal_width_4","parent_group_lasso_grpreg","equal_parent","grpreg_approximate_df_excluding_intercept",-0.192757575757576,0.119863578647426,100,-0.216250837172471,-0.16926431434268,0.405702735312997,0.194137363393235,100,0.367651812087923,0.443753658538071,-0.101264296187683,0.0719326274751061,100,-0.115363091172804,-0.0871655012025625,0.674436602219351,0.196812309698373,100,0.63586138951847,0.713011814920232,0.302462212727852,0.0623518168844807,100,0.290241256618493,0.31468316883721,0.51581351981352,0.117159526388482,100,0.492850252641377,0.538776786985662,0.420951134796588,0.0734877112607521,100,0.406547543389481,0.435354726203695,10.07,0.256432399976243,100,10.0197392496047,10.1202607503953,10.27,0.489382212074519,100,10.1740810864334,10.3659189135666,10.07,0.256432399976243,100,10.0197392496047,10.1202607503953,41.08,1.95752884829808,100,40.6963243457336,41.4636756542664,8.87544164899779,2.85391556697742,100,8.31607419787021,9.43480910012536,1,0,100,1,1,1,0,100,1,1,0.93,0.256432399976243,100,0.879739249604656,0.980260750395344,0.75,0.435194139889245,100,0.664701948581708,0.835298051418292
"primary_controlled",100,100,"n=100, p=100","independent",10,"equal_width_4","parent_group_lasso_grpreg","sqrt_group_size","grpreg_approximate_df_excluding_intercept",-0.181380952380952,0.117789816505646,100,-0.204467756416059,-0.158294148345846,0.430713502981057,0.186670475950157,100,0.394126089694827,0.467300916267288,-0.0933812316715542,0.0768990932003173,100,-0.108453453938816,-0.078309009404292,0.672842859119578,0.198405312322724,100,0.633955417904324,0.711730300334832,0.304439188588211,0.0598587297621868,100,0.292706877554822,0.316171499621599,0.517319430569431,0.115489352401142,100,0.494683517498807,0.539955343640054,0.428573884779804,0.0809758015467549,100,0.41270262767664,0.444445141882968,10.07,0.256432399976243,100,10.0197392496047,10.1202607503953,10.26,0.484507455822379,100,10.1650365386588,10.3549634613412,10.07,0.256432399976243,100,10.0197392496047,10.1202607503953,41.04,1.93802982328952,100,40.6601461546353,41.4198538453647,7.6817789911634,1.96461954520006,100,7.29671356030419,8.06684442202261,1,0,100,1,1,1,0,100,1,1,0.93,0.256432399976243,100,0.879739249604656,0.980260750395344,0.76,0.429234695990928,100,0.675869999585778,0.844130000414222
"primary_controlled",100,100,"n=100, p=100","independent",10,"quantile_2","component_lasso_glmnet","not_applicable","active_coefficient_count_proxy_excluding_intercept",-0.074407114624506,0.0873399314124451,100,-0.0915257411813452,-0.0572884880676667,0.287535452369648,0.175369293347449,100,0.253163070873548,0.321907833865748,-0.028158357771261,0.0448375238413448,100,-0.0369465124441646,-0.0193702030983574,0.360947956193963,0.128283492198417,100,0.335804391723074,0.386091520664853,0.479918477641913,0.0622416189598383,100,0.467719120325785,0.492117834958042,0.73450715950716,0.119831890125351,100,0.711020109042591,0.757994209971728,0.640157016513388,0.0913206247900207,100,0.622258174054544,0.658055858972232,10.07,0.256432399976243,100,10.0197392496047,10.1202607503953,10.2,0.512470743190538,100,10.0995557343347,10.3004442656653,10.07,0.256432399976243,100,10.0197392496047,10.1202607503953,13.03,1.52059929706094,100,12.7319625377761,13.3280374622239,13.03,1.52059929706094,100,12.7319625377761,13.3280374622239,1,0,100,1,1,1,0,100,1,1,0.93,0.256432399976243,100,0.879739249604656,0.980260750395344,0.84,0.368452949177471,100,0.767783221961216,0.912216778038784
"primary_controlled",100,100,"n=100, p=100","independent",10,"quantile_2","parent_group_lasso_grpreg","equal_parent","grpreg_approximate_df_excluding_intercept",-0.0824112554112554,0.0911921003297744,100,-0.100284907075891,-0.0645376037466197,0.208913011830804,0.160450837773545,100,0.177464647627189,0.240361376034418,-0.0295927419354839,0.0462281521348724,100,-0.0386534597539188,-0.0205320241170489,0.287925373537887,0.114839902169238,100,0.265416752712717,0.310433994363058,0.429649500296533,0.0659778557281741,100,0.416717840573811,0.442581160019255,0.713770396270396,0.124691310021586,100,0.689330899506165,0.738209893034627,0.595144447062738,0.0938040179045553,100,0.576758859553445,0.613530034572031,10.07,0.256432399976243,100,10.0197392496047,10.1202607503953,10.21,0.456048021572069,100,10.1206145877719,10.2993854122281,10.07,0.256432399976243,100,10.0197392496047,10.1202607503953,20.42,0.912096043144137,100,20.2412291755438,20.5987708244563,5.09014927306281,1.2777184123819,100,4.83971646423596,5.34058208188966,1,0,100,1,1,1,0,100,1,1,0.93,0.256432399976243,100,0.879739249604656,0.980260750395344,0.81,0.394277244403663,100,0.732721660096882,0.887278339903118
"primary_controlled",100,100,"n=100, p=100","independent",10,"quantile_2","parent_group_lasso_grpreg","sqrt_group_size","grpreg_approximate_df_excluding_intercept",-0.0824112554112554,0.0911921003297744,100,-0.100284907075891,-0.0645376037466197,0.208913011830803,0.160450837773545,100,0.177464647627189,0.240361376034418,-0.0295927419354839,0.0462281521348724,100,-0.0386534597539188,-0.0205320241170489,0.287925373537887,0.114839902169238,100,0.265416752712717,0.310433994363058,0.429649500296533,0.0659778557281741,100,0.416717840573811,0.442581160019255,0.713770396270396,0.124691310021586,100,0.689330899506165,0.738209893034627,0.595144447062738,0.0938040179045553,100,0.576758859553445,0.613530034572031,10.07,0.256432399976243,100,10.0197392496047,10.1202607503953,10.21,0.456048021572069,100,10.1206145877719,10.2993854122281,10.07,0.256432399976243,100,10.0197392496047,10.1202607503953,20.42,0.912096043144137,100,20.2412291755438,20.5987708244563,5.09014927306281,1.2777184123819,100,4.83971646423596,5.34058208188966,1,0,100,1,1,1,0,100,1,1,0.93,0.256432399976243,100,0.879739249604656,0.980260750395344,0.81,0.394277244403663,100,0.732721660096882,0.887278339903118
"primary_controlled",100,100,"n=100, p=100","independent",10,"quantile_4","component_lasso_glmnet","not_applicable","active_coefficient_count_proxy_excluding_intercept",-0.221623564840956,0.129923241803358,100,-0.247088520234414,-0.196158609447498,0.548026002801406,0.20196481945306,100,0.508440898188606,0.587611107414206,-0.114958333333333,0.0785502757561203,100,-0.130354187381533,-0.0995624792851337,0.831895668973044,0.221322926494607,100,0.788516375380101,0.875274962565987,0.291866899843182,0.0648369209363517,100,0.279158863339658,0.304574936346707,0.469075968149498,0.111804644606543,100,0.447162257806615,0.49098967849238,0.42757095991544,0.079023071134613,100,0.412082437973056,0.443059481857824,10.07,0.256432399976243,100,10.0197392496047,10.1202607503953,10.26,0.561743318211757,100,10.1498983096305,10.3701016903695,10.07,0.256432399976243,100,10.0197392496047,10.1202607503953,12.34,1.35004676312573,100,12.0753908344274,12.6046091655726,12.34,1.35004676312573,100,12.0753908344274,12.6046091655726,1,0,100,1,1,1,0,100,1,1,0.93,0.256432399976243,100,0.879739249604656,0.980260750395344,0.79,0.409360180740332,100,0.709765404574895,0.870234595425105
"primary_controlled",100,100,"n=100, p=100","independent",10,"quantile_4","parent_group_lasso_grpreg","equal_parent","grpreg_approximate_df_excluding_intercept",-0.205497835497836,0.119556534884678,100,-0.228930916335232,-0.182064754660439,0.410809515028169,0.198356526396851,100,0.371931635854386,0.449687394201951,-0.107659946236559,0.072502405381401,100,-0.121870417691314,-0.0934494747818045,0.68345733829519,0.193475230127783,100,0.645536193190144,0.721378483400235,0.300476753985875,0.0623984707048672,100,0.288246653727721,0.312706854244029,0.497677405927406,0.124897585443088,100,0.473197479180561,0.522157332674251,0.432565304556503,0.0797116860239531,100,0.416941814095808,0.448188795017198,10.07,0.256432399976243,100,10.0197392496047,10.1202607503953,10.19,0.464823198711732,100,10.0988946530525,10.2811053469475,10.07,0.256432399976243,100,10.0197392496047,10.1202607503953,40.76,1.85929279484693,100,40.39557861221,41.12442138779,8.9075558296544,2.71129992753092,100,8.37614104385833,9.43897061545046,1,0,100,1,1,1,0,100,1,1,0.93,0.256432399976243,100,0.879739249604656,0.980260750395344,0.84,0.368452949177471,100,0.767783221961216,0.912216778038784
"primary_controlled",100,100,"n=100, p=100","independent",10,"quantile_4","parent_group_lasso_grpreg","sqrt_group_size","grpreg_approximate_df_excluding_intercept",-0.185549783549784,0.121513944607183,100,-0.209366516692792,-0.161733050406776,0.431424718175256,0.193660886784473,100,0.3934671843655,0.469382251985013,-0.0944206989247312,0.0671745412955666,100,-0.107586909018662,-0.0812544888308001,0.681391541550183,0.195120254283736,100,0.643147971710571,0.719635111389796,0.302682572613649,0.0614200940654569,100,0.290644234176819,0.314720911050478,0.514792748917749,0.124974301933926,100,0.4902977857387,0.539287712096798,0.439374674562759,0.0817736810136294,100,0.423347033084087,0.45540231604143,10.07,0.256432399976243,100,10.0197392496047,10.1202607503953,10.17,0.427702341505507,100,10.0861703410649,10.2538296589351,10.07,0.256432399976243,100,10.0197392496047,10.1202607503953,40.68,1.71080936602203,100,40.3446813642597,41.0153186357403,7.60829836222632,1.70451773139121,100,7.27421288687364,7.94238383757899,1,0,100,1,1,1,0,100,1,1,0.93,0.256432399976243,100,0.879739249604656,0.980260750395344,0.85,0.358870281282637,100,0.779661424868603,0.920338575131397
"primary_controlled",100,100,"n=100, p=100","independent",10,"quantile_8","component_lasso_glmnet","not_applicable","active_coefficient_count_proxy_excluding_intercept",-0.375343873517787,0.139118785713438,100,-0.402611155517621,-0.348076591517953,0.791430661843962,0.223440962124655,100,0.747636233267529,0.835225090420394,-0.2322630742913,0.0835865714142577,100,-0.248646042288495,-0.215880106294106,1.22200490341026,0.218382192184836,100,1.17920199374203,1.26480781307848,0.183767211051226,0.0624214459726787,100,0.171532607640581,0.196001814461871,0.310861216956418,0.105364526032627,100,0.290209769854023,0.331512664058813,0.295616047688162,0.0675915604678893,100,0.282368101836456,0.308863993539868,10.07,0.256432399976243,100,10.0197392496047,10.1202607503953,10.37,0.661418738375885,100,10.2403619272783,10.4996380727217,10.07,0.256432399976243,100,10.0197392496047,10.1202607503953,11.67,1.491084616423,100,11.3777474151811,11.9622525848189,11.67,1.491084616423,100,11.3777474151811,11.9622525848189,1,0,100,1,1,1,0,100,1,1,0.93,0.256432399976243,100,0.879739249604656,0.980260750395344,0.71,0.456048021572069,100,0.620614587771875,0.799385412228125
"primary_controlled",100,100,"n=100, p=100","independent",10,"quantile_8","parent_group_lasso_grpreg","equal_parent","grpreg_approximate_df_excluding_intercept",-0.310080274797666,0.14806139083986,100,-0.339100307402279,-0.281060242193054,0.591498002020648,0.212188657497093,100,0.549909025151218,0.633086978890078,-0.183774193548387,0.0831651069698234,100,-0.200074554514472,-0.167473832582302,0.991079407767922,0.227266744941127,100,0.946535125759461,1.03562368977638,0.232048472704331,0.072311702057382,100,0.217875379101084,0.246221566307578,0.363702810948941,0.104887778285084,100,0.343144806405065,0.384260815492817,0.327395995373577,0.0657756401377446,100,0.314503969906579,0.340288020840575,10.07,0.256432399976243,100,10.0197392496047,10.1202607503953,10.42,0.754515029202818,100,10.2721150542762,10.5678849457238,10.07,0.256432399976243,100,10.0197392496047,10.1202607503953,83.36,6.03612023362254,100,82.17692043421,84.54307956579,15.0462259900771,3.13530739828092,100,14.431705740014,15.6607462401401,1,0,100,1,1,1,0,100,1,1,0.93,0.256432399976243,100,0.879739249604656,0.980260750395344,0.69,0.464823198711732,100,0.598894653052501,0.781105346947499
"primary_controlled",100,100,"n=100, p=100","independent",10,"quantile_8","parent_group_lasso_grpreg","sqrt_group_size","grpreg_approximate_df_excluding_intercept",-0.294212121212121,0.145347369553933,100,-0.322700205644692,-0.26572403677955,0.621468816849322,0.213316575981196,100,0.579658767957007,0.663278865741636,-0.179297043010753,0.0833596710127918,100,-0.19563553852926,-0.162958547492245,0.992937640895265,0.229778430698396,100,0.947901068478379,1.03797421331215,0.234261536039193,0.0727353607153921,100,0.220005405338977,0.24851766673941,0.379172915319974,0.110927688642756,100,0.357431088345994,0.400914742293954,0.333724599402575,0.0675903915736221,100,0.320476882654145,0.346972316151005,10.07,0.256432399976243,100,10.0197392496047,10.1202607503953,10.25,0.457816513022367,100,10.1602679634476,10.3397320365524,10.07,0.256432399976243,100,10.0197392496047,10.1202607503953,82,3.66253210417894,100,81.2821437075809,82.7178562924191,11.4741376563282,3.2300662813762,100,10.8410446651784,12.1072306474779,1,0,100,1,1,1,0,100,1,1,0.93,0.256432399976243,100,0.879739249604656,0.980260750395344,0.76,0.429234695990928,100,0.675869999585778,0.844130000414222
"primary_controlled",100,200,"n=100, p=200","ar1_rho_0.5",20,"equal_width_4","component_lasso_glmnet","not_applicable","active_coefficient_count_proxy_excluding_intercept",-0.233743888933906,0.0963271041422295,100,-0.252624001345783,-0.214863776522029,0.707298897211916,0.210694180794707,100,0.666002837776153,0.748594956647679,-0.191325451386266,0.0723202828847131,100,-0.20550022683167,-0.177150675940862,1.13254181753689,0.265702221385599,100,1.08046418214531,1.18461945292846,0.233319976444804,0.0525499381519432,100,0.223020188567023,0.243619764322584,0.276518275093158,0.0756168768741379,100,0.261697367225827,0.291339182960489,0.292546338525289,0.0621568416310538,100,0.280363597565603,0.304729079484976,20.34,0.57243057891483,100,20.2278036065327,20.4521963934673,20.5,0.74535599249993,100,20.35391022547,20.64608977453,20.34,0.57243057891483,100,20.2278036065327,20.4521963934673,22.54,1.6478942792411,100,22.2170127212687,22.8629872787313,22.54,1.6478942792411,100,22.2170127212687,22.8629872787313,1,0,100,1,1,1,0,100,1,1,0.71,0.456048021572069,100,0.620614587771875,0.799385412228125,0.62,0.487831731214563,100,0.524384980681946,0.715615019318054
"primary_controlled",100,200,"n=100, p=200","ar1_rho_0.5",20,"equal_width_4","parent_group_lasso_grpreg","equal_parent","grpreg_approximate_df_excluding_intercept",-0.194860330065095,0.0960141376043672,100,-0.213679101035551,-0.176041559094639,0.531162402777895,0.186564261492869,100,0.494595807525292,0.567728998030497,-0.158390143788875,0.0731392593727272,100,-0.172725438625929,-0.14405484895182,0.914355998838426,0.247457721369198,100,0.865854285450063,0.962857712226789,0.251242609661777,0.0610327613485094,100,0.239280188437469,0.263205030886084,0.326938113659855,0.0722869102725662,100,0.312769879246432,0.341106348073278,0.310752656367311,0.0570364635014489,100,0.299573509521027,0.321931803213595,20.34,0.57243057891483,100,20.2278036065327,20.4521963934673,20.39,0.649708559371979,100,20.2626571223631,20.5173428776369,20.34,0.57243057891483,100,20.2278036065327,20.4521963934673,81.56,2.59883423748792,100,81.0506284894524,82.0693715105476,13.7859235488751,2.82330824526098,100,13.2325551328039,14.3392919649462,1,0,100,1,1,1,0,100,1,1,0.71,0.456048021572069,100,0.620614587771875,0.799385412228125,0.69,0.464823198711732,100,0.598894653052501,0.781105346947499
"primary_controlled",100,200,"n=100, p=200","ar1_rho_0.5",20,"equal_width_4","parent_group_lasso_grpreg","sqrt_group_size","grpreg_approximate_df_excluding_intercept",-0.194274964211436,0.0949015513895736,100,-0.212875668283793,-0.17567426013908,0.531383055183578,0.186259017742514,100,0.494876287706045,0.567889822661111,-0.158351892422754,0.0731162537818354,100,-0.172682678163994,-0.144021106681515,0.914306694265384,0.247506326494662,100,0.86579545427243,0.962817934258338,0.251561413743539,0.0608131218568786,100,0.239642041859591,0.263480785627488,0.327447501194827,0.0720318627766193,100,0.313329256090609,0.341565746299044,0.310791117905773,0.0569937432107532,100,0.299620344236465,0.32196189157508,20.34,0.57243057891483,100,20.2278036065327,20.4521963934673,20.38,0.647918189124198,100,20.2530080349317,20.5069919650683,20.34,0.57243057891483,100,20.2278036065327,20.4521963934673,81.52,2.59167275649679,100,81.0120321397266,82.0279678602734,13.5066263782604,2.59344581657045,100,12.9983109982126,14.0149417583082,1,0,100,1,1,1,0,100,1,1,0.71,0.456048021572069,100,0.620614587771875,0.799385412228125,0.7,0.460566186471838,100,0.60972902745152,0.79027097254848
"primary_controlled",100,200,"n=100, p=200","ar1_rho_0.5",20,"quantile_2","component_lasso_glmnet","not_applicable","active_coefficient_count_proxy_excluding_intercept",-0.0853824784593361,0.0844923459641863,100,-0.101942978268317,-0.0688219786503556,0.307346488401463,0.152527809730534,100,0.277451037694278,0.337241939108647,-0.0617213618392888,0.0528637109600336,100,-0.0720826491874554,-0.0513600744911223,0.48107862761682,0.195021841910416,100,0.442854346602378,0.519302908631261,0.459757619586917,0.0448700924736309,100,0.450963081462086,0.468552157711749,0.542566363847302,0.086729644250162,100,0.52556735357427,0.559565374120333,0.530677193384897,0.0725710369494377,100,0.516453270142807,0.544901116626986,20.34,0.57243057891483,100,20.2278036065327,20.4521963934673,20.36,0.627967701672175,100,20.2369183304723,20.4830816695277,20.34,0.57243057891483,100,20.2278036065327,20.4521963934673,23,1.49747261825525,100,22.706495366822,23.293504633178,23,1.49747261825525,100,22.706495366822,23.293504633178,1,0,100,1,1,1,0,100,1,1,0.71,0.456048021572069,100,0.620614587771875,0.799385412228125,0.71,0.456048021572069,100,0.620614587771875,0.799385412228125
"primary_controlled",100,200,"n=100, p=200","ar1_rho_0.5",20,"quantile_2","parent_group_lasso_grpreg","equal_parent","grpreg_approximate_df_excluding_intercept",-0.101896415741566,0.0768560452925355,100,-0.116960200618903,-0.0868326308642291,0.277391010039532,0.136805516849641,100,0.250577128737002,0.304204891342062,-0.0782202674741675,0.0584443325762345,100,-0.0896753566591095,-0.0667651782892256,0.515473976535278,0.219552898932441,100,0.47244160834452,0.558506344726037,0.390434479960347,0.0568339541572938,100,0.379295024945517,0.401573934975176,0.50212030857651,0.0952158619694058,100,0.483457999630507,0.520782617522514,0.453521724841594,0.0686190306779674,100,0.440072394828713,0.466971054854476,20.34,0.57243057891483,100,20.2278036065327,20.4521963934673,20.32,0.617587355290036,100,20.1989528783632,20.4410471216368,20.34,0.57243057891483,100,20.2278036065327,20.4521963934673,40.64,1.23517471058007,100,40.3979057567263,40.8820942432737,8.62199637096999,1.55674424677829,100,8.31687449860145,8.92711824333854,1,0,100,1,1,1,0,100,1,1,0.71,0.456048021572069,100,0.620614587771875,0.799385412228125,0.75,0.435194139889245,100,0.664701948581708,0.835298051418292
"primary_controlled",100,200,"n=100, p=200","ar1_rho_0.5",20,"quantile_2","parent_group_lasso_grpreg","sqrt_group_size","grpreg_approximate_df_excluding_intercept",-0.101896415741566,0.0768560452925355,100,-0.116960200618903,-0.0868326308642291,0.277391010039532,0.136805516849641,100,0.250577128737002,0.304204891342062,-0.0782202674741675,0.0584443325762345,100,-0.0896753566591095,-0.0667651782892256,0.515473976535278,0.219552898932441,100,0.47244160834452,0.558506344726037,0.390434479960347,0.0568339541572938,100,0.379295024945517,0.401573934975176,0.50212030857651,0.0952158619694058,100,0.483457999630507,0.520782617522514,0.453521724841594,0.0686190306779674,100,0.440072394828713,0.466971054854476,20.34,0.57243057891483,100,20.2278036065327,20.4521963934673,20.32,0.617587355290036,100,20.1989528783632,20.4410471216368,20.34,0.57243057891483,100,20.2278036065327,20.4521963934673,40.64,1.23517471058007,100,40.3979057567263,40.8820942432737,8.62199637096999,1.55674424677829,100,8.31687449860145,8.92711824333854,1,0,100,1,1,1,0,100,1,1,0.71,0.456048021572069,100,0.620614587771875,0.799385412228125,0.75,0.435194139889245,100,0.664701948581708,0.835298051418292
"primary_controlled",100,200,"n=100, p=200","ar1_rho_0.5",20,"quantile_4","component_lasso_glmnet","not_applicable","active_coefficient_count_proxy_excluding_intercept",-0.202174693208726,0.099358322064904,100,-0.221648924333447,-0.182700462084005,0.604107249664967,0.18984363614502,100,0.566897896980543,0.641316602349391,-0.16163339293059,0.0769528719093764,100,-0.176716155824828,-0.146550630036352,0.971306312441095,0.256831014671361,100,0.920967433565508,1.02164519131668,0.253068476667889,0.0530070367878407,100,0.242679097457472,0.263457855878306,0.332975430379846,0.0888778127185176,100,0.315555379087017,0.350395481672676,0.320297983715711,0.0567464829243352,100,0.309175673062542,0.331420294368881,20.34,0.57243057891483,100,20.2278036065327,20.4521963934673,20.49,0.810225059143845,100,20.3311958884078,20.6488041115922,20.34,0.57243057891483,100,20.2278036065327,20.4521963934673,22.75,1.65373773157913,100,22.4258674046105,23.0741325953895,22.75,1.65373773157913,100,22.4258674046105,23.0741325953895,1,0,100,1,1,1,0,100,1,1,0.71,0.456048021572069,100,0.620614587771875,0.799385412228125,0.64,0.482418151324422,100,0.545446042340413,0.734553957659587
"primary_controlled",100,200,"n=100, p=200","ar1_rho_0.5",20,"quantile_4","parent_group_lasso_grpreg","equal_parent","grpreg_approximate_df_excluding_intercept",-0.199552588931205,0.0964127024700741,100,-0.218449478615339,-0.18065569924707,0.555202798589912,0.197498550454471,100,0.516493082700836,0.593912514478988,-0.160131793877431,0.0745214371508771,100,-0.174737995559003,-0.145525592195859,0.933591406778573,0.277365962290216,100,0.87922767816969,0.987955135387455,0.249971101831088,0.0631754018360466,100,0.237588723071223,0.262353480590953,0.341430044339265,0.0841593739711814,100,0.324934807040914,0.357925281637617,0.306286355849224,0.0609168466011626,100,0.294346653915396,0.318226057783051,20.34,0.57243057891483,100,20.2278036065327,20.4521963934673,20.36,0.611671001553461,100,20.2401124836955,20.4798875163045,20.34,0.57243057891483,100,20.2278036065327,20.4521963934673,81.44,2.44668400621384,100,80.9604499347821,81.9195500652179,13.5986144819163,3.35466381136617,100,12.9411003748886,14.2561285889441,1,0,100,1,1,1,0,100,1,1,0.71,0.456048021572069,100,0.620614587771875,0.799385412228125,0.7,0.460566186471838,100,0.60972902745152,0.79027097254848
"primary_controlled",100,200,"n=100, p=200","ar1_rho_0.5",20,"quantile_4","parent_group_lasso_grpreg","sqrt_group_size","grpreg_approximate_df_excluding_intercept",-0.198048523890555,0.0971966166448786,100,-0.217099060752951,-0.178997987028158,0.554483540981046,0.197956443612064,100,0.515684078033081,0.593283003929011,-0.160410482402021,0.0743234722878343,100,-0.174977882970437,-0.145843081833606,0.93359180810712,0.277414569636,100,0.879218552458464,0.987965063755776,0.250164853159991,0.0631665671129963,100,0.237784206005844,0.262545500314139,0.341445470011,0.0832455677709433,100,0.325129338727895,0.357761601294105,0.305936597481859,0.061251541505751,100,0.293931295346732,0.317941899616986,20.34,0.57243057891483,100,20.2278036065327,20.4521963934673,20.3,0.559581373109678,100,20.1903220508705,20.4096779491295,20.34,0.57243057891483,100,20.2278036065327,20.4521963934673,81.2,2.23832549243871,100,80.761288203482,81.638711796518,13.382008826874,3.03111326396116,100,12.7879106271376,13.9761070266104,1,0,100,1,1,1,0,100,1,1,0.71,0.456048021572069,100,0.620614587771875,0.799385412228125,0.74,0.440844002276808,100,0.653594575553746,0.826405424446254
"primary_controlled",100,200,"n=100, p=200","ar1_rho_0.5",20,"quantile_8","component_lasso_glmnet","not_applicable","active_coefficient_count_proxy_excluding_intercept",-0.29358754508868,0.117245422900205,100,-0.31656764797712,-0.270607442200239,0.80242825328276,0.233210349344402,100,0.756719024811257,0.848137481754263,-0.241509746984463,0.0855838572352811,100,-0.258284183002578,-0.224735310966348,1.26944000133313,0.292927897123061,100,1.21202613349701,1.32685386916925,0.143171544487705,0.0492717646472021,100,0.133514278616853,0.152828810358556,0.192931537272281,0.0688997453362518,100,0.179427187186376,0.206435887358186,0.221317072459976,0.0458946751997429,100,0.212321716120826,0.230312428799125,20.34,0.57243057891483,100,20.2278036065327,20.4521963934673,20.48,0.797470749281499,100,20.3236957331408,20.6363042668592,20.34,0.57243057891483,100,20.2278036065327,20.4521963934673,21.82,1.52673150583496,100,21.5207606248563,22.1192393751437,21.82,1.52673150583496,100,21.5207606248563,22.1192393751437,1,0,100,1,1,1,0,100,1,1,0.71,0.456048021572069,100,0.620614587771875,0.799385412228125,0.66,0.476095228569523,100,0.566685335200373,0.753314664799627
"primary_controlled",100,200,"n=100, p=200","ar1_rho_0.5",20,"quantile_8","parent_group_lasso_grpreg","equal_parent","grpreg_approximate_df_excluding_intercept",-0.276599586743376,0.114214951084138,100,-0.298985717155867,-0.254213456330885,0.715384284751282,0.227602932937245,100,0.670774109895582,0.759994459606982,-0.222119035028078,0.0819003162028541,100,-0.238171497003837,-0.206066573052318,1.1894020943719,0.292219950687829,100,1.13212698403709,1.24667720470671,0.180349664659985,0.0576212096523757,100,0.169055907568119,0.191643421751851,0.22891217679913,0.075788154560018,100,0.214057698505367,0.243766655092894,0.246392339385172,0.0500177728721559,100,0.236588855902229,0.256195822868114,20.34,0.57243057891483,100,20.2278036065327,20.4521963934673,20.24,0.534090371802868,100,20.1353182871266,20.3446817128734,20.34,0.57243057891483,100,20.2278036065327,20.4521963934673,161.92,4.27272297442294,100,161.082546297013,162.757453702987,23.0796848636755,4.47402879290061,100,22.202775220267,23.9565945070841,1,0,100,1,1,1,0,100,1,1,0.71,0.456048021572069,100,0.620614587771875,0.799385412228125,0.8,0.402015126103685,100,0.721205035283678,0.878794964716322
"primary_controlled",100,200,"n=100, p=200","ar1_rho_0.5",20,"quantile_8","parent_group_lasso_grpreg","sqrt_group_size","grpreg_approximate_df_excluding_intercept",-0.275799070847851,0.115133407332406,100,-0.298365218685003,-0.2532329230107,0.717041628285232,0.227799682490376,100,0.672392890517119,0.761690366053346,-0.222119035028078,0.0819003162028541,100,-0.238171497003837,-0.206066573052318,1.18940209508556,0.292219949677427,100,1.13212698494878,1.24667720522234,0.180237411773981,0.0574657129533767,100,0.168974132035119,0.191500691512843,0.230737423878814,0.0775302754281755,100,0.215541489894892,0.245933357862737,0.246392339385172,0.0500177728721559,100,0.236588855902229,0.256195822868114,20.34,0.57243057891483,100,20.2278036065327,20.4521963934673,20.21,0.433333333333333,100,20.1250666666667,20.2949333333333,20.34,0.57243057891483,100,20.2278036065327,20.4521963934673,161.68,3.46666666666667,100,161.000533333333,162.359466666667,22.0028333977608,4.81779629329114,100,21.0585453242757,22.9471214712459,1,0,100,1,1,1,0,100,1,1,0.71,0.456048021572069,100,0.620614587771875,0.799385412228125,0.8,0.402015126103685,100,0.721205035283678,0.878794964716322
"primary_controlled",100,200,"n=100, p=200","ar1_rho_0.9",20,"equal_width_4","component_lasso_glmnet","not_applicable","active_coefficient_count_proxy_excluding_intercept",-0.128043135348297,0.0976537469166999,100,-0.14718326974397,-0.108903000952624,0.925823473087636,0.266501119329676,100,0.87358925369902,0.978057692476253,-0.11128542469341,0.0869771957606861,100,-0.128332955062504,-0.0942378943243154,1.06997715677115,0.287769410152945,100,1.01357435238118,1.12637996116113,0.181035302005521,0.0582165497048953,100,0.169624858263362,0.192445745747681,0.234012731597237,0.0773903954762679,100,0.218844214083889,0.249181249110586,0.222923610754729,0.0477021513656569,100,0.21357398908706,0.232273232422398,20.26,0.543464382782842,100,20.1534809809746,20.3665190190254,20.43,0.685418105828829,100,20.2956580512576,20.5643419487424,20.26,0.543464382782842,100,20.1534809809746,20.3665190190254,22.07,1.37990630629091,100,21.799538363967,22.340461636033,22.07,1.37990630629091,100,21.799538363967,22.340461636033,1,0,100,1,1,1,0,100,1,1,0.79,0.409360180740332,100,0.709765404574895,0.870234595425105,0.67,0.472581562625261,100,0.577374013725449,0.762625986274551
"primary_controlled",100,200,"n=100, p=200","ar1_rho_0.9",20,"equal_width_4","parent_group_lasso_grpreg","equal_parent","grpreg_approximate_df_excluding_intercept",-0.0894641979310159,0.0904336876143461,100,-0.107189200703428,-0.071739195158604,0.566419022704417,0.177207065044486,100,0.531686437955697,0.601151607453136,-0.0954043883726591,0.0890584725547947,100,-0.112859848993399,-0.0779489277519194,0.82396540192117,0.271171325324246,100,0.770815822157618,0.877114981684722,0.221919353076212,0.0633223663277626,100,0.209508169275971,0.234330536876454,0.31724889597649,0.0887458743041544,100,0.299854704612875,0.334643087340104,0.243871167907893,0.0447210431731805,100,0.23510584344595,0.252636492369837,20.29,0.573752489486468,100,20.1775445120607,20.4024554879393,20.32,0.617587355290036,100,20.1989528783632,20.4410471216368,20.29,0.573752489486468,100,20.1775445120607,20.4024554879393,81.28,2.47034942116014,100,80.7958115134526,81.7641884865474,16.3524460149296,2.99805986378812,100,15.7648262816271,16.940065748232,1,0,100,1,1,1,0,100,1,1,0.77,0.422952584681651,100,0.687101293402396,0.852898706597604,0.75,0.435194139889245,100,0.664701948581708,0.835298051418292
"primary_controlled",100,200,"n=100, p=200","ar1_rho_0.9",20,"equal_width_4","parent_group_lasso_grpreg","sqrt_group_size","grpreg_approximate_df_excluding_intercept",-0.0905106555384491,0.0929577814157875,100,-0.108730380695943,-0.0722909303809547,0.588651292214936,0.176607833480574,100,0.554036156852744,0.623266427577129,-0.0938598792945699,0.0877002797471262,100,-0.111049134125007,-0.0766706244641332,0.82329894774317,0.27123408499421,100,0.770137067084305,0.876460828402036,0.219366121577765,0.0638454212712668,100,0.206852419008597,0.231879824146933,0.317536203816278,0.0918573128952851,100,0.299532170488802,0.335540237143754,0.24450881237202,0.045598359529262,100,0.235571533904284,0.253446090839755,20.29,0.573752489486468,100,20.1775445120607,20.4024554879393,20.32,0.633731931983991,100,20.1957885413311,20.4442114586689,20.29,0.573752489486468,100,20.1775445120607,20.4024554879393,81.28,2.53492772793596,100,80.7831541653245,81.7768458346755,14.8595515780074,2.81605108226792,100,14.3076055658829,15.4114975901319,1,0,100,1,1,1,0,100,1,1,0.77,0.422952584681651,100,0.687101293402396,0.852898706597604,0.76,0.429234695990928,100,0.675869999585778,0.844130000414222
"primary_controlled",100,200,"n=100, p=200","ar1_rho_0.9",20,"quantile_2","component_lasso_glmnet","not_applicable","active_coefficient_count_proxy_excluding_intercept",-0.0504924506387921,0.0795179064612353,100,-0.0660779603051942,-0.03490694097239,0.392183822876331,0.169785504541763,100,0.358905863986145,0.425461781766516,-0.0356881458118238,0.0684237000927968,100,-0.0490991910300119,-0.0222771005936356,0.387052475210494,0.202724514359373,100,0.347318470396056,0.426786480024931,0.379290854172327,0.0556087224743955,100,0.368391544567345,0.390190163777308,0.437500091635798,0.0909134906435875,100,0.419681047469655,0.455319135801941,0.405361925163442,0.0523661355629305,100,0.395098162593108,0.415625687733776,20.26,0.543464382782842,100,20.1534809809746,20.3665190190254,20.26,0.484507455822379,100,20.1650365386588,20.3549634613412,20.26,0.543464382782842,100,20.1534809809746,20.3665190190254,21.6,1.27128345232746,100,21.3508284433438,21.8491715566562,21.6,1.27128345232746,100,21.3508284433438,21.8491715566562,1,0,100,1,1,1,0,100,1,1,0.79,0.409360180740332,100,0.709765404574895,0.870234595425105,0.76,0.429234695990928,100,0.675869999585778,0.844130000414222
"primary_controlled",100,200,"n=100, p=200","ar1_rho_0.9",20,"quantile_2","parent_group_lasso_grpreg","equal_parent","grpreg_approximate_df_excluding_intercept",-0.0520110336817654,0.0733602958970484,100,-0.0663896516775869,-0.0376324156859439,0.278615796738485,0.137169809542915,100,0.251730514068074,0.305501079408897,-0.0485260171405068,0.0668317683233124,100,-0.0616250437318761,-0.0354269905491376,0.420432477213091,0.220385388971982,100,0.377236940974582,0.4636280134516,0.356612535065048,0.060596334343089,100,0.344735653533803,0.368489416596294,0.509573692658217,0.11310186374336,100,0.487405727364518,0.531741657951915,0.378786703360664,0.0628011362799735,100,0.366477680649789,0.391095726071539,20.29,0.573752489486468,100,20.1775445120607,20.4024554879393,20.16,0.394917201397452,100,20.0825962285261,20.2374037714739,20.29,0.573752489486468,100,20.1775445120607,20.4024554879393,40.32,0.789834402794905,100,40.1651924570522,40.4748075429478,9.94472325243641,1.59759317329435,100,9.63159499047072,10.2578515144021,1,0,100,1,1,1,0,100,1,1,0.77,0.422952584681651,100,0.687101293402396,0.852898706597604,0.85,0.358870281282637,100,0.779661424868603,0.920338575131397
"primary_controlled",100,200,"n=100, p=200","ar1_rho_0.9",20,"quantile_2","parent_group_lasso_grpreg","sqrt_group_size","grpreg_approximate_df_excluding_intercept",-0.0520476190476191,0.0731446601231858,100,-0.0663839724317635,-0.0377112656634746,0.278515327847127,0.137540862613082,100,0.251557318774963,0.305473336919291,-0.0482309351732937,0.0667361005684971,100,-0.0613112108847192,-0.0351506594618683,0.420523417117238,0.220416539407441,100,0.37732177539338,0.463725058841097,0.356433212398154,0.0605389235396149,100,0.344567583384389,0.368298841411919,0.509586920171444,0.113271476547517,100,0.487385710768131,0.531788129574757,0.378727381326765,0.062825739698573,100,0.366413536345845,0.391041226307686,20.29,0.573752489486468,100,20.1775445120607,20.4024554879393,20.16,0.394917201397452,100,20.0825962285261,20.2374037714739,20.29,0.573752489486468,100,20.1775445120607,20.4024554879393,40.32,0.789834402794905,100,40.1651924570522,40.4748075429478,9.91772043343719,1.56741435947556,100,9.61050721897998,10.2249336478944,1,0,100,1,1,1,0,100,1,1,0.77,0.422952584681651,100,0.687101293402396,0.852898706597604,0.85,0.358870281282637,100,0.779661424868603,0.920338575131397
"primary_controlled",100,200,"n=100, p=200","ar1_rho_0.9",20,"quantile_4","component_lasso_glmnet","not_applicable","active_coefficient_count_proxy_excluding_intercept",-0.113468006374416,0.0983888721485159,100,-0.132752225315525,-0.0941837874333068,0.704353733798925,0.211700614172572,100,0.662860413421101,0.745847054176749,-0.105008759117961,0.0919349615367002,100,-0.123028011579154,-0.0869895066567674,0.877205898477792,0.294145812131584,100,0.819553319300002,0.934858477655582,0.196065132832873,0.0557617220127204,100,0.18513583531838,0.206994430347366,0.272605557162258,0.079782855825788,100,0.256968117420404,0.288242996904113,0.242234355909536,0.0543508144912123,100,0.231581596269258,0.252887115549813,20.26,0.543464382782842,100,20.1534809809746,20.3665190190254,20.43,0.65528157260367,100,20.3015648117697,20.5584351882303,20.26,0.543464382782842,100,20.1534809809746,20.3665190190254,22.03,1.37403777167143,100,21.7606885967524,22.2993114032476,22.03,1.37403777167143,100,21.7606885967524,22.2993114032476,1,0,100,1,1,1,0,100,1,1,0.79,0.409360180740332,100,0.709765404574895,0.870234595425105,0.64,0.482418151324422,100,0.545446042340413,0.734553957659587
"primary_controlled",100,200,"n=100, p=200","ar1_rho_0.9",20,"quantile_4","parent_group_lasso_grpreg","equal_parent","grpreg_approximate_df_excluding_intercept",-0.114778448531994,0.0846222482884358,100,-0.131364409196527,-0.0981924878674602,0.581640384371763,0.168285254373812,100,0.548656474514496,0.61462429422903,-0.108735883424408,0.079838273888505,100,-0.124384185106555,-0.093087581742261,0.840949590209407,0.27111466809026,100,0.787811115263716,0.894088065155098,0.199121975180605,0.0585188030848859,100,0.187652289775968,0.210591660585243,0.300658444359742,0.0851360950656423,100,0.283971769726876,0.317345118992608,0.241637108417037,0.053737244344379,100,0.231104608525538,0.252169608308535,20.29,0.573752489486468,100,20.1775445120607,20.4024554879393,20.23,0.509604719068583,100,20.1301174750626,20.3298825249374,20.29,0.573752489486468,100,20.1775445120607,20.4024554879393,80.92,2.03841887627433,100,80.5204699002502,81.3195300997498,16.2990978709645,3.0141886770244,100,15.7083168902677,16.8898788516613,1,0,100,1,1,1,0,100,1,1,0.77,0.422952584681651,100,0.687101293402396,0.852898706597604,0.8,0.402015126103685,100,0.721205035283678,0.878794964716322
"primary_controlled",100,200,"n=100, p=200","ar1_rho_0.9",20,"quantile_4","parent_group_lasso_grpreg","sqrt_group_size","grpreg_approximate_df_excluding_intercept",-0.112034262485482,0.0888216116515238,100,-0.129443298369181,-0.0946252266017833,0.603127701086091,0.167930590184343,100,0.57021330540996,0.636042096762223,-0.107826211041441,0.0793295945111957,100,-0.123374811565635,-0.0922776105172467,0.83916440742844,0.272188438454577,100,0.785815473491343,0.892513341365538,0.196193714129514,0.0572285567119701,100,0.184976917013968,0.20741051124506,0.298289511746187,0.0847601030555105,100,0.281676531547307,0.314902491945068,0.240809192611073,0.053240465304051,100,0.230374061411479,0.251244323810667,20.29,0.573752489486468,100,20.1775445120607,20.4024554879393,20.21,0.433333333333333,100,20.1250666666667,20.2949333333333,20.29,0.573752489486468,100,20.1775445120607,20.4024554879393,80.84,1.73333333333333,100,80.5002666666667,81.1797333333333,14.8462217206603,3.01541996149965,100,14.2551994082064,15.4372440331143,1,0,100,1,1,1,0,100,1,1,0.77,0.422952584681651,100,0.687101293402396,0.852898706597604,0.8,0.402015126103685,100,0.721205035283678,0.878794964716322
"primary_controlled",100,200,"n=100, p=200","ar1_rho_0.9",20,"quantile_8","component_lasso_glmnet","not_applicable","active_coefficient_count_proxy_excluding_intercept",-0.151221416416822,0.0977711787977641,100,-0.170384567461184,-0.13205826537246,1.06751159538275,0.27220774600386,100,1.01415887716599,1.12086431359951,-0.129330861306271,0.0947003304085345,100,-0.147892126066344,-0.110769596546198,1.33304122475327,0.318564512208483,100,1.27060258036041,1.39547986914613,0.12719159328879,0.0583322931097158,100,0.115758463839286,0.138624722738295,0.18620627517001,0.0598943870105241,100,0.174466975315947,0.197945575024073,0.192640090632664,0.0424124557161773,100,0.184327249312293,0.200952931953034,20.26,0.543464382782842,100,20.1534809809746,20.3665190190254,20.41,0.652810551509101,100,20.2820491319042,20.5379508680958,20.26,0.543464382782842,100,20.1534809809746,20.3665190190254,22.12,1.60981835978944,100,21.8044756014813,22.4355243985187,22.12,1.60981835978944,100,21.8044756014813,22.4355243985187,1,0,100,1,1,1,0,100,1,1,0.79,0.409360180740332,100,0.709765404574895,0.870234595425105,0.67,0.472581562625261,100,0.577374013725449,0.762625986274551
"primary_controlled",100,200,"n=100, p=200","ar1_rho_0.9",20,"quantile_8","parent_group_lasso_grpreg","equal_parent","grpreg_approximate_df_excluding_intercept",-0.131295005807201,0.0938729850332315,100,-0.149694110873714,-0.112895900740688,0.811062318699393,0.22333844505815,100,0.767287983467996,0.854836653930791,-0.124389405118649,0.0932374933694662,100,-0.142663953819064,-0.106114856418234,1.09760509879398,0.305713746513427,100,1.03768520447735,1.15752499311062,0.153049227179253,0.0636122088126359,100,0.140581234251976,0.16551722010653,0.241385327594359,0.0753377803709012,100,0.226619122641662,0.256151532547055,0.206916499562199,0.0467083243992035,100,0.197761667979955,0.216071331144443,20.29,0.573752489486468,100,20.1775445120607,20.4024554879393,20.25,0.538891492235719,100,20.1443772675218,20.3556227324782,20.29,0.573752489486468,100,20.1775445120607,20.4024554879393,162,4.31113193788576,100,161.155018140174,162.844981859826,25.2565831247045,4.77700708351096,100,24.3202897363363,26.1928765130726,1,0,100,1,1,1,0,100,1,1,0.77,0.422952584681651,100,0.687101293402396,0.852898706597604,0.8,0.402015126103685,100,0.721205035283678,0.878794964716322
"primary_controlled",100,200,"n=100, p=200","ar1_rho_0.9",20,"quantile_8","parent_group_lasso_grpreg","sqrt_group_size","grpreg_approximate_df_excluding_intercept",-0.130218931475029,0.0904057534123874,100,-0.147938459143857,-0.112499403806201,0.817165399344712,0.222937482499291,100,0.773469652774851,0.860861145914573,-0.124389405118649,0.0932374933694662,100,-0.142663953819064,-0.106114856418234,1.09759255431623,0.305716771521301,100,1.03767206709805,1.1575130415344,0.152719727960026,0.0632939619602823,100,0.140314111415811,0.165125344504242,0.243808647777759,0.0759592564919376,100,0.22892063350534,0.258696662050179,0.206916499562199,0.0467083243992035,100,0.197761667979955,0.216071331144443,20.29,0.573752489486468,100,20.1775445120607,20.4024554879393,20.25,0.557320429022713,100,20.1407651959115,20.3592348040885,20.29,0.573752489486468,100,20.1775445120607,20.4024554879393,162,4.4585634321817,100,161.126121567292,162.873878432708,24.2459132890904,5.11753299486631,100,23.2428768220966,25.2489497560842,1,0,100,1,1,1,0,100,1,1,0.77,0.422952584681651,100,0.687101293402396,0.852898706597604,0.81,0.394277244403663,100,0.732721660096882,0.887278339903118
"primary_controlled",100,200,"n=100, p=200","block",20,"equal_width_4","component_lasso_glmnet","not_applicable","active_coefficient_count_proxy_excluding_intercept",-0.154608338060125,0.0913301623590525,100,-0.172509049882499,-0.136707626237751,0.90951067087998,0.263623467741824,100,0.857840471202582,0.961180870557377,-0.155468174225446,0.0743910773615465,100,-0.170048825388309,-0.140887523062582,1.06981043889722,0.315880089636231,100,1.00789794132852,1.13172293646592,0.175880128831735,0.052360104884974,100,0.16561754827428,0.18614270938919,0.233272585486896,0.0690526304364605,100,0.21973826992135,0.246806901052443,0.236499887153401,0.0477449195330268,100,0.227141882924927,0.245857891381874,20.19,0.506423386569624,100,20.0907410162324,20.2892589837676,20.38,0.721670340812258,100,20.2385526132008,20.5214473867992,20.19,0.506423386569624,100,20.0907410162324,20.2892589837676,21.99,1.54066101516082,100,21.6880304410285,22.2919695589715,21.99,1.54066101516082,100,21.6880304410285,22.2919695589715,1,0,100,1,1,1,0,100,1,1,0.85,0.358870281282637,100,0.779661424868603,0.920338575131397,0.73,0.446196043338474,100,0.642545575505659,0.817454424494341
"primary_controlled",100,200,"n=100, p=200","block",20,"equal_width_4","parent_group_lasso_grpreg","equal_parent","grpreg_approximate_df_excluding_intercept",-0.119770534532588,0.0853843197022825,100,-0.136505861194235,-0.103035207870941,0.587494490461899,0.197697986924485,100,0.5487456850247,0.626243295899099,-0.133944927098285,0.0738090449781554,100,-0.148411499914004,-0.119478354282567,0.835859716298498,0.271416964990906,100,0.78266199116028,0.889057441436715,0.21889890787475,0.0679700154789318,100,0.205576784840879,0.23222103090862,0.307710138387329,0.0739854019353714,100,0.293208999607996,0.322211277166662,0.261616832993212,0.0542502883350527,100,0.250983776479542,0.272249889506883,20.18,0.50010099990003,100,20.0819802040196,20.2780197959804,20.32,0.601009252185123,100,20.2022021865717,20.4377978134283,20.18,0.50010099990003,100,20.0819802040196,20.2780197959804,81.28,2.40403700874049,100,80.8088087462869,81.7511912537131,15.3335741346058,3.24578240343274,100,14.6974007835329,15.9697474856786,1,0,100,1,1,1,0,100,1,1,0.86,0.348735088019777,100,0.791647922748124,0.928352077251876,0.74,0.440844002276808,100,0.653594575553746,0.826405424446254
"primary_controlled",100,200,"n=100, p=200","block",20,"equal_width_4","parent_group_lasso_grpreg","sqrt_group_size","grpreg_approximate_df_excluding_intercept",-0.123978391810496,0.0847855839273251,100,-0.140596366260252,-0.10736041736074,0.603443330144718,0.199441669322213,100,0.564352762957564,0.642533897331872,-0.132116672647377,0.0728778635215388,100,-0.146400733897599,-0.117832611397156,0.836597160405089,0.272188350611416,100,0.783248243685252,0.889946077124927,0.217727876238665,0.069379982616037,100,0.204129399645922,0.231326352831408,0.311589584118779,0.0765255046965242,100,0.29659058519826,0.326588583039298,0.263311104735773,0.0572733155597702,100,0.252085534886058,0.274536674585488,20.18,0.50010099990003,100,20.0819802040196,20.2780197959804,20.3,0.611340636419152,100,20.1801772352618,20.4198227647382,20.18,0.50010099990003,100,20.0819802040196,20.2780197959804,81.2,2.44536254567661,100,80.7207089410474,81.6792910589526,13.8801560031186,2.71816269613922,100,13.3473961146754,14.4129158915619,1,0,100,1,1,1,0,100,1,1,0.86,0.348735088019777,100,0.791647922748124,0.928352077251876,0.77,0.422952584681651,100,0.687101293402396,0.852898706597604
"primary_controlled",100,200,"n=100, p=200","block",20,"quantile_2","component_lasso_glmnet","not_applicable","active_coefficient_count_proxy_excluding_intercept",-0.0637453204764606,0.0733566368575704,100,-0.0781232213005444,-0.0493674196523768,0.398193849459607,0.168893586322904,100,0.365090706540317,0.431296992378896,-0.0650753564293689,0.0591230735968456,100,-0.0766634788543506,-0.0534872340043871,0.38586059096278,0.194125533100179,100,0.347811986475144,0.423909195450415,0.401073706347274,0.0489942557979232,100,0.391470832210881,0.410676580483667,0.466278078871864,0.09594573798706,100,0.447472714226401,0.485083443517328,0.437954040594177,0.0670197126417179,100,0.4248181769164,0.451089904271953,20.19,0.506423386569624,100,20.0907410162324,20.2892589837676,20.21,0.477683805651624,100,20.1163739740923,20.3036260259077,20.19,0.506423386569624,100,20.0907410162324,20.2892589837676,21.84,1.22036589975832,100,21.6008082836474,22.0791917163526,21.84,1.22036589975832,100,21.6008082836474,22.0791917163526,1,0,100,1,1,1,0,100,1,1,0.85,0.358870281282637,100,0.779661424868603,0.920338575131397,0.82,0.386122919665369,100,0.744319907745588,0.895680092254412
"primary_controlled",100,200,"n=100, p=200","block",20,"quantile_2","parent_group_lasso_grpreg","equal_parent","grpreg_approximate_df_excluding_intercept",-0.0503135483348189,0.0719836148755199,100,-0.0644223368504208,-0.036204759819217,0.2747518138679,0.146904116792909,100,0.24595860697649,0.30354502075931,-0.0662119395969211,0.0650058473604669,100,-0.0789530856795726,-0.0534707935142696,0.40762642092907,0.198581904983073,100,0.368704367552388,0.446548474305753,0.362122202122484,0.0625527910717709,100,0.349861855072417,0.374382549172551,0.52493584165517,0.103994726206315,100,0.504552875318732,0.545318807991608,0.414844059678823,0.0780105218007816,100,0.399553997405869,0.430134121951776,20.18,0.50010099990003,100,20.0819802040196,20.2780197959804,20.25,0.575159178669767,100,20.1372688009807,20.3627311990193,20.18,0.50010099990003,100,20.0819802040196,20.2780197959804,40.5,1.15031835733953,100,40.2745376019614,40.7254623980386,9.72126706723852,1.88881523103199,100,9.35105928195625,10.0914748525208,1,0,100,1,1,1,0,100,1,1,0.86,0.348735088019777,100,0.791647922748124,0.928352077251876,0.81,0.394277244403663,100,0.732721660096882,0.887278339903118
"primary_controlled",100,200,"n=100, p=200","block",20,"quantile_2","parent_group_lasso_grpreg","sqrt_group_size","grpreg_approximate_df_excluding_intercept",-0.051374523944575,0.0726635090308465,100,-0.0656165717146209,-0.0371324761745291,0.276196679304519,0.148266529341134,100,0.247136439553656,0.305256919055381,-0.0658949997062107,0.0643582726675513,100,-0.0785092211490508,-0.0532807782633707,0.40721972403127,0.197855814449388,100,0.36843998439919,0.44599946366335,0.361464357162662,0.0635035662484742,100,0.349017658177961,0.373911056147363,0.524652028364682,0.103131994737998,100,0.504438157396035,0.54486589933333,0.415433426140277,0.0769376549490527,100,0.400353645770262,0.430513206510291,20.18,0.50010099990003,100,20.0819802040196,20.2780197959804,20.26,0.579445921340012,100,20.1464285994174,20.3735714005826,20.18,0.50010099990003,100,20.0819802040196,20.2780197959804,40.52,1.15889184268002,100,40.2928571988347,40.7471428011653,9.66267460082915,1.79821029461103,100,9.31022538308538,10.0151238185729,1,0,100,1,1,1,0,100,1,1,0.86,0.348735088019777,100,0.791647922748124,0.928352077251876,0.8,0.402015126103685,100,0.721205035283678,0.878794964716322
"primary_controlled",100,200,"n=100, p=200","block",20,"quantile_4","component_lasso_glmnet","not_applicable","active_coefficient_count_proxy_excluding_intercept",-0.125476060335958,0.0807736433742994,100,-0.141307694437321,-0.109644426234596,0.72220237751937,0.213167677435312,100,0.680421512742049,0.763983242296691,-0.125104588988777,0.0721752670168661,100,-0.139250941324083,-0.110958236653472,0.886286169671212,0.288617151546847,100,0.82971720796803,0.942855131374394,0.209458532788908,0.0573040270395405,100,0.198226943489158,0.220690122088658,0.292855508021959,0.0781413124181989,100,0.277539810787992,0.308171205255926,0.274806673204284,0.0498388287423853,100,0.265038262770777,0.284575083637792,20.19,0.506423386569624,100,20.0907410162324,20.2892589837676,20.53,0.846323003505533,100,20.3641206913129,20.6958793086871,20.19,0.506423386569624,100,20.0907410162324,20.2892589837676,21.99,1.40342294394668,100,21.7149291029864,22.2650708970135,21.99,1.40342294394668,100,21.7149291029864,22.2650708970135,1,0,100,1,1,1,0,100,1,1,0.85,0.358870281282637,100,0.779661424868603,0.920338575131397,0.65,0.479372485441102,100,0.556042992853544,0.743957007146456
"primary_controlled",100,200,"n=100, p=200","block",20,"quantile_4","parent_group_lasso_grpreg","equal_parent","grpreg_approximate_df_excluding_intercept",-0.116672892526267,0.0850564666723372,100,-0.133343959994046,-0.100001825058489,0.573597233287067,0.180273309255372,100,0.538263664673014,0.60893080190112,-0.126927551560021,0.0745225924800586,100,-0.141533979686113,-0.11232112343393,0.813147695298057,0.273948991713427,100,0.759453692922225,0.866841697673889,0.211400004192661,0.0622205471480487,100,0.199204776951643,0.223595231433678,0.306990161316149,0.0792291555280238,100,0.291461246832656,0.322519075799641,0.261117313496477,0.048184947153995,100,0.251673063854294,0.27056156313866,20.18,0.50010099990003,100,20.0819802040196,20.2780197959804,20.33,0.636515133481927,100,20.2052430338375,20.4547569661625,20.18,0.50010099990003,100,20.0819802040196,20.2780197959804,81.32,2.54606053392771,100,80.8209721353502,81.8190278646498,16.035323419829,3.32469436189203,100,15.3836833248982,16.6869635147598,1,0,100,1,1,1,0,100,1,1,0.86,0.348735088019777,100,0.791647922748124,0.928352077251876,0.75,0.435194139889245,100,0.664701948581708,0.835298051418292
"primary_controlled",100,200,"n=100, p=200","block",20,"quantile_4","parent_group_lasso_grpreg","sqrt_group_size","grpreg_approximate_df_excluding_intercept",-0.114272560300354,0.078333790759727,100,-0.12962598328926,-0.0989191373114474,0.590136011449296,0.181305595142116,100,0.554600114801441,0.625671908097151,-0.123217051530642,0.0745628814726393,100,-0.13783137629928,-0.108602726762005,0.812496448306438,0.27413658585452,100,0.758765677478952,0.866227219133924,0.208765830396991,0.0632002274653876,100,0.196378585813775,0.221153074980207,0.315493726000862,0.0802988448639091,100,0.299755152407536,0.331232299594188,0.263336515041054,0.0482844140747991,100,0.253872769882393,0.272800260199715,20.18,0.50010099990003,100,20.0819802040196,20.2780197959804,20.32,0.649475312708791,100,20.1927028387091,20.4472971612909,20.18,0.50010099990003,100,20.0819802040196,20.2780197959804,81.28,2.59790125083516,100,80.7708113548363,81.7891886451637,14.4300253304465,3.12488694268953,100,13.8175474896794,15.0425031712137,1,0,100,1,1,1,0,100,1,1,0.86,0.348735088019777,100,0.791647922748124,0.928352077251876,0.76,0.429234695990928,100,0.675869999585778,0.844130000414222
"primary_controlled",100,200,"n=100, p=200","block",20,"quantile_8","component_lasso_glmnet","not_applicable","active_coefficient_count_proxy_excluding_intercept",-0.183697701428842,0.101663814331515,100,-0.203623809037819,-0.163771593819865,1.04774487773467,0.272062428546027,100,0.994420641739652,1.1010691137297,-0.16944572872336,0.0826281587947887,100,-0.185640847847138,-0.153250609599581,1.31036378665669,0.32464701717813,100,1.24673297128978,1.3739946020236,0.124178226118895,0.0602687201019405,100,0.112365556978915,0.135990895258876,0.182355757373646,0.0597218026558652,100,0.170650284053096,0.194061230694195,0.200435167529333,0.0462609973160014,100,0.191368012055396,0.209502323003269,20.19,0.506423386569624,100,20.0907410162324,20.2892589837676,20.33,0.551490175924662,100,20.2219079255188,20.4380920744812,20.19,0.506423386569624,100,20.0907410162324,20.2892589837676,21.67,1.49784356777848,100,21.3764226607154,21.9635773392846,21.67,1.49784356777848,100,21.3764226607154,21.9635773392846,1,0,100,1,1,1,0,100,1,1,0.85,0.358870281282637,100,0.779661424868603,0.920338575131397,0.71,0.456048021572069,100,0.620614587771875,0.799385412228125
"primary_controlled",100,200,"n=100, p=200","block",20,"quantile_8","parent_group_lasso_grpreg","equal_parent","grpreg_approximate_df_excluding_intercept",-0.147020986954056,0.0976799130568755,100,-0.166166249913203,-0.127875723994908,0.79051806453511,0.228752373053371,100,0.745682599416649,0.83535352965357,-0.159217051530642,0.0856278906038241,100,-0.176000118088992,-0.142433984972293,1.08459790103065,0.319119485054128,100,1.02205048196004,1.14714532010126,0.161441085944919,0.0597633506880926,100,0.149727469210053,0.173154702679785,0.229179855292607,0.077900699203184,100,0.213911318248783,0.244448392336431,0.211042957665986,0.0498804020876601,100,0.201266398856805,0.220819516475167,20.18,0.50010099990003,100,20.0819802040196,20.2780197959804,20.41,0.683056115239192,100,20.2761210014131,20.5438789985869,20.18,0.50010099990003,100,20.0819802040196,20.2780197959804,163.28,5.46444892191354,100,162.208968011305,164.351031988695,24.3654631268652,4.52231244475658,100,23.4790898876929,25.2518363660375,1,0,100,1,1,1,0,100,1,1,0.86,0.348735088019777,100,0.791647922748124,0.928352077251876,0.68,0.468826172262151,100,0.588110070236619,0.771889929763382
"primary_controlled",100,200,"n=100, p=200","block",20,"quantile_8","parent_group_lasso_grpreg","sqrt_group_size","grpreg_approximate_df_excluding_intercept",-0.148052683467034,0.0953276289412989,100,-0.166736898739529,-0.129368468194539,0.797839871753685,0.230404510664888,100,0.752680587663367,0.842999155844004,-0.159167871202773,0.0856414651239625,100,-0.17595359836707,-0.142382144038477,1.0846496971114,0.319201413703356,100,1.02208622002554,1.14721317419726,0.160566380217893,0.059903978564454,100,0.14882520041926,0.172307560016526,0.228578835481611,0.0799531377619113,100,0.212908020480276,0.244249650482946,0.211081419204447,0.0499092231975649,100,0.201299211457725,0.22086362695117,20.18,0.50010099990003,100,20.0819802040196,20.2780197959804,20.31,0.59789191955967,100,20.1928131837663,20.4271868162337,20.18,0.50010099990003,100,20.0819802040196,20.2780197959804,162.48,4.78313535647736,100,161.54250547013,163.41749452987,22.8921131291395,4.9144701505579,100,21.9288769796301,23.8553492786488,1,0,100,1,1,1,0,100,1,1,0.86,0.348735088019777,100,0.791647922748124,0.928352077251876,0.75,0.435194139889245,100,0.664701948581708,0.835298051418292
"primary_controlled",100,200,"n=100, p=200","independent",20,"equal_width_4","component_lasso_glmnet","not_applicable","active_coefficient_count_proxy_excluding_intercept",-0.222575723199092,0.11356498491481,100,-0.244834460242395,-0.20031698615579,0.687905875998314,0.207772414426636,100,0.647182482770693,0.728629269225935,-0.170310552072054,0.0793903030418707,100,-0.185871051468261,-0.154750052675847,1.09521998432895,0.312876889555586,100,1.03389611397605,1.15654385468184,0.239098330241355,0.0525897331037634,100,0.228790742553018,0.249405917929693,0.282384492379104,0.0809866329041051,100,0.266511112329899,0.298257872428308,0.308239153613331,0.0564434129952984,100,0.297176244666253,0.31930206256041,20.33,0.513553671720273,100,20.2293434803428,20.4306565196572,20.53,0.822106188918795,100,20.3688671869719,20.6911328130281,20.33,0.513553671720273,100,20.2293434803428,20.4306565196572,22.3,1.75522308576662,100,21.9559762751897,22.6440237248103,22.3,1.75522308576662,100,21.9559762751897,22.6440237248103,1,0,100,1,1,1,0,100,1,1,0.69,0.464823198711732,100,0.598894653052501,0.781105346947499,0.65,0.479372485441102,100,0.556042992853544,0.743957007146456
"primary_controlled",100,200,"n=100, p=200","independent",20,"equal_width_4","parent_group_lasso_grpreg","equal_parent","grpreg_approximate_df_excluding_intercept",-0.183612026185197,0.100311287323469,100,-0.203273038500597,-0.163951013869797,0.500031313689675,0.187701642108639,100,0.463241791836382,0.536820835542969,-0.152110724988039,0.0796826355434852,100,-0.167728521554562,-0.136492928421515,0.850482917406302,0.290359573728648,100,0.793572440955487,0.907393393857117,0.270612866123429,0.0532430370293446,100,0.260177230865678,0.281048501381181,0.342875423802553,0.0818044838704839,100,0.326841744963938,0.358909102641168,0.327761977792445,0.0600604827827372,100,0.315990123167029,0.339533832417862,20.32,0.51010001000002,100,20.22002039804,20.41997960196,20.44,0.729189393585214,100,20.2970788788573,20.5829211211427,20.32,0.51010001000002,100,20.22002039804,20.41997960196,81.76,2.91675757434085,100,81.1883155154292,82.3316844845708,13.5255384335822,2.88868036894674,100,12.9593570812686,14.0917197858957,1,0,100,1,1,1,0,100,1,1,0.7,0.460566186471838,100,0.60972902745152,0.79027097254848,0.67,0.472581562625261,100,0.577374013725449,0.762625986274551
"primary_controlled",100,200,"n=100, p=200","independent",20,"equal_width_4","parent_group_lasso_grpreg","sqrt_group_size","grpreg_approximate_df_excluding_intercept",-0.183667775314117,0.101046206815616,100,-0.203472831849977,-0.163862718778256,0.498718239984724,0.185631223592885,100,0.462334520160519,0.53510195980893,-0.151493238649241,0.0790969289826092,100,-0.166996236729832,-0.135990240568649,0.850323922540916,0.290244339669332,100,0.793436031965727,0.907211813116105,0.270527702746738,0.0533635303539997,100,0.260068450797354,0.280986954696122,0.342087663398057,0.0820476867981096,100,0.326006316785628,0.358169010010487,0.327923268115026,0.059980528772715,100,0.316167084475574,0.339679451754478,20.32,0.51010001000002,100,20.22002039804,20.41997960196,20.39,0.694785774701291,100,20.2538219881585,20.5261780118415,20.32,0.51010001000002,100,20.22002039804,20.41997960196,81.56,2.77914309880516,100,81.0152879526342,82.1047120473658,13.1067388573394,2.566844144001,100,12.6036374051152,13.6098403095636,1,0,100,1,1,1,0,100,1,1,0.7,0.460566186471838,100,0.60972902745152,0.79027097254848,0.7,0.460566186471838,100,0.60972902745152,0.79027097254848
"primary_controlled",100,200,"n=100, p=200","independent",20,"quantile_2","component_lasso_glmnet","not_applicable","active_coefficient_count_proxy_excluding_intercept",-0.050577181751884,0.0734051412551322,100,-0.0649645894378899,-0.036189774065878,0.281997139444118,0.138193879522861,100,0.254911139057638,0.309083139830599,-0.0526406453291699,0.0547284771834822,100,-0.0633674268571324,-0.0419138638012074,0.473309194295421,0.219520207329609,100,0.430283233658818,0.516335154932024,0.475370954555394,0.0502945510837469,100,0.465513222542979,0.485228686567808,0.603575592723119,0.107170445732529,100,0.582570185359543,0.624581000086695,0.536634331539011,0.064447867463743,100,0.524002549516117,0.549266113561904,20.33,0.513553671720273,100,20.2293434803428,20.4306565196572,20.42,0.654124443725189,100,20.2917916090299,20.5482083909701,20.33,0.513553671720273,100,20.2293434803428,20.4306565196572,23.07,1.80490353417482,100,22.7162389073017,23.4237610926983,23.07,1.80490353417482,100,22.7162389073017,23.4237610926983,1,0,100,1,1,1,0,100,1,1,0.69,0.464823198711732,100,0.598894653052501,0.781105346947499,0.66,0.476095228569523,100,0.566685335200373,0.753314664799627
"primary_controlled",100,200,"n=100, p=200","independent",20,"quantile_2","parent_group_lasso_grpreg","equal_parent","grpreg_approximate_df_excluding_intercept",-0.0998495934959349,0.079915629510792,100,-0.11551305688005,-0.0841861301118197,0.273105431500957,0.136129692656327,100,0.246424011740317,0.299786851261598,-0.0792247991740324,0.0626863781305132,100,-0.091511329287613,-0.0669382690604518,0.501569422273235,0.219929297259626,100,0.458463280010348,0.544675564536122,0.397168338373612,0.0537675661907105,100,0.386629895400233,0.407706781346991,0.507900638117617,0.0953250632513818,100,0.489216925720346,0.526584350514887,0.452844992361276,0.0690982359988722,100,0.439301738105497,0.466388246617055,20.32,0.51010001000002,100,20.22002039804,20.41997960196,20.38,0.582228390745332,100,20.2658832354139,20.4941167645861,20.32,0.51010001000002,100,20.22002039804,20.41997960196,40.76,1.16445678149066,100,40.5317664708278,40.9882335291722,8.41747292372431,1.40149840795731,100,8.14277923576468,8.69216661168394,1,0,100,1,1,1,0,100,1,1,0.7,0.460566186471838,100,0.60972902745152,0.79027097254848,0.67,0.472581562625261,100,0.577374013725449,0.762625986274551
"primary_controlled",100,200,"n=100, p=200","independent",20,"quantile_2","parent_group_lasso_grpreg","sqrt_group_size","grpreg_approximate_df_excluding_intercept",-0.0998495934959349,0.079915629510792,100,-0.11551305688005,-0.0841861301118197,0.273105431500958,0.136129692656327,100,0.246424011740317,0.299786851261598,-0.0792247991740324,0.0626863781305132,100,-0.091511329287613,-0.0669382690604518,0.501569422273235,0.219929297259626,100,0.458463280010348,0.544675564536122,0.397168338373612,0.0537675661907105,100,0.386629895400233,0.407706781346991,0.507900638117617,0.0953250632513818,100,0.489216925720346,0.526584350514887,0.452844992361276,0.0690982359988722,100,0.439301738105497,0.466388246617055,20.32,0.51010001000002,100,20.22002039804,20.41997960196,20.38,0.582228390745332,100,20.2658832354139,20.4941167645861,20.32,0.51010001000002,100,20.22002039804,20.41997960196,40.76,1.16445678149066,100,40.5317664708278,40.9882335291722,8.41747292372431,1.40149840795731,100,8.14277923576468,8.69216661168394,1,0,100,1,1,1,0,100,1,1,0.7,0.460566186471838,100,0.60972902745152,0.79027097254848,0.67,0.472581562625261,100,0.577374013725449,0.762625986274551
"primary_controlled",100,200,"n=100, p=200","independent",20,"quantile_4","component_lasso_glmnet","not_applicable","active_coefficient_count_proxy_excluding_intercept",-0.208778299975691,0.106206814014301,100,-0.229594835522494,-0.187961764428888,0.572270764200123,0.197940315294677,100,0.533474462402366,0.611067065997879,-0.160073480899499,0.0799655612980232,100,-0.175746730913911,-0.144400230885086,0.926513284656634,0.286182923370275,100,0.870421431676061,0.982605137637208,0.269425186864564,0.0518094875533804,100,0.259270527304101,0.279579846425026,0.332521039527194,0.0792253550080888,100,0.316992869945609,0.34804920910878,0.335540521303359,0.059539400461638,100,0.323870798812878,0.34721024379384,20.33,0.513553671720273,100,20.2293434803428,20.4306565196572,20.52,0.82241330021081,100,20.3588069931587,20.6811930068413,20.33,0.513553671720273,100,20.2293434803428,20.4306565196572,22.37,1.6856794332005,100,22.0396068310927,22.7003931689073,22.37,1.6856794332005,100,22.0396068310927,22.7003931689073,1,0,100,1,1,1,0,100,1,1,0.69,0.464823198711732,100,0.598894653052501,0.781105346947499,0.65,0.479372485441102,100,0.556042992853544,0.743957007146456
"primary_controlled",100,200,"n=100, p=200","independent",20,"quantile_4","parent_group_lasso_grpreg","equal_parent","grpreg_approximate_df_excluding_intercept",-0.191114771407454,0.101529928391784,100,-0.211014637372244,-0.171214905442665,0.505401555408209,0.192703322901117,100,0.46763170411959,0.543171406696828,-0.15898189418549,0.0754961837343882,100,-0.17377914619743,-0.14418464217355,0.867789283998083,0.281603151930801,100,0.812595066219646,0.92298350177652,0.272881790255096,0.0552733381870651,100,0.262048215970431,0.28371536453976,0.338257401947046,0.0756187454226405,100,0.323436127844208,0.353078676049883,0.325755656450453,0.054875409342835,100,0.315000076219257,0.336511236681648,20.32,0.51010001000002,100,20.22002039804,20.41997960196,20.34,0.669991708074726,100,20.2086816252174,20.4713183747826,20.32,0.51010001000002,100,20.22002039804,20.41997960196,81.36,2.6799668322989,100,80.8347265008694,81.8852734991306,13.6176351911483,2.86693124666819,100,13.0557166668013,14.1795537154953,1,0,100,1,1,1,0,100,1,1,0.7,0.460566186471838,100,0.60972902745152,0.79027097254848,0.74,0.440844002276808,100,0.653594575553746,0.826405424446254
"primary_controlled",100,200,"n=100, p=200","independent",20,"quantile_4","parent_group_lasso_grpreg","sqrt_group_size","grpreg_approximate_df_excluding_intercept",-0.192134727061556,0.102150130904852,100,-0.212156152718907,-0.172113301404205,0.504417409818191,0.192394239465615,100,0.466708138882931,0.542126680753452,-0.159315227518823,0.0757522705246828,100,-0.174162672541661,-0.144467782495986,0.867685794037958,0.281482780959289,100,0.812515168969938,0.922856419105979,0.272937253245567,0.0552994825087428,100,0.262098554673853,0.28377595181728,0.336945341242919,0.0756881024604525,100,0.32211047316067,0.351780209325167,0.325755656450453,0.054875409342835,100,0.315000076219257,0.336511236681648,20.32,0.51010001000002,100,20.22002039804,20.41997960196,20.28,0.55194788218315,100,20.1718182150921,20.3881817849079,20.32,0.51010001000002,100,20.22002039804,20.41997960196,81.12,2.2077915287326,100,80.6872728603684,81.5527271396316,13.3976630900722,2.69924046787925,100,12.8686119583679,13.9267142217765,1,0,100,1,1,1,0,100,1,1,0.7,0.460566186471838,100,0.60972902745152,0.79027097254848,0.77,0.422952584681651,100,0.687101293402396,0.852898706597604
"primary_controlled",100,200,"n=100, p=200","independent",20,"quantile_8","component_lasso_glmnet","not_applicable","active_coefficient_count_proxy_excluding_intercept",-0.316268819382546,0.116340966953114,100,-0.339071648905356,-0.293465989859736,0.778537267226992,0.23607371481847,100,0.732266819122572,0.824807715331412,-0.246832120403247,0.0835474523635865,100,-0.26320742106651,-0.230456819739984,1.23852133643712,0.314908389278486,100,1.17679929213854,1.3002433807357,0.160313631614817,0.0519210394283396,100,0.150137107886862,0.170490155342771,0.195580350076443,0.0667368994000388,100,0.182499917794035,0.20866078235885,0.227305432890669,0.0518870345713357,100,0.217135574114688,0.237475291666651,20.33,0.513553671720273,100,20.2293434803428,20.4306565196572,20.49,0.758720347464443,100,20.341290811897,20.638709188103,20.33,0.513553671720273,100,20.2293434803428,20.4306565196572,21.98,1.48378440536897,100,21.6891782565477,22.2708217434523,21.98,1.48378440536897,100,21.6891782565477,22.2708217434523,1,0,100,1,1,1,0,100,1,1,0.69,0.464823198711732,100,0.598894653052501,0.781105346947499,0.65,0.479372485441102,100,0.556042992853544,0.743957007146456
"primary_controlled",100,200,"n=100, p=200","independent",20,"quantile_8","parent_group_lasso_grpreg","equal_parent","grpreg_approximate_df_excluding_intercept",-0.274214285714286,0.113130130911141,100,-0.296387791372869,-0.252040780055702,0.680394244329299,0.220831829818776,100,0.637111205684818,0.723677282973779,-0.225495202840523,0.0747728919813978,100,-0.240150689668877,-0.210839716012169,1.13201672120166,0.328246683317597,100,1.06768037127141,1.19635307113191,0.190201403781862,0.0571287211220375,100,0.179004174441943,0.201398633121781,0.242025657722641,0.0680002086700865,100,0.228697616823304,0.255353698621978,0.2445382197095,0.0422861363494585,100,0.236250136985006,0.252826302433994,20.32,0.51010001000002,100,20.22002039804,20.41997960196,20.33,0.513553671720273,100,20.2293434803428,20.4306565196572,20.32,0.51010001000002,100,20.22002039804,20.41997960196,162.64,4.10842937376218,100,161.834747842743,163.445252157257,22.9981935932631,4.35872211954033,100,22.1438840578332,23.852503128693,1,0,100,1,1,1,0,100,1,1,0.7,0.460566186471838,100,0.60972902745152,0.79027097254848,0.69,0.464823198711732,100,0.598894653052501,0.781105346947499
"primary_controlled",100,200,"n=100, p=200","independent",20,"quantile_8","parent_group_lasso_grpreg","sqrt_group_size","grpreg_approximate_df_excluding_intercept",-0.273006631013154,0.115705517601343,100,-0.295684912463017,-0.250328349563291,0.680679891817073,0.219664569695919,100,0.637625636156673,0.723734147477474,-0.225495202840523,0.0747728919813978,100,-0.240150689668877,-0.210839716012169,1.13201672133395,0.32824668313403,100,1.06768037143968,1.19635307122822,0.189805511143787,0.057219493569507,100,0.178590490404163,0.20102053188341,0.242164654338173,0.0674621829201816,100,0.228942066485817,0.255387242190529,0.2445382197095,0.0422861363494585,100,0.236250136985006,0.252826302433994,20.32,0.51010001000002,100,20.22002039804,20.41997960196,20.37,0.645966506308746,100,20.2433905647635,20.4966094352365,20.32,0.51010001000002,100,20.22002039804,20.41997960196,162.96,5.16773205046997,100,161.947124518108,163.972875481892,21.8179216608198,4.8809577500735,100,20.8612539418054,22.7745893798342,1,0,100,1,1,1,0,100,1,1,0.7,0.460566186471838,100,0.60972902745152,0.79027097254848,0.71,0.456048021572069,100,0.620614587771875,0.799385412228125
"primary_controlled",500,100,"n=500, p=100","ar1_rho_0.5",10,"equal_width_4","component_lasso_glmnet","not_applicable","active_coefficient_count_proxy_excluding_intercept",-0.165099567099567,0.0867571493939192,100,-0.182103968380775,-0.148095165818359,0.665234315154355,0.25574401182587,100,0.615108488836485,0.715360141472225,-0.00882942326490714,0.0286928873709645,100,-0.0144532291896162,-0.00320561734019811,0.557002151512648,0.164845640524322,100,0.524692405969881,0.589311897055415,0.350974269617264,0.0602542833006691,100,0.339164430090332,0.362784109144195,0.716759074259074,0.12365112209858,100,0.692523454327753,0.740994694190396,0.499433910454281,0.081810217023936,100,0.483399107917589,0.515468712990972,10.02,0.14070529413629,100,9.99242176234929,10.0475782376507,10.1,0.333333333333333,100,10.0346666666667,10.1653333333333,10.02,0.14070529413629,100,9.99242176234929,10.0475782376507,20.64,3.34700227702705,100,19.9839875537027,21.2960124462973,20.64,3.34700227702705,100,19.9839875537027,21.2960124462973,1,0,100,1,1,1,0,100,1,1,0.98,0.14070529413629,100,0.952421762349287,1.00757823765071,0.91,0.287623491264661,100,0.853625795712126,0.966374204287874
"primary_controlled",500,100,"n=500, p=100","ar1_rho_0.5",10,"equal_width_4","parent_group_lasso_grpreg","equal_parent","grpreg_approximate_df_excluding_intercept",-0.0294285714285714,0.0531573920585861,100,-0.0398474202720543,-0.0190097225850885,0.0789486877738836,0.12005471094887,100,0.0554179644279051,0.102479411119862,-0.00396114369501466,0.0232735638904946,100,-0.0085227622175516,0.000600474827522272,0.157820677639411,0.0491758177985776,100,0.14818221735089,0.167459137927933,0.374402060965934,0.0622610147172966,100,0.362198902081344,0.386605219850524,0.941223776223776,0.100733868330325,100,0.921479938031032,0.96096761441652,0.543094446347145,0.0921749844102354,100,0.525028149402739,0.561160743291551,10.02,0.14070529413629,100,9.99242176234929,10.0475782376507,10.03,0.171446607997765,100,9.99639646483244,10.0636035351676,10.02,0.14070529413629,100,9.99242176234929,10.0475782376507,40.12,0.685786431991061,100,39.9855858593298,40.2544141406702,16.2854331729677,3.68805854311931,100,15.5625736985164,17.0082926474191,1,0,100,1,1,1,0,100,1,1,0.98,0.14070529413629,100,0.952421762349287,1.00757823765071,0.97,0.171446607997765,100,0.936396464832438,1.00360353516756
"primary_controlled",500,100,"n=500, p=100","ar1_rho_0.5",10,"equal_width_4","parent_group_lasso_grpreg","sqrt_group_size","grpreg_approximate_df_excluding_intercept",-0.0219047619047619,0.0402811985411096,100,-0.0297998768188194,-0.0140096469907044,0.0917369552836082,0.100565083480761,100,0.072026198921379,0.111447711645837,-0.00175415444770283,0.0184933416535952,100,-0.00537884941180748,0.00187054051640182,0.156273118909196,0.0480504264046336,100,0.146855235333888,0.165691002484504,0.37758648634016,0.0622074231231484,100,0.365393831408023,0.389779141272297,0.953181818181818,0.0808394968775161,100,0.937337276793825,0.969026359569811,0.546608806444264,0.0904235957857705,100,0.528885781670253,0.564331831218275,10.02,0.14070529413629,100,9.99242176234929,10.0475782376507,10.04,0.196946385566932,100,10.0013985084289,10.0786014915711,10.02,0.14070529413629,100,9.99242176234929,10.0475782376507,40.16,0.787785542267729,100,40.0055940337155,40.3144059662845,15.8556551402975,3.4645829933842,100,15.1765968735941,16.5347134070008,1,0,100,1,1,1,0,100,1,1,0.98,0.14070529413629,100,0.952421762349287,1.00757823765071,0.96,0.196946385566932,100,0.921398508428881,0.998601491571119
"primary_controlled",500,100,"n=500, p=100","ar1_rho_0.5",10,"quantile_2","component_lasso_glmnet","not_applicable","active_coefficient_count_proxy_excluding_intercept",-0.0252467532467532,0.0455371932381461,100,-0.0341720431214299,-0.0163214633720766,0.149924241138419,0.140990377052996,100,0.122290127236032,0.177558355040807,0.000162512218963832,0.0155029505079483,100,-0.00287606608059403,0.0032010905185217,0.0866419330181203,0.037205344449665,100,0.079349685505986,0.0939341805302546,0.598485370919432,0.0553334430089392,100,0.58764001608968,0.609330725749184,0.943409090909091,0.0864939959349512,100,0.926456267705841,0.960361914112341,0.701425025823751,0.0978031438531763,100,0.682255609628529,0.720594442018974,10.02,0.14070529413629,100,9.99242176234929,10.0475782376507,10.05,0.261116483933547,100,9.99882116914902,10.101178830851,10.02,0.14070529413629,100,9.99242176234929,10.0475782376507,17.18,1.29005520201363,100,16.9271491804053,17.4328508195947,17.18,1.29005520201363,100,16.9271491804053,17.4328508195947,1,0,100,1,1,1,0,100,1,1,0.98,0.14070529413629,100,0.952421762349287,1.00757823765071,0.96,0.196946385566932,100,0.921398508428881,0.998601491571119
"primary_controlled",500,100,"n=500, p=100","ar1_rho_0.5",10,"quantile_2","parent_group_lasso_grpreg","equal_parent","grpreg_approximate_df_excluding_intercept",-0.003,0.0221670620290034,100,-0.00734474415768467,0.00134474415768468,0.0328521377685222,0.0582027052713766,100,0.0214444075353324,0.044259868001712,-0.00189516129032258,0.0179377215251361,100,-0.00541095470924926,0.0016206321286041,0.0577425008063348,0.024175000682646,100,0.0530042006725362,0.0624808009401335,0.517463985347929,0.0605428463021939,100,0.505597587472699,0.529330383223159,0.985454545454545,0.0460837987136672,100,0.976422120906667,0.994486970002424,0.657895226110443,0.101876997704085,100,0.637927334560443,0.677863117660444,10.02,0.14070529413629,100,9.99242176234929,10.0475782376507,10.02,0.14070529413629,100,9.99242176234929,10.0475782376507,10.02,0.14070529413629,100,9.99242176234929,10.0475782376507,20.04,0.281410588272579,100,19.9848435246986,20.0951564753014,8.35487086948691,1.87358724353535,100,7.98764776975398,8.72209396921984,1,0,100,1,1,1,0,100,1,1,0.98,0.14070529413629,100,0.952421762349287,1.00757823765071,0.98,0.14070529413629,100,0.952421762349287,1.00757823765071
"primary_controlled",500,100,"n=500, p=100","ar1_rho_0.5",10,"quantile_2","parent_group_lasso_grpreg","sqrt_group_size","grpreg_approximate_df_excluding_intercept",-0.003,0.0221670620290034,100,-0.00734474415768467,0.00134474415768468,0.0328521377685222,0.0582027052713766,100,0.0214444075353324,0.044259868001712,-0.00189516129032258,0.0179377215251361,100,-0.00541095470924926,0.0016206321286041,0.0577425008063348,0.024175000682646,100,0.0530042006725362,0.0624808009401335,0.517463985347929,0.0605428463021939,100,0.505597587472699,0.529330383223159,0.985454545454545,0.0460837987136672,100,0.976422120906667,0.994486970002424,0.657895226110443,0.101876997704085,100,0.637927334560443,0.677863117660444,10.02,0.14070529413629,100,9.99242176234929,10.0475782376507,10.02,0.14070529413629,100,9.99242176234929,10.0475782376507,10.02,0.14070529413629,100,9.99242176234929,10.0475782376507,20.04,0.281410588272579,100,19.9848435246986,20.0951564753014,8.35487086948691,1.87358724353535,100,7.98764776975398,8.72209396921984,1,0,100,1,1,1,0,100,1,1,0.98,0.14070529413629,100,0.952421762349287,1.00757823765071,0.98,0.14070529413629,100,0.952421762349287,1.00757823765071
"primary_controlled",500,100,"n=500, p=100","ar1_rho_0.5",10,"quantile_4","component_lasso_glmnet","not_applicable","active_coefficient_count_proxy_excluding_intercept",-0.0834805194805194,0.0684754041705988,100,-0.0969016986979568,-0.0700593402630821,0.346496510499695,0.197172870914382,100,0.307850627800477,0.385142393198914,-0.00710215053763441,0.0231157514027448,100,-0.0116328378125724,-0.00257146326269643,0.32467968141509,0.0859330938481446,100,0.307836795020854,0.341522567809327,0.381994535867342,0.0625802396068915,100,0.369728808904391,0.394260262830292,0.848921911421911,0.119559445254673,100,0.825488260151996,0.872355562691827,0.543481782399399,0.0825614218450463,100,0.52729974371777,0.559663821081028,10.02,0.14070529413629,100,9.99242176234929,10.0475782376507,10.08,0.307482445914323,100,10.0197334406008,10.1402665593992,10.02,0.14070529413629,100,9.99242176234929,10.0475782376507,17.2,2.12251042519242,100,16.7839879566623,17.6160120433377,17.2,2.12251042519242,100,16.7839879566623,17.6160120433377,1,0,100,1,1,1,0,100,1,1,0.98,0.14070529413629,100,0.952421762349287,1.00757823765071,0.93,0.256432399976243,100,0.879739249604656,0.980260750395344
"primary_controlled",500,100,"n=500, p=100","ar1_rho_0.5",10,"quantile_4","parent_group_lasso_grpreg","equal_parent","grpreg_approximate_df_excluding_intercept",-0.0346796536796537,0.0540432244662862,100,-0.0452721256750458,-0.0240871816842616,0.0698958936787773,0.122047733714679,100,0.0459745378707002,0.0938172494868545,-0.00348264907135875,0.0220873326973291,100,-0.00781176628003525,0.000846468137317753,0.157702338184327,0.0476016133207799,100,0.148372421973454,0.1670322543952,0.371077872379012,0.0635783914751069,100,0.358616507649891,0.383539237108133,0.931093073593074,0.0984999302509803,100,0.911787087263881,0.950399059922266,0.545489957827778,0.0897029067769214,100,0.527908188099501,0.563071727556054,10.02,0.14070529413629,100,9.99242176234929,10.0475782376507,10.06,0.277797979063414,100,10.0055515961036,10.1144484038964,10.02,0.14070529413629,100,9.99242176234929,10.0475782376507,40.24,1.11119191625366,100,40.0222063844143,40.4577936155857,16.5349322774678,3.79020947040199,100,15.792051221269,17.2778133336666,1,0,100,1,1,1,0,100,1,1,0.98,0.14070529413629,100,0.952421762349287,1.00757823765071,0.95,0.21904291355759,100,0.907067588942712,0.992932411057288
"primary_controlled",500,100,"n=500, p=100","ar1_rho_0.5",10,"quantile_4","parent_group_lasso_grpreg","sqrt_group_size","grpreg_approximate_df_excluding_intercept",-0.0279523809523809,0.0456628247707689,100,-0.0369022946074516,-0.0190024672973102,0.0876689246593316,0.0985959736147939,100,0.068344113830832,0.106993735487831,-0.000643939393939393,0.0162812368031151,100,-0.00383506180734995,0.00254718301947116,0.157299698846318,0.0455180284456271,100,0.148378165270975,0.166221232421661,0.374189718834433,0.0624475093795467,100,0.361950006996042,0.386429430672824,0.939015151515152,0.0906560540820606,100,0.921246564915068,0.956783738115235,0.549975710187724,0.0866464725340802,100,0.532993001571044,0.566958418804403,10.02,0.14070529413629,100,9.99242176234929,10.0475782376507,10.04,0.196946385566932,100,10.0013985084289,10.0786014915711,10.02,0.14070529413629,100,9.99242176234929,10.0475782376507,40.16,0.787785542267729,100,40.0055940337155,40.3144059662845,15.9578900338548,3.45312506128455,100,15.2810775218431,16.6347025458666,1,0,100,1,1,1,0,100,1,1,0.98,0.14070529413629,100,0.952421762349287,1.00757823765071,0.96,0.196946385566932,100,0.921398508428881,0.998601491571119
"primary_controlled",500,100,"n=500, p=100","ar1_rho_0.5",10,"quantile_8","component_lasso_glmnet","not_applicable","active_coefficient_count_proxy_excluding_intercept",-0.173857142857143,0.084750619660767,100,-0.190468264310653,-0.157246021403632,0.702450936765454,0.256273241061822,100,0.652221381517337,0.752680492013571,-0.0274638318670577,0.0435329347790976,100,-0.0359962870837608,-0.0189313766503545,0.821649495307172,0.166053281904284,100,0.789103052053932,0.854195938560412,0.273185494632004,0.0652663373697434,100,0.260393292507534,0.285977696756474,0.703032467532468,0.126330904842312,100,0.678271610183374,0.727793324881561,0.453787628924962,0.080314483385086,100,0.438045990181485,0.469529267668439,10.02,0.14070529413629,100,9.99242176234929,10.0475782376507,10.23,0.509604719068583,100,10.1301174750626,10.3298825249374,10.02,0.14070529413629,100,9.99242176234929,10.0475782376507,18.65,2.95889345956398,100,18.0700568819255,19.2299431180745,18.65,2.95889345956398,100,18.0700568819255,19.2299431180745,1,0,100,1,1,1,0,100,1,1,0.98,0.14070529413629,100,0.952421762349287,1.00757823765071,0.81,0.394277244403663,100,0.732721660096882,0.887278339903118
"primary_controlled",500,100,"n=500, p=100","ar1_rho_0.5",10,"quantile_8","parent_group_lasso_grpreg","equal_parent","grpreg_approximate_df_excluding_intercept",-0.131722943722944,0.0750244968312285,100,-0.146427745101864,-0.117018142344023,0.0621217954383491,0.170401878176947,100,0.0287230273156675,0.0955205635610308,-0.0318037634408602,0.0463995536212365,100,-0.0408980759506226,-0.0227094509310978,0.332868055291116,0.0921417945207901,100,0.314808263565041,0.350927847017191,0.296658331238702,0.0673161975755629,100,0.283464356513892,0.309852305963512,0.764277389277389,0.117920457081029,100,0.741164979689508,0.787389798865271,0.474770133538237,0.0803148967810632,100,0.459028413769149,0.490511853307325,10.02,0.14070529413629,100,9.99242176234929,10.0475782376507,10.16,0.394917201397452,100,10.0825962285261,10.2374037714739,10.02,0.14070529413629,100,9.99242176234929,10.0475782376507,81.28,3.15933761117962,100,80.6607698282088,81.8992301717912,35.6452896158888,5.03287735196364,100,34.6588456549039,36.6317335768737,1,0,100,1,1,1,0,100,1,1,0.98,0.14070529413629,100,0.952421762349287,1.00757823765071,0.85,0.358870281282637,100,0.779661424868603,0.920338575131397
"primary_controlled",500,100,"n=500, p=100","ar1_rho_0.5",10,"quantile_8","parent_group_lasso_grpreg","sqrt_group_size","grpreg_approximate_df_excluding_intercept",-0.0553333333333333,0.0548095867031214,100,-0.0660760123271451,-0.0445906543395215,0.204560058733542,0.131047733018939,100,0.17887470306183,0.230245414405254,-0.00506720430107527,0.0251825631869959,100,-0.0100029866857265,-0.000131421916424065,0.343258128355272,0.0844151592549509,100,0.326712757141302,0.359803499569243,0.308379429390949,0.0654486805789619,100,0.295551487997473,0.321207370784426,0.887214452214452,0.105894247751285,100,0.8664591796552,0.907969724773704,0.493924205350123,0.0790698285114991,100,0.478426518961869,0.509421891738377,10.02,0.14070529413629,100,9.99242176234929,10.0475782376507,10.05,0.21904291355759,100,10.0070675889427,10.0929324110573,10.02,0.14070529413629,100,9.99242176234929,10.0475782376507,80.4,1.75234330846072,100,80.0565407115417,80.7434592884583,28.354237992006,6.07807775883739,100,27.1629347512738,29.5455412327381,1,0,100,1,1,1,0,100,1,1,0.98,0.14070529413629,100,0.952421762349287,1.00757823765071,0.95,0.21904291355759,100,0.907067588942712,0.992932411057288
"primary_controlled",500,100,"n=500, p=100","ar1_rho_0.9",10,"equal_width_4","component_lasso_glmnet","not_applicable","active_coefficient_count_proxy_excluding_intercept",-0.305714285714286,0.128346905507569,100,-0.330870279193769,-0.280558292234802,0.730228270632658,0.284032234477226,100,0.674557952675122,0.785898588590194,-0.214072091886608,0.0766389247925745,100,-0.229093321145953,-0.199050862627263,0.888278522505774,0.264819165625398,100,0.836373966043196,0.940183078968353,0.266363258781767,0.0633266588123545,100,0.253951233654546,0.278775283908989,0.351060286935287,0.119480053618339,100,0.327642196426093,0.374478377444481,0.351874186522726,0.0806446251139783,100,0.336067840000386,0.367680533045065,10.18,0.435310176190437,100,10.0946792054667,10.2653207945333,10.19,0.419114024647906,100,10.107853651169,10.272146348831,10.18,0.435310176190437,100,10.0946792054667,10.2653207945333,13.67,2.36581290618483,100,13.2063006703878,14.1336993296122,13.67,2.36581290618483,100,13.2063006703878,14.1336993296122,1,0,100,1,1,1,0,100,1,1,0.84,0.368452949177471,100,0.767783221961216,0.912216778038784,0.82,0.386122919665369,100,0.744319907745588,0.895680092254412
"primary_controlled",500,100,"n=500, p=100","ar1_rho_0.9",10,"equal_width_4","parent_group_lasso_grpreg","equal_parent","grpreg_approximate_df_excluding_intercept",-0.111926406926407,0.104963928480625,100,-0.13249933690861,-0.0913534769442043,0.0785012050312031,0.145988981004392,100,0.0498873647543422,0.107115045308064,-0.123980816226784,0.0788241758263956,100,-0.139430354688757,-0.10853127776481,0.276793074331882,0.128379319523007,100,0.251630727705372,0.301955420958391,0.337822037824597,0.0687833783277425,100,0.32434049567236,0.351303579976835,0.651235930735931,0.154073434854553,100,0.621037537504438,0.681434323967423,0.500631062354602,0.11904013733973,100,0.477299195436015,0.523962929273189,10.19,0.442559132612339,100,10.103258410008,10.276741589992,10.16,0.41971611377408,100,10.0777356417003,10.2422643582997,10.19,0.442559132612339,100,10.103258410008,10.276741589992,40.64,1.67886445509632,100,40.3109425668011,40.9690574331989,12.10863881535,3.23356173313362,100,11.4748607156558,12.7424169150442,1,0,100,1,1,1,0,100,1,1,0.83,0.377525168068637,100,0.756005067058547,0.903994932941453,0.86,0.348735088019777,100,0.791647922748124,0.928352077251876
"primary_controlled",500,100,"n=500, p=100","ar1_rho_0.9",10,"equal_width_4","parent_group_lasso_grpreg","sqrt_group_size","grpreg_approximate_df_excluding_intercept",-0.0628917748917749,0.0847312789412673,100,-0.0794991055642633,-0.0462844442192865,0.1322945366017,0.127874934439994,100,0.107231049451461,0.157358023751939,-0.082069403714565,0.065567073554471,100,-0.0949205501312413,-0.0692182572978887,0.259770126223071,0.113903848325147,100,0.237444971951343,0.2820952804948,0.365158603708034,0.0646097047353125,100,0.352495101579913,0.377822105836155,0.733626207126207,0.150916631940657,100,0.704046547265838,0.763205866986576,0.550655769957591,0.106752683280281,100,0.529732244034656,0.571579295880526,10.19,0.442559132612339,100,10.103258410008,10.276741589992,10.07,0.293188669562103,100,10.0125350207658,10.1274649792342,10.19,0.442559132612339,100,10.103258410008,10.276741589992,40.28,1.17275467824841,100,40.0501400830633,40.5098599169367,10.4810983225786,2.94853309017926,100,9.90318583690342,11.0590108082537,1,0,100,1,1,1,0,100,1,1,0.83,0.377525168068637,100,0.756005067058547,0.903994932941453,0.94,0.238683256575942,100,0.893218081711115,0.986781918288885
"primary_controlled",500,100,"n=500, p=100","ar1_rho_0.9",10,"quantile_2","component_lasso_glmnet","not_applicable","active_coefficient_count_proxy_excluding_intercept",-0.111731601731602,0.0926489371206549,100,-0.12989079340725,-0.0935724100559534,0.281362662432542,0.21134195487507,100,0.239939639277028,0.322785685588055,-0.0632688172043011,0.0605679275445168,100,-0.0751401310030264,-0.0513975034055758,0.258942097778724,0.147286070808323,100,0.230074027900292,0.287810167657155,0.540821410556617,0.0592078654301495,100,0.529216668932308,0.552426152180926,0.644221278721279,0.13986385297389,100,0.616807963538396,0.671634593904161,0.594554306133092,0.0926821986358798,100,0.576388595200459,0.612720017065724,10.18,0.435310176190437,100,10.0946792054667,10.2653207945333,10.16,0.41971611377408,100,10.0777356417003,10.2422643582997,10.18,0.435310176190437,100,10.0946792054667,10.2653207945333,13.78,1.35273759092405,100,13.5148634321789,14.0451365678211,13.78,1.35273759092405,100,13.5148634321789,14.0451365678211,1,0,100,1,1,1,0,100,1,1,0.84,0.368452949177471,100,0.767783221961216,0.912216778038784,0.86,0.348735088019777,100,0.791647922748124,0.928352077251876
"primary_controlled",500,100,"n=500, p=100","ar1_rho_0.9",10,"quantile_2","parent_group_lasso_grpreg","equal_parent","grpreg_approximate_df_excluding_intercept",-0.0154935064935065,0.0573638917789728,100,-0.0267368292821852,-0.00425018370482784,0.0216000876854958,0.0762476879480934,100,0.00665554084766954,0.0365446345233221,-0.0293602150537634,0.0462535162362676,100,-0.0384259042360719,-0.020294525871455,0.0904085681579868,0.0535877242079113,100,0.0799053742132362,0.100911762102737,0.535720506093223,0.0649506706735408,100,0.522990174641209,0.548450837545237,0.863362470862471,0.122378756339412,100,0.839376234619946,0.887348707104996,0.700344998881955,0.116028816301318,100,0.677603350886897,0.723086646877014,10.19,0.442559132612339,100,10.103258410008,10.276741589992,10.06,0.238683256575942,100,10.0132180817111,10.1067819182889,10.19,0.442559132612339,100,10.103258410008,10.276741589992,20.12,0.477366513151884,100,20.0264361634222,20.2135638365778,6.42185029505326,1.9951374347835,100,6.0308033578357,6.81289723227083,1,0,100,1,1,1,0,100,1,1,0.83,0.377525168068637,100,0.756005067058547,0.903994932941453,0.94,0.238683256575942,100,0.893218081711115,0.986781918288885
"primary_controlled",500,100,"n=500, p=100","ar1_rho_0.9",10,"quantile_2","parent_group_lasso_grpreg","sqrt_group_size","grpreg_approximate_df_excluding_intercept",-0.0134935064935065,0.0578720632276549,100,-0.0248364308861269,-0.00215058210088614,0.0243303236223709,0.0743260231581492,100,0.00976242308337365,0.0388982241613681,-0.0280268817204301,0.0451342804366739,100,-0.0368732006860182,-0.019180562754842,0.0901840543225794,0.0538383695257906,100,0.0796317338955245,0.100736374749634,0.538730963311087,0.0644300471522234,100,0.526102674069251,0.551359252552923,0.867977855477855,0.118648043367299,100,0.844722838977865,0.891232871977846,0.704533506026984,0.11503912502074,100,0.681985837522919,0.727081174531049,10.19,0.442559132612339,100,10.103258410008,10.276741589992,10.06,0.238683256575942,100,10.0132180817111,10.1067819182889,10.19,0.442559132612339,100,10.103258410008,10.276741589992,20.12,0.477366513151884,100,20.0264361634222,20.2135638365778,6.35579356456806,1.9511959135725,100,5.97335916550785,6.73822796362827,1,0,100,1,1,1,0,100,1,1,0.83,0.377525168068637,100,0.756005067058547,0.903994932941453,0.94,0.238683256575942,100,0.893218081711115,0.986781918288885
"primary_controlled",500,100,"n=500, p=100","ar1_rho_0.9",10,"quantile_4","component_lasso_glmnet","not_applicable","active_coefficient_count_proxy_excluding_intercept",-0.189574251835121,0.10936199651714,100,-0.211009203152481,-0.168139300517762,0.5029296838776,0.231428724065526,100,0.457569653960757,0.548289713794443,-0.146045698924731,0.08268563124161,100,-0.162252082648087,-0.129839315201376,0.546488754970122,0.200775695640436,100,0.507136718624596,0.585840791315647,0.311023433429503,0.0596669031612867,100,0.29932872040989,0.322718146449115,0.50152836379307,0.13514879807,100,0.47503919937135,0.52801752821479,0.438198599379856,0.102110770041973,100,0.41818488845163,0.458212310308083,10.18,0.435310176190437,100,10.0946792054667,10.2653207945333,10.2,0.512470743190538,100,10.0995557343347,10.3004442656653,10.18,0.435310176190437,100,10.0946792054667,10.2653207945333,13.38,1.43393222160659,100,13.0989492845651,13.6610507154349,13.38,1.43393222160659,100,13.0989492845651,13.6610507154349,1,0,100,1,1,1,0,100,1,1,0.84,0.368452949177471,100,0.767783221961216,0.912216778038784,0.84,0.368452949177471,100,0.767783221961216,0.912216778038784
"primary_controlled",500,100,"n=500, p=100","ar1_rho_0.9",10,"quantile_4","parent_group_lasso_grpreg","equal_parent","grpreg_approximate_df_excluding_intercept",-0.117670995670996,0.106824827742657,100,-0.138608661908556,-0.096733329433435,0.0818195148435329,0.153192193075531,100,0.0517938450007288,0.111845184686337,-0.121865713587488,0.0853897988889318,100,-0.138602114169718,-0.105129313005257,0.277650067734219,0.123173334605163,100,0.253508094151607,0.301792041316831,0.316901254174474,0.0651031671660343,100,0.304141033409931,0.329661474939016,0.636487764686294,0.163970956372699,100,0.604349457237245,0.668626072135343,0.492261208540881,0.119310160230398,100,0.468876417135723,0.515645999946039,10.19,0.442559132612339,100,10.103258410008,10.276741589992,10.15,0.411329453348431,100,10.0693794271437,10.2306205728563,10.19,0.442559132612339,100,10.103258410008,10.276741589992,40.6,1.64531781339372,100,40.2775177085748,40.9224822914252,11.9107154709858,2.99657690794195,100,11.3233863970292,12.4980445449424,1,0,100,1,1,1,0,100,1,1,0.83,0.377525168068637,100,0.756005067058547,0.903994932941453,0.87,0.337997668989631,100,0.803752456878032,0.936247543121968
"primary_controlled",500,100,"n=500, p=100","ar1_rho_0.9",10,"quantile_4","parent_group_lasso_grpreg","sqrt_group_size","grpreg_approximate_df_excluding_intercept",-0.0671731601731602,0.0926878418814131,100,-0.0853399771819171,-0.0490063431644032,0.140596781371726,0.156481458556854,100,0.109926415494583,0.17126714724887,-0.0784004154447703,0.0640498451386135,100,-0.0909541850919385,-0.065846645797602,0.269608147775388,0.112776208601721,100,0.247504010889451,0.291712284661326,0.342675324761759,0.0631560492614944,100,0.330296739106506,0.355053910417011,0.714485514485514,0.164235343592709,100,0.682295387141344,0.746675641829685,0.532602539176189,0.105102202149519,100,0.512002507554883,0.553202570797495,10.19,0.442559132612339,100,10.103258410008,10.276741589992,10.13,0.366666666666667,100,10.0581333333333,10.2018666666667,10.19,0.442559132612339,100,10.103258410008,10.276741589992,40.52,1.46666666666667,100,40.2325333333333,40.8074666666667,10.3874681434697,3.01054723737286,100,9.79740088494461,10.9775354019948,1,0,100,1,1,1,0,100,1,1,0.83,0.377525168068637,100,0.756005067058547,0.903994932941453,0.88,0.32659863237109,100,0.815986668055266,0.944013331944734
"primary_controlled",500,100,"n=500, p=100","ar1_rho_0.9",10,"quantile_8","component_lasso_glmnet","not_applicable","active_coefficient_count_proxy_excluding_intercept",-0.293649350649351,0.115519339452302,100,-0.316291141182002,-0.271007560116699,0.729790398765918,0.276954407555895,100,0.675507334884963,0.784073462646874,-0.233317693059629,0.0803135410228042,100,-0.249059147100098,-0.217576239019159,0.916687894706396,0.232777067810414,100,0.871063589415554,0.962312199997237,0.227473940315544,0.0644367614421342,100,0.214844335072886,0.240103545558203,0.371377962723551,0.11275838379188,100,0.349277319500342,0.393478605946759,0.351782809913543,0.0821648332821555,100,0.335678502590241,0.367887117236846,10.18,0.435310176190437,100,10.0946792054667,10.2653207945333,10.2,0.449466574975495,100,10.1119045513048,10.2880954486952,10.18,0.435310176190437,100,10.0946792054667,10.2653207945333,13.44,2.25325802276875,100,12.9983614275373,13.8816385724627,13.44,2.25325802276875,100,12.9983614275373,13.8816385724627,1,0,100,1,1,1,0,100,1,1,0.84,0.368452949177471,100,0.767783221961216,0.912216778038784,0.82,0.386122919665369,100,0.744319907745588,0.895680092254412
"primary_controlled",500,100,"n=500, p=100","ar1_rho_0.9",10,"quantile_8","parent_group_lasso_grpreg","equal_parent","grpreg_approximate_df_excluding_intercept",-0.189999058912102,0.123132534951733,100,-0.214133035762642,-0.165865082061563,0.193497063827708,0.18792749048592,100,0.156663275692468,0.230330851962948,-0.178158602150538,0.0856121773302001,100,-0.194938588907257,-0.161378615393818,0.435401459142378,0.13942359915087,100,0.408074433708808,0.462728484575949,0.263728143601855,0.0688215370004733,100,0.250239122349763,0.277217164853948,0.527334111966465,0.157139645788195,100,0.496534741391979,0.558133482540951,0.419359186565432,0.106573616011246,100,0.398470757827228,0.440247615303636,10.19,0.442559132612339,100,10.103258410008,10.276741589992,10.31,0.563090318750649,100,10.1996342975249,10.4203657024751,10.19,0.442559132612339,100,10.103258410008,10.276741589992,82.48,4.50472255000519,100,81.597074380199,83.362925619801,21.0664255075804,5.00587870153321,100,20.0852732820799,22.0475777330809,1,0,100,1,1,1,0,100,1,1,0.83,0.377525168068637,100,0.756005067058547,0.903994932941453,0.73,0.446196043338474,100,0.642545575505659,0.817454424494341
"primary_controlled",500,100,"n=500, p=100","ar1_rho_0.9",10,"quantile_8","parent_group_lasso_grpreg","sqrt_group_size","grpreg_approximate_df_excluding_intercept",-0.127939393939394,0.107442998796741,100,-0.148998221703555,-0.106880566175233,0.268222986765114,0.183442771777598,100,0.232268203496705,0.304177770033523,-0.126406891495601,0.080254438841143,100,-0.142136761508465,-0.110677021482737,0.440358801147661,0.145667057991526,100,0.411808057781322,0.468909544514,0.288654938241492,0.0673801320695984,100,0.275448432355851,0.301861444127134,0.600428571428571,0.14403834587392,100,0.572197055637283,0.62866008721986,0.468515580164593,0.100295039896565,100,0.448857752344866,0.48817340798432,10.19,0.442559132612339,100,10.103258410008,10.276741589992,10.08,0.307482445914323,100,10.0197334406008,10.1402665593992,10.19,0.442559132612339,100,10.103258410008,10.276741589992,80.64,2.45985956731458,100,80.1578675248063,81.1221324751937,16.6721354744682,4.61363547623393,100,15.7678629211264,17.5764080278101,1,0,100,1,1,1,0,100,1,1,0.83,0.377525168068637,100,0.756005067058547,0.903994932941453,0.93,0.256432399976243,100,0.879739249604656,0.980260750395344
"primary_controlled",500,100,"n=500, p=100","block",10,"equal_width_4","component_lasso_glmnet","not_applicable","active_coefficient_count_proxy_excluding_intercept",-0.348883116883117,0.108091529440331,100,-0.370069056653422,-0.327697177112812,0.875338097504958,0.250734379460318,100,0.826194159130736,0.924482035879181,-0.216274193548387,0.0781754626771397,100,-0.231596584233106,-0.200951802863668,0.94601495546727,0.263806822427591,100,0.894308818271462,0.997721092663077,0.239868733485567,0.0636369836577717,100,0.227395884688643,0.25234158228249,0.335834913452561,0.0902481327258464,100,0.318146279438295,0.353523547466826,0.353827639476763,0.0760334655947924,100,0.338925080220184,0.368730198733343,10.07,0.256432399976243,100,10.0197392496047,10.1202607503953,10.32,0.548275533473873,100,10.2125379954391,10.4274620045609,10.07,0.256432399976243,100,10.0197392496047,10.1202607503953,13.54,2.11497785168812,100,13.1254643410691,13.9545356589309,13.54,2.11497785168812,100,13.1254643410691,13.9545356589309,1,0,100,1,1,1,0,100,1,1,0.93,0.256432399976243,100,0.879739249604656,0.980260750395344,0.72,0.451260859854213,100,0.631552871468574,0.808447128531426
"primary_controlled",500,100,"n=500, p=100","block",10,"equal_width_4","parent_group_lasso_grpreg","equal_parent","grpreg_approximate_df_excluding_intercept",-0.110619047619048,0.0955690617657143,100,-0.129350583725128,-0.0918875115129677,0.113003479174654,0.152830310357326,100,0.0830487383446182,0.14295822000469,-0.110618279569892,0.0763789996073531,100,-0.125588563492934,-0.0956479956468512,0.236429554256789,0.100855438541687,100,0.216661888302619,0.25619722021096,0.325014618873497,0.0666018296375576,100,0.311960660264536,0.338068577482458,0.690519480519481,0.133617653609636,100,0.664330420411992,0.716708540626969,0.526886573410294,0.122590753059556,100,0.502858785810621,0.550914361009967,10.06,0.238683256575942,100,10.0132180817111,10.1067819182889,10.2,0.402015126103685,100,10.1212050352837,10.2787949647163,10.06,0.238683256575942,100,10.0132180817111,10.1067819182889,40.8,1.60806050441474,100,40.4848201411347,41.1151798588653,13.2261010726966,3.10435402657631,100,12.6176476834877,13.8345544619056,1,0,100,1,1,1,0,100,1,1,0.94,0.238683256575942,100,0.893218081711115,0.986781918288885,0.8,0.402015126103685,100,0.721205035283678,0.878794964716322
"primary_controlled",500,100,"n=500, p=100","block",10,"equal_width_4","parent_group_lasso_grpreg","sqrt_group_size","grpreg_approximate_df_excluding_intercept",-0.0573419913419914,0.0799012909398726,100,-0.0730026443662064,-0.0416813383177763,0.155381146823064,0.134027339367484,100,0.129111788307037,0.181650505339091,-0.0811298875855327,0.0625203556541026,100,-0.0933838772937368,-0.0688758978773286,0.227761606950235,0.0909168635627794,100,0.20994190169193,0.24558131220854,0.340336615364018,0.0649100786979976,100,0.327614239939211,0.353058990788826,0.757651515151515,0.142409853336696,100,0.729739183897523,0.785563846405508,0.557965413893921,0.120471330703355,100,0.534353033076063,0.581577794711778,10.06,0.238683256575942,100,10.0132180817111,10.1067819182889,10.19,0.464823198711732,100,10.0988946530525,10.2811053469475,10.06,0.238683256575942,100,10.0132180817111,10.1067819182889,40.76,1.85929279484693,100,40.39557861221,41.12442138779,11.934810179642,3.05203684161306,100,11.3366109586858,12.5330094005982,1,0,100,1,1,1,0,100,1,1,0.94,0.238683256575942,100,0.893218081711115,0.986781918288885,0.84,0.368452949177471,100,0.767783221961216,0.912216778038784
"primary_controlled",500,100,"n=500, p=100","block",10,"quantile_2","component_lasso_glmnet","not_applicable","active_coefficient_count_proxy_excluding_intercept",-0.0940259740259741,0.0822067676374551,100,-0.110138500482915,-0.0779134475690329,0.297187510921971,0.159552937132561,100,0.265915135243989,0.328459886599953,-0.0621962365591398,0.0540408917714489,100,-0.0727882513463438,-0.0516042217719358,0.214983076293856,0.12987815694439,100,0.189526957532755,0.240439195054956,0.550771784419837,0.0553552623354348,100,0.539922153002091,0.561621415837582,0.68475357975358,0.133463076045114,100,0.658594816848737,0.710912342658422,0.612080462834961,0.100550885346821,100,0.592372489306984,0.631788436362937,10.07,0.256432399976243,100,10.0197392496047,10.1202607503953,10.11,0.34509550720186,100,10.0423612805884,10.1776387194116,10.07,0.256432399976243,100,10.0197392496047,10.1202607503953,14.69,1.41203342164355,100,14.4132414493579,14.9667585506421,14.69,1.41203342164355,100,14.4132414493579,14.9667585506421,1,0,100,1,1,1,0,100,1,1,0.93,0.256432399976243,100,0.879739249604656,0.980260750395344,0.9,0.301511344577764,100,0.840903776462758,0.959096223537242
"primary_controlled",500,100,"n=500, p=100","block",10,"quantile_2","parent_group_lasso_grpreg","equal_parent","grpreg_approximate_df_excluding_intercept",-0.0136363636363636,0.0522858585299053,100,-0.0238843919082251,-0.00338833536450221,0.0512809896207437,0.0760457063552481,100,0.0363760311751151,0.0661859480663723,-0.0336586021505376,0.0412162303439232,100,-0.0417369832979466,-0.0255802210031287,0.0912220110437779,0.0500533019661228,100,0.0814115638584178,0.101032458229138,0.514543030237069,0.0609316195779972,100,0.502600432799782,0.526485627674357,0.891824009324009,0.103742257164187,100,0.871490526919829,0.91215749172819,0.680677029389623,0.128085991864169,100,0.655572174984246,0.705781883795,10.06,0.238683256575942,100,10.0132180817111,10.1067819182889,10.1,0.333333333333333,100,10.0346666666667,10.1653333333333,10.06,0.238683256575942,100,10.0132180817111,10.1067819182889,20.2,0.666666666666667,100,20.0693333333333,20.3306666666667,7.09753561691023,1.93709317510028,100,6.71786535459057,7.47720587922988,1,0,100,1,1,1,0,100,1,1,0.94,0.238683256575942,100,0.893218081711115,0.986781918288885,0.91,0.287623491264661,100,0.853625795712126,0.966374204287874
"primary_controlled",500,100,"n=500, p=100","block",10,"quantile_2","parent_group_lasso_grpreg","sqrt_group_size","grpreg_approximate_df_excluding_intercept",-0.0136363636363636,0.0522858585299053,100,-0.0238843919082251,-0.00338833536450221,0.0512809896207438,0.0760457063552481,100,0.0363760311751151,0.0661859480663724,-0.0336586021505376,0.0412162303439232,100,-0.0417369832979466,-0.0255802210031287,0.0913113715797479,0.0500052802479587,100,0.081510336651148,0.101112406508348,0.51474660980808,0.0611594958522539,100,0.502759348621038,0.526733870995121,0.891824009324009,0.103742257164187,100,0.871490526919829,0.91215749172819,0.680677029389623,0.128085991864169,100,0.655572174984246,0.705781883795,10.06,0.238683256575942,100,10.0132180817111,10.1067819182889,10.1,0.333333333333333,100,10.0346666666667,10.1653333333333,10.06,0.238683256575942,100,10.0132180817111,10.1067819182889,20.2,0.666666666666667,100,20.0693333333333,20.3306666666667,7.09753561691023,1.93709317510028,100,6.71786535459057,7.47720587922988,1,0,100,1,1,1,0,100,1,1,0.94,0.238683256575942,100,0.893218081711115,0.986781918288885,0.91,0.287623491264661,100,0.853625795712126,0.966374204287874
"primary_controlled",500,100,"n=500, p=100","block",10,"quantile_4","component_lasso_glmnet","not_applicable","active_coefficient_count_proxy_excluding_intercept",-0.211813852813853,0.106594925038953,100,-0.232706458121488,-0.190921247506218,0.595170573647634,0.220477054365191,100,0.551957070992057,0.638384076303212,-0.140087365591398,0.0654975779549274,100,-0.152924890870564,-0.127249840312232,0.582647381451797,0.19561942980647,100,0.544305973209729,0.620988789693865,0.29946532391604,0.0566436407945451,100,0.288363170320309,0.310567477511771,0.505388981116922,0.125952515140666,100,0.480702288149352,0.530075674084493,0.444773082194245,0.0766133527257264,100,0.429756865060002,0.459789299328487,10.07,0.256432399976243,100,10.0197392496047,10.1202607503953,10.21,0.456048021572069,100,10.1206145877719,10.2993854122281,10.07,0.256432399976243,100,10.0197392496047,10.1202607503953,13.59,1.27203805292169,100,13.3406805416273,13.8393194583727,13.59,1.27203805292169,100,13.3406805416273,13.8393194583727,1,0,100,1,1,1,0,100,1,1,0.93,0.256432399976243,100,0.879739249604656,0.980260750395344,0.81,0.394277244403663,100,0.732721660096882,0.887278339903118
"primary_controlled",500,100,"n=500, p=100","block",10,"quantile_4","parent_group_lasso_grpreg","equal_parent","grpreg_approximate_df_excluding_intercept",-0.115519480519481,0.09849789854237,100,-0.134825068633785,-0.096213892405176,0.112803327986905,0.142622954672436,100,0.0848492288711073,0.140757427102702,-0.122370967741935,0.0730027328403653,100,-0.136679503378647,-0.108062432105224,0.251444237118188,0.0949005567928129,100,0.232843727986797,0.27004474624958,0.311441018458194,0.0756354591717339,100,0.296616468460534,0.326265568455854,0.685361305361305,0.155666798657197,100,0.654850612824495,0.715871997898116,0.50939186532626,0.119977103820083,100,0.485876352977524,0.532907377674997,10.06,0.238683256575942,100,10.0132180817111,10.1067819182889,10.15,0.411329453348431,100,10.0693794271437,10.2306205728563,10.06,0.238683256575942,100,10.0132180817111,10.1067819182889,40.6,1.64531781339372,100,40.2775177085748,40.9224822914252,13.3187779257889,2.89476621691017,100,12.7514037472745,13.8861521043033,1,0,100,1,1,1,0,100,1,1,0.94,0.238683256575942,100,0.893218081711115,0.986781918288885,0.87,0.337997668989631,100,0.803752456878032,0.936247543121968
"primary_controlled",500,100,"n=500, p=100","block",10,"quantile_4","parent_group_lasso_grpreg","sqrt_group_size","grpreg_approximate_df_excluding_intercept",-0.0600952380952381,0.0807236675161807,100,-0.0759170769284095,-0.0442733992620667,0.146936427896076,0.132679696393376,100,0.120931207402974,0.172941648389178,-0.0906505376344086,0.0648260020156323,100,-0.103356434029473,-0.0779446412393447,0.243868378494019,0.0825023930444036,100,0.227697909457316,0.260038847530722,0.330491549517429,0.0694243189267069,100,0.316884383007795,0.344098716027064,0.752388444888445,0.135634610955696,100,0.725804061141128,0.778972828635761,0.533266765410415,0.114718310621924,100,0.510781976528518,0.555751554292312,10.06,0.238683256575942,100,10.0132180817111,10.1067819182889,10.09,0.287623491264661,100,10.0336257957121,10.1463742042879,10.06,0.238683256575942,100,10.0132180817111,10.1067819182889,40.36,1.15049396505865,100,40.1345031828485,40.5854968171515,12.2570088451703,3.10814473325815,100,11.6478124774517,12.8662052128889,1,0,100,1,1,1,0,100,1,1,0.94,0.238683256575942,100,0.893218081711115,0.986781918288885,0.91,0.287623491264661,100,0.853625795712126,0.966374204287874
"primary_controlled",500,100,"n=500, p=100","block",10,"quantile_8","component_lasso_glmnet","not_applicable","active_coefficient_count_proxy_excluding_intercept",-0.316648409561453,0.111322533261174,100,-0.338467626080643,-0.294829193042263,0.859700926476914,0.239679615830176,100,0.812723721774199,0.906678131179628,-0.227341397849462,0.0758989189163873,100,-0.242217585957074,-0.21246520974185,0.968675358192627,0.227452968230743,100,0.924094576419401,1.01325613996585,0.205108650905243,0.0619351217129464,100,0.192969367049505,0.21724793476098,0.36544537815126,0.105506542410822,100,0.344766095838739,0.386124660463782,0.356595060616625,0.0812907469529398,100,0.340662074213848,0.372528047019401,10.07,0.256432399976243,100,10.0197392496047,10.1202607503953,10.32,0.566399223876658,100,10.2089857521202,10.4310142478798,10.07,0.256432399976243,100,10.0197392496047,10.1202607503953,13.32,1.80280365267575,100,12.9666504840756,13.6733495159244,13.32,1.80280365267575,100,12.9666504840756,13.6733495159244,1,0,100,1,1,1,0,100,1,1,0.93,0.256432399976243,100,0.879739249604656,0.980260750395344,0.72,0.451260859854213,100,0.631552871468574,0.808447128531426
"primary_controlled",500,100,"n=500, p=100","block",10,"quantile_8","parent_group_lasso_grpreg","equal_parent","grpreg_approximate_df_excluding_intercept",-0.216008658008658,0.10329079394569,100,-0.236253653622013,-0.195763662395303,0.262564932035889,0.167321995651647,100,0.229769820888166,0.295360043183612,-0.176760263929619,0.0845722446225274,100,-0.193336423875634,-0.160184103983603,0.422802329477037,0.124705342181926,100,0.39836008240938,0.447244576544695,0.252280522220901,0.0697601876393707,100,0.238607525443585,0.265953518998218,0.52073402088108,0.135486749357744,100,0.494178618006962,0.547289423755198,0.433369344989586,0.0972723157836638,100,0.414303971095988,0.452434718883184,10.06,0.238683256575942,100,10.0132180817111,10.1067819182889,10.17,0.427702341505507,100,10.0861703410649,10.2538296589351,10.06,0.238683256575942,100,10.0132180817111,10.1067819182889,81.36,3.42161873204405,100,80.6893627285194,82.0306372714806,21.9270170028679,4.3729815364278,100,21.069912621728,22.7841213840077,1,0,100,1,1,1,0,100,1,1,0.94,0.238683256575942,100,0.893218081711115,0.986781918288885,0.85,0.358870281282637,100,0.779661424868603,0.920338575131397
"primary_controlled",500,100,"n=500, p=100","block",10,"quantile_8","parent_group_lasso_grpreg","sqrt_group_size","grpreg_approximate_df_excluding_intercept",-0.127636363636364,0.100467418725196,100,-0.147327977706502,-0.107944749566225,0.332376902224802,0.175577333544347,100,0.29796374485011,0.366790059599495,-0.129233870967742,0.0745443867137019,100,-0.143844570763627,-0.114623171171856,0.429867360301201,0.120068953119525,100,0.406333845489774,0.453400875112628,0.269467694251486,0.0681762285841285,100,0.256105153448997,0.282830235053975,0.63122823010323,0.145797232677614,100,0.602651972498418,0.659804487708043,0.471004474842488,0.103776662045357,100,0.450664249081598,0.491344700603378,10.06,0.238683256575942,100,10.0132180817111,10.1067819182889,10.18,0.411452219939241,100,10.0993553648919,10.2606446351081,10.06,0.238683256575942,100,10.0132180817111,10.1067819182889,81.44,3.29161775951393,100,80.7948429191353,82.0851570808647,18.3117499757407,4.43298928627433,100,17.4428840756309,19.1806158758504,1,0,100,1,1,1,0,100,1,1,0.94,0.238683256575942,100,0.893218081711115,0.986781918288885,0.83,0.377525168068637,100,0.756005067058547,0.903994932941453
"primary_controlled",500,100,"n=500, p=100","independent",10,"equal_width_4","component_lasso_glmnet","not_applicable","active_coefficient_count_proxy_excluding_intercept",-0.053060606060606,0.06024009039153,100,-0.0648676637773459,-0.0412535483438662,0.425822471909517,0.16639015824982,100,0.393210000892553,0.458434942926482,-0.00199193548387097,0.0199793882009367,100,-0.00590789557125455,0.00192402460351262,0.416156340012902,0.0880031073275419,100,0.398907730976704,0.4334049490491,0.389787654874735,0.053606454521524,100,0.379280789788516,0.400294519960953,0.905180652680653,0.105295897358233,100,0.884542656798439,0.925818648562866,0.501785541661404,0.070096645113416,100,0.488046599219174,0.515524484103633,10,0,100,10,10,10.09,0.350900716914789,100,10.0212234594847,10.1587765405153,10,0,100,10,10,25.79,3.82784851351569,100,25.0397416913509,26.5402583086491,25.79,3.82784851351569,100,25.0397416913509,26.5402583086491,1,0,100,1,1,1,0,100,1,1,1,0,100,1,1,0.93,0.256432399976243,100,0.879739249604656,0.980260750395344
"primary_controlled",500,100,"n=500, p=100","independent",10,"equal_width_4","parent_group_lasso_grpreg","equal_parent","grpreg_approximate_df_excluding_intercept",-0.006,0.0238683256575942,100,-0.0106781918288885,-0.00132180817111154,0.0574008171628804,0.0499997922894132,100,0.0476008578741554,0.0672007764516054,-0.00364247311827957,0.0168348309566364,100,-0.0069420999857803,-0.00034284625077883,0.147794581745093,0.0370396937148026,100,0.140534801776991,0.155054361713194,0.386124718844311,0.0572863630296305,100,0.374896591690503,0.397352845998118,0.989090909090909,0.0433969557410804,100,0.980585105765657,0.997596712416161,0.506624091798285,0.0789016774793361,100,0.491159363012336,0.522088820584235,10,0,100,10,10,10,0,100,10,10,10,0,100,10,10,40,0,100,40,40,15.8599957771416,3.23387001918104,100,15.2261572533821,16.4938343009011,1,0,100,1,1,1,0,100,1,1,1,0,100,1,1,1,0,100,1,1
"primary_controlled",500,100,"n=500, p=100","independent",10,"equal_width_4","parent_group_lasso_grpreg","sqrt_group_size","grpreg_approximate_df_excluding_intercept",-0.006,0.0238683256575942,100,-0.0106781918288885,-0.00132180817111154,0.0574008171628804,0.0499997922894133,100,0.0476008578741554,0.0672007764516054,-0.00364247311827957,0.0168348309566364,100,-0.0069420999857803,-0.00034284625077883,0.147794581745093,0.0370396937148025,100,0.140534801776991,0.155054361713194,0.38612882990454,0.0572849850776634,100,0.374900972829318,0.397356686979762,0.989090909090909,0.0433969557410804,100,0.980585105765657,0.997596712416161,0.506624091798285,0.0789016774793361,100,0.491159363012336,0.522088820584235,10,0,100,10,10,10,0,100,10,10,10,0,100,10,10,40,0,100,40,40,15.8599957771416,3.23387001918104,100,15.2261572533821,16.4938343009011,1,0,100,1,1,1,0,100,1,1,1,0,100,1,1,1,0,100,1,1
"primary_controlled",500,100,"n=500, p=100","independent",10,"quantile_2","component_lasso_glmnet","not_applicable","active_coefficient_count_proxy_excluding_intercept",-0.005,0.021904291355759,100,-0.00929324110572877,-0.00070675889427123,0.118306306314328,0.0847248239239708,100,0.10170024082523,0.134912371803426,-0.00130254154447703,0.018161052698275,100,-0.00486210787333893,0.00225702478438487,0.0732983535627112,0.0252118696484595,100,0.0683568271116132,0.0782398800138093,0.641209009212185,0.0439009099073685,100,0.632604430870341,0.64981358755403,0.990909090909091,0.0398259842831982,100,0.983103197989584,0.998714983828598,0.714956474041257,0.0833706152596341,100,0.698615833450368,0.731297114632145,10,0,100,10,10,10,0,100,10,10,10,0,100,10,10,17.41,1.11096463681002,100,17.1922509311852,17.6277490688148,17.41,1.11096463681002,100,17.1922509311852,17.6277490688148,1,0,100,1,1,1,0,100,1,1,1,0,100,1,1,1,0,100,1,1
"primary_controlled",500,100,"n=500, p=100","independent",10,"quantile_2","parent_group_lasso_grpreg","equal_parent","grpreg_approximate_df_excluding_intercept",-0.003,0.0171446607997765,100,-0.0063603535167562,0.0003603535167562,0.0225267189151696,0.0377617309223866,100,0.0151254196543819,0.0299280181759574,-0.00168132942326491,0.0194054697783392,100,-0.00548480149981939,0.00212214265328958,0.0542817283903656,0.0203123530167314,100,0.0503005071990863,0.058262949581645,0.539061133098837,0.0560118308941543,100,0.528082814243583,0.550039451954091,0.994545454545455,0.0311721105450482,100,0.988435720878625,1.00065518821228,0.620974424930947,0.0828212914938047,100,0.604741451798161,0.637207398063732,10,0,100,10,10,10,0,100,10,10,10,0,100,10,10,20,0,100,20,20,8.10217428516282,1.56810832201788,100,7.79482505404732,8.40952351627833,1,0,100,1,1,1,0,100,1,1,1,0,100,1,1,1,0,100,1,1
"primary_controlled",500,100,"n=500, p=100","independent",10,"quantile_2","parent_group_lasso_grpreg","sqrt_group_size","grpreg_approximate_df_excluding_intercept",-0.003,0.0171446607997765,100,-0.0063603535167562,0.0003603535167562,0.0225267189151696,0.0377617309223865,100,0.0151254196543819,0.0299280181759574,-0.00168132942326491,0.0194054697783392,100,-0.00548480149981939,0.00212214265328958,0.0542817283903657,0.0203123530167315,100,0.0503005071990863,0.0582629495816451,0.539061133098837,0.0560118308941543,100,0.528082814243583,0.550039451954091,0.994545454545455,0.0311721105450482,100,0.988435720878625,1.00065518821228,0.620974424930947,0.0828212914938047,100,0.604741451798161,0.637207398063732,10,0,100,10,10,10,0,100,10,10,10,0,100,10,10,20,0,100,20,20,8.10217428516282,1.56810832201788,100,7.79482505404732,8.40952351627833,1,0,100,1,1,1,0,100,1,1,1,0,100,1,1,1,0,100,1,1
"primary_controlled",500,100,"n=500, p=100","independent",10,"quantile_4","component_lasso_glmnet","not_applicable","active_coefficient_count_proxy_excluding_intercept",-0.0149047619047619,0.0363012847558613,100,-0.0220198137169107,-0.00778971009261308,0.252650638984181,0.121505712080904,100,0.228835519416324,0.276465758552039,-0.00102272727272727,0.0183560936892265,100,-0.00462052163581566,0.00257506709036112,0.282418929444177,0.0615961635965796,100,0.270346081379247,0.294491777509106,0.404656252581408,0.0559149694217013,100,0.393696918574755,0.415615586588062,0.972954545454545,0.0657029485807755,100,0.960076767532713,0.985832323376377,0.518647084342149,0.0778019177194165,100,0.503397908469143,0.533896260215155,10,0,100,10,10,10.02,0.14070529413629,100,9.99242176234929,10.0475782376507,10,0,100,10,10,17.89,1.57566724682824,100,17.5811692196217,18.1988307803783,17.89,1.57566724682824,100,17.5811692196217,18.1988307803783,1,0,100,1,1,1,0,100,1,1,1,0,100,1,1,0.98,0.14070529413629,100,0.952421762349287,1.00757823765071
"primary_controlled",500,100,"n=500, p=100","independent",10,"quantile_4","parent_group_lasso_grpreg","equal_parent","grpreg_approximate_df_excluding_intercept",-0.00695238095238095,0.0245570017791193,100,-0.0117655533010883,-0.00213920860367356,0.0557228298623212,0.0560861678921675,100,0.0447299409554564,0.066715718769186,-0.00337365591397849,0.0187133772081978,100,-0.00704147784678525,0.000294166018828269,0.144193888286606,0.031722098358162,100,0.137976357008406,0.150411419564805,0.388163245446422,0.0579647132338978,100,0.376802161652578,0.399524329240266,0.987272727272727,0.0447978270971979,100,0.978492353161676,0.996053101383778,0.514730562004436,0.0744252464838608,100,0.5001432136936,0.529317910315273,10,0,100,10,10,10.02,0.14070529413629,100,9.99242176234929,10.0475782376507,10,0,100,10,10,40.08,0.562821176545159,100,39.9696870493971,40.1903129506029,15.8931813452183,3.18837602900937,100,15.2682596435325,16.5181030469041,1,0,100,1,1,1,0,100,1,1,1,0,100,1,1,0.98,0.14070529413629,100,0.952421762349287,1.00757823765071
"primary_controlled",500,100,"n=500, p=100","independent",10,"quantile_4","parent_group_lasso_grpreg","sqrt_group_size","grpreg_approximate_df_excluding_intercept",-0.00695238095238095,0.0245570017791193,100,-0.0117655533010883,-0.00213920860367356,0.0557228298623211,0.0560861678921675,100,0.0447299409554563,0.0667157187691859,-0.00337365591397849,0.0187133772081978,100,-0.00704147784678525,0.000294166018828269,0.144193888286606,0.031722098358162,100,0.137976357008406,0.150411419564805,0.388168997756728,0.05796651413837,100,0.376807560985607,0.399530434527848,0.987272727272727,0.0447978270971979,100,0.978492353161676,0.996053101383778,0.514730562004436,0.0744252464838608,100,0.5001432136936,0.529317910315273,10,0,100,10,10,10.02,0.14070529413629,100,9.99242176234929,10.0475782376507,10,0,100,10,10,40.08,0.562821176545159,100,39.9696870493971,40.1903129506029,15.8931813452183,3.18837602900937,100,15.2682596435325,16.5181030469041,1,0,100,1,1,1,0,100,1,1,1,0,100,1,1,0.98,0.14070529413629,100,0.952421762349287,1.00757823765071
"primary_controlled",500,100,"n=500, p=100","independent",10,"quantile_8","component_lasso_glmnet","not_applicable","active_coefficient_count_proxy_excluding_intercept",-0.0933852813852813,0.0700536049306859,100,-0.107115787951696,-0.0796547748188669,0.567586343668127,0.167359464720808,100,0.534783888582849,0.600388798753405,-0.00516737824161923,0.0277901303972519,100,-0.0106142437994806,0.000279487316242142,0.738978767074441,0.117445917010977,100,0.715959367340289,0.761998166808593,0.282872400213705,0.0551047566011828,100,0.272071867919873,0.293672932507536,0.836538461538462,0.116323137862274,100,0.813739126517456,0.859337796559467,0.431791832624591,0.0634644560050427,100,0.419352799247603,0.44423086600158,10,0,100,10,10,10.12,0.356186309210063,100,10.0501874833948,10.1898125166052,10,0,100,10,10,21.23,3.07763191135948,100,20.6267841453735,21.8332158546265,21.23,3.07763191135948,100,20.6267841453735,21.8332158546265,1,0,100,1,1,1,0,100,1,1,1,0,100,1,1,0.89,0.31446603773522,100,0.828364656603897,0.951635343396103
"primary_controlled",500,100,"n=500, p=100","independent",10,"quantile_8","parent_group_lasso_grpreg","equal_parent","grpreg_approximate_df_excluding_intercept",-0.0807142857142857,0.0728002808725281,100,-0.0949831407653012,-0.0664454306632702,-0.0721443375713091,0.145489304816377,100,-0.100660241315319,-0.0436284338272992,-0.0147127105974355,0.0328559409345198,100,-0.0211524750206013,-0.00827294617426957,0.296714260222681,0.0609375176322284,100,0.284770506766765,0.308658013678598,0.295429766908894,0.0620286366008642,100,0.283272154135124,0.307587379682663,0.858735431235431,0.121897364017159,100,0.834843547888068,0.882627314582795,0.441241535047987,0.0631468361195017,100,0.428864755168564,0.453618314927409,10,0,100,10,10,10.06,0.238683256575942,100,10.0132180817111,10.1067819182889,10,0,100,10,10,80.48,1.90946605260754,100,80.1057446536889,80.8542553463111,39.4490422222739,3.59998961343207,100,38.7434442580412,40.1546401865066,1,0,100,1,1,1,0,100,1,1,1,0,100,1,1,0.94,0.238683256575942,100,0.893218081711115,0.986781918288885
"primary_controlled",500,100,"n=500, p=100","independent",10,"quantile_8","parent_group_lasso_grpreg","sqrt_group_size","grpreg_approximate_df_excluding_intercept",-0.0203333333333333,0.0399664017487419,100,-0.0281667480760867,-0.0124999185905799,0.132556174171445,0.0835840933773714,100,0.11617369186948,0.14893865647341,-0.00564990512333965,0.0220378112674147,100,-0.00996931613175293,-0.00133049411492638,0.312841568730097,0.059797441448606,100,0.30112127020617,0.324561867254024,0.305037004906641,0.0592891736298775,100,0.293416326875185,0.316657682938097,0.962954545454546,0.0724955416299747,100,0.948745419295071,0.977163671614021,0.453483887379049,0.0638966761672764,100,0.440960138850262,0.466007635907835,10,0,100,10,10,10.05,0.21904291355759,100,10.0070675889427,10.0929324110573,10,0,100,10,10,80.4,1.75234330846072,100,80.0565407115417,80.7434592884583,30.0160272570867,5.63631161880438,100,28.911310179801,31.1207443343723,1,0,100,1,1,1,0,100,1,1,1,0,100,1,1,0.95,0.21904291355759,100,0.907067588942712,0.992932411057288
"sensitivity_dense_wide",100,20,"n=100, p=20","ar1_rho_0.5",5,"equal_width_4","component_lasso_glmnet","not_applicable","active_coefficient_count_proxy_excluding_intercept",-0.194,0.148410168435318,100,-0.223088393013322,-0.164911606986678,0.446127370521467,0.212280119849104,100,0.404520467031043,0.487734274011891,-0.0311666666666667,0.0556516845097851,100,-0.0420743968305845,-0.0202589365027488,0.535503917809683,0.184031847309237,100,0.499433675737073,0.571574159882294,0.467960640665424,0.112533612200494,100,0.445904052674127,0.49001722865672,0.634107142857143,0.170148588379761,100,0.60075801953471,0.667456266179576,0.577764568764569,0.132777678061061,100,0.551740143864601,0.603788993664537,5.03,0.171446607997765,100,4.99639646483244,5.06360353516756,5.09,0.287623491264661,100,5.03362579571213,5.14637420428787,5.03,0.171446607997765,100,4.99639646483244,5.06360353516756,8.04,1.89053997951416,100,7.66945416401522,8.41054583598478,8.04,1.89053997951416,100,7.66945416401522,8.41054583598478,1,0,100,1,1,1,0,100,1,1,0.97,0.171446607997765,100,0.936396464832438,1.00360353516756,0.91,0.287623491264661,100,0.853625795712126,0.966374204287874
"sensitivity_dense_wide",100,20,"n=100, p=20","ar1_rho_0.5",5,"equal_width_4","parent_group_lasso_grpreg","equal_parent","grpreg_approximate_df_excluding_intercept",-0.122727272727273,0.140583616523504,100,-0.150281661565879,-0.0951728838886659,-0.00167455760203511,0.159849026083133,100,-0.0330049667143291,0.0296558515102589,-0.0305,0.0592131817914522,100,-0.0421057836311246,-0.0188942163688754,0.226584206390295,0.0884077248687168,100,0.209256292316026,0.243912120464563,0.506271001040961,0.121609619982551,100,0.482435515524381,0.530106486557541,0.749285714285714,0.196934028347329,100,0.710686644729638,0.787884783841791,0.581451881451881,0.129390429823232,100,0.556091357206528,0.606812405697235,5.03,0.171446607997765,100,4.99639646483244,5.06360353516756,5.02,0.14070529413629,100,4.99242176234929,5.04757823765071,5.03,0.171446607997765,100,4.99639646483244,5.06360353516756,20.08,0.562821176545159,100,19.9696870493971,20.1903129506028,8.2786368047661,1.83690987288359,100,7.91860246968092,8.63867113985128,1,0,100,1,1,1,0,100,1,1,0.97,0.171446607997765,100,0.936396464832438,1.00360353516756,0.98,0.14070529413629,100,0.952421762349287,1.00757823765071
"sensitivity_dense_wide",100,20,"n=100, p=20","ar1_rho_0.5",5,"equal_width_4","parent_group_lasso_grpreg","sqrt_group_size","grpreg_approximate_df_excluding_intercept",-0.0698181818181818,0.114693012075496,100,-0.0922980121849789,-0.0473383514513846,0.122332433679657,0.116536756108156,100,0.0994912294824586,0.145173637876856,-0.0118333333333333,0.0427252727759843,100,-0.0202074867974263,-0.00345917986924041,0.239474379712396,0.0879412253070112,100,0.222237899552222,0.25671085987257,0.530483560064779,0.11437860024232,100,0.508065354417284,0.552901765712273,0.822380952380952,0.182066014467896,100,0.786696013545245,0.85806589121666,0.592829503829504,0.113074733208082,100,0.57066685612072,0.614992151538288,5.03,0.171446607997765,100,4.99639646483244,5.06360353516756,5.03,0.171446607997765,100,4.99639646483244,5.06360353516756,5.03,0.171446607997765,100,4.99639646483244,5.06360353516756,20.12,0.685786431991061,100,19.9855858593298,20.2544141406702,5.91777106637798,1.87857914147985,100,5.54956955464793,6.28597257810803,1,0,100,1,1,1,0,100,1,1,0.97,0.171446607997765,100,0.936396464832438,1.00360353516756,0.97,0.171446607997765,100,0.936396464832438,1.00360353516756
"sensitivity_dense_wide",100,20,"n=100, p=20","ar1_rho_0.5",5,"quantile_2","component_lasso_glmnet","not_applicable","active_coefficient_count_proxy_excluding_intercept",-0.0638181818181818,0.100536834359487,100,-0.0835234013526413,-0.0441129622837223,0.134885262146598,0.12604819450245,100,0.110179816024118,0.159590708269078,-0.00341666666666666,0.0254889062816423,100,-0.00841249229786855,0.00157915896453522,0.122649798361591,0.0803495552644748,100,0.106901285529754,0.138398311193428,0.684568213509532,0.0901679411726696,100,0.666895297039688,0.702241129979375,0.870952380952381,0.174510666822763,100,0.836748290255119,0.905156471649642,0.719988344988345,0.114997919671259,100,0.697448752732778,0.742527937243912,5.03,0.171446607997765,100,4.99639646483244,5.06360353516756,5.03,0.171446607997765,100,4.99639646483244,5.06360353516756,5.03,0.171446607997765,100,4.99639646483244,5.06360353516756,7.63,1.07923467084202,100,7.41847000451496,7.84152999548504,7.63,1.07923467084202,100,7.41847000451496,7.84152999548504,1,0,100,1,1,1,0,100,1,1,0.97,0.171446607997765,100,0.936396464832438,1.00360353516756,0.97,0.171446607997765,100,0.936396464832438,1.00360353516756
"sensitivity_dense_wide",100,20,"n=100, p=20","ar1_rho_0.5",5,"quantile_2","parent_group_lasso_grpreg","equal_parent","grpreg_approximate_df_excluding_intercept",-0.0312727272727273,0.0754796002081573,100,-0.0460667289135261,-0.0164787256319284,0.0317369817505823,0.0998988574654656,100,0.012156805687351,0.0513171578138135,-0.00566666666666666,0.0311552716885006,100,-0.0117730999176128,0.000439766584279452,0.0883637228965965,0.0516367584058588,100,0.0782429182490482,0.0984845275441449,0.652599072087922,0.0976717394178146,100,0.63345541116203,0.671742733013813,0.915,0.143107644728708,100,0.886950901633173,0.943049098366827,0.677491674991675,0.128561386773273,100,0.652293643184113,0.702689706799236,5.03,0.171446607997765,100,4.99639646483244,5.06360353516756,5.02,0.14070529413629,100,4.99242176234929,5.04757823765071,5.03,0.171446607997765,100,4.99639646483244,5.06360353516756,10.04,0.281410588272579,100,9.98484352469857,10.0951564753014,3.48505015732291,1.22773350563936,100,3.24441439021759,3.72568592442822,1,0,100,1,1,1,0,100,1,1,0.97,0.171446607997765,100,0.936396464832438,1.00360353516756,0.98,0.14070529413629,100,0.952421762349287,1.00757823765071
"sensitivity_dense_wide",100,20,"n=100, p=20","ar1_rho_0.5",5,"quantile_2","parent_group_lasso_grpreg","sqrt_group_size","grpreg_approximate_df_excluding_intercept",-0.0292727272727273,0.0735896982812787,100,-0.0436963081358579,-0.0148491464095966,0.0428983711662115,0.0801459208767835,100,0.0271897706743619,0.058606971658061,-0.00475,0.0286052264223803,100,-0.0103566243787865,0.000856624378786544,0.0885472975671816,0.0511253664902411,100,0.0785267257350944,0.0985678693992689,0.656234344197657,0.0955629802221852,100,0.637504000074109,0.674964688321206,0.925,0.136853776816558,100,0.898176659743955,0.951823340256045,0.678077755577756,0.127022977064312,100,0.653181252073151,0.702974259082361,5.03,0.171446607997765,100,4.99639646483244,5.06360353516756,5.02,0.14070529413629,100,4.99242176234929,5.04757823765071,5.03,0.171446607997765,100,4.99639646483244,5.06360353516756,10.04,0.281410588272579,100,9.98484352469857,10.0951564753014,3.37405615122817,1.12956927943746,100,3.15266057245843,3.59545172999792,1,0,100,1,1,1,0,100,1,1,0.97,0.171446607997765,100,0.936396464832438,1.00360353516756,0.98,0.14070529413629,100,0.952421762349287,1.00757823765071
"sensitivity_dense_wide",100,20,"n=100, p=20","ar1_rho_0.5",5,"quantile_4","component_lasso_glmnet","not_applicable","active_coefficient_count_proxy_excluding_intercept",-0.134545454545455,0.141072656038155,100,-0.162195695128933,-0.106895213961976,0.286922743269805,0.176084906713297,100,0.252410101553999,0.321435384985612,-0.0251666666666667,0.0505300190805706,100,-0.0350705504064585,-0.0152627829268748,0.358601775420171,0.135561169261097,100,0.332031786244996,0.385171764595346,0.541822601388998,0.110284532610992,100,0.520206832997244,0.563438369780753,0.733571428571429,0.19151636977764,100,0.696034220095011,0.771108637047846,0.616212787212787,0.141630622950834,100,0.588453185114424,0.643972389311151,5.03,0.171446607997765,100,4.99639646483244,5.06360353516756,5.04,0.196946385566932,100,5.00139850842888,5.07860149157112,5.03,0.171446607997765,100,4.99639646483244,5.06360353516756,7.54,1.34404785869576,100,7.27656661969563,7.80343338030437,7.54,1.34404785869576,100,7.27656661969563,7.80343338030437,1,0,100,1,1,1,0,100,1,1,0.97,0.171446607997765,100,0.936396464832438,1.00360353516756,0.96,0.196946385566932,100,0.921398508428881,0.998601491571119
"sensitivity_dense_wide",100,20,"n=100, p=20","ar1_rho_0.5",5,"quantile_4","parent_group_lasso_grpreg","equal_parent","grpreg_approximate_df_excluding_intercept",-0.142545454545455,0.128479650604356,100,-0.167727466063908,-0.117363443027001,0.00966375487784968,0.191448885691325,100,-0.02786022671765,0.0471877364733494,-0.0310441176470588,0.0599104479927042,100,-0.0427865654536288,-0.0193016698404888,0.234019041061047,0.111997251360984,100,0.212067579794294,0.2559705023278,0.507620269162081,0.129080468120234,100,0.482320497410515,0.532920040913646,0.7225,0.19499726315266,100,0.684280536422079,0.760719463577921,0.594037962037962,0.127914021157556,100,0.568966813891081,0.619109110184843,5.03,0.171446607997765,100,4.99639646483244,5.06360353516756,5.07,0.256432399976243,100,5.01973924960466,5.12026075039534,5.03,0.171446607997765,100,4.99639646483244,5.06360353516756,20.28,1.02572959990497,100,20.0789569984186,20.4810430015814,8.11057612438101,2.25501676793184,100,7.66859283786637,8.55255941089565,1,0,100,1,1,1,0,100,1,1,0.97,0.171446607997765,100,0.936396464832438,1.00360353516756,0.93,0.256432399976243,100,0.879739249604656,0.980260750395344
"sensitivity_dense_wide",100,20,"n=100, p=20","ar1_rho_0.5",5,"quantile_4","parent_group_lasso_grpreg","sqrt_group_size","grpreg_approximate_df_excluding_intercept",-0.08,0.112704165409163,100,-0.102090016420196,-0.057909983579804,0.130035394111224,0.140761382888031,100,0.102446163065169,0.157624625157278,-0.0154166666666667,0.0451393745117622,100,-0.0242639840709721,-0.00656934926236127,0.254856428721841,0.110354173981972,100,0.233227010621374,0.276485846822307,0.540590120611425,0.118996671856819,100,0.517266772927488,0.563913468295361,0.807619047619048,0.178260270833623,100,0.772680034535657,0.842558060702438,0.600831501831502,0.129354468254561,100,0.575478026053608,0.626184977609396,5.03,0.171446607997765,100,4.99639646483244,5.06360353516756,5.01,0.1,100,4.9904,5.0296,5.03,0.171446607997765,100,4.99639646483244,5.06360353516756,20.04,0.4,100,19.9616,20.1184,5.86906928803334,1.99930529373254,100,5.47720545046176,6.26093312560492,1,0,100,1,1,1,0,100,1,1,0.97,0.171446607997765,100,0.936396464832438,1.00360353516756,0.99,0.1,100,0.9704,1.0096
"sensitivity_dense_wide",100,20,"n=100, p=20","ar1_rho_0.5",5,"quantile_8","component_lasso_glmnet","not_applicable","active_coefficient_count_proxy_excluding_intercept",-0.242969696969697,0.163144961575137,100,-0.274946109438424,-0.21099328450097,0.492929866371298,0.213894606039566,100,0.451006523587543,0.534853209155053,-0.0718676470588235,0.0791014741137225,100,-0.0873715359851131,-0.0563637581325339,0.736883053244705,0.205070902026953,100,0.696689156447423,0.777076950041988,0.410676057646563,0.128796578515021,100,0.385431928257619,0.435920187035507,0.577797619047619,0.169547642959171,100,0.544566281027622,0.611028957067617,0.531169996669997,0.115497352959778,100,0.50853251548988,0.553807477850113,5.03,0.171446607997765,100,4.99639646483244,5.06360353516756,5.09,0.320825954263823,100,5.02711811296429,5.15288188703571,5.03,0.171446607997765,100,4.99639646483244,5.06360353516756,7.63,1.78464267990808,100,7.28021003473802,7.97978996526198,7.63,1.78464267990808,100,7.28021003473802,7.97978996526198,1,0,100,1,1,1,0,100,1,1,0.97,0.171446607997765,100,0.936396464832438,1.00360353516756,0.92,0.272659924344291,100,0.866558654828519,0.973441345171481
"sensitivity_dense_wide",100,20,"n=100, p=20","ar1_rho_0.5",5,"quantile_8","parent_group_lasso_grpreg","equal_parent","grpreg_approximate_df_excluding_intercept",-0.185636363636364,0.152082573868816,100,-0.215444548114652,-0.155828179158076,0.15893942500396,0.189236662095969,100,0.12184903923315,0.19602981077477,-0.0608774509803921,0.0724157324211424,100,-0.075070934534936,-0.0466839674258482,0.445647982453137,0.147913002777246,100,0.416657033908797,0.474638930997478,0.44085257376617,0.129469082654036,100,0.415476633565979,0.466228513966361,0.638571428571429,0.187289358076566,100,0.601862714388422,0.675280142754435,0.541304778554779,0.13979663601849,100,0.513904637895155,0.568704919214403,5.03,0.171446607997765,100,4.99639646483244,5.06360353516756,5.03,0.171446607997765,100,4.99639646483244,5.06360353516756,5.03,0.171446607997765,100,4.99639646483244,5.06360353516756,40.24,1.37157286398212,100,39.9711717186595,40.5088282813405,13.3407692261461,3.25377810437716,100,12.7030287176881,13.978509734604,1,0,100,1,1,1,0,100,1,1,0.97,0.171446607997765,100,0.936396464832438,1.00360353516756,0.97,0.171446607997765,100,0.936396464832438,1.00360353516756
"sensitivity_dense_wide",100,20,"n=100, p=20","ar1_rho_0.5",5,"quantile_8","parent_group_lasso_grpreg","sqrt_group_size","grpreg_approximate_df_excluding_intercept",-0.138,0.146964045218075,100,-0.166804952862743,-0.109195047137257,0.255603730409786,0.177797125376578,100,0.220755493835977,0.290451966983596,-0.0396666666666667,0.0612042449178126,100,-0.0516626986705579,-0.0276706346627754,0.460410895518991,0.143893052808483,100,0.432207857168528,0.488613933869454,0.463383031796207,0.123772738767022,100,0.439123574997871,0.487642488594544,0.696488095238095,0.186011233765024,100,0.660029893420151,0.73294629705604,0.557521478521478,0.138169588779302,100,0.530440239120735,0.584602717922222,5.03,0.171446607997765,100,4.99639646483244,5.06360353516756,5.06,0.238683256575942,100,5.01321808171112,5.10678191828888,5.03,0.171446607997765,100,4.99639646483244,5.06360353516756,40.48,1.90946605260754,100,40.1057446536889,40.8542553463111,9.31219390564125,3.08262618806273,100,8.70799917278096,9.91638863850155,1,0,100,1,1,1,0,100,1,1,0.97,0.171446607997765,100,0.936396464832438,1.00360353516756,0.94,0.238683256575942,100,0.893218081711115,0.986781918288885
"sensitivity_dense_wide",100,20,"n=100, p=20","ar1_rho_0.9",5,"equal_width_4","component_lasso_glmnet","not_applicable","active_coefficient_count_proxy_excluding_intercept",-0.233030303030303,0.208941802812319,100,-0.273982896381518,-0.192077709679088,0.508184627508418,0.274284857231117,100,0.454424795491119,0.561944459525717,-0.133666666666667,0.120371199168346,100,-0.157259421703662,-0.110073911629671,0.462818841777634,0.196310949419607,100,0.424341895691391,0.501295787863878,0.303611108859282,0.141649497181743,100,0.27584780741166,0.331374410306903,0.398786075036075,0.172006618668274,100,0.365072777777093,0.432499372295057,0.453969459462106,0.115440555373629,100,0.431343110608875,0.476595808315338,5.02,0.2,100,4.9808,5.0592,5.1,0.301511344577764,100,5.04090377646276,5.15909622353724,5.02,0.2,100,4.9808,5.0592,6.47,1.36666666666667,100,6.20213333333333,6.73786666666667,6.47,1.36666666666667,100,6.20213333333333,6.73786666666667,1,0,100,1,1,1,0,100,1,1,0.99,0.1,100,0.9704,1.0096,0.9,0.301511344577764,100,0.840903776462758,0.959096223537242
"sensitivity_dense_wide",100,20,"n=100, p=20","ar1_rho_0.9",5,"equal_width_4","parent_group_lasso_grpreg","equal_parent","grpreg_approximate_df_excluding_intercept",-0.154939393939394,0.175095941247172,100,-0.18925819842384,-0.120620589454948,0.0916453944361322,0.156976877920745,100,0.0608779263636662,0.122412862508598,-0.113210784313725,0.12111126051705,100,-0.136948591375067,-0.0894729772523836,0.215502207617849,0.106697823861854,100,0.194589434140926,0.236414981094772,0.405552776685331,0.155462496689427,100,0.375082127334203,0.436023426036458,0.569757936507936,0.201814861661063,100,0.530202223622368,0.609313649393505,0.505592157842158,0.133520802899685,100,0.47942208047382,0.531762235210496,5.02,0.2,100,4.9808,5.0592,5.09,0.320825954263823,100,5.02711811296429,5.15288188703571,5.02,0.2,100,4.9808,5.0592,20.36,1.28330381705529,100,20.1084724518572,20.6115275481428,6.78614217821701,2.44060055025926,100,6.30778447036619,7.26449988606782,1,0,100,1,1,1,0,100,1,1,0.99,0.1,100,0.9704,1.0096,0.92,0.272659924344291,100,0.866558654828519,0.973441345171481
"sensitivity_dense_wide",100,20,"n=100, p=20","ar1_rho_0.9",5,"equal_width_4","parent_group_lasso_grpreg","sqrt_group_size","grpreg_approximate_df_excluding_intercept",-0.117575757575758,0.168208082066443,100,-0.15054454166078,-0.0846069734907348,0.157480545462746,0.170762518002014,100,0.124011091934351,0.190949998991141,-0.0881617647058823,0.102301115298577,100,-0.108212783304403,-0.0681107461073612,0.224986579499376,0.11042565649292,100,0.203343150826764,0.246630008171988,0.438361362116366,0.141465753888584,100,0.410634074354203,0.466088649878528,0.615333333333333,0.204344258455477,100,0.57528185867606,0.655384807990607,0.517702131202131,0.123518917329039,100,0.49349242340564,0.541911838998623,5.02,0.2,100,4.9808,5.0592,5.05,0.21904291355759,100,5.00706758894271,5.09293241105729,5.02,0.2,100,4.9808,5.0592,20.2,0.876171654230361,100,20.0282703557709,20.3717296442291,4.95746680714381,1.70649078501215,100,4.62299461328143,5.2919390010062,1,0,100,1,1,1,0,100,1,1,0.99,0.1,100,0.9704,1.0096,0.95,0.21904291355759,100,0.907067588942712,0.992932411057288
"sensitivity_dense_wide",100,20,"n=100, p=20","ar1_rho_0.9",5,"quantile_2","component_lasso_glmnet","not_applicable","active_coefficient_count_proxy_excluding_intercept",-0.0792121212121212,0.160785872279949,100,-0.110726152178991,-0.0476980902452513,0.194562837460393,0.173040959914041,100,0.160646809317241,0.228478865603545,-0.0365833333333333,0.0852382858578353,100,-0.053290037361469,-0.0198766293051976,0.0934745788675992,0.0639561229870497,100,0.0809391787621375,0.106009978973061,0.593951449985288,0.130505800863513,100,0.56837231301604,0.619530586954537,0.704484126984127,0.217342504064625,100,0.66188499618746,0.747083257780794,0.64974025974026,0.136290584887985,100,0.623027305102215,0.676453214378305,5.02,0.2,100,4.9808,5.0592,5.05,0.21904291355759,100,5.00706758894271,5.09293241105729,5.02,0.2,100,4.9808,5.0592,6.59,1.11096463681002,100,6.37225093118524,6.80774906881476,6.59,1.11096463681002,100,6.37225093118524,6.80774906881476,1,0,100,1,1,1,0,100,1,1,0.99,0.1,100,0.9704,1.0096,0.95,0.21904291355759,100,0.907067588942712,0.992932411057288
"sensitivity_dense_wide",100,20,"n=100, p=20","ar1_rho_0.9",5,"quantile_2","parent_group_lasso_grpreg","equal_parent","grpreg_approximate_df_excluding_intercept",-0.0651515151515152,0.140723421356336,100,-0.092733305737357,-0.0375697245656733,0.0112323913999253,0.128383634454355,100,-0.0139308009531282,0.0363955837529789,-0.0544950980392157,0.102698859728514,100,-0.0746240745460045,-0.0343661215324269,0.0716711615226172,0.0541102546999246,100,0.061065551601432,0.0822767714438024,0.575719903916945,0.145454822686447,100,0.547210758670402,0.604229049163489,0.75047619047619,0.218957412883497,100,0.707560537551025,0.793391843401356,0.619291375291375,0.148932085620121,100,0.590100686509831,0.648482064072919,5.02,0.2,100,4.9808,5.0592,5.05,0.261116483933547,100,4.99882116914902,5.10117883085097,5.02,0.2,100,4.9808,5.0592,10.1,0.522232967867094,100,9.99764233829805,10.2023576617019,3.8879552696649,1.53969812533333,100,3.58617443709957,4.18973610223023,1,0,100,1,1,1,0,100,1,1,0.99,0.1,100,0.9704,1.0096,0.96,0.196946385566932,100,0.921398508428881,0.998601491571119
"sensitivity_dense_wide",100,20,"n=100, p=20","ar1_rho_0.9",5,"quantile_2","parent_group_lasso_grpreg","sqrt_group_size","grpreg_approximate_df_excluding_intercept",-0.0377575757575758,0.130509243792566,100,-0.0633373875409186,-0.0121777639742329,0.0527565467841993,0.129715728048781,100,0.0273322640866382,0.0781808294817604,-0.0378333333333333,0.088163231174275,100,-0.0551133266434912,-0.0205533400231754,0.0699749024388923,0.0535207747618392,100,0.0594848305855718,0.0804649742922128,0.623407427542933,0.123879378611548,100,0.599127069335069,0.647687785750796,0.784404761904762,0.209938637569338,100,0.743256788941172,0.825552734868352,0.649189144189144,0.136741035788793,100,0.622387901174541,0.675990387203748,5.02,0.2,100,4.9808,5.0592,5.05,0.21904291355759,100,5.00706758894271,5.09293241105729,5.02,0.2,100,4.9808,5.0592,10.1,0.438085827115181,100,10.0141351778854,10.1858648221146,3.3131195205701,1.29272215817294,100,3.0597459775682,3.56649306357199,1,0,100,1,1,1,0,100,1,1,0.99,0.1,100,0.9704,1.0096,0.95,0.21904291355759,100,0.907067588942712,0.992932411057288
"sensitivity_dense_wide",100,20,"n=100, p=20","ar1_rho_0.9",5,"quantile_4","component_lasso_glmnet","not_applicable","active_coefficient_count_proxy_excluding_intercept",-0.164484848484849,0.175014037893152,100,-0.198787599911906,-0.130182097057791,0.363102177657093,0.225112148597467,100,0.31898019653199,0.407224158782197,-0.0975,0.117574032841666,100,-0.120544510436967,-0.0744554895630334,0.326860214194625,0.150445523436868,100,0.297372891600999,0.356347536788251,0.380180244096938,0.137419248155305,100,0.353246071458498,0.407114416735378,0.526587301587302,0.200171974398746,100,0.487353594605147,0.565821008569456,0.490901182151182,0.119893028735827,100,0.46740214851896,0.514400215783404,5.02,0.2,100,4.9808,5.0592,5.04,0.196946385566932,100,5.00139850842888,5.07860149157112,5.02,0.2,100,4.9808,5.0592,6.38,1.09894347792631,100,6.16460707832644,6.59539292167356,6.38,1.09894347792631,100,6.16460707832644,6.59539292167356,1,0,100,1,1,1,0,100,1,1,0.99,0.1,100,0.9704,1.0096,0.96,0.196946385566932,100,0.921398508428881,0.998601491571119
"sensitivity_dense_wide",100,20,"n=100, p=20","ar1_rho_0.9",5,"quantile_4","parent_group_lasso_grpreg","equal_parent","grpreg_approximate_df_excluding_intercept",-0.13430303030303,0.166085404300172,100,-0.166855769545864,-0.101750291060197,0.0921897225129197,0.155569743428558,100,0.0616980528009222,0.122681392224917,-0.11325,0.111080140885823,100,-0.135021707613621,-0.0914782923863786,0.207710794313505,0.0994108034568709,100,0.188226276835958,0.227195311791052,0.397048947067761,0.14995454137996,100,0.367657856957289,0.426440037178233,0.58465873015873,0.226950398524025,100,0.540176452048021,0.629141008269439,0.477133866133866,0.12795639277087,100,0.452054413150776,0.502213319116957,5.02,0.2,100,4.9808,5.0592,5.07,0.256432399976243,100,5.01973924960466,5.12026075039534,5.02,0.2,100,4.9808,5.0592,20.28,1.02572959990497,100,20.0789569984186,20.4810430015814,6.5748550672342,2.36080536525604,100,6.11213721564401,7.03757291882438,1,0,100,1,1,1,0,100,1,1,0.99,0.1,100,0.9704,1.0096,0.93,0.256432399976243,100,0.879739249604656,0.980260750395344
"sensitivity_dense_wide",100,20,"n=100, p=20","ar1_rho_0.9",5,"quantile_4","parent_group_lasso_grpreg","sqrt_group_size","grpreg_approximate_df_excluding_intercept",-0.109939393939394,0.175261895627318,100,-0.144290725482348,-0.0755880623964397,0.170745605763634,0.154374016070655,100,0.140488298613786,0.201002912913482,-0.0806666666666667,0.107347103702898,100,-0.101706698992435,-0.0596266343408987,0.217082349037606,0.103135760390464,100,0.196867740001076,0.237296958074137,0.43339494933635,0.147235601035828,100,0.404536771533328,0.462253127139373,0.607277777777778,0.233211819213112,100,0.561568261212008,0.652987294343548,0.504790875790876,0.119395750757044,100,0.481389308642495,0.528192442939256,5.02,0.2,100,4.9808,5.0592,5.06,0.238683256575942,100,5.01321808171112,5.10678191828888,5.02,0.2,100,4.9808,5.0592,20.24,0.954733026303768,100,20.0528723268445,20.4271276731555,4.75731173434385,1.87794102327578,100,4.38923529378179,5.1253881749059,1,0,100,1,1,1,0,100,1,1,0.99,0.1,100,0.9704,1.0096,0.94,0.238683256575942,100,0.893218081711115,0.986781918288885
"sensitivity_dense_wide",100,20,"n=100, p=20","ar1_rho_0.9",5,"quantile_8","component_lasso_glmnet","not_applicable","active_coefficient_count_proxy_excluding_intercept",-0.212757575757576,0.208061325057196,100,-0.253537595468786,-0.171977556046365,0.533404376071374,0.287207750462876,100,0.477111656980651,0.589697095162098,-0.157,0.115638325058011,100,-0.17966511171137,-0.13433488828863,0.562718240566753,0.190800137291049,100,0.525321413657708,0.600115067475799,0.274207647652198,0.133824105262209,100,0.247978123020805,0.300437172283591,0.410333694083694,0.18092945232556,100,0.374871521427884,0.445795866739504,0.451456878905408,0.113641933636783,100,0.429183059912599,0.473730697898218,5.02,0.2,100,4.9808,5.0592,5.13,0.366666666666667,100,5.05813333333333,5.20186666666667,5.02,0.2,100,4.9808,5.0592,6.7,1.49409612552982,100,6.40715715939615,6.99284284060385,6.7,1.49409612552982,100,6.40715715939615,6.99284284060385,1,0,100,1,1,1,0,100,1,1,0.99,0.1,100,0.9704,1.0096,0.88,0.32659863237109,100,0.815986668055266,0.944013331944734
"sensitivity_dense_wide",100,20,"n=100, p=20","ar1_rho_0.9",5,"quantile_8","parent_group_lasso_grpreg","equal_parent","grpreg_approximate_df_excluding_intercept",-0.179575757575758,0.172461316359427,100,-0.213378175582205,-0.14577333956931,0.185040732286631,0.167570435188779,100,0.15219692698963,0.217884537583632,-0.147794117647059,0.135813340212453,100,-0.1744135323287,-0.121174702965418,0.333617698587638,0.143862245483794,100,0.305420698472814,0.361814698702461,0.330491416609867,0.149747199094501,100,0.301140965587345,0.35984186763239,0.513829365079365,0.211128427435397,100,0.472448193302027,0.555210536856703,0.441561827878004,0.111262922199367,100,0.419754295126928,0.46336936062908,5.02,0.2,100,4.9808,5.0592,5.06,0.238683256575942,100,5.01321808171112,5.10678191828888,5.02,0.2,100,4.9808,5.0592,40.48,1.90946605260754,100,40.1057446536889,40.8542553463111,11.0060960243244,3.87212412789596,100,10.2471596952568,11.765032353392,1,0,100,1,1,1,0,100,1,1,0.99,0.1,100,0.9704,1.0096,0.94,0.238683256575942,100,0.893218081711115,0.986781918288885
"sensitivity_dense_wide",100,20,"n=100, p=20","ar1_rho_0.9",5,"quantile_8","parent_group_lasso_grpreg","sqrt_group_size","grpreg_approximate_df_excluding_intercept",-0.162181818181818,0.182608465128222,100,-0.19797307734695,-0.126390559016687,0.237918579734415,0.184871497665895,100,0.201683766191899,0.27415339327693,-0.129333333333333,0.126871401084007,100,-0.154200127945799,-0.104466538720868,0.341654882287028,0.145209500437357,100,0.313193820201306,0.37011594437275,0.345998607226605,0.147479028194233,100,0.317092717700535,0.374904496752675,0.533313492063492,0.201431913695605,100,0.493832836979153,0.572794147147831,0.450074716949717,0.10988206948151,100,0.428537831331341,0.471611602568093,5.02,0.2,100,4.9808,5.0592,5.07,0.293188669562103,100,5.01253502076583,5.12746497923417,5.02,0.2,100,4.9808,5.0592,40.56,2.34550935649682,100,40.1002801661266,41.0197198338734,7.89941083161631,2.61256822787806,100,7.38734745895221,8.41147420428041,1,0,100,1,1,1,0,100,1,1,0.99,0.1,100,0.9704,1.0096,0.94,0.238683256575942,100,0.893218081711115,0.986781918288885
"sensitivity_dense_wide",100,20,"n=100, p=20","block",5,"equal_width_4","component_lasso_glmnet","not_applicable","active_coefficient_count_proxy_excluding_intercept",-0.283575757575758,0.20037955469657,100,-0.322850150296285,-0.24430136485523,0.549621649213369,0.33407706969929,100,0.484142543552308,0.61510075487443,-0.166666666666667,0.108956379826176,100,-0.188022117112597,-0.145311216220736,0.540735361438553,0.252324290001334,100,0.491279800598292,0.590190922278815,0.284087857038485,0.12186601180348,100,0.260202118725003,0.307973595351967,0.393035714285714,0.166987048386854,100,0.360306252801891,0.425765175769538,0.474905638479168,0.113988106287495,100,0.452563969646819,0.497247307311517,5.04,0.242878362539562,100,4.99239584094225,5.08760415905775,5.06,0.238683256575942,100,5.01321808171112,5.10678191828888,5.04,0.242878362539562,100,4.99239584094225,5.08760415905775,6.02,1.13689280608387,100,5.79716901000756,6.24283098999244,6.02,1.13689280608387,100,5.79716901000756,6.24283098999244,1,0,100,1,1,1,0,100,1,1,0.97,0.171446607997765,100,0.936396464832438,1.00360353516756,0.94,0.238683256575942,100,0.893218081711115,0.986781918288885
"sensitivity_dense_wide",100,20,"n=100, p=20","block",5,"equal_width_4","parent_group_lasso_grpreg","equal_parent","grpreg_approximate_df_excluding_intercept",-0.164121212121212,0.194183501103004,100,-0.202181178337401,-0.126061245905023,0.0588067361364008,0.144727025581205,100,0.0304402391224846,0.087173233150317,-0.127460784313725,0.111272077228644,100,-0.14927011145054,-0.105651457176911,0.238992336777928,0.136153007263395,100,0.212306347354302,0.265678326201553,0.422179499076447,0.145824117216295,100,0.393597972102053,0.450761026050841,0.597619047619048,0.236295203918631,100,0.551305187650996,0.643932907587099,0.53409166079019,0.142649716025634,100,0.506132316449166,0.562051005131215,5.04,0.242878362539562,100,4.99239584094225,5.08760415905775,5.05,0.21904291355759,100,5.00706758894271,5.09293241105729,5.04,0.242878362539562,100,4.99239584094225,5.08760415905775,20.2,0.876171654230361,100,20.0282703557709,20.3717296442291,6.01182156071078,2.11406243888114,100,5.59746532269008,6.42617779873148,1,0,100,1,1,1,0,100,1,1,0.97,0.171446607997765,100,0.936396464832438,1.00360353516756,0.95,0.21904291355759,100,0.907067588942712,0.992932411057288
"sensitivity_dense_wide",100,20,"n=100, p=20","block",5,"equal_width_4","parent_group_lasso_grpreg","sqrt_group_size","grpreg_approximate_df_excluding_intercept",-0.137939393939394,0.176247946428784,100,-0.172483991439436,-0.103394796439352,0.112954641762778,0.140203971920237,100,0.0854746632664121,0.140434620259145,-0.1,0.0948076793927022,100,-0.11858230516097,-0.0814176948390304,0.229464065220149,0.127261203477844,100,0.204520869338492,0.254407261101807,0.454531083991488,0.139124006033954,100,0.427262778808833,0.481799389174143,0.628035714285714,0.228514701993121,100,0.583246832695063,0.672824595876366,0.566518065268065,0.135114788377178,100,0.540035566746138,0.593000563789992,5.04,0.242878362539562,100,4.99239584094225,5.08760415905775,5.05,0.21904291355759,100,5.00706758894271,5.09293241105729,5.04,0.242878362539562,100,4.99239584094225,5.08760415905775,20.2,0.876171654230361,100,20.0282703557709,20.3717296442291,4.81035046179345,1.77396158555357,100,4.46265399102495,5.15804693256195,1,0,100,1,1,1,0,100,1,1,0.97,0.171446607997765,100,0.936396464832438,1.00360353516756,0.95,0.21904291355759,100,0.907067588942712,0.992932411057288
"sensitivity_dense_wide",100,20,"n=100, p=20","block",5,"quantile_2","component_lasso_glmnet","not_applicable","active_coefficient_count_proxy_excluding_intercept",-0.0966666666666667,0.166686700523958,100,-0.129337259969362,-0.063996073363971,0.2134018313006,0.24117823987571,100,0.166130896284961,0.260672766316239,-0.03425,0.0764487368861821,100,-0.0492339524296917,-0.0192660475703083,0.142400660911209,0.112980603736927,100,0.120256462578771,0.164544859243647,0.590991921731561,0.119016712454483,100,0.567664646090483,0.61431919737264,0.675892857142857,0.207539673917542,100,0.635215081055019,0.716570633230695,0.657632367632368,0.133823845565946,100,0.631402893901442,0.683861841363293,5.04,0.242878362539562,100,4.99239584094225,5.08760415905775,5.03,0.171446607997765,100,4.99639646483244,5.06360353516756,5.04,0.242878362539562,100,4.99239584094225,5.08760415905775,6.44,0.924634790038475,100,6.25877158115246,6.62122841884754,6.44,0.924634790038475,100,6.25877158115246,6.62122841884754,1,0,100,1,1,1,0,100,1,1,0.97,0.171446607997765,100,0.936396464832438,1.00360353516756,0.97,0.171446607997765,100,0.936396464832438,1.00360353516756
"sensitivity_dense_wide",100,20,"n=100, p=20","block",5,"quantile_2","parent_group_lasso_grpreg","equal_parent","grpreg_approximate_df_excluding_intercept",-0.0883030303030303,0.149627060480137,100,-0.117629934157137,-0.0589761264489234,0.00490570098057471,0.119751507448723,100,-0.0185655944793751,0.0283769964405245,-0.04925,0.0926530568573191,100,-0.0674099991440345,-0.0310900008559654,0.103115489523491,0.0805011792830116,100,0.0873372583840204,0.118893720662961,0.573709427765726,0.137447475412961,100,0.546769722584786,0.600649132946666,0.755357142857143,0.204519128254844,100,0.715271393719193,0.795442891995092,0.630225940725941,0.143582794421467,100,0.602083713019333,0.658368168432548,5.04,0.242878362539562,100,4.99239584094225,5.08760415905775,5.05,0.21904291355759,100,5.00706758894271,5.09293241105729,5.04,0.242878362539562,100,4.99239584094225,5.08760415905775,10.1,0.438085827115181,100,10.0141351778854,10.1858648221146,3.45978450492402,1.36682973866066,100,3.19188587614653,3.72768313370151,1,0,100,1,1,1,0,100,1,1,0.97,0.171446607997765,100,0.936396464832438,1.00360353516756,0.95,0.21904291355759,100,0.907067588942712,0.992932411057288
"sensitivity_dense_wide",100,20,"n=100, p=20","block",5,"quantile_2","parent_group_lasso_grpreg","sqrt_group_size","grpreg_approximate_df_excluding_intercept",-0.0583030303030303,0.133535700839609,100,-0.0844760276675937,-0.0321300329384669,0.0377495133927489,0.0852026678572281,100,0.0210497904927322,0.0544492362927656,-0.0270833333333333,0.0737063420589313,100,-0.0415297763768839,-0.0126368902897828,0.0992685060801665,0.0806984852372636,100,0.0834516029736629,0.11508540918667,0.611608409193799,0.12036676430897,100,0.58801652338924,0.635200294998357,0.795,0.192714571497532,100,0.757227943986484,0.832772056013516,0.657235930735931,0.132389286430278,100,0.631287630595596,0.683184230876265,5.04,0.242878362539562,100,4.99239584094225,5.08760415905775,5.05,0.21904291355759,100,5.00706758894271,5.09293241105729,5.04,0.242878362539562,100,4.99239584094225,5.08760415905775,10.1,0.438085827115181,100,10.0141351778854,10.1858648221146,3.1340782577988,1.34433686342866,100,2.87058823256678,3.39756828303081,1,0,100,1,1,1,0,100,1,1,0.97,0.171446607997765,100,0.936396464832438,1.00360353516756,0.95,0.21904291355759,100,0.907067588942712,0.992932411057288
"sensitivity_dense_wide",100,20,"n=100, p=20","block",5,"quantile_4","component_lasso_glmnet","not_applicable","active_coefficient_count_proxy_excluding_intercept",-0.206939393939394,0.206215526758009,100,-0.247357637183964,-0.166521150694824,0.351348591892419,0.285986744069876,100,0.295295190054723,0.407401993730115,-0.138333333333333,0.0992395326897746,100,-0.157784281740529,-0.118882384926137,0.354776055705301,0.156617537103081,100,0.324079018433098,0.385473092977505,0.367878102851989,0.131989772337837,100,0.342008107473773,0.393748098230205,0.505853174603175,0.208560896925379,100,0.4649752388058,0.546731110400549,0.520435148185148,0.135850434595686,100,0.493808463004394,0.547061833365903,5.04,0.242878362539562,100,4.99239584094225,5.08760415905775,5.11,0.34509550720186,100,5.04236128058844,5.17763871941156,5.04,0.242878362539562,100,4.99239584094225,5.08760415905775,6.39,1.0039819709436,100,6.19321953369505,6.58678046630495,6.39,1.0039819709436,100,6.19321953369505,6.58678046630495,1,0,100,1,1,1,0,100,1,1,0.97,0.171446607997765,100,0.936396464832438,1.00360353516756,0.9,0.301511344577764,100,0.840903776462758,0.959096223537242
"sensitivity_dense_wide",100,20,"n=100, p=20","block",5,"quantile_4","parent_group_lasso_grpreg","equal_parent","grpreg_approximate_df_excluding_intercept",-0.155030303030303,0.17619122589211,100,-0.189563783305157,-0.120496822755449,0.0602696408613822,0.178314604126011,100,0.0253199784526839,0.0952193032700804,-0.129916666666667,0.113120064488573,100,-0.152088199306427,-0.107745134026906,0.237432300135149,0.126423891535964,100,0.2126532173941,0.262211382876197,0.411372994239097,0.135739323388939,100,0.384768086854864,0.437977901623329,0.597202380952381,0.216622947703221,100,0.55474428320255,0.639660478702212,0.522790376290376,0.120632813837588,100,0.499146344778209,0.546434407802543,5.04,0.242878362539562,100,4.99239584094225,5.08760415905775,5.04,0.196946385566932,100,5.00139850842888,5.07860149157112,5.04,0.242878362539562,100,4.99239584094225,5.08760415905775,20.16,0.787785542267729,100,20.0055940337155,20.3144059662845,5.95920960884788,2.14883088894629,100,5.53803875461441,6.38038046308136,1,0,100,1,1,1,0,100,1,1,0.97,0.171446607997765,100,0.936396464832438,1.00360353516756,0.96,0.196946385566932,100,0.921398508428881,0.998601491571119
"sensitivity_dense_wide",100,20,"n=100, p=20","block",5,"quantile_4","parent_group_lasso_grpreg","sqrt_group_size","grpreg_approximate_df_excluding_intercept",-0.125575757575758,0.174721368347746,100,-0.159821145771916,-0.0913303693795994,0.106470141152753,0.147614987031298,100,0.0775376036946182,0.135402678610887,-0.0926666666666666,0.0999668856507571,100,-0.112260176254215,-0.0730731570791182,0.240818687544952,0.125231813258694,100,0.216273252146248,0.265364122943656,0.445583177932724,0.11648699791044,100,0.422751726342278,0.46841462952317,0.631130952380952,0.213901998315886,100,0.589206160711039,0.673055744050866,0.549345321345321,0.117212442450914,100,0.526371682624942,0.5723189600657,5.04,0.242878362539562,100,4.99239584094225,5.08760415905775,5.01,0.1,100,4.9904,5.0296,5.04,0.242878362539562,100,4.99239584094225,5.08760415905775,20.04,0.4,100,19.9616,20.1184,4.88497074890879,1.85865692108169,100,4.52067399237677,5.2492675054408,1,0,100,1,1,1,0,100,1,1,0.97,0.171446607997765,100,0.936396464832438,1.00360353516756,0.99,0.1,100,0.9704,1.0096
"sensitivity_dense_wide",100,20,"n=100, p=20","block",5,"quantile_8","component_lasso_glmnet","not_applicable","active_coefficient_count_proxy_excluding_intercept",-0.267757575757576,0.200338973115386,100,-0.307024014488191,-0.22849113702696,0.573988126245149,0.300377826289192,100,0.515114072292467,0.632862180197831,-0.187137254901961,0.106090113831889,100,-0.207930917213011,-0.166343592590911,0.62957781590142,0.239722346762084,100,0.582592235936052,0.676563395866789,0.241938586322696,0.147919143277058,100,0.212946434240393,0.270930738405,0.413031746031746,0.173751949058549,100,0.37897636401627,0.447087128047222,0.44609121270886,0.119086239513745,100,0.422750309764166,0.469432115653554,5.04,0.242878362539562,100,4.99239584094225,5.08760415905775,5.07,0.256432399976243,100,5.01973924960466,5.12026075039534,5.04,0.242878362539562,100,4.99239584094225,5.08760415905775,6.17,1.18964386488248,100,5.93682980248303,6.40317019751697,6.17,1.18964386488248,100,5.93682980248303,6.40317019751697,1,0,100,1,1,1,0,100,1,1,0.97,0.171446607997765,100,0.936396464832438,1.00360353516756,0.93,0.256432399976243,100,0.879739249604656,0.980260750395344
"sensitivity_dense_wide",100,20,"n=100, p=20","block",5,"quantile_8","parent_group_lasso_grpreg","equal_parent","grpreg_approximate_df_excluding_intercept",-0.207939393939394,0.190327740202957,100,-0.245243631019174,-0.170635156859614,0.173158151758833,0.21902831248575,100,0.130228602511626,0.21608770100604,-0.16403431372549,0.123708157542485,100,-0.188281112603817,-0.139787514847163,0.34358812852269,0.143439175832681,100,0.315474050059485,0.371702206985895,0.345472624282996,0.147102250003502,100,0.31664058328231,0.374304665283682,0.524246031746032,0.229669708350974,100,0.479230768909241,0.569261294582823,0.477160393528041,0.118319750068076,100,0.453969722514698,0.500351064541383,5.04,0.242878362539562,100,4.99239584094225,5.08760415905775,5.06,0.238683256575942,100,5.01321808171112,5.10678191828888,5.04,0.242878362539562,100,4.99239584094225,5.08760415905775,40.48,1.90946605260754,100,40.1057446536889,40.8542553463111,9.53357523586355,3.35090708983703,100,8.87679744625549,10.1903530254716,1,0,100,1,1,1,0,100,1,1,0.97,0.171446607997765,100,0.936396464832438,1.00360353516756,0.94,0.238683256575942,100,0.893218081711115,0.986781918288885
"sensitivity_dense_wide",100,20,"n=100, p=20","block",5,"quantile_8","parent_group_lasso_grpreg","sqrt_group_size","grpreg_approximate_df_excluding_intercept",-0.178666666666667,0.193233103259329,100,-0.216540354905495,-0.140792978427838,0.223607652311447,0.228943203322873,100,0.178734784460163,0.26848052016273,-0.151361111111111,0.123184847446749,100,-0.175505341210674,-0.127216881011548,0.344658977366655,0.141102493205518,100,0.317002888698373,0.372315066034936,0.361435651594295,0.145124538734345,100,0.332991242002364,0.389880061186227,0.547242063492064,0.220117486190159,100,0.504099036198792,0.590385090785335,0.485177738927739,0.122086057645549,100,0.461248871629211,0.509106606226267,5.04,0.242878362539562,100,4.99239584094225,5.08760415905775,5.03,0.171446607997765,100,4.99639646483244,5.06360353516756,5.04,0.242878362539562,100,4.99239584094225,5.08760415905775,40.24,1.37157286398212,100,39.9711717186595,40.5088282813405,7.3415295772415,2.86105163913978,100,6.7807634559701,7.90229569851289,1,0,100,1,1,1,0,100,1,1,0.97,0.171446607997765,100,0.936396464832438,1.00360353516756,0.97,0.171446607997765,100,0.936396464832438,1.00360353516756
"sensitivity_dense_wide",100,20,"n=100, p=20","independent",5,"equal_width_4","component_lasso_glmnet","not_applicable","active_coefficient_count_proxy_excluding_intercept",-0.158727272727273,0.123689693030382,100,-0.182970452561227,-0.134484092893318,0.374831963095231,0.190820638495777,100,0.337431117950059,0.412232808240404,-0.0105833333333333,0.0431609982888306,100,-0.0190428889979441,-0.00212377766872253,0.515804213904234,0.171678019138898,100,0.48215532215301,0.549453105655458,0.528716647463986,0.105082622317596,100,0.508120453489738,0.549312841438235,0.736666666666667,0.186613675469626,100,0.70009038627462,0.773242947058713,0.595582417582418,0.125624623168846,100,0.570959991441324,0.620204843723511,5,0,100,5,5,5.06,0.238683256575942,100,5.01321808171112,5.10678191828888,5,0,100,5,5,8.68,1.76314686531975,100,8.33442321439733,9.02557678560267,8.68,1.76314686531975,100,8.33442321439733,9.02557678560267,1,0,100,1,1,1,0,100,1,1,1,0,100,1,1,0.94,0.238683256575942,100,0.893218081711115,0.986781918288885
"sensitivity_dense_wide",100,20,"n=100, p=20","independent",5,"equal_width_4","parent_group_lasso_grpreg","equal_parent","grpreg_approximate_df_excluding_intercept",-0.118,0.125262759142328,100,-0.142551500791896,-0.0934484992081036,-0.038902456605803,0.160742138514914,100,-0.0704079157547261,-0.00739699745687983,-0.01775,0.0502610329836952,100,-0.0276011624648043,-0.00789883753519573,0.225650481428266,0.089368957444436,100,0.208134165769156,0.243166797087375,0.530662187265439,0.108237758221409,100,0.509447586654043,0.551876787876835,0.791130952380952,0.193109308403551,100,0.753281527933856,0.828980376828048,0.582896936396936,0.118949313424091,100,0.559582870965814,0.606211001828058,5,0,100,5,5,5.05,0.21904291355759,100,5.00706758894271,5.09293241105729,5,0,100,5,5,20.2,0.876171654230361,100,20.0282703557709,20.3717296442291,8.5396975863775,1.94359261326195,100,8.15875343417816,8.92064173857684,1,0,100,1,1,1,0,100,1,1,1,0,100,1,1,0.95,0.21904291355759,100,0.907067588942712,0.992932411057288
"sensitivity_dense_wide",100,20,"n=100, p=20","independent",5,"equal_width_4","parent_group_lasso_grpreg","sqrt_group_size","grpreg_approximate_df_excluding_intercept",-0.0714545454545454,0.102469874263025,100,-0.0915386408100982,-0.0513704500989926,0.114209977706908,0.106251527337558,100,0.0933846783487467,0.135035277065069,-0.00266666666666667,0.0244432965754365,100,-0.00745755279545223,0.00212421946211889,0.240012016297529,0.0916504361287498,100,0.222048530816294,0.257975501778764,0.555233850839649,0.102808641106512,100,0.535083357182773,0.575384344496526,0.861904761904762,0.169882397145875,100,0.82860781206417,0.895201711745353,0.597851981351981,0.116976290359816,100,0.574924628441457,0.620779334262505,5,0,100,5,5,5.04,0.196946385566932,100,5.00139850842888,5.07860149157112,5,0,100,5,5,20.16,0.787785542267729,100,20.0055940337155,20.3144059662845,5.81075669004372,1.77128510103855,100,5.46358481024016,6.15792856984728,1,0,100,1,1,1,0,100,1,1,1,0,100,1,1,0.96,0.196946385566932,100,0.921398508428881,0.998601491571119
"sensitivity_dense_wide",100,20,"n=100, p=20","independent",5,"quantile_2","component_lasso_glmnet","not_applicable","active_coefficient_count_proxy_excluding_intercept",-0.0209090909090909,0.0670101345075635,100,-0.0340430772725733,-0.00777510454560844,0.113713191468653,0.0939934445043171,100,0.095290476345807,0.132135906591499,0.00125,0.0138319540101758,100,-0.00146106298599446,0.00396106298599445,0.109312177192296,0.0593935339201757,100,0.0976710445439416,0.12095330984065,0.736045186968402,0.0828815379540225,100,0.719800405529413,0.75228996840739,0.955,0.113249622481241,100,0.932803073993677,0.977196926006323,0.764279886779887,0.118895646923697,100,0.740976339982842,0.787583433576931,5,0,100,5,5,5.01,0.1,100,4.9904,5.0296,5,0,100,5,5,7.59,0.888705789222721,100,7.41581366531235,7.76418633468765,7.59,0.888705789222721,100,7.41581366531235,7.76418633468765,1,0,100,1,1,1,0,100,1,1,1,0,100,1,1,0.99,0.1,100,0.9704,1.0096
"sensitivity_dense_wide",100,20,"n=100, p=20","independent",5,"quantile_2","parent_group_lasso_grpreg","equal_parent","grpreg_approximate_df_excluding_intercept",-0.0269090909090909,0.0788717502302906,100,-0.0423679539542278,-0.0114502278639539,0.0380662409726643,0.0640312260566933,100,0.0255161206655524,0.0506163612797762,-0.00125,0.0161699986153016,100,-0.00441931972859911,0.00191931972859911,0.084951470698314,0.0499154171641107,100,0.0751680489341483,0.0947348924624797,0.680395632920349,0.0957154294290189,100,0.661635408752261,0.699155857088436,0.949285714285714,0.124785025524348,100,0.924827849282942,0.973743579288486,0.71214035964036,0.113007121767412,100,0.689990963773947,0.734289755506772,5,0,100,5,5,5.01,0.1,100,4.9904,5.0296,5,0,100,5,5,10.02,0.2,100,9.9808,10.0592,3.25518975979097,0.970116530191688,100,3.0650469198734,3.44533259970854,1,0,100,1,1,1,0,100,1,1,1,0,100,1,1,0.99,0.1,100,0.9704,1.0096
"sensitivity_dense_wide",100,20,"n=100, p=20","independent",5,"quantile_2","parent_group_lasso_grpreg","sqrt_group_size","grpreg_approximate_df_excluding_intercept",-0.0269090909090909,0.0788717502302906,100,-0.0423679539542278,-0.0114502278639539,0.0393595837622745,0.0652507328964677,100,0.0265704401145669,0.0521487274099822,-0.00125,0.0161699986153016,100,-0.00441931972859911,0.00191931972859911,0.084951470698314,0.0499154171641106,100,0.0751680489341483,0.0947348924624796,0.680395632920349,0.0957154294290189,100,0.661635408752261,0.699155857088436,0.949285714285714,0.124785025524348,100,0.924827849282942,0.973743579288486,0.71214035964036,0.113007121767412,100,0.689990963773947,0.734289755506772,5,0,100,5,5,5.01,0.1,100,4.9904,5.0296,5,0,100,5,5,10.02,0.2,100,9.9808,10.0592,3.24539980591398,0.980744992008377,100,3.05317378748034,3.43762582434762,1,0,100,1,1,1,0,100,1,1,1,0,100,1,1,0.99,0.1,100,0.9704,1.0096
"sensitivity_dense_wide",100,20,"n=100, p=20","independent",5,"quantile_4","component_lasso_glmnet","not_applicable","active_coefficient_count_proxy_excluding_intercept",-0.0987272727272727,0.110980121468736,100,-0.120479376535145,-0.0769751689194004,0.243161525810176,0.14738966786688,100,0.214273150908268,0.272049900712085,-0.00478431372549019,0.025998848065602,100,-0.00988008794634818,0.000311460495367789,0.345111284830683,0.125181636082495,100,0.320575684158514,0.369646885502853,0.560034204393842,0.0953004958693474,100,0.54135530720345,0.578713101584234,0.821428571428571,0.178190229648637,100,0.786503286417438,0.856353856439704,0.616703296703297,0.113430257424215,100,0.594470966248151,0.638935627158443,5,0,100,5,5,5.06,0.238683256575942,100,5.01321808171112,5.10678191828888,5,0,100,5,5,7.7,1.30654915983698,100,7.44391636467195,7.95608363532805,7.7,1.30654915983698,100,7.44391636467195,7.95608363532805,1,0,100,1,1,1,0,100,1,1,1,0,100,1,1,0.94,0.238683256575942,100,0.893218081711115,0.986781918288885
"sensitivity_dense_wide",100,20,"n=100, p=20","independent",5,"quantile_4","parent_group_lasso_grpreg","equal_parent","grpreg_approximate_df_excluding_intercept",-0.113818181818182,0.117252687263477,100,-0.136799708521823,-0.0908366551145403,-0.0293275806681712,0.175851005393573,100,-0.0637943777253116,0.00513921638896916,-0.0196111111111111,0.0553022000767902,100,-0.030450342326162,-0.00877187989606023,0.225605490136004,0.0957470505770712,100,0.206839068222898,0.24437191204911,0.53905204639537,0.0998500899844229,100,0.519481428758423,0.558622664032317,0.799047619047619,0.185891184973281,100,0.762612946792856,0.835482291302382,0.582199425574426,0.126773410328821,100,0.557351837149977,0.607047013998875,5,0,100,5,5,5.02,0.14070529413629,100,4.99242176234929,5.04757823765071,5,0,100,5,5,20.08,0.562821176545159,100,19.9696870493971,20.1903129506028,8.33185046129155,2.02292580756087,100,7.93535700300962,8.72834391957348,1,0,100,1,1,1,0,100,1,1,1,0,100,1,1,0.98,0.14070529413629,100,0.952421762349287,1.00757823765071
"sensitivity_dense_wide",100,20,"n=100, p=20","independent",5,"quantile_4","parent_group_lasso_grpreg","sqrt_group_size","grpreg_approximate_df_excluding_intercept",-0.0729090909090909,0.104286460043445,100,-0.093349237077606,-0.0524689447405757,0.125683168981839,0.115899988869544,100,0.102966771163409,0.14839956680027,-0.00295098039215686,0.0226604731351082,100,-0.00739243312663807,0.00149047234232435,0.237646338908599,0.0902862068596033,100,0.219950242364117,0.255342435453082,0.562881802821273,0.0864365856170249,100,0.545940232040336,0.57982337360221,0.863571428571429,0.17205456625571,100,0.829848733585309,0.897294123557548,0.600418747918748,0.103837375785069,100,0.580066622264874,0.620770873572622,5,0,100,5,5,5.01,0.1,100,4.9904,5.0296,5,0,100,5,5,20.04,0.4,100,19.9616,20.1184,5.6751594482478,1.74823426884583,100,5.33250553155402,6.01781336494158,1,0,100,1,1,1,0,100,1,1,1,0,100,1,1,0.99,0.1,100,0.9704,1.0096
"sensitivity_dense_wide",100,20,"n=100, p=20","independent",5,"quantile_8","component_lasso_glmnet","not_applicable","active_coefficient_count_proxy_excluding_intercept",-0.229636363636364,0.153945358987269,100,-0.259809653997868,-0.199463073274859,0.480789658443529,0.214003722751388,100,0.438844928784257,0.522734388102801,-0.0350833333333333,0.065427187706133,100,-0.0479070621237354,-0.0222596045429313,0.772921816806458,0.206803927222439,100,0.73238824707086,0.813455386542056,0.434170562532661,0.10805229444142,100,0.412992312822143,0.45534881224318,0.63422619047619,0.213238272619033,100,0.59243148904286,0.676020891909521,0.537214951714952,0.115966010244932,100,0.514485613706945,0.559944289722958,5,0,100,5,5,5.08,0.272659924344291,100,5.02655865482852,5.13344134517148,5,0,100,5,5,7.67,1.80937513629385,100,7.31536247328641,8.02463752671359,7.67,1.80937513629385,100,7.31536247328641,8.02463752671359,1,0,100,1,1,1,0,100,1,1,1,0,100,1,1,0.92,0.272659924344291,100,0.866558654828519,0.973441345171481
"sensitivity_dense_wide",100,20,"n=100, p=20","independent",5,"quantile_8","parent_group_lasso_grpreg","equal_parent","grpreg_approximate_df_excluding_intercept",-0.180909090909091,0.131374923654234,100,-0.206658575945321,-0.155159605872861,0.129474387519974,0.182793803815591,100,0.0936468019721184,0.16530197306783,-0.0312009803921569,0.0598805138548277,100,-0.0429375611077031,-0.0194643996766106,0.45078900656216,0.151431518495935,100,0.421108428936957,0.480469584187364,0.468829975564124,0.105329304904655,100,0.448185431802812,0.489474519325437,0.698452380952381,0.183603579795836,100,0.662466079312397,0.734438682592365,0.542609681984682,0.122345963048068,100,0.518629873227261,0.566589490742103,5,0,100,5,5,5.09,0.287623491264661,100,5.03362579571213,5.14637420428787,5,0,100,5,5,40.72,2.30098793011729,100,40.269006365697,41.170993634303,13.5954100672353,2.72994562198427,100,13.0603407253264,14.1304794091443,1,0,100,1,1,1,0,100,1,1,1,0,100,1,1,0.91,0.287623491264661,100,0.853625795712126,0.966374204287874
"sensitivity_dense_wide",100,20,"n=100, p=20","independent",5,"quantile_8","parent_group_lasso_grpreg","sqrt_group_size","grpreg_approximate_df_excluding_intercept",-0.139272727272727,0.126554974679629,100,-0.164077502309935,-0.11446795223552,0.246713448991136,0.166659030124449,100,0.214048279086744,0.279378618895528,-0.0151176470588235,0.0487748255527719,100,-0.0246775128671668,-0.00555778125048023,0.466182696001666,0.153012585062125,100,0.436192229329489,0.496173162673842,0.486399091642395,0.10081991133163,100,0.466638389021395,0.506159794263394,0.760595238095238,0.189087462467509,100,0.723534095451606,0.79765638073887,0.556499292374292,0.112241259213293,100,0.534500005568487,0.578498579180098,5,0,100,5,5,5.04,0.196946385566932,100,5.00139850842888,5.07860149157112,5,0,100,5,5,40.32,1.57557108453546,100,40.011188067431,40.628811932569,9.17757729663623,2.98836480901772,100,8.59185779406875,9.7632967992037,1,0,100,1,1,1,0,100,1,1,1,0,100,1,1,0.96,0.196946385566932,100,0.921398508428881,0.998601491571119
"sensitivity_dense_wide",100,100,"n=100, p=100","ar1_rho_0.5",10,"equal_width_4","component_lasso_glmnet","not_applicable","active_coefficient_count_proxy_excluding_intercept",-0.272458874458875,0.122555164183066,100,-0.296479686638755,-0.248438062278994,0.668730627187981,0.212717596878557,100,0.627037978199783,0.710423276176178,-0.187268817204301,0.0830491170497176,100,-0.203546444146046,-0.170991190262556,1.00694375530127,0.239651121698579,100,0.959972135448344,1.05391537515419,0.248405038773999,0.0650319236628075,100,0.235658781736088,0.261151295811909,0.391295266395112,0.124440738274956,100,0.36690488169322,0.415685651097003,0.371614093479356,0.0861325256365527,100,0.354732118454592,0.388496068504121,10.09,0.320825954263823,100,10.0271181129643,10.1528818870357,10.17,0.427702341505507,100,10.0861703410649,10.2538296589351,10.09,0.320825954263823,100,10.0271181129643,10.1528818870357,12.18,1.70192997992446,100,11.8464217239348,12.5135782760652,12.18,1.70192997992446,100,11.8464217239348,12.5135782760652,1,0,100,1,1,1,0,100,1,1,0.92,0.272659924344291,100,0.866558654828519,0.973441345171481,0.85,0.358870281282637,100,0.779661424868603,0.920338575131397
"sensitivity_dense_wide",100,100,"n=100, p=100","ar1_rho_0.5",10,"equal_width_4","parent_group_lasso_grpreg","equal_parent","grpreg_approximate_df_excluding_intercept",-0.190675324675325,0.126815840511857,100,-0.215531229415649,-0.165819419935001,0.326765462151442,0.178178924571109,100,0.291842392935504,0.361688531367379,-0.126661290322581,0.0779192406443307,100,-0.141933461488869,-0.111389119156292,0.616163782304616,0.215752503474788,100,0.573876291623558,0.658451272985675,0.290117292766545,0.0741075344373567,100,0.275592216016823,0.304642369516267,0.504632798573975,0.127758172392208,100,0.479592196785102,0.529673400362848,0.422687323951951,0.082126441152386,100,0.406590541486084,0.438784106417819,10.09,0.320825954263823,100,10.0271181129643,10.1528818870357,10.16,0.394917201397452,100,10.0825962285261,10.2374037714739,10.09,0.320825954263823,100,10.0271181129643,10.1528818870357,40.64,1.57966880558981,100,40.3303849141044,40.9496150858956,9.24161219713897,2.75531464588245,100,8.70157052654601,9.78165386773193,1,0,100,1,1,1,0,100,1,1,0.92,0.272659924344291,100,0.866558654828519,0.973441345171481,0.85,0.358870281282637,100,0.779661424868603,0.920338575131397
"sensitivity_dense_wide",100,100,"n=100, p=100","ar1_rho_0.5",10,"equal_width_4","parent_group_lasso_grpreg","sqrt_group_size","grpreg_approximate_df_excluding_intercept",-0.173722943722944,0.119071960748675,100,-0.197061048029684,-0.150384839416203,0.36063270786266,0.167877730382166,100,0.327728672707756,0.393536743017565,-0.120938172043011,0.0788892683827524,100,-0.13640046864603,-0.105475875439991,0.625814357283345,0.21528987692533,100,0.58361754140598,0.668011173160709,0.29238708252891,0.0751679386800487,100,0.277654166547621,0.3071199985102,0.523983611976259,0.128734558790332,100,0.498751638453354,0.549215585499164,0.424972759268087,0.0811805979365452,100,0.409061362072525,0.44088415646365,10.09,0.320825954263823,100,10.0271181129643,10.1528818870357,10.1,0.333333333333333,100,10.0346666666667,10.1653333333333,10.09,0.320825954263823,100,10.0271181129643,10.1528818870357,40.4,1.33333333333333,100,40.1386666666667,40.6613333333333,7.64742339146358,1.93451567100608,100,7.26825831994639,8.02658846298078,1,0,100,1,1,1,0,100,1,1,0.92,0.272659924344291,100,0.866558654828519,0.973441345171481,0.91,0.287623491264661,100,0.853625795712126,0.966374204287874
"sensitivity_dense_wide",100,100,"n=100, p=100","ar1_rho_0.5",10,"quantile_2","component_lasso_glmnet","not_applicable","active_coefficient_count_proxy_excluding_intercept",-0.0742813852813853,0.0876748334989269,100,-0.091465652647175,-0.0570971179155957,0.262520159422948,0.13628113724175,100,0.235809056523565,0.289231262322331,-0.0467741935483871,0.0558502495220782,100,-0.0577208424547144,-0.0358275446420598,0.372339954033261,0.145467510011991,100,0.34382832207091,0.400851585995611,0.452078798528678,0.0612524756008328,100,0.440073313310914,0.464084283746441,0.685543623043623,0.125766771408312,100,0.660893335847594,0.710193910239652,0.612918192479962,0.0948821657880293,100,0.594321287985508,0.631515096974415,10.09,0.320825954263823,100,10.0271181129643,10.1528818870357,10.11,0.34509550720186,100,10.0423612805884,10.1776387194116,10.09,0.320825954263823,100,10.0271181129643,10.1528818870357,12.74,1.38986228516252,100,12.4675869921081,13.0124130078919,12.74,1.38986228516252,100,12.4675869921081,13.0124130078919,1,0,100,1,1,1,0,100,1,1,0.92,0.272659924344291,100,0.866558654828519,0.973441345171481,0.9,0.301511344577764,100,0.840903776462758,0.959096223537242
"sensitivity_dense_wide",100,100,"n=100, p=100","ar1_rho_0.5",10,"quantile_2","parent_group_lasso_grpreg","equal_parent","grpreg_approximate_df_excluding_intercept",-0.0784112554112554,0.0949787901578297,100,-0.0970270982821901,-0.0597954125403208,0.168788429110831,0.129618481594817,100,0.143383206718247,0.194193651503415,-0.0516155913978495,0.0594383649197041,100,-0.0632655109221115,-0.0399656718735874,0.282752404439092,0.123560262396207,100,0.258534593009435,0.306970215868748,0.407437564304463,0.0620237301385353,100,0.39528091319731,0.419594215411616,0.695439893439893,0.134901031507827,100,0.668999291264359,0.721880495615427,0.569824227193512,0.0925475630143764,100,0.551684904842694,0.58796354954433,10.09,0.320825954263823,100,10.0271181129643,10.1528818870357,10.12,0.32659863237109,100,10.0559866680553,10.1840133319447,10.09,0.320825954263823,100,10.0271181129643,10.1528818870357,20.24,0.653197264742181,100,20.1119733361105,20.3680266638895,4.89553072565098,1.20207111822891,100,4.65992478647811,5.13113666482384,1,0,100,1,1,1,0,100,1,1,0.92,0.272659924344291,100,0.866558654828519,0.973441345171481,0.88,0.32659863237109,100,0.815986668055266,0.944013331944734
"sensitivity_dense_wide",100,100,"n=100, p=100","ar1_rho_0.5",10,"quantile_2","parent_group_lasso_grpreg","sqrt_group_size","grpreg_approximate_df_excluding_intercept",-0.0784112554112554,0.0949787901578297,100,-0.0970270982821901,-0.0597954125403208,0.168788429110831,0.129618481594817,100,0.143383206718247,0.194193651503415,-0.0516155913978495,0.0594383649197041,100,-0.0632655109221115,-0.0399656718735874,0.282752404439092,0.123560262396207,100,0.258534593009435,0.306970215868748,0.407435945478894,0.0620227996272294,100,0.395279476751957,0.419592414205831,0.695439893439893,0.134901031507827,100,0.668999291264359,0.721880495615427,0.569824227193512,0.0925475630143764,100,0.551684904842694,0.58796354954433,10.09,0.320825954263823,100,10.0271181129643,10.1528818870357,10.12,0.32659863237109,100,10.0559866680553,10.1840133319447,10.09,0.320825954263823,100,10.0271181129643,10.1528818870357,20.24,0.653197264742181,100,20.1119733361105,20.3680266638895,4.89553072565098,1.20207111822891,100,4.65992478647811,5.13113666482384,1,0,100,1,1,1,0,100,1,1,0.92,0.272659924344291,100,0.866558654828519,0.973441345171481,0.88,0.32659863237109,100,0.815986668055266,0.944013331944734
"sensitivity_dense_wide",100,100,"n=100, p=100","ar1_rho_0.5",10,"quantile_4","component_lasso_glmnet","not_applicable","active_coefficient_count_proxy_excluding_intercept",-0.206619047619048,0.112597365611585,100,-0.228688131278918,-0.184549963959177,0.506706757507259,0.173855650179665,100,0.472631050072045,0.540782464942473,-0.140604838709677,0.0782816804419885,100,-0.155948048076307,-0.125261629343048,0.784598099241956,0.216556094895933,100,0.742153104642354,0.827043093841559,0.27917218246301,0.058092975869053,100,0.267785959192676,0.290558405733344,0.47863826288091,0.12139048550796,100,0.45484572772135,0.50243079804047,0.40887838162552,0.0851979665290548,100,0.392179580185826,0.425577183065215,10.09,0.320825954263823,100,10.0271181129643,10.1528818870357,10.26,0.504925236990086,100,10.1610346535499,10.3589653464501,10.09,0.320825954263823,100,10.0271181129643,10.1528818870357,12.29,1.30496333010905,100,12.0342271872986,12.5457728127014,12.29,1.30496333010905,100,12.0342271872986,12.5457728127014,1,0,100,1,1,1,0,100,1,1,0.92,0.272659924344291,100,0.866558654828519,0.973441345171481,0.77,0.422952584681651,100,0.687101293402396,0.852898706597604
"sensitivity_dense_wide",100,100,"n=100, p=100","ar1_rho_0.5",10,"quantile_4","parent_group_lasso_grpreg","equal_parent","grpreg_approximate_df_excluding_intercept",-0.187484848484849,0.119545824778203,100,-0.210915830141376,-0.164053866828321,0.316738010925984,0.174258890104511,100,0.282583268465499,0.350892753386468,-0.134209677419355,0.0751374589823271,100,-0.148936619379891,-0.119482735458819,0.612730756282167,0.197261796707203,100,0.574067444127555,0.651394068436779,0.28593880666467,0.0696338810921241,100,0.272290565970614,0.299587047358727,0.501769029989618,0.130883394740527,100,0.476115884620475,0.527422175358761,0.413139240260625,0.0856529897707184,100,0.396351254265564,0.429927226255686,10.09,0.320825954263823,100,10.0271181129643,10.1528818870357,10.18,0.411452219939241,100,10.0993553648919,10.2606446351081,10.09,0.320825954263823,100,10.0271181129643,10.1528818870357,40.72,1.64580887975696,100,40.3974214595676,41.0425785404324,9.45146027040479,2.86797526922098,100,8.88933711763747,10.0135834231721,1,0,100,1,1,1,0,100,1,1,0.92,0.272659924344291,100,0.866558654828519,0.973441345171481,0.83,0.377525168068637,100,0.756005067058547,0.903994932941453
"sensitivity_dense_wide",100,100,"n=100, p=100","ar1_rho_0.5",10,"quantile_4","parent_group_lasso_grpreg","sqrt_group_size","grpreg_approximate_df_excluding_intercept",-0.172770562770563,0.125662259619568,100,-0.197400365655998,-0.148140759885127,0.356356074216773,0.159699217801168,100,0.325055027527744,0.387657120905802,-0.127052419354839,0.0717787745093714,100,-0.141121059158675,-0.112983779551002,0.621145100142059,0.197920649351532,100,0.582352652869158,0.659937547414959,0.288178780144361,0.0692900058243117,100,0.274597939002795,0.301759621285926,0.51141742081448,0.126115606623643,100,0.486698761916246,0.536136079712714,0.42080675186522,0.0843178506859794,100,0.404280453130768,0.437333050599672,10.09,0.320825954263823,100,10.0271181129643,10.1528818870357,10.16,0.394917201397452,100,10.0825962285261,10.2374037714739,10.09,0.320825954263823,100,10.0271181129643,10.1528818870357,40.64,1.57966880558981,100,40.3303849141044,40.9496150858956,7.70186638707719,1.75541114837249,100,7.35780580199618,8.0459269721582,1,0,100,1,1,1,0,100,1,1,0.92,0.272659924344291,100,0.866558654828519,0.973441345171481,0.85,0.358870281282637,100,0.779661424868603,0.920338575131397
"sensitivity_dense_wide",100,100,"n=100, p=100","ar1_rho_0.5",10,"quantile_8","component_lasso_glmnet","not_applicable","active_coefficient_count_proxy_excluding_intercept",-0.369848484848485,0.144594941886598,100,-0.398189093458258,-0.341507876238712,0.761803993164031,0.206215256392971,100,0.721385802911008,0.802222183417053,-0.248317815249267,0.0896605565222217,100,-0.265891284327622,-0.230744346170911,1.18256866900355,0.232197629583634,100,1.13705793360516,1.22807940440194,0.184572646739488,0.0741986113317693,100,0.170029718918461,0.199115574560515,0.280164409893512,0.097994303438852,100,0.260957526419497,0.299371293367527,0.290451350263175,0.0808315510299521,100,0.274608366261305,0.306294334265046,10.09,0.320825954263823,100,10.0271181129643,10.1528818870357,10.21,0.456048021572069,100,10.1206145877719,10.2993854122281,10.09,0.320825954263823,100,10.0271181129643,10.1528818870357,11.45,1.29782257429259,100,11.1956267754387,11.7043732245613,11.45,1.29782257429259,100,11.1956267754387,11.7043732245613,1,0,100,1,1,1,0,100,1,1,0.92,0.272659924344291,100,0.866558654828519,0.973441345171481,0.81,0.394277244403663,100,0.732721660096882,0.887278339903118
"sensitivity_dense_wide",100,100,"n=100, p=100","ar1_rho_0.5",10,"quantile_8","parent_group_lasso_grpreg","equal_parent","grpreg_approximate_df_excluding_intercept",-0.294056277056277,0.12687938948864,100,-0.31892463739605,-0.269187916716504,0.521771194242391,0.200132888124973,100,0.482545148169896,0.560997240314885,-0.205811827956989,0.0964893404486359,100,-0.224723738684922,-0.186899917229057,0.916743013506389,0.253719817294356,100,0.867013929316695,0.966472097696083,0.225156359206166,0.0738933796174861,100,0.210673256801138,0.239639461611193,0.359099592401063,0.113082408963315,100,0.336935440244253,0.381263744557873,0.325528843562627,0.0699807796457348,100,0.311812610752063,0.339245076373191,10.09,0.320825954263823,100,10.0271181129643,10.1528818870357,10.28,0.55194788218315,100,10.1718182150921,10.3881817849079,10.09,0.320825954263823,100,10.0271181129643,10.1528818870357,82.24,4.4155830574652,100,81.3745457207368,83.1054542792632,14.904998098832,3.50205057057547,100,14.2185961869992,15.5914000106648,1,0,100,1,1,1,0,100,1,1,0.92,0.272659924344291,100,0.866558654828519,0.973441345171481,0.77,0.422952584681651,100,0.687101293402396,0.852898706597604
"sensitivity_dense_wide",100,100,"n=100, p=100","ar1_rho_0.5",10,"quantile_8","parent_group_lasso_grpreg","sqrt_group_size","grpreg_approximate_df_excluding_intercept",-0.273329004329004,0.127311866052571,100,-0.298282130075308,-0.2483758785827,0.560261237358899,0.204891764352822,100,0.520102451545746,0.600420023172053,-0.20234811827957,0.0964377199544809,100,-0.221249911390648,-0.183446325168492,0.91878102246207,0.253789802498329,100,0.869038221172398,0.968523823751743,0.225875045760385,0.0743761205569791,100,0.211297326131217,0.240452765389553,0.378632574125221,0.119500436596138,100,0.355210488552378,0.402054659698064,0.329522496277306,0.0742928923986705,100,0.314961089367166,0.344083903187445,10.09,0.320825954263823,100,10.0271181129643,10.1528818870357,10.25,0.519809599951771,100,10.1481173184095,10.3518826815905,10.09,0.320825954263823,100,10.0271181129643,10.1528818870357,82,4.15847679961417,100,81.1849385472756,82.8150614527244,10.9984781403117,2.96265031134929,100,10.4177986792872,11.5791576013361,1,0,100,1,1,1,0,100,1,1,0.92,0.272659924344291,100,0.866558654828519,0.973441345171481,0.79,0.409360180740332,100,0.709765404574895,0.870234595425105
"sensitivity_dense_wide",100,100,"n=100, p=100","ar1_rho_0.9",10,"equal_width_4","component_lasso_glmnet","not_applicable","active_coefficient_count_proxy_excluding_intercept",-0.19247619047619,0.132439074931381,100,-0.218434249162741,-0.16651813178964,0.601668000002287,0.226875779329227,100,0.557200347253759,0.646135652750816,-0.199146505376344,0.134247495461627,100,-0.225459014486823,-0.172833996265865,0.817333661277657,0.206862069413172,100,0.776788695672675,0.857878626882639,0.189268495631076,0.0599530904998583,100,0.177517689893104,0.201019301369048,0.24445141842162,0.102134126394005,100,0.224433129648395,0.264469707194845,0.277030260443522,0.0747189545912987,100,0.262385345343627,0.291675175543416,10.08,0.272659924344291,100,10.0265586548285,10.1334413451715,10.11,0.31446603773522,100,10.0483646566039,10.1716353433961,10.08,0.272659924344291,100,10.0265586548285,10.1334413451715,11.29,1.24149632754718,100,11.0466667198008,11.5333332801992,11.29,1.24149632754718,100,11.0466667198008,11.5333332801992,1,0,100,1,1,1,0,100,1,1,0.92,0.272659924344291,100,0.866558654828519,0.973441345171481,0.89,0.31446603773522,100,0.828364656603897,0.951635343396103
"sensitivity_dense_wide",100,100,"n=100, p=100","ar1_rho_0.9",10,"equal_width_4","parent_group_lasso_grpreg","equal_parent","grpreg_approximate_df_excluding_intercept",-0.119978354978355,0.120590228504777,100,-0.143614039765291,-0.0963426701914186,0.218089262674503,0.15396404183469,100,0.187912310474903,0.248266214874102,-0.162670698924731,0.123183068466926,100,-0.186814580344249,-0.138526817505214,0.491135885048548,0.184358276819806,100,0.455001662791866,0.52727010730523,0.219393589979816,0.072101043668676,100,0.205261785420755,0.233525394538876,0.408213995155172,0.147273025867006,100,0.379348482085238,0.437079508225105,0.339367584604314,0.0900541194587085,100,0.321716977190407,0.357018192018221,10.08,0.272659924344291,100,10.0265586548285,10.1334413451715,10.11,0.34509550720186,100,10.0423612805884,10.1776387194116,10.08,0.272659924344291,100,10.0265586548285,10.1334413451715,40.44,1.38038202880744,100,40.1694451223537,40.7105548776463,8.86211793059702,2.35635471319229,100,8.40027240681133,9.32396345438271,1,0,100,1,1,1,0,100,1,1,0.92,0.272659924344291,100,0.866558654828519,0.973441345171481,0.9,0.301511344577764,100,0.840903776462758,0.959096223537242
"sensitivity_dense_wide",100,100,"n=100, p=100","ar1_rho_0.9",10,"equal_width_4","parent_group_lasso_grpreg","sqrt_group_size","grpreg_approximate_df_excluding_intercept",-0.111333333333333,0.123358745740679,100,-0.135511647498506,-0.0871550191681602,0.287699122631761,0.158756954797272,100,0.256582759491496,0.318815485772026,-0.149505376344086,0.11608738175566,100,-0.172258503168195,-0.126752249519977,0.497074630921617,0.18488094086745,100,0.460837966511597,0.533311295331637,0.219423540717538,0.0718728207673376,100,0.20533646784714,0.233510613587936,0.427925886591908,0.142619433051471,100,0.39997247771382,0.455879295469997,0.350688308243541,0.0869795462814273,100,0.333640317172381,0.367736299314701,10.08,0.272659924344291,100,10.0265586548285,10.1334413451715,10.07,0.256432399976243,100,10.0197392496047,10.1202607503953,10.08,0.272659924344291,100,10.0265586548285,10.1334413451715,40.28,1.02572959990497,100,40.0789569984186,40.4810430015814,6.78994032983322,1.79977759981563,100,6.43718392026936,7.14269673939708,1,0,100,1,1,1,0,100,1,1,0.92,0.272659924344291,100,0.866558654828519,0.973441345171481,0.93,0.256432399976243,100,0.879739249604656,0.980260750395344
"sensitivity_dense_wide",100,100,"n=100, p=100","ar1_rho_0.9",10,"quantile_2","component_lasso_glmnet","not_applicable","active_coefficient_count_proxy_excluding_intercept",-0.0737489177489177,0.109709553952215,100,-0.0952519903235519,-0.0522458451742836,0.273123928890103,0.169968344231354,100,0.239810133420758,0.306437724359448,-0.079366935483871,0.0839592531031715,100,-0.0958229490920926,-0.0629109218756493,0.335433066457273,0.160854306246213,100,0.303905622433016,0.366960510481531,0.378669215850264,0.0621592875029991,100,0.366485995499676,0.390852436200852,0.509591741591742,0.134597876926748,100,0.483210557714099,0.535972925469384,0.496042626641502,0.0973728369267707,100,0.476957550603855,0.515127702679149,10.08,0.272659924344291,100,10.0265586548285,10.1334413451715,10.13,0.366666666666667,100,10.0581333333333,10.2018666666667,10.08,0.272659924344291,100,10.0265586548285,10.1334413451715,11.33,1.04499770431336,100,11.1251804499546,11.5348195500454,11.33,1.04499770431336,100,11.1251804499546,11.5348195500454,1,0,100,1,1,1,0,100,1,1,0.92,0.272659924344291,100,0.866558654828519,0.973441345171481,0.88,0.32659863237109,100,0.815986668055266,0.944013331944734
"sensitivity_dense_wide",100,100,"n=100, p=100","ar1_rho_0.9",10,"quantile_2","parent_group_lasso_grpreg","equal_parent","grpreg_approximate_df_excluding_intercept",-0.0566666666666667,0.0830473344184063,100,-0.0729439442126743,-0.040389389120659,0.104980952789841,0.124300045231455,100,0.0806181439244753,0.129343761655206,-0.0733333333333333,0.0857509048912766,100,-0.0901405106920236,-0.0565261559746431,0.240936894264552,0.129350883794002,100,0.215584121040928,0.266289667488177,0.354049017282453,0.0707562735416711,100,0.340180787668285,0.36791724689662,0.646886072261072,0.179897463900796,100,0.611626169336516,0.682145975185628,0.503759773009345,0.104451035007297,100,0.483287370147915,0.524232175870775,10.08,0.272659924344291,100,10.0265586548285,10.1334413451715,10.14,0.348735088019777,100,10.0716479227481,10.2083520772519,10.08,0.272659924344291,100,10.0265586548285,10.1334413451715,20.28,0.697470176039554,100,20.1432958454962,20.4167041545038,4.86503365053252,1.36305108652678,100,4.59787563757328,5.13219166349177,1,0,100,1,1,1,0,100,1,1,0.92,0.272659924344291,100,0.866558654828519,0.973441345171481,0.86,0.348735088019777,100,0.791647922748124,0.928352077251876
"sensitivity_dense_wide",100,100,"n=100, p=100","ar1_rho_0.9",10,"quantile_2","parent_group_lasso_grpreg","sqrt_group_size","grpreg_approximate_df_excluding_intercept",-0.053,0.0868785631966991,100,-0.070028198386553,-0.035971801613447,0.110140339811125,0.119253221965565,100,0.086766708305874,0.133513971316376,-0.0665806451612903,0.0842901245927059,100,-0.0831015095814607,-0.05005978074112,0.238024866899939,0.126073205043234,100,0.213314518711465,0.262735215088412,0.357358804939497,0.0676403370507172,100,0.344101298877556,0.370616311001437,0.654630536130536,0.178092191006908,100,0.619724466693182,0.68953660556789,0.508677823298363,0.0989566013210749,100,0.489282329439432,0.528073317157294,10.08,0.272659924344291,100,10.0265586548285,10.1334413451715,10.1,0.301511344577764,100,10.0409037764628,10.1590962235372,10.08,0.272659924344291,100,10.0265586548285,10.1334413451715,20.2,0.603022689155527,100,20.0818075529255,20.3181924470745,4.69582572722565,1.1761722237013,100,4.4652959713802,4.92635548307111,1,0,100,1,1,1,0,100,1,1,0.92,0.272659924344291,100,0.866558654828519,0.973441345171481,0.9,0.301511344577764,100,0.840903776462758,0.959096223537242
"sensitivity_dense_wide",100,100,"n=100, p=100","ar1_rho_0.9",10,"quantile_4","component_lasso_glmnet","not_applicable","active_coefficient_count_proxy_excluding_intercept",-0.135748917748918,0.115148148098922,100,-0.158317954776306,-0.113179880721529,0.446397501857946,0.192900845815942,100,0.408588936078021,0.48420606763787,-0.164020772238514,0.118393264688148,100,-0.187225852117391,-0.140815692359637,0.631107320725585,0.193960528275672,100,0.593091057183553,0.669123584267616,0.20939392412208,0.0638168542608114,100,0.196885820686961,0.221902027557199,0.364002274256531,0.132689082161961,100,0.337995214152787,0.390009334360276,0.325039440482592,0.0836279810555907,100,0.308648356195696,0.341430524769488,10.08,0.272659924344291,100,10.0265586548285,10.1334413451715,10.1,0.333333333333333,100,10.0346666666667,10.1653333333333,10.08,0.272659924344291,100,10.0265586548285,10.1334413451715,11.09,0.975404603953734,100,10.8988206976251,11.2811793023749,11.09,0.975404603953734,100,10.8988206976251,11.2811793023749,1,0,100,1,1,1,0,100,1,1,0.92,0.272659924344291,100,0.866558654828519,0.973441345171481,0.91,0.287623491264661,100,0.853625795712126,0.966374204287874
"sensitivity_dense_wide",100,100,"n=100, p=100","ar1_rho_0.9",10,"quantile_4","parent_group_lasso_grpreg","equal_parent","grpreg_approximate_df_excluding_intercept",-0.134485977790326,0.118986633634367,100,-0.157807357982662,-0.11116459759799,0.231133824204908,0.171007576174078,100,0.197616339274789,0.264651309135027,-0.166003299120235,0.114319543342201,100,-0.188409929615306,-0.143596668625163,0.496916521672746,0.178863507730208,100,0.461859274157626,0.531973769187867,0.22225544246124,0.0680623442158751,100,0.208915222994929,0.235595661927552,0.423084182973889,0.132157805539151,100,0.397181253088215,0.448987112859562,0.335812742537204,0.0869338761147094,100,0.318773702818721,0.352851782255687,10.08,0.272659924344291,100,10.0265586548285,10.1334413451715,10.16,0.46536615322309,100,10.0687882339683,10.2512117660317,10.08,0.272659924344291,100,10.0265586548285,10.1334413451715,40.64,1.86146461289236,100,40.2751529358731,41.0048470641269,8.66344117305009,2.42108202750682,100,8.18890909565875,9.13797325044142,1,0,100,1,1,1,0,100,1,1,0.92,0.272659924344291,100,0.866558654828519,0.973441345171481,0.87,0.337997668989631,100,0.803752456878032,0.936247543121968
"sensitivity_dense_wide",100,100,"n=100, p=100","ar1_rho_0.9",10,"quantile_4","parent_group_lasso_grpreg","sqrt_group_size","grpreg_approximate_df_excluding_intercept",-0.131151515151515,0.114824458930141,100,-0.153657109101823,-0.108645921201207,0.291610726768776,0.164787049871785,100,0.259312464993906,0.323908988543646,-0.158322580645161,0.117220404588224,100,-0.181297779944453,-0.135347381345869,0.50178272253364,0.177330165938877,100,0.46702601000962,0.53653943505766,0.22361216508535,0.0655959410930188,100,0.210755360631118,0.236468969539581,0.431616488903254,0.128879713667619,100,0.4063560650244,0.456876912782107,0.341959096552456,0.0872218737956125,100,0.324863609288516,0.359054583816396,10.08,0.272659924344291,100,10.0265586548285,10.1334413451715,10.19,0.442559132612339,100,10.103258410008,10.276741589992,10.08,0.272659924344291,100,10.0265586548285,10.1334413451715,40.76,1.77023653044936,100,40.4130336400319,41.1069663599681,6.79420039052485,1.86535002495176,100,6.4285917856343,7.15980899541539,1,0,100,1,1,1,0,100,1,1,0.92,0.272659924344291,100,0.866558654828519,0.973441345171481,0.83,0.377525168068637,100,0.756005067058547,0.903994932941453
"sensitivity_dense_wide",100,100,"n=100, p=100","ar1_rho_0.9",10,"quantile_8","component_lasso_glmnet","not_applicable","active_coefficient_count_proxy_excluding_intercept",-0.202450216450216,0.139431621543881,100,-0.229778814272817,-0.175121618627616,0.663725227571851,0.242022777359239,100,0.61628876320944,0.711161691934261,-0.224833886780519,0.123716854034777,100,-0.249082390171335,-0.200585383389702,0.956136632047593,0.229129847433825,100,0.911227181950563,1.00104608214462,0.138313212556606,0.0657793606958091,100,0.125420457860228,0.151205967252985,0.234019736842105,0.100917289027207,100,0.214239948192773,0.253799525491438,0.23919853463462,0.065281569724023,100,0.226403346968711,0.251993722300528,10.08,0.272659924344291,100,10.0265586548285,10.1334413451715,10.17,0.427702341505507,100,10.0861703410649,10.2538296589351,10.08,0.272659924344291,100,10.0265586548285,10.1334413451715,11.21,1.09447649032713,100,10.9954826078959,11.4245173921041,11.21,1.09447649032713,100,10.9954826078959,11.4245173921041,1,0,100,1,1,1,0,100,1,1,0.92,0.272659924344291,100,0.866558654828519,0.973441345171481,0.85,0.358870281282637,100,0.779661424868603,0.920338575131397
"sensitivity_dense_wide",100,100,"n=100, p=100","ar1_rho_0.9",10,"quantile_8","parent_group_lasso_grpreg","equal_parent","grpreg_approximate_df_excluding_intercept",-0.171373423677772,0.12653674772562,100,-0.196174626231993,-0.14657222112355,0.368428861310875,0.181840490694921,100,0.33278812513467,0.404069597487079,-0.201047043010753,0.131903739812245,100,-0.226900176013953,-0.175193910007553,0.677212331508167,0.204351135514798,100,0.637159508947267,0.717265154069068,0.179735652646385,0.0722805465057431,100,0.165568665531259,0.193902639761511,0.324844129082132,0.110218722954568,100,0.303241259383037,0.346446998781228,0.273930683760725,0.079187478240977,100,0.258409938025493,0.289451429495956,10.08,0.272659924344291,100,10.0265586548285,10.1334413451715,10.28,0.587409997404287,100,10.1648676405088,10.3951323594912,10.08,0.272659924344291,100,10.0265586548285,10.1334413451715,82.24,4.6992799792343,100,81.3189411240701,83.1610588759299,13.7307222689872,3.59138153499481,100,13.0268114881283,14.4346330498462,1,0,100,1,1,1,0,100,1,1,0.92,0.272659924344291,100,0.866558654828519,0.973441345171481,0.78,0.416333199893227,100,0.698398692820928,0.861601307179072
"sensitivity_dense_wide",100,100,"n=100, p=100","ar1_rho_0.9",10,"quantile_8","parent_group_lasso_grpreg","sqrt_group_size","grpreg_approximate_df_excluding_intercept",-0.163411255411255,0.130331500503637,100,-0.188956229509968,-0.137866281312543,0.413053143130362,0.190250937278543,100,0.375763959423767,0.450342326836956,-0.198811827956989,0.131462760701062,100,-0.224578529054397,-0.173045126859581,0.683295161982524,0.205436834921394,100,0.643029542337931,0.723560781627117,0.179731479757869,0.0729667783159128,100,0.16542999120795,0.194032968307788,0.336826818176663,0.124503012527082,100,0.312424227721355,0.361229408631971,0.27488388911844,0.0803571802327573,100,0.259133881792819,0.29063389644406,10.08,0.272659924344291,100,10.0265586548285,10.1334413451715,10.16,0.394917201397452,100,10.0825962285261,10.2374037714739,10.08,0.272659924344291,100,10.0265586548285,10.1334413451715,81.28,3.15933761117962,100,80.6607698282088,81.8992301717912,10.8141737589242,3.07056618231206,100,10.212342787191,11.4160047306574,1,0,100,1,1,1,0,100,1,1,0.92,0.272659924344291,100,0.866558654828519,0.973441345171481,0.85,0.358870281282637,100,0.779661424868603,0.920338575131397
"sensitivity_dense_wide",100,100,"n=100, p=100","block",10,"equal_width_4","component_lasso_glmnet","not_applicable","active_coefficient_count_proxy_excluding_intercept",-0.223515151515152,0.132349914931219,100,-0.24945573484167,-0.197574568188633,0.598955949624645,0.193897456321369,100,0.560952048185657,0.636959851063634,-0.190137096774194,0.0947667402187935,100,-0.208711377857077,-0.17156281569131,0.8071622867232,0.249802111654214,100,0.758201072838974,0.856123500607426,0.191486859986624,0.0698723356585973,100,0.177791882197539,0.205181837775709,0.289277244771053,0.110160472443983,100,0.267685792172032,0.310868697370073,0.301881691132763,0.0675618208912272,100,0.288639574238082,0.315123808027443,10.07,0.256432399976243,100,10.0197392496047,10.1202607503953,10.11,0.34509550720186,100,10.0423612805884,10.1776387194116,10.07,0.256432399976243,100,10.0197392496047,10.1202607503953,11.11,1.06263442405746,100,10.9017236528847,11.3182763471153,11.11,1.06263442405746,100,10.9017236528847,11.3182763471153,1,0,100,1,1,1,0,100,1,1,0.93,0.256432399976243,100,0.879739249604656,0.980260750395344,0.9,0.301511344577764,100,0.840903776462758,0.959096223537242
"sensitivity_dense_wide",100,100,"n=100, p=100","block",10,"equal_width_4","parent_group_lasso_grpreg","equal_parent","grpreg_approximate_df_excluding_intercept",-0.126470355731225,0.122972016725928,100,-0.150572871009507,-0.102367840452943,0.219417236095241,0.148648932877828,100,0.190282045251187,0.248552426939295,-0.134306451612903,0.0879768017537095,100,-0.15154990475663,-0.117062998469176,0.449049104305589,0.189001300980351,100,0.412004849313441,0.486093359297738,0.245262878533082,0.0663680317287817,100,0.232254744314241,0.258271012751923,0.43985981502158,0.129869746450246,100,0.414405344717332,0.465314285325828,0.384901845184467,0.082937455147513,100,0.368646103975555,0.40115758639338,10.07,0.256432399976243,100,10.0197392496047,10.1202607503953,10.24,0.552679423766206,100,10.1316748329418,10.3483251670582,10.07,0.256432399976243,100,10.0197392496047,10.1202607503953,40.96,2.21071769506482,100,40.5266993317673,41.3933006682327,9.16661301112923,2.59767963955993,100,8.65746780177548,9.67575822048298,1,0,100,1,1,1,0,100,1,1,0.93,0.256432399976243,100,0.879739249604656,0.980260750395344,0.81,0.394277244403663,100,0.732721660096882,0.887278339903118
"sensitivity_dense_wide",100,100,"n=100, p=100","block",10,"equal_width_4","parent_group_lasso_grpreg","sqrt_group_size","grpreg_approximate_df_excluding_intercept",-0.115874458874459,0.116816811594389,100,-0.138770553946959,-0.0929783638019587,0.274069639509761,0.156197364618825,100,0.243454956044471,0.304684322975051,-0.123634408602151,0.0887150229932593,100,-0.141022553108829,-0.106246264095472,0.455531652791405,0.198431840233966,100,0.416639012105547,0.494424293477262,0.249247715210043,0.0688930931135744,100,0.235744668959783,0.262750761460304,0.476894152416211,0.139690582342322,100,0.449514798277116,0.504273506555306,0.395980195766208,0.0820208493128283,100,0.379904109300894,0.412056282231522,10.07,0.256432399976243,100,10.0197392496047,10.1202607503953,10.15,0.411329453348431,100,10.0693794271437,10.2306205728563,10.07,0.256432399976243,100,10.0197392496047,10.1202607503953,40.6,1.64531781339372,100,40.2775177085748,40.9224822914252,7.16062646133395,2.19921794290893,100,6.7295797445238,7.5916731781441,1,0,100,1,1,1,0,100,1,1,0.93,0.256432399976243,100,0.879739249604656,0.980260750395344,0.87,0.337997668989631,100,0.803752456878032,0.936247543121968
"sensitivity_dense_wide",100,100,"n=100, p=100","block",10,"quantile_2","component_lasso_glmnet","not_applicable","active_coefficient_count_proxy_excluding_intercept",-0.0815108225108225,0.0976712334207889,100,-0.100654384261297,-0.0623672607603479,0.259665836794409,0.163847712578512,100,0.227551685129021,0.291779988459798,-0.0740793010752688,0.0879422662860547,100,-0.0913159852673355,-0.0568426168832021,0.294642509276704,0.156625324130827,100,0.263943945747062,0.325341072806346,0.399211408912969,0.0644032896632002,100,0.386588364138982,0.411834453686956,0.542053079273668,0.143985959260241,100,0.51383183125866,0.570274327288675,0.520162459065477,0.0887626425657258,100,0.502764981122595,0.537559937008359,10.07,0.256432399976243,100,10.0197392496047,10.1202607503953,10.21,0.433333333333333,100,10.1250666666667,10.2949333333333,10.07,0.256432399976243,100,10.0197392496047,10.1202607503953,11.72,1.25593540334435,100,11.4738366609445,11.9661633390555,11.72,1.25593540334435,100,11.4738366609445,11.9661633390555,1,0,100,1,1,1,0,100,1,1,0.93,0.256432399976243,100,0.879739249604656,0.980260750395344,0.8,0.402015126103685,100,0.721205035283678,0.878794964716322
"sensitivity_dense_wide",100,100,"n=100, p=100","block",10,"quantile_2","parent_group_lasso_grpreg","equal_parent","grpreg_approximate_df_excluding_intercept",-0.0262164502164502,0.0783429178677755,100,-0.0415716621185342,-0.0108612383143662,0.100365334465994,0.113444414651696,100,0.0781302291942611,0.122600439737726,-0.054752688172043,0.0913447005236034,100,-0.0726562494746693,-0.0368491268694167,0.192402892919245,0.11095301274477,100,0.17065610242127,0.21414968341722,0.372668572674439,0.0658808869717494,100,0.359755918827977,0.385581226520902,0.683119047619048,0.146985734146809,100,0.654309843726273,0.711928251511822,0.538841977998125,0.100699300480275,100,0.519104915103991,0.558579040892259,10.07,0.256432399976243,100,10.0197392496047,10.1202607503953,10.14,0.376587548676509,100,10.0661888404594,10.2138111595406,10.07,0.256432399976243,100,10.0197392496047,10.1202607503953,20.28,0.753175097353017,100,20.1323776809188,20.4276223190812,4.79291934520276,1.42075231905916,100,4.51445189066717,5.07138679973836,1,0,100,1,1,1,0,100,1,1,0.93,0.256432399976243,100,0.879739249604656,0.980260750395344,0.87,0.337997668989631,100,0.803752456878032,0.936247543121968
"sensitivity_dense_wide",100,100,"n=100, p=100","block",10,"quantile_2","parent_group_lasso_grpreg","sqrt_group_size","grpreg_approximate_df_excluding_intercept",-0.0281212121212121,0.0760215890222232,100,-0.0430214435695679,-0.0132209806728564,0.106216686782756,0.114707376593378,100,0.083734040970454,0.128699332595058,-0.0540215053763441,0.0905020172982239,100,-0.071759900766796,-0.0362831099858922,0.191020689917724,0.112625251292839,100,0.168946140664328,0.213095239171121,0.374133548695817,0.0664651871084602,100,0.361106372022559,0.387160725369075,0.685106227106227,0.15037792991193,100,0.655632152843489,0.714580301368965,0.541290766798415,0.0998643021687963,100,0.521717363573331,0.560864170023499,10.07,0.256432399976243,100,10.0197392496047,10.1202607503953,10.14,0.376587548676509,100,10.0661888404594,10.2138111595406,10.07,0.256432399976243,100,10.0197392496047,10.1202607503953,20.28,0.753175097353017,100,20.1323776809188,20.4276223190812,4.66157888672368,1.26801343127455,100,4.41304825419387,4.91010951925349,1,0,100,1,1,1,0,100,1,1,0.93,0.256432399976243,100,0.879739249604656,0.980260750395344,0.87,0.337997668989631,100,0.803752456878032,0.936247543121968
"sensitivity_dense_wide",100,100,"n=100, p=100","block",10,"quantile_4","component_lasso_glmnet","not_applicable","active_coefficient_count_proxy_excluding_intercept",-0.143454545454545,0.115546303974657,100,-0.166101621033578,-0.120807469875513,0.436660185465947,0.177249398863738,100,0.401919303288655,0.47140106764324,-0.145235876315336,0.0982955882085149,100,-0.164501811604204,-0.125969941026467,0.585881694316254,0.202197496292786,100,0.546250985042868,0.625512403589641,0.23200513563214,0.0682314851218658,100,0.218631764548255,0.245378506716026,0.411597625800412,0.130936860831464,100,0.385934001077445,0.437261250523379,0.356937748078403,0.085036346174775,100,0.340270624228147,0.373604871928659,10.07,0.256432399976243,100,10.0197392496047,10.1202607503953,10.08,0.307482445914323,100,10.0197334406008,10.1402665593992,10.07,0.256432399976243,100,10.0197392496047,10.1202607503953,11.35,1.05767994624407,100,11.1426947305362,11.5573052694638,11.35,1.05767994624407,100,11.1426947305362,11.5573052694638,1,0,100,1,1,1,0,100,1,1,0.93,0.256432399976243,100,0.879739249604656,0.980260750395344,0.93,0.256432399976243,100,0.879739249604656,0.980260750395344
"sensitivity_dense_wide",100,100,"n=100, p=100","block",10,"quantile_4","parent_group_lasso_grpreg","equal_parent","grpreg_approximate_df_excluding_intercept",-0.124805194805195,0.120968823434217,100,-0.148515084198301,-0.101095305412088,0.211201648647571,0.138837969425594,100,0.183989406640154,0.238413890654987,-0.132595113851992,0.099886511509384,100,-0.152172870107832,-0.113017357596153,0.467694941213199,0.191965970738313,100,0.43006961094849,0.505320271477909,0.239529426017344,0.0742485614798526,100,0.224976707967292,0.254082144067395,0.455732412195647,0.120806508115124,100,0.432054336605083,0.479410487786212,0.371144480014552,0.0870271503831581,100,0.354087158539453,0.388201801489651,10.07,0.256432399976243,100,10.0197392496047,10.1202607503953,10.21,0.477683805651624,100,10.1163739740923,10.3036260259077,10.07,0.256432399976243,100,10.0197392496047,10.1202607503953,40.84,1.91073522260649,100,40.4654958963691,41.2145041036309,9.38189356187089,2.7230221126052,100,8.84818122780027,9.91560589594151,1,0,100,1,1,1,0,100,1,1,0.93,0.256432399976243,100,0.879739249604656,0.980260750395344,0.82,0.386122919665369,100,0.744319907745588,0.895680092254412
"sensitivity_dense_wide",100,100,"n=100, p=100","block",10,"quantile_4","parent_group_lasso_grpreg","sqrt_group_size","grpreg_approximate_df_excluding_intercept",-0.11952380952381,0.123551179016319,100,-0.143739840611008,-0.0953077784366111,0.267955805796295,0.140336421444075,100,0.240449867193256,0.295461744399334,-0.126309139784946,0.0969420034067957,100,-0.145309772452678,-0.107308507117214,0.473899536330594,0.192847880361911,100,0.43610135177966,0.511697720881529,0.239871334606829,0.0742192258284656,100,0.22532436634445,0.254418302869209,0.468193234869705,0.134683709805779,100,0.441795227747773,0.494591241991638,0.375874147738719,0.0812051916028019,100,0.35995793018457,0.391790365292869,10.07,0.256432399976243,100,10.0197392496047,10.1202607503953,10.08,0.272659924344291,100,10.0265586548285,10.1334413451715,10.07,0.256432399976243,100,10.0197392496047,10.1202607503953,40.32,1.09063969737716,100,40.1062346193141,40.5337653806859,7.25539635931364,1.86830646416216,100,6.88920829233785,7.62158442628942,1,0,100,1,1,1,0,100,1,1,0.93,0.256432399976243,100,0.879739249604656,0.980260750395344,0.92,0.272659924344291,100,0.866558654828519,0.973441345171481
"sensitivity_dense_wide",100,100,"n=100, p=100","block",10,"quantile_8","component_lasso_glmnet","not_applicable","active_coefficient_count_proxy_excluding_intercept",-0.231974025974026,0.150343451728932,100,-0.261441342512897,-0.202506709435155,0.66137200303413,0.212239289201811,100,0.619773102350575,0.702970903717685,-0.229354838709677,0.116231288061449,100,-0.252136171169721,-0.206573506249633,0.940084694329388,0.268973321607659,100,0.887365923294287,0.99280346536449,0.142225642303354,0.0762566071092383,100,0.127279347309943,0.157171937296765,0.258170120814858,0.0992276673677877,100,0.238721498010771,0.277618743618944,0.253536977283751,0.0700644054576728,100,0.239804353814047,0.267269600753455,10.07,0.256432399976243,100,10.0197392496047,10.1202607503953,10.23,0.468287229478799,100,10.1382157030222,10.3217842969778,10.07,0.256432399976243,100,10.0197392496047,10.1202607503953,11.36,1.25142343196082,100,11.1147210073357,11.6052789926643,11.36,1.25142343196082,100,11.1147210073357,11.6052789926643,1,0,100,1,1,1,0,100,1,1,0.93,0.256432399976243,100,0.879739249604656,0.980260750395344,0.79,0.409360180740332,100,0.709765404574895,0.870234595425105
"sensitivity_dense_wide",100,100,"n=100, p=100","block",10,"quantile_8","parent_group_lasso_grpreg","equal_parent","grpreg_approximate_df_excluding_intercept",-0.188866930171278,0.14062982396763,100,-0.216430375668933,-0.161303484673623,0.369696321470191,0.146249984556025,100,0.34103132449721,0.398361318443172,-0.182324657869013,0.110037227204365,100,-0.203891954401068,-0.160757361336957,0.670777060285344,0.234544971287417,100,0.624806245913011,0.716747874657678,0.184225058705393,0.0695400665418485,100,0.170595205663191,0.197854911747595,0.341525937297996,0.120768830935569,100,0.317855246434625,0.365196628161368,0.290290720282169,0.0667268273280889,100,0.277212262125864,0.303369178438475,10.07,0.256432399976243,100,10.0197392496047,10.1202607503953,10.14,0.449915817041635,100,10.0518164998598,10.2281835001402,10.07,0.256432399976243,100,10.0197392496047,10.1202607503953,81.12,3.59932653633308,100,80.4145319988787,81.8254680011213,13.9739572652483,3.77692529802388,100,13.2336799068357,14.714234623661,1,0,100,1,1,1,0,100,1,1,0.93,0.256432399976243,100,0.879739249604656,0.980260750395344,0.89,0.31446603773522,100,0.828364656603897,0.951635343396103
"sensitivity_dense_wide",100,100,"n=100, p=100","block",10,"quantile_8","parent_group_lasso_grpreg","sqrt_group_size","grpreg_approximate_df_excluding_intercept",-0.169034632034632,0.125515315553561,100,-0.19363563388313,-0.144433630186134,0.423592962732407,0.149929487065501,100,0.394206783267569,0.452979142197245,-0.182008064516129,0.113239175835097,100,-0.204202942979808,-0.15981318605245,0.678049046757306,0.238491758003983,100,0.631304662188525,0.724793431326087,0.184193392045546,0.0689814787899558,100,0.170673022202715,0.197713761888378,0.353650748761043,0.10819088580854,100,0.332445335142569,0.374856162379517,0.290830184781466,0.0662207564900817,100,0.27785091650941,0.303809453053522,10.07,0.256432399976243,100,10.0197392496047,10.1202607503953,10.13,0.366666666666667,100,10.0581333333333,10.2018666666667,10.07,0.256432399976243,100,10.0197392496047,10.1202607503953,81.04,2.93333333333333,100,80.4650666666667,81.6149333333333,10.8492924212626,3.07853550201161,100,10.2458994628684,11.4526853796569,1,0,100,1,1,1,0,100,1,1,0.93,0.256432399976243,100,0.879739249604656,0.980260750395344,0.88,0.32659863237109,100,0.815986668055266,0.944013331944734
"sensitivity_dense_wide",100,100,"n=100, p=100","independent",10,"equal_width_4","component_lasso_glmnet","not_applicable","active_coefficient_count_proxy_excluding_intercept",-0.258787878787879,0.133113265787694,100,-0.284878078882267,-0.232697678693491,0.695694177156966,0.214352913195754,100,0.653681006170598,0.737707348143334,-0.152301075268817,0.0909686113329127,100,-0.170130923090068,-0.134471227447566,1.05136589049577,0.217947233314647,100,1.0086482327661,1.09408354822544,0.267052970650723,0.0612515735395113,100,0.255047662236978,0.279058279064467,0.432798591501378,0.119906711522466,100,0.409296876042975,0.456300306959781,0.380821679072791,0.0726938406959536,100,0.366573686296385,0.395069671849198,10.06,0.238683256575942,100,10.0132180817111,10.1067819182889,10.21,0.433333333333333,100,10.1250666666667,10.2949333333333,10.06,0.238683256575942,100,10.0132180817111,10.1067819182889,12.55,1.53330039490313,100,12.249473122599,12.850526877401,12.55,1.53330039490313,100,12.249473122599,12.850526877401,1,0,100,1,1,1,0,100,1,1,0.94,0.238683256575942,100,0.893218081711115,0.986781918288885,0.8,0.402015126103685,100,0.721205035283678,0.878794964716322
"sensitivity_dense_wide",100,100,"n=100, p=100","independent",10,"equal_width_4","parent_group_lasso_grpreg","equal_parent","grpreg_approximate_df_excluding_intercept",-0.193805194805195,0.122632197547361,100,-0.217841105524478,-0.169769284085912,0.404143377132603,0.194089518895709,100,0.366101831429044,0.442184922836162,-0.102916666666667,0.0707079335136247,100,-0.116775421635337,-0.0890579116979962,0.675252855546866,0.197421355944804,100,0.636558269781685,0.713947441312048,0.296960894903827,0.060532569619414,100,0.285096511258422,0.308825278549233,0.514218281718282,0.115063560895667,100,0.491665823782731,0.536770739653832,0.419527383538576,0.0735237759531807,100,0.405116723451753,0.4339380436254,10.06,0.238683256575942,100,10.0132180817111,10.1067819182889,10.26,0.484507455822379,100,10.1650365386588,10.3549634613412,10.06,0.238683256575942,100,10.0132180817111,10.1067819182889,41.04,1.93802982328952,100,40.6601461546353,41.4198538453647,8.85052484091653,2.86941174588835,100,8.28812013872242,9.41292954311065,1,0,100,1,1,1,0,100,1,1,0.94,0.238683256575942,100,0.893218081711115,0.986781918288885,0.76,0.429234695990928,100,0.675869999585778,0.844130000414222
"sensitivity_dense_wide",100,100,"n=100, p=100","independent",10,"equal_width_4","parent_group_lasso_grpreg","sqrt_group_size","grpreg_approximate_df_excluding_intercept",-0.18074025974026,0.118086733002244,100,-0.2038852594087,-0.15759526007182,0.429637574477909,0.186426341773072,100,0.393098011490387,0.466177137465431,-0.0934959677419355,0.0758241326134695,100,-0.108357497734175,-0.0786344377496954,0.673678770625603,0.1990001907585,100,0.634674733236937,0.712682808014269,0.298754113114192,0.0589865465989226,100,0.287192749980803,0.310315476247581,0.517750749250749,0.114188652724774,100,0.495369773316694,0.540131725184805,0.426287993163369,0.0800446433715447,100,0.410599243062546,0.441976743264191,10.06,0.238683256575942,100,10.0132180817111,10.1067819182889,10.22,0.439926531974776,100,10.1337743997329,10.3062256002671,10.06,0.238683256575942,100,10.0132180817111,10.1067819182889,40.88,1.7597061278991,100,40.5350975989318,41.2249024010682,7.62394493969088,1.96075512078384,100,7.23963693601725,8.00825294336451,1,0,100,1,1,1,0,100,1,1,0.94,0.238683256575942,100,0.893218081711115,0.986781918288885,0.79,0.409360180740332,100,0.709765404574895,0.870234595425105
"sensitivity_dense_wide",100,100,"n=100, p=100","independent",10,"quantile_2","component_lasso_glmnet","not_applicable","active_coefficient_count_proxy_excluding_intercept",-0.0734415584415585,0.0885871560788758,100,-0.0908046410330181,-0.0560784758500988,0.287025565249612,0.176701383008066,100,0.252392094180031,0.321659036319193,-0.0274099462365591,0.0443672421241786,100,-0.0361059256928981,-0.0187139667802201,0.362310916589513,0.127722652229096,100,0.33727727675261,0.387344556426416,0.469558161840574,0.0612976844208427,100,0.457543815694089,0.48157250798706,0.731672494172494,0.117588507683923,100,0.708625146666445,0.754719841678543,0.640978810561419,0.0914741308054281,100,0.623049880923555,0.658907740199283,10.06,0.238683256575942,100,10.0132180817111,10.1067819182889,10.16,0.394917201397452,100,10.0825962285261,10.2374037714739,10.06,0.238683256575942,100,10.0132180817111,10.1067819182889,12.98,1.51076942066758,100,12.6838891935492,13.2761108064508,12.98,1.51076942066758,100,12.6838891935492,13.2761108064508,1,0,100,1,1,1,0,100,1,1,0.94,0.238683256575942,100,0.893218081711115,0.986781918288885,0.85,0.358870281282637,100,0.779661424868603,0.920338575131397
"sensitivity_dense_wide",100,100,"n=100, p=100","independent",10,"quantile_2","parent_group_lasso_grpreg","equal_parent","grpreg_approximate_df_excluding_intercept",-0.0815238095238096,0.0907839629943859,100,-0.0993174662707092,-0.0637301527769099,0.208443880464253,0.160061927704508,100,0.17707174263417,0.239816018294337,-0.0319489247311828,0.0468881627350844,100,-0.0411390046272593,-0.0227588448351062,0.288398356427887,0.113935510793766,100,0.266066996312309,0.310729716543466,0.421992616401846,0.0645835794112004,100,0.40933423483725,0.434650997966441,0.716782384282384,0.122707023115481,100,0.69273180775175,0.740832960813018,0.595620739624638,0.0942095226598849,100,0.5771556731833,0.614085806065975,10.06,0.238683256575942,100,10.0132180817111,10.1067819182889,10.11,0.31446603773522,100,10.0483646566039,10.1716353433961,10.06,0.238683256575942,100,10.0132180817111,10.1067819182889,20.22,0.62893207547044,100,20.0967293132078,20.3432706867922,5.05670498146642,1.28050971422702,100,4.80572507747792,5.30768488545491,1,0,100,1,1,1,0,100,1,1,0.94,0.238683256575942,100,0.893218081711115,0.986781918288885,0.89,0.31446603773522,100,0.828364656603897,0.951635343396103
"sensitivity_dense_wide",100,100,"n=100, p=100","independent",10,"quantile_2","parent_group_lasso_grpreg","sqrt_group_size","grpreg_approximate_df_excluding_intercept",-0.0815238095238096,0.0907839629943859,100,-0.0993174662707092,-0.0637301527769099,0.208443880464253,0.160061927704508,100,0.17707174263417,0.239816018294337,-0.0319489247311828,0.0468881627350844,100,-0.0411390046272593,-0.0227588448351062,0.288398356427888,0.113935510793766,100,0.26606699631231,0.310729716543466,0.421992616401846,0.0645835794112004,100,0.40933423483725,0.434650997966441,0.716782384282384,0.122707023115481,100,0.69273180775175,0.740832960813018,0.595620739624638,0.0942095226598849,100,0.5771556731833,0.614085806065975,10.06,0.238683256575942,100,10.0132180817111,10.1067819182889,10.11,0.31446603773522,100,10.0483646566039,10.1716353433961,10.06,0.238683256575942,100,10.0132180817111,10.1067819182889,20.22,0.62893207547044,100,20.0967293132078,20.3432706867922,5.05670498146642,1.28050971422702,100,4.80572507747792,5.30768488545491,1,0,100,1,1,1,0,100,1,1,0.94,0.238683256575942,100,0.893218081711115,0.986781918288885,0.89,0.31446603773522,100,0.828364656603897,0.951635343396103
"sensitivity_dense_wide",100,100,"n=100, p=100","independent",10,"quantile_4","component_lasso_glmnet","not_applicable","active_coefficient_count_proxy_excluding_intercept",-0.224606060606061,0.130643067268284,100,-0.250212101790644,-0.199000019421477,0.546950040813164,0.202037306569112,100,0.507350728725618,0.58654935290071,-0.114389784946237,0.0781356351206358,100,-0.129704369429881,-0.0990752004625919,0.832765642648415,0.221496008776699,100,0.789352424928182,0.876178860368649,0.287022171561682,0.0650253773462997,100,0.274277197601807,0.299767145521556,0.466311774010303,0.109351251859642,100,0.444878928645814,0.487744619374793,0.427337658844472,0.0776601056538447,100,0.412116278136318,0.442559039552626,10.06,0.238683256575942,100,10.0132180817111,10.1067819182889,10.15,0.411329453348431,100,10.0693794271437,10.2306205728563,10.06,0.238683256575942,100,10.0132180817111,10.1067819182889,12.2,1.27920429813366,100,11.9492759575658,12.4507240424342,12.2,1.27920429813366,100,11.9492759575658,12.4507240424342,1,0,100,1,1,1,0,100,1,1,0.94,0.238683256575942,100,0.893218081711115,0.986781918288885,0.87,0.337997668989631,100,0.803752456878032,0.936247543121968
"sensitivity_dense_wide",100,100,"n=100, p=100","independent",10,"quantile_4","parent_group_lasso_grpreg","equal_parent","grpreg_approximate_df_excluding_intercept",-0.204922077922078,0.120927976879344,100,-0.22862396139043,-0.181220194453726,0.408975840158678,0.199013731173663,100,0.36996914884864,0.447982531468716,-0.107422043010753,0.0716296694670557,100,-0.121461458226296,-0.0933826277952098,0.685232776714962,0.194766011591018,100,0.647058638443122,0.723406914986801,0.296300498235934,0.0618114766119651,100,0.284185448819989,0.308415547651879,0.497166874791875,0.125278030024009,100,0.472612380907169,0.521721368676581,0.43245308737425,0.0797193043939274,100,0.41682810371304,0.44807807103546,10.06,0.238683256575942,100,10.0132180817111,10.1067819182889,10.19,0.464823198711732,100,10.0988946530525,10.2811053469475,10.06,0.238683256575942,100,10.0132180817111,10.1067819182889,40.76,1.85929279484693,100,40.39557861221,41.12442138779,8.83899562381507,2.69923810637567,100,8.30994495496543,9.3680462926647,1,0,100,1,1,1,0,100,1,1,0.94,0.238683256575942,100,0.893218081711115,0.986781918288885,0.84,0.368452949177471,100,0.767783221961216,0.912216778038784
"sensitivity_dense_wide",100,100,"n=100, p=100","independent",10,"quantile_4","parent_group_lasso_grpreg","sqrt_group_size","grpreg_approximate_df_excluding_intercept",-0.185545454545455,0.122629900640774,100,-0.209580915071046,-0.161509994019863,0.430659438865641,0.193569190546982,100,0.392719877518432,0.468599000212849,-0.0938951612903226,0.0654445284538099,100,-0.106722288867269,-0.0810680337133758,0.682645387100569,0.196277561892868,100,0.644174984969567,0.721115789231571,0.298395773444832,0.0609106649769886,100,0.286457283109342,0.310334263780322,0.517322594072594,0.128267743721176,100,0.492182116303244,0.542463071841945,0.439658076456769,0.0832047773771553,100,0.423349940090847,0.455966212822692,10.06,0.238683256575942,100,10.0132180817111,10.1067819182889,10.17,0.403394686042433,100,10.0909346415357,10.2490653584643,10.06,0.238683256575942,100,10.0132180817111,10.1067819182889,40.68,1.61357874416973,100,40.3637385661427,40.9962614338573,7.53475938150102,1.70349537578946,100,7.20087428784629,7.86864447515575,1,0,100,1,1,1,0,100,1,1,0.94,0.238683256575942,100,0.893218081711115,0.986781918288885,0.84,0.368452949177471,100,0.767783221961216,0.912216778038784
"sensitivity_dense_wide",100,100,"n=100, p=100","independent",10,"quantile_8","component_lasso_glmnet","not_applicable","active_coefficient_count_proxy_excluding_intercept",-0.373823075475249,0.142415008691298,100,-0.401736417178744,-0.345909733771755,0.788942522728806,0.224098491086313,100,0.745019218475889,0.832865826981723,-0.229943548387097,0.0828904575556051,100,-0.246190078067995,-0.213697018706198,1.22190102859292,0.218335415133535,100,1.17910728722675,1.26469476995909,0.181507349556562,0.0613741952102273,100,0.169478007295357,0.193536691817766,0.313661676343952,0.105495788659829,100,0.292984501766625,0.334338850921278,0.293669207369906,0.0661548110561627,100,0.280702864402898,0.306635550336914,10.06,0.238683256575942,100,10.0132180817111,10.1067819182889,10.3,0.577350269189626,100,10.1868393472388,10.4131606527612,10.06,0.238683256575942,100,10.0132180817111,10.1067819182889,11.58,1.41549862721105,100,11.3025622690666,11.8574377309334,11.58,1.41549862721105,100,11.3025622690666,11.8574377309334,1,0,100,1,1,1,0,100,1,1,0.94,0.238683256575942,100,0.893218081711115,0.986781918288885,0.75,0.435194139889245,100,0.664701948581708,0.835298051418292
"sensitivity_dense_wide",100,100,"n=100, p=100","independent",10,"quantile_8","parent_group_lasso_grpreg","equal_parent","grpreg_approximate_df_excluding_intercept",-0.309663203463204,0.147007281695263,100,-0.338476630675475,-0.280849776250932,0.589773115747539,0.21249974231443,100,0.54812316625391,0.631423065241167,-0.183997311827957,0.0820514754671849,100,-0.200079401019525,-0.167915222636389,0.99113050499086,0.227104657508037,100,0.946617992119285,1.03564301786244,0.229284951596255,0.0716860716677553,100,0.215234481549375,0.243335421643135,0.364692456537271,0.106413233634563,100,0.343835462744896,0.385549450329645,0.32611376508345,0.0658669230502413,100,0.313203848165602,0.339023682001297,10.06,0.238683256575942,100,10.0132180817111,10.1067819182889,10.34,0.699494767166223,100,10.2028990256354,10.4771009743646,10.06,0.238683256575942,100,10.0132180817111,10.1067819182889,82.72,5.59595813732979,100,81.6231922050834,83.8168077949166,14.9463433279456,3.22143328679545,100,14.3149424037337,15.5777442521575,1,0,100,1,1,1,0,100,1,1,0.94,0.238683256575942,100,0.893218081711115,0.986781918288885,0.73,0.446196043338474,100,0.642545575505659,0.817454424494341
"sensitivity_dense_wide",100,100,"n=100, p=100","independent",10,"quantile_8","parent_group_lasso_grpreg","sqrt_group_size","grpreg_approximate_df_excluding_intercept",-0.292212121212121,0.144217009962817,100,-0.320478655164833,-0.263945587259409,0.619590898073221,0.213435597071225,100,0.577757521047261,0.661424275099181,-0.179532258064516,0.0830862536377794,100,-0.195817163777521,-0.163247352351511,0.99300153853964,0.229753163371362,100,0.947969918518853,1.03803315856043,0.231376162128716,0.0721278507785331,100,0.217239103376124,0.245513220881309,0.380617099403864,0.108880315223955,100,0.359276557619969,0.401957641187759,0.333714329152802,0.0673652419454278,100,0.320510741731499,0.346917916574106,10.06,0.238683256575942,100,10.0132180817111,10.1067819182889,10.15,0.385992097056273,100,10.074345548977,10.225654451023,10.06,0.238683256575942,100,10.0132180817111,10.1067819182889,81.2,3.08793677645018,100,80.5947643918158,81.8052356081842,11.3889063494158,3.20775704383715,100,10.7601859688237,12.0176267300078,1,0,100,1,1,1,0,100,1,1,0.94,0.238683256575942,100,0.893218081711115,0.986781918288885,0.86,0.348735088019777,100,0.791647922748124,0.928352077251876
"sensitivity_dense_wide",100,200,"n=100, p=200","ar1_rho_0.5",20,"equal_width_4","component_lasso_glmnet","not_applicable","active_coefficient_count_proxy_excluding_intercept",-0.230634519573828,0.0975090013823289,100,-0.249746283844764,-0.211522755302891,0.705096461291442,0.210793528796201,100,0.663780929647387,0.746411992935498,-0.189828015747106,0.0725783939480586,100,-0.204053380960926,-0.175602650533287,1.13177908038254,0.265823469390199,100,1.07967768038206,1.18388048038302,0.224781666500153,0.0512708249182971,100,0.214732584816167,0.23483074818414,0.278426276903363,0.0751424885683134,100,0.263698349143974,0.293154204662753,0.292764806875758,0.0624331946616705,100,0.280527900722071,0.305001713029446,20.22,0.439926531974776,100,20.1337743997329,20.3062256002671,20.41,0.739847104051734,100,20.2649899676059,20.5550100323941,20.22,0.439926531974776,100,20.1337743997329,20.3062256002671,22.44,1.6163307992256,100,22.1231991633518,22.7568008366482,22.44,1.6163307992256,100,22.1231991633518,22.7568008366482,1,0,100,1,1,1,0,100,1,1,0.79,0.409360180740332,100,0.709765404574895,0.870234595425105,0.7,0.460566186471838,100,0.60972902745152,0.79027097254848
"sensitivity_dense_wide",100,200,"n=100, p=200","ar1_rho_0.5",20,"equal_width_4","parent_group_lasso_grpreg","equal_parent","grpreg_approximate_df_excluding_intercept",-0.194928571428571,0.0975310317565279,100,-0.214044653652851,-0.175812489204292,0.52953629082503,0.187309457564386,100,0.49282363714241,0.566248944507649,-0.158081085845232,0.074494374383743,100,-0.172681983224445,-0.143480188466018,0.913586058336107,0.247405864250462,100,0.865094508943017,0.962077607729198,0.242776191419009,0.0585333217339407,100,0.231303660359157,0.254248722478862,0.326373270283829,0.0724963106678137,100,0.312163993392937,0.34058254717472,0.31027954689349,0.0565084776272478,100,0.299203885278549,0.321355208508431,20.22,0.439926531974776,100,20.1337743997329,20.3062256002671,20.23,0.468287229478799,100,20.1382157030222,20.3217842969778,20.22,0.439926531974776,100,20.1337743997329,20.3062256002671,80.92,1.8731489179152,100,80.5528628120886,81.2871371879114,13.6756030145059,2.83958994520015,100,13.1190433852467,14.2321626437651,1,0,100,1,1,1,0,100,1,1,0.79,0.409360180740332,100,0.709765404574895,0.870234595425105,0.79,0.409360180740332,100,0.709765404574895,0.870234595425105
"sensitivity_dense_wide",100,200,"n=100, p=200","ar1_rho_0.5",20,"equal_width_4","parent_group_lasso_grpreg","sqrt_group_size","grpreg_approximate_df_excluding_intercept",-0.193855400696864,0.0964333216933864,100,-0.212756331748768,-0.17495446964496,0.529351055254425,0.187211006383298,100,0.492657698003299,0.566044412505552,-0.158042834479112,0.0744716270650831,100,-0.172639273383868,-0.143446395574355,0.913566301324602,0.247430014445478,100,0.865070018493288,0.962062584155916,0.243045551393937,0.0583269696294192,100,0.23161346534657,0.254477637441303,0.327337533125177,0.0725940293691051,100,0.313109103368832,0.341565962881522,0.310318008431952,0.0564656833910049,100,0.299250734487315,0.321385282376588,20.22,0.439926531974776,100,20.1337743997329,20.3062256002671,20.22,0.462317395019238,100,20.1293857905762,20.3106142094238,20.22,0.439926531974776,100,20.1337743997329,20.3062256002671,80.88,1.84926958007695,100,80.5175431623049,81.2424568376951,13.3854497900794,2.61118315394111,100,12.8736578919069,13.8972416882518,1,0,100,1,1,1,0,100,1,1,0.79,0.409360180740332,100,0.709765404574895,0.870234595425105,0.8,0.402015126103685,100,0.721205035283678,0.878794964716322
"sensitivity_dense_wide",100,200,"n=100, p=200","ar1_rho_0.5",20,"quantile_2","component_lasso_glmnet","not_applicable","active_coefficient_count_proxy_excluding_intercept",-0.0849526510547497,0.0856423465963851,100,-0.101738550987641,-0.0681667511218583,0.304689676903344,0.153874265869891,100,0.274530320792845,0.334849033013842,-0.0605795875198308,0.0535570231973426,100,-0.0710767640665099,-0.0500824109731516,0.481024033065975,0.194867207218193,100,0.442830060451209,0.519218005680741,0.441262853311749,0.0432982216640798,100,0.43277640186559,0.449749304757909,0.54301581489475,0.0866002118186063,100,0.526042173378304,0.559989456411197,0.530206708704215,0.0722755540534801,100,0.516040700109733,0.544372717298697,20.22,0.439926531974776,100,20.1337743997329,20.3062256002671,20.4,0.666666666666667,100,20.2693333333333,20.5306666666667,20.22,0.439926531974776,100,20.1337743997329,20.3062256002671,23.03,1.5272276328119,100,22.7306633839689,23.3293366160311,23.03,1.5272276328119,100,22.7306633839689,23.3293366160311,1,0,100,1,1,1,0,100,1,1,0.79,0.409360180740332,100,0.709765404574895,0.870234595425105,0.68,0.468826172262151,100,0.588110070236619,0.771889929763382
"sensitivity_dense_wide",100,200,"n=100, p=200","ar1_rho_0.5",20,"quantile_2","parent_group_lasso_grpreg","equal_parent","grpreg_approximate_df_excluding_intercept",-0.10176887340302,0.0774243128357632,100,-0.116944038718829,-0.0865937080872101,0.276566512508055,0.137706039225571,100,0.249576128819844,0.303556896196267,-0.0774512015982138,0.0584556486325833,100,-0.0889085087302001,-0.0659938944662274,0.51524115961932,0.219953437503038,100,0.472130285868725,0.558352033369916,0.37575272846453,0.0543644072721487,100,0.365097304639189,0.386408152289871,0.503177156669607,0.0966383510727594,100,0.484236039859346,0.522118273479868,0.454605390270533,0.0696738699272993,100,0.440949311764782,0.468261468776284,20.22,0.439926531974776,100,20.1337743997329,20.3062256002671,20.2,0.492365963917331,100,20.1034962710722,20.2965037289278,20.22,0.439926531974776,100,20.1337743997329,20.3062256002671,40.4,0.984731927834662,100,40.2069925421444,40.5930074578556,8.55099880959223,1.55305319378984,100,8.24660038360942,8.85539723557504,1,0,100,1,1,1,0,100,1,1,0.79,0.409360180740332,100,0.709765404574895,0.870234595425105,0.84,0.368452949177471,100,0.767783221961216,0.912216778038784
"sensitivity_dense_wide",100,200,"n=100, p=200","ar1_rho_0.5",20,"quantile_2","parent_group_lasso_grpreg","sqrt_group_size","grpreg_approximate_df_excluding_intercept",-0.10176887340302,0.0774243128357632,100,-0.116944038718829,-0.0865937080872101,0.276566512508055,0.137706039225571,100,0.249576128819843,0.303556896196267,-0.0774512015982138,0.0584556486325833,100,-0.0889085087302001,-0.0659938944662274,0.51524115961932,0.219953437503039,100,0.472130285868725,0.558352033369916,0.37575272846453,0.0543644072721487,100,0.365097304639189,0.386408152289871,0.503177156669607,0.0966383510727594,100,0.484236039859346,0.522118273479868,0.454605390270533,0.0696738699272993,100,0.440949311764782,0.468261468776284,20.22,0.439926531974776,100,20.1337743997329,20.3062256002671,20.2,0.492365963917331,100,20.1034962710722,20.2965037289278,20.22,0.439926531974776,100,20.1337743997329,20.3062256002671,40.4,0.984731927834662,100,40.2069925421444,40.5930074578556,8.55099880959223,1.55305319378984,100,8.24660038360942,8.85539723557504,1,0,100,1,1,1,0,100,1,1,0.79,0.409360180740332,100,0.709765404574895,0.870234595425105,0.84,0.368452949177471,100,0.767783221961216,0.912216778038784
"sensitivity_dense_wide",100,200,"n=100, p=200","ar1_rho_0.5",20,"quantile_4","component_lasso_glmnet","not_applicable","active_coefficient_count_proxy_excluding_intercept",-0.199530778164925,0.0992292663942284,100,-0.218979714378193,-0.180081841951656,0.602361361819108,0.190602703831174,100,0.565003231868198,0.639719491770018,-0.161378048063929,0.0765238795561406,100,-0.176376728456932,-0.146379367670925,0.971592900384057,0.256020532909696,100,0.921412875933757,1.02177292483436,0.243212323305021,0.0507435035149715,100,0.233266596616086,0.253158049993955,0.335058980026035,0.0899680089705593,100,0.317425250267805,0.352692709784265,0.320763695030506,0.0583107549168043,100,0.309334787066812,0.332192602994199,20.22,0.439926531974776,100,20.1337743997329,20.3062256002671,20.4,0.696310623822791,100,20.2635231177307,20.5364768822693,20.22,0.439926531974776,100,20.1337743997329,20.3062256002671,22.61,1.54328130025513,100,22.30751686515,22.91248313485,22.61,1.54328130025513,100,22.30751686515,22.91248313485,1,0,100,1,1,1,0,100,1,1,0.79,0.409360180740332,100,0.709765404574895,0.870234595425105,0.69,0.464823198711732,100,0.598894653052501,0.781105346947499
"sensitivity_dense_wide",100,200,"n=100, p=200","ar1_rho_0.5",20,"quantile_4","parent_group_lasso_grpreg","equal_parent","grpreg_approximate_df_excluding_intercept",-0.198572590011614,0.0986912784154288,100,-0.217916080581038,-0.17922909944219,0.552992028151859,0.197505350589336,100,0.514280979436349,0.591703076867369,-0.159768838189251,0.0734056513136696,100,-0.17415634584673,-0.145381330531771,0.933162162657823,0.277651092334691,100,0.878742548560224,0.987581776755422,0.242888782568561,0.061286419817549,100,0.230876644284322,0.254900920852801,0.341152372558768,0.0866529173167821,100,0.324168400764678,0.358136344352857,0.307099211668154,0.0626918241280637,100,0.294811614139054,0.319386809197255,20.22,0.439926531974776,100,20.1337743997329,20.3062256002671,20.23,0.468287229478799,100,20.1382157030222,20.3217842969778,20.22,0.439926531974776,100,20.1337743997329,20.3062256002671,80.92,1.8731489179152,100,80.5528628120886,81.2871371879114,13.5037448627738,3.33853693476835,100,12.8493916235592,14.1580981019884,1,0,100,1,1,1,0,100,1,1,0.79,0.409360180740332,100,0.709765404574895,0.870234595425105,0.79,0.409360180740332,100,0.709765404574895,0.870234595425105
"sensitivity_dense_wide",100,200,"n=100, p=200","ar1_rho_0.5",20,"quantile_4","parent_group_lasso_grpreg","sqrt_group_size","grpreg_approximate_df_excluding_intercept",-0.197626016260163,0.0993931841248916,100,-0.217107080348641,-0.178144952171684,0.552377731600008,0.198046794471314,100,0.51356055988363,0.591194903316385,-0.160042238506543,0.0731763811514562,100,-0.174384809212229,-0.145699667800858,0.933174732616722,0.277644748812369,100,0.878756361849498,0.987593103383946,0.242983577400647,0.061349844355145,100,0.230959007907038,0.255008146894255,0.341530977153098,0.0851679717421452,100,0.324838054691638,0.358223899614559,0.306747728310094,0.0630804386523759,100,0.294383962334228,0.31911149428596,20.22,0.439926531974776,100,20.1337743997329,20.3062256002671,20.18,0.411452219939241,100,20.0993553648919,20.2606446351081,20.22,0.439926531974776,100,20.1337743997329,20.3062256002671,80.72,1.64580887975696,100,80.3974214595676,81.0425785404324,13.3099399588415,3.03296159113531,100,12.715479486979,13.904400430704,1,0,100,1,1,1,0,100,1,1,0.79,0.409360180740332,100,0.709765404574895,0.870234595425105,0.83,0.377525168068637,100,0.756005067058547,0.903994932941453
"sensitivity_dense_wide",100,200,"n=100, p=200","ar1_rho_0.5",20,"quantile_8","component_lasso_glmnet","not_applicable","active_coefficient_count_proxy_excluding_intercept",-0.291031885584637,0.116157351113582,100,-0.313798726402899,-0.268265044766374,0.799573424563374,0.233150384834482,100,0.753875949135816,0.845270899990933,-0.239623227821007,0.0872407049566634,100,-0.256722405992513,-0.222524049649501,1.26855447461643,0.293052931354424,100,1.21111610007096,1.32599284916189,0.13669574187539,0.0499826376476977,100,0.126899144896441,0.146492338854338,0.194479969740797,0.0693288222054957,100,0.18089152058852,0.208068418893074,0.221951301337508,0.0462611527707898,100,0.212884115394433,0.231018487280583,20.22,0.439926531974776,100,20.1337743997329,20.3062256002671,20.48,0.703239258393226,100,20.3421651053549,20.6178348946451,20.22,0.439926531974776,100,20.1337743997329,20.3062256002671,21.82,1.43815257475792,100,21.5381220953474,22.1018779046526,21.82,1.43815257475792,100,21.5381220953474,22.1018779046526,1,0,100,1,1,1,0,100,1,1,0.79,0.409360180740332,100,0.709765404574895,0.870234595425105,0.62,0.487831731214563,100,0.524384980681946,0.715615019318054
"sensitivity_dense_wide",100,200,"n=100, p=200","ar1_rho_0.5",20,"quantile_8","parent_group_lasso_grpreg","equal_parent","grpreg_approximate_df_excluding_intercept",-0.27431561461794,0.116595080663677,100,-0.297168250428021,-0.251462978807859,0.712698978130297,0.227946192307354,100,0.668021524438055,0.757376431822538,-0.221861096421646,0.0823744104370485,100,-0.238006480867308,-0.205715711975985,1.18865779229641,0.292145124831879,100,1.13139734782936,1.24591823676346,0.171713015736848,0.0559959508074585,100,0.160737809378586,0.18268822209511,0.229210430041574,0.0762184428008706,100,0.214271615252603,0.244149244830545,0.246629849413015,0.0506997044144286,100,0.236692707347787,0.256566991478243,20.22,0.439926531974776,100,20.1337743997329,20.3062256002671,20.25,0.557320429022713,100,20.1407651959115,20.3592348040885,20.22,0.439926531974776,100,20.1337743997329,20.3062256002671,162,4.4585634321817,100,161.126121567292,162.873878432708,22.9500334039235,4.46163431338426,100,22.0755530785002,23.8245137293468,1,0,100,1,1,1,0,100,1,1,0.79,0.409360180740332,100,0.709765404574895,0.870234595425105,0.8,0.402015126103685,100,0.721205035283678,0.878794964716322
"sensitivity_dense_wide",100,200,"n=100, p=200","ar1_rho_0.5",20,"quantile_8","parent_group_lasso_grpreg","sqrt_group_size","grpreg_approximate_df_excluding_intercept",-0.273709059233449,0.117359920753402,100,-0.296711603701116,-0.250706514765783,0.714271694253305,0.228004673611364,100,0.669582778225478,0.758960610281133,-0.221861096421646,0.0823744104370485,100,-0.238006480867308,-0.205715711975985,1.18865779181384,0.292145125508809,100,1.13139734721412,1.24591823641357,0.171534250325696,0.0560376240277425,100,0.160550876016259,0.182517624635134,0.23059975733975,0.0780864462589568,100,0.215294813872995,0.245904700806506,0.246629849413015,0.0506997044144286,100,0.236692707347787,0.256566991478243,20.22,0.439926531974776,100,20.1337743997329,20.3062256002671,20.18,0.435310176190437,100,20.0946792054667,20.2653207945333,20.22,0.439926531974776,100,20.1337743997329,20.3062256002671,161.44,3.4824814095235,100,160.757433643733,162.122566356267,21.8648105721864,4.79932635230623,100,20.9241426071344,22.8054785372385,1,0,100,1,1,1,0,100,1,1,0.79,0.409360180740332,100,0.709765404574895,0.870234595425105,0.84,0.368452949177471,100,0.767783221961216,0.912216778038784
"sensitivity_dense_wide",100,200,"n=100, p=200","ar1_rho_0.9",20,"equal_width_4","component_lasso_glmnet","not_applicable","active_coefficient_count_proxy_excluding_intercept",-0.128376306620209,0.0981765127814699,100,-0.147618903125377,-0.109133710115041,0.925251153259517,0.268081672412491,100,0.872707145466669,0.977795161052365,-0.111057750581283,0.0872551499456787,100,-0.128159759970636,-0.0939557411919301,1.07015444724029,0.288250704314549,100,1.01365730919464,1.12665158528595,0.167068409100098,0.0525875610837009,100,0.156761247127692,0.177375571072503,0.232422953329029,0.075852670866956,100,0.217555829839106,0.247290076818952,0.223725797648904,0.0493221456722727,100,0.214058657097139,0.23339293820067,20.17,0.427702341505507,100,20.0861703410649,20.2538296589351,20.41,0.637149586800145,100,20.2851186809872,20.5348813190128,20.17,0.427702341505507,100,20.0861703410649,20.2538296589351,22.05,1.3586609569571,100,21.7837024524364,22.3162975475636,22.05,1.3586609569571,100,21.7837024524364,22.3162975475636,1,0,100,1,1,1,0,100,1,1,0.85,0.358870281282637,100,0.779661424868603,0.920338575131397,0.67,0.472581562625261,100,0.577374013725449,0.762625986274551
"sensitivity_dense_wide",100,200,"n=100, p=200","ar1_rho_0.9",20,"equal_width_4","parent_group_lasso_grpreg","equal_parent","grpreg_approximate_df_excluding_intercept",-0.088383275261324,0.0904768903556136,100,-0.106116745771024,-0.0706498047516238,0.561693741034131,0.176078850205436,100,0.527182286393866,0.596205195674397,-0.0962488982901463,0.0903332648587684,100,-0.113954218202465,-0.0785435783778277,0.823564045745991,0.270857246274723,100,0.770476025476146,0.876652066015837,0.204218570719596,0.0545630967480831,100,0.193524203756972,0.21491293768222,0.315457103198781,0.090773690134542,100,0.297665459932411,0.333248746465151,0.243891950686557,0.0458681995916256,100,0.234901783566598,0.252882117806515,20.17,0.427702341505507,100,20.0861703410649,20.2538296589351,20.22,0.439926531974776,100,20.1337743997329,20.3062256002671,20.17,0.427702341505507,100,20.0861703410649,20.2538296589351,80.88,1.7597061278991,100,80.5350975989318,81.2249024010682,16.2908009251694,2.99444387128663,100,15.7038899263972,16.8777119239415,1,0,100,1,1,1,0,100,1,1,0.85,0.358870281282637,100,0.779661424868603,0.920338575131397,0.79,0.409360180740332,100,0.709765404574895,0.870234595425105
"sensitivity_dense_wide",100,200,"n=100, p=200","ar1_rho_0.9",20,"equal_width_4","parent_group_lasso_grpreg","sqrt_group_size","grpreg_approximate_df_excluding_intercept",-0.0894117305458769,0.0924210450149574,100,-0.107526255368809,-0.0712972057229452,0.585043859295544,0.175341341268729,100,0.550676956406873,0.619410762184215,-0.0937754274634232,0.0886532241345781,100,-0.111151459393801,-0.0763993955330459,0.822951603723543,0.270666415204354,100,0.769900986343489,0.876002221103596,0.201327744744951,0.0556121024031192,100,0.19042777267394,0.212227716815962,0.317626949563693,0.0918535594954686,100,0.299623651902581,0.335630247224805,0.245185041562164,0.0460640381942997,100,0.236156490076081,0.254213593048246,20.17,0.427702341505507,100,20.0861703410649,20.2538296589351,20.23,0.509604719068583,100,20.1301174750626,20.3298825249374,20.17,0.427702341505507,100,20.0861703410649,20.2538296589351,80.92,2.03841887627433,100,80.5204699002502,81.3195300997498,14.7705103884783,2.83444318075424,100,14.2149595250505,15.3260612519061,1,0,100,1,1,1,0,100,1,1,0.85,0.358870281282637,100,0.779661424868603,0.920338575131397,0.81,0.394277244403663,100,0.732721660096882,0.887278339903118
"sensitivity_dense_wide",100,200,"n=100, p=200","ar1_rho_0.9",20,"quantile_2","component_lasso_glmnet","not_applicable","active_coefficient_count_proxy_excluding_intercept",-0.0474901277584205,0.0804456487718092,100,-0.0632574749176951,-0.0317227805991459,0.39140071239213,0.168797079467308,100,0.358316484816537,0.424484939967722,-0.0361084082496034,0.0679055955186431,100,-0.0494179049712574,-0.0227989115279493,0.387405607363675,0.202700079664695,100,0.347676391749395,0.427134822977955,0.343530375266098,0.0551822886727092,100,0.332714646686247,0.354346103845949,0.434818608496723,0.0873857065883014,100,0.417691010005416,0.45194620698803,0.40560392911261,0.0512572153063319,100,0.395557514912569,0.415650343312651,20.17,0.427702341505507,100,20.0861703410649,20.2538296589351,20.23,0.468287229478799,100,20.1382157030222,20.3217842969778,20.17,0.427702341505507,100,20.0861703410649,20.2538296589351,21.57,1.24117083856536,100,21.3267305156412,21.8132694843588,21.57,1.24117083856536,100,21.3267305156412,21.8132694843588,1,0,100,1,1,1,0,100,1,1,0.85,0.358870281282637,100,0.779661424868603,0.920338575131397,0.79,0.409360180740332,100,0.709765404574895,0.870234595425105
"sensitivity_dense_wide",100,200,"n=100, p=200","ar1_rho_0.9",20,"quantile_2","parent_group_lasso_grpreg","equal_parent","grpreg_approximate_df_excluding_intercept",-0.0504349593495935,0.0735476421824192,100,-0.0648502972173477,-0.0360196214818393,0.275179785422941,0.136118037157983,100,0.248500650139977,0.301858920705906,-0.0482161869507189,0.0671150092491846,100,-0.0613707287635591,-0.0350616451378788,0.419567991632825,0.219709486274886,100,0.376504932322948,0.462631050942703,0.325427876462864,0.0568288196357701,100,0.314289427814253,0.336566325111475,0.510078558157535,0.11296945168999,100,0.487936545626297,0.532220570688773,0.379642599109787,0.0630404098334267,100,0.367286678782435,0.391998519437138,20.17,0.427702341505507,100,20.0861703410649,20.2538296589351,20.14,0.348735088019777,100,20.0716479227481,20.2083520772519,20.17,0.427702341505507,100,20.0861703410649,20.2538296589351,40.28,0.697470176039554,100,40.1432958454962,40.4167041545038,9.89976573843598,1.62178189663614,100,9.58189648669529,10.2176349901767,1,0,100,1,1,1,0,100,1,1,0.85,0.358870281282637,100,0.779661424868603,0.920338575131397,0.86,0.348735088019777,100,0.791647922748124,0.928352077251876
"sensitivity_dense_wide",100,200,"n=100, p=200","ar1_rho_0.9",20,"quantile_2","parent_group_lasso_grpreg","sqrt_group_size","grpreg_approximate_df_excluding_intercept",-0.0503739837398374,0.0734616337386472,100,-0.0647724639526123,-0.0359755035270625,0.275124338942457,0.136489137110578,100,0.248372468068784,0.30187620981613,-0.0479702853113747,0.0670296109229969,100,-0.0611080890522821,-0.0348324815704673,0.419670877644285,0.219743444804708,100,0.376601162462563,0.462740592826008,0.325265321144221,0.0568254829418464,100,0.314127526487619,0.336403115800823,0.510291215870192,0.113171779264541,100,0.488109547134342,0.532472884606042,0.379538634218745,0.0631343948403496,100,0.367164292830037,0.391912975607454,20.17,0.427702341505507,100,20.0861703410649,20.2538296589351,20.13,0.337997668989631,100,20.063752456878,20.196247543122,20.17,0.427702341505507,100,20.0861703410649,20.2538296589351,40.26,0.675995337979262,100,40.1275049137561,40.3924950862439,9.87074830829206,1.59190874475635,100,9.55873419431982,10.1827624222643,1,0,100,1,1,1,0,100,1,1,0.85,0.358870281282637,100,0.779661424868603,0.920338575131397,0.87,0.337997668989631,100,0.803752456878032,0.936247543121968
"sensitivity_dense_wide",100,200,"n=100, p=200","ar1_rho_0.9",20,"quantile_4","component_lasso_glmnet","not_applicable","active_coefficient_count_proxy_excluding_intercept",-0.111975272128137,0.0965945269885888,100,-0.1309077994179,-0.0930427448383732,0.704673762652627,0.211673276022435,100,0.66318580055223,0.746161724753024,-0.105037369998237,0.0909457767582749,100,-0.122862742242859,-0.0872119977536154,0.877524061671269,0.2937452176212,100,0.819949999017513,0.935098124325024,0.180464685680249,0.0520251685526317,100,0.170267752643933,0.190661618716565,0.271127675218974,0.0770587808607157,100,0.256024154170273,0.286231196267674,0.242030501752349,0.054306831608077,100,0.231386362757166,0.252674640747532,20.17,0.427702341505507,100,20.0861703410649,20.2538296589351,20.33,0.603943271133535,100,20.2116271188578,20.4483728811422,20.17,0.427702341505507,100,20.0861703410649,20.2538296589351,21.89,1.30186346628534,100,21.6348347606081,22.1451652393919,21.89,1.30186346628534,100,21.6348347606081,22.1451652393919,1,0,100,1,1,1,0,100,1,1,0.85,0.358870281282637,100,0.779661424868603,0.920338575131397,0.73,0.446196043338474,100,0.642545575505659,0.817454424494341
"sensitivity_dense_wide",100,200,"n=100, p=200","ar1_rho_0.9",20,"quantile_4","parent_group_lasso_grpreg","equal_parent","grpreg_approximate_df_excluding_intercept",-0.113015341814548,0.0843745352052664,100,-0.12955275071478,-0.0964779329143155,0.578224047765775,0.16841347767462,100,0.54521500614155,0.611233089390001,-0.107986955755332,0.0809517805934381,100,-0.123853504751646,-0.0921204067590184,0.840254796944189,0.270559052715371,100,0.787225222611977,0.893284371276402,0.18435075305488,0.0529121112389412,100,0.173979979252048,0.194721526857713,0.298839325813345,0.0852098532087243,100,0.282138194584435,0.315540457042255,0.240797992247038,0.0540627220641023,100,0.230201698722474,0.251394285771602,20.17,0.427702341505507,100,20.0861703410649,20.2538296589351,20.18,0.50010099990003,100,20.0819802040196,20.2780197959804,20.17,0.427702341505507,100,20.0861703410649,20.2538296589351,80.72,2.00040399960012,100,80.3279208160784,81.1120791839216,16.2376540038632,3.05226111705756,100,15.63941082492,16.8358971828065,1,0,100,1,1,1,0,100,1,1,0.85,0.358870281282637,100,0.779661424868603,0.920338575131397,0.86,0.348735088019777,100,0.791647922748124,0.928352077251876
"sensitivity_dense_wide",100,200,"n=100, p=200","ar1_rho_0.9",20,"quantile_4","parent_group_lasso_grpreg","sqrt_group_size","grpreg_approximate_df_excluding_intercept",-0.112235772357724,0.0881585925044055,100,-0.129514856488587,-0.0949566882268601,0.599095942198237,0.16799344950651,100,0.566169226094961,0.632022658301513,-0.10727868852459,0.0801764204135582,100,-0.122993266925648,-0.0915641101235328,0.838399837767591,0.271696907392486,100,0.785147243918664,0.891652431616518,0.18189184133677,0.0521988838704944,100,0.171660860098153,0.192122822575387,0.296831153574827,0.0845480494102253,100,0.280259735890423,0.313402571259231,0.240214881991365,0.0539017115690286,100,0.229650146523836,0.250779617458895,20.17,0.427702341505507,100,20.0861703410649,20.2538296589351,20.12,0.356186309210063,100,20.0501874833948,20.1898125166052,20.17,0.427702341505507,100,20.0861703410649,20.2538296589351,80.48,1.42474523684025,100,80.2007499335793,80.7592500664207,14.7847242389708,3.06038325988477,100,14.1848891200334,15.3845593579082,1,0,100,1,1,1,0,100,1,1,0.85,0.358870281282637,100,0.779661424868603,0.920338575131397,0.89,0.31446603773522,100,0.828364656603897,0.951635343396103
"sensitivity_dense_wide",100,200,"n=100, p=200","ar1_rho_0.9",20,"quantile_8","component_lasso_glmnet","not_applicable","active_coefficient_count_proxy_excluding_intercept",-0.149314831321071,0.0972563400206247,100,-0.168377073965113,-0.130252588677028,1.067311737377,0.274379966269068,100,1.01353326398827,1.12109021076574,-0.130555144250544,0.0936370270347555,100,-0.148908001549356,-0.112202286951731,1.33335551908081,0.31849910823242,100,1.27092969386725,1.39578134429436,0.116423972888697,0.0563499064587951,100,0.105379391222773,0.127468554554621,0.18717131849649,0.0596208043273461,100,0.17548564084833,0.198856996144649,0.192522079626326,0.0424968546479172,100,0.184192696115335,0.200851463137318,20.17,0.427702341505507,100,20.0861703410649,20.2538296589351,20.26,0.543464382782842,100,20.1534809809746,20.3665190190254,20.17,0.427702341505507,100,20.0861703410649,20.2538296589351,21.97,1.57284404307559,100,21.6617225675572,22.2782774324428,21.97,1.57284404307559,100,21.6617225675572,22.2782774324428,1,0,100,1,1,1,0,100,1,1,0.85,0.358870281282637,100,0.779661424868603,0.920338575131397,0.78,0.416333199893227,100,0.698398692820928,0.861601307179072
"sensitivity_dense_wide",100,200,"n=100, p=200","ar1_rho_0.9",20,"quantile_8","parent_group_lasso_grpreg","equal_parent","grpreg_approximate_df_excluding_intercept",-0.129881533101045,0.0926838964992899,100,-0.148047576814906,-0.111715489387184,0.807358799489948,0.223175382847672,100,0.763616424451804,0.851101174528092,-0.124077912920853,0.0936069857334772,100,-0.142424882124615,-0.105730943717092,1.09694829733979,0.305478495308919,100,1.03707451225925,1.15682208242034,0.139520809013895,0.0580721319901821,100,0.128138671143819,0.150902946883971,0.239914058101145,0.0769051787204265,100,0.224840643071941,0.254987473130349,0.207068714232003,0.0473039041174637,100,0.19779714902498,0.216340279439025,20.17,0.427702341505507,100,20.0861703410649,20.2538296589351,20.17,0.427702341505507,100,20.0861703410649,20.2538296589351,20.17,0.427702341505507,100,20.0861703410649,20.2538296589351,161.35,3.40342964277702,100,160.682927790016,162.017072209984,25.156306281197,4.81715179062026,100,24.2121445302354,26.1004680321586,1,0,100,1,1,1,0,100,1,1,0.85,0.358870281282637,100,0.779661424868603,0.920338575131397,0.85,0.358870281282637,100,0.779661424868603,0.920338575131397
"sensitivity_dense_wide",100,200,"n=100, p=200","ar1_rho_0.9",20,"quantile_8","parent_group_lasso_grpreg","sqrt_group_size","grpreg_approximate_df_excluding_intercept",-0.128442508710801,0.0892201044163451,100,-0.145929649176405,-0.110955368245198,0.812688882290252,0.22232446006886,100,0.769113288116755,0.856264476463748,-0.124077912920853,0.0936069857334772,100,-0.142424882124615,-0.105730943717092,1.09692070703296,0.305486101554224,100,1.03704543112833,1.15679598293759,0.139269930167837,0.0580789986240274,100,0.127886446437527,0.150653413898146,0.24400706610829,0.0761217742248455,100,0.22908719836022,0.258926933856359,0.207068714232003,0.0473039041174637,100,0.19779714902498,0.216340279439025,20.17,0.427702341505507,100,20.0861703410649,20.2538296589351,20.17,0.427702341505507,100,20.0861703410649,20.2538296589351,20.17,0.427702341505507,100,20.0861703410649,20.2538296589351,161.36,3.42161873204405,100,160.689362728519,162.030637271481,24.0967222023359,5.07771017005049,100,23.101491009006,25.0919533956658,1,0,100,1,1,1,0,100,1,1,0.85,0.358870281282637,100,0.779661424868603,0.920338575131397,0.85,0.358870281282637,100,0.779661424868603,0.920338575131397
"sensitivity_dense_wide",100,200,"n=100, p=200","block",20,"equal_width_4","component_lasso_glmnet","not_applicable","active_coefficient_count_proxy_excluding_intercept",-0.15462162709667,0.0910677163010065,100,-0.172470899491667,-0.136772354701672,0.908106006639403,0.26218308467831,100,0.856718122042455,0.959493891236352,-0.15640229827168,0.0728374846627539,100,-0.170678445265579,-0.14212615127778,1.07097045911127,0.316231099227077,100,1.00898916366276,1.13295175455978,0.162569021042311,0.051785687902176,100,0.152419026213484,0.172719015871137,0.231500629728016,0.07157220496565,100,0.217472477554749,0.245528781901284,0.237353206699423,0.0487749245781097,100,0.227793321482114,0.246913091916733,20.18,0.538985204347068,100,20.074358899948,20.285641100052,20.37,0.613896316057269,100,20.2496763220528,20.4903236779472,20.18,0.538985204347068,100,20.074358899948,20.285641100052,21.95,1.55942879985531,100,21.6443519552284,22.2556480447716,21.95,1.55942879985531,100,21.6443519552284,22.2556480447716,1,0,100,1,1,1,0,100,1,1,0.88,0.32659863237109,100,0.815986668055266,0.944013331944734,0.7,0.460566186471838,100,0.60972902745152,0.79027097254848
"sensitivity_dense_wide",100,200,"n=100, p=200","block",20,"equal_width_4","parent_group_lasso_grpreg","equal_parent","grpreg_approximate_df_excluding_intercept",-0.120194797828377,0.0878146994311603,100,-0.137406478916884,-0.10298311673987,0.589806618292798,0.200749709423571,100,0.550459675245778,0.629153561339818,-0.133612945195706,0.0734025201399212,100,-0.14799983914313,-0.119226051248281,0.83610556226826,0.272135564716504,100,0.782766991583826,0.889444132952695,0.203392102086289,0.06447553199426,100,0.190754897815414,0.216029306357163,0.305205834970475,0.0736214723631977,100,0.290776026387289,0.319635643553662,0.261022713853162,0.0549591316809072,100,0.250250724043704,0.27179470366262,20.18,0.538985204347068,100,20.074358899948,20.285641100052,20.23,0.468287229478799,100,20.1382157030222,20.3217842969778,20.18,0.538985204347068,100,20.074358899948,20.285641100052,80.92,1.8731489179152,100,80.5528628120886,81.2871371879114,15.2309799637995,3.21132191898518,100,14.6015608676784,15.8603990599206,1,0,100,1,1,1,0,100,1,1,0.88,0.32659863237109,100,0.815986668055266,0.944013331944734,0.79,0.409360180740332,100,0.709765404574895,0.870234595425105
"sensitivity_dense_wide",100,200,"n=100, p=200","block",20,"equal_width_4","parent_group_lasso_grpreg","sqrt_group_size","grpreg_approximate_df_excluding_intercept",-0.123410825702941,0.0855997601998028,100,-0.140188378702103,-0.10663327270378,0.602229295874177,0.198587025319787,100,0.563306238911498,0.641152352836855,-0.13158947562808,0.07284571008918,100,-0.145867234805559,-0.1173117164506,0.837006572676009,0.272853492715841,100,0.783527288103704,0.890485857248314,0.202428193134946,0.0654966860243268,100,0.189590842674178,0.215265543595714,0.31032578287801,0.077625802468538,100,0.295111125594177,0.325540440161843,0.262339527234095,0.057572637342181,100,0.251055290315028,0.273623764153163,20.18,0.538985204347068,100,20.074358899948,20.285641100052,20.25,0.5,100,20.152,20.348,20.18,0.538985204347068,100,20.074358899948,20.285641100052,81,2,100,80.608,81.392,13.8384518053156,2.73415629817749,100,13.3025571708728,14.3743464397583,1,0,100,1,1,1,0,100,1,1,0.88,0.32659863237109,100,0.815986668055266,0.944013331944734,0.78,0.416333199893227,100,0.698398692820928,0.861601307179072
"sensitivity_dense_wide",100,200,"n=100, p=200","block",20,"quantile_2","component_lasso_glmnet","not_applicable","active_coefficient_count_proxy_excluding_intercept",-0.0638899197795965,0.0746937105314476,100,-0.0785298870437602,-0.0492499525154327,0.399638952986309,0.169795712228992,100,0.366358993389426,0.432918912583191,-0.0651529047367228,0.0585882602923922,100,-0.0766362037540317,-0.053669605719414,0.386557362064074,0.194573613782151,100,0.348420933762772,0.424693790365376,0.371156432725562,0.0490910673667695,100,0.361534583521675,0.380778281929449,0.464973387818675,0.0956997504415282,100,0.446216236732135,0.483730538905214,0.437574824485933,0.0671355951677003,100,0.424416247833064,0.450733401138803,20.18,0.538985204347068,100,20.074358899948,20.285641100052,20.14,0.402517331328978,100,20.0611066030595,20.2188933969405,20.18,0.538985204347068,100,20.074358899948,20.285641100052,21.78,1.24381297109763,100,21.5362126576649,22.0237873423351,21.78,1.24381297109763,100,21.5362126576649,22.0237873423351,1,0,100,1,1,1,0,100,1,1,0.88,0.32659863237109,100,0.815986668055266,0.944013331944734,0.88,0.32659863237109,100,0.815986668055266,0.944013331944734
"sensitivity_dense_wide",100,200,"n=100, p=200","block",20,"quantile_2","parent_group_lasso_grpreg","equal_parent","grpreg_approximate_df_excluding_intercept",-0.0500426491640332,0.0735450192873706,100,-0.0644574729443578,-0.0356278253837085,0.273395115423529,0.146598153211824,100,0.244661877394012,0.302128353453047,-0.0657165520888419,0.0639130571951683,100,-0.0782435112990949,-0.0531895928785889,0.407875143710546,0.199057250672472,100,0.368859922578742,0.446890364842351,0.336501237251525,0.0599405769739426,100,0.324752884164632,0.348249590338418,0.525981075392923,0.104702969726451,100,0.505459293326539,0.546502857459307,0.414874205452555,0.0789835714134223,100,0.399393425455524,0.430354985449586,20.18,0.538985204347068,100,20.074358899948,20.285641100052,20.23,0.489382212074519,100,20.1340810864334,20.3259189135666,20.18,0.538985204347068,100,20.074358899948,20.285641100052,40.46,0.978764424149038,100,40.2681621728668,40.6518378271332,9.70485863252793,1.90690304440011,100,9.33110563582551,10.0786116292303,1,0,100,1,1,1,0,100,1,1,0.88,0.32659863237109,100,0.815986668055266,0.944013331944734,0.8,0.402015126103685,100,0.721205035283678,0.878794964716322
"sensitivity_dense_wide",100,200,"n=100, p=200","block",20,"quantile_2","parent_group_lasso_grpreg","sqrt_group_size","grpreg_approximate_df_excluding_intercept",-0.0509816735542771,0.0734101169225635,100,-0.0653700564710995,-0.0365932906374546,0.275122100365754,0.148184603476011,100,0.246077918084456,0.304166282647053,-0.0653449673893883,0.0632061039533052,100,-0.0777333637642362,-0.0529565710145405,0.407461142273367,0.198326583038136,100,0.368589131997892,0.446333152548842,0.336138553566385,0.06061269631939,100,0.324258465087784,0.348018642044985,0.525449471290685,0.104192598484378,100,0.505027721987747,0.545871220593623,0.415522453048323,0.0778620801880274,100,0.40026148533147,0.430783420765176,20.18,0.538985204347068,100,20.074358899948,20.285641100052,20.22,0.483672817035849,100,20.125200127861,20.314799872139,20.18,0.538985204347068,100,20.074358899948,20.285641100052,40.44,0.967345634071698,100,40.2504002557219,40.6295997442781,9.6379924351258,1.78763604531585,100,9.28761577024389,9.98836910000771,1,0,100,1,1,1,0,100,1,1,0.88,0.32659863237109,100,0.815986668055266,0.944013331944734,0.81,0.394277244403663,100,0.732721660096882,0.887278339903118
"sensitivity_dense_wide",100,200,"n=100, p=200","block",20,"quantile_4","component_lasso_glmnet","not_applicable","active_coefficient_count_proxy_excluding_intercept",-0.123909326634795,0.0819021107061821,100,-0.139962140333206,-0.107856512936383,0.722323428501908,0.213008457081271,100,0.680573770913979,0.764073086089837,-0.125595980962454,0.0706364302462932,100,-0.139440721290727,-0.11175124063418,0.887033618052962,0.288576226242081,100,0.830472677709514,0.94359455839641,0.193032199510535,0.0536409855839786,100,0.182518566336075,0.203545832684995,0.290427389528355,0.0765460690372396,100,0.275424359997057,0.305430419059654,0.275469116692657,0.0492444329559635,100,0.265817207833288,0.285121025552025,20.18,0.538985204347068,100,20.074358899948,20.285641100052,20.33,0.620442982835244,100,20.2083931753643,20.4516068246357,20.18,0.538985204347068,100,20.074358899948,20.285641100052,21.75,1.28216199988121,100,21.4986962480233,22.0013037519767,21.75,1.28216199988121,100,21.4986962480233,22.0013037519767,1,0,100,1,1,1,0,100,1,1,0.88,0.32659863237109,100,0.815986668055266,0.944013331944734,0.74,0.440844002276808,100,0.653594575553746,0.826405424446254
"sensitivity_dense_wide",100,200,"n=100, p=200","block",20,"quantile_4","parent_group_lasso_grpreg","equal_parent","grpreg_approximate_df_excluding_intercept",-0.117380047538017,0.0848993660336736,100,-0.134020323280617,-0.100739771795417,0.573336605603059,0.178861562265966,100,0.53827973939893,0.608393471807188,-0.126490745637229,0.0764545781598846,100,-0.141475842956566,-0.111505648317892,0.813308732438174,0.274121574360949,100,0.759580903863428,0.86703656101292,0.195239703015743,0.0595911817935057,100,0.183559831384216,0.206919574647271,0.305889104878693,0.0794117775515624,100,0.290324396478587,0.321453813278799,0.261219747973732,0.049383173896249,100,0.251540645890067,0.270898850057396,20.18,0.538985204347068,100,20.074358899948,20.285641100052,20.25,0.479372485441102,100,20.1560429928535,20.3439570071465,20.18,0.538985204347068,100,20.074358899948,20.285641100052,81,1.91748994176441,100,80.6241719714142,81.3758280285858,15.9397731333999,3.3131254296519,100,15.2904005491881,16.5891457176117,1,0,100,1,1,1,0,100,1,1,0.88,0.32659863237109,100,0.815986668055266,0.944013331944734,0.77,0.422952584681651,100,0.687101293402396,0.852898706597604
"sensitivity_dense_wide",100,200,"n=100, p=200","block",20,"quantile_4","parent_group_lasso_grpreg","sqrt_group_size","grpreg_approximate_df_excluding_intercept",-0.114848931745131,0.0786779538918549,100,-0.130269810707935,-0.0994280527823278,0.589845052527355,0.179926218886998,100,0.554579513625504,0.625110591429207,-0.12272025383395,0.0760059363531134,100,-0.137617417359161,-0.10782309030874,0.812449419218181,0.2741754257768,100,0.758711035765928,0.866187802670434,0.192682229531027,0.0602846231065836,100,0.180866443402137,0.204498015659918,0.314079567762029,0.0813643090580811,100,0.298132163186646,0.330026972337413,0.263343340324158,0.048669907498394,100,0.253804038454472,0.272882642193843,20.18,0.538985204347068,100,20.074358899948,20.285641100052,20.25,0.519809599951771,100,20.1481173184095,20.3518826815905,20.18,0.538985204347068,100,20.074358899948,20.285641100052,81,2.07923839980708,100,80.5924692736378,81.4075307263622,14.3327640706788,3.12499697888231,100,13.7202646628179,14.9452634785398,1,0,100,1,1,1,0,100,1,1,0.88,0.32659863237109,100,0.815986668055266,0.944013331944734,0.78,0.416333199893227,100,0.698398692820928,0.861601307179072
"sensitivity_dense_wide",100,200,"n=100, p=200","block",20,"quantile_8","component_lasso_glmnet","not_applicable","active_coefficient_count_proxy_excluding_intercept",-0.181694797828377,0.103581510257662,100,-0.201996773838879,-0.161392821817875,1.04711961288886,0.2705585108269,100,0.994090144766787,1.10014908101093,-0.17029420059933,0.0817512797380086,100,-0.18631745142798,-0.15427094977068,1.31108422928742,0.324872954974489,100,1.24740913011242,1.37475932846242,0.112295701673542,0.056619537248261,100,0.101198272372882,0.123393130974201,0.182243854381699,0.0608508990761656,100,0.170317078162771,0.194170630600628,0.200318466664517,0.0460043422316584,100,0.191301615587112,0.209335317741922,20.18,0.538985204347068,100,20.074358899948,20.285641100052,20.2,0.471404520791032,100,20.107604713925,20.292395286075,20.18,0.538985204347068,100,20.074358899948,20.285641100052,21.54,1.41006483123395,100,21.2636272930781,21.8163727069219,21.54,1.41006483123395,100,21.2636272930781,21.8163727069219,1,0,100,1,1,1,0,100,1,1,0.88,0.32659863237109,100,0.815986668055266,0.944013331944734,0.83,0.377525168068637,100,0.756005067058547,0.903994932941453
"sensitivity_dense_wide",100,200,"n=100, p=200","block",20,"quantile_8","parent_group_lasso_grpreg","equal_parent","grpreg_approximate_df_excluding_intercept",-0.147659954622802,0.098571678816149,100,-0.166980003670767,-0.128339905574837,0.790107425909754,0.227610294630369,100,0.745495808162201,0.834719043657306,-0.158352018332452,0.0868468213963877,100,-0.175373995326144,-0.14133004133876,1.08467610591333,0.319375633673197,100,1.02207848171338,1.14727373011328,0.15129743107587,0.0560203574575787,100,0.140317441014185,0.162277421137556,0.227890810379204,0.0792881974967123,100,0.212350323669849,0.24343129708856,0.211267294086274,0.0494706511917867,100,0.201571046452684,0.220963541719864,20.18,0.538985204347068,100,20.074358899948,20.285641100052,20.24,0.47396884353981,100,20.1471021066662,20.3328978933338,20.18,0.538985204347068,100,20.074358899948,20.285641100052,161.92,3.79175074831848,100,161.17681685333,162.66318314667,24.1774276836285,4.52008703726163,100,23.2914906243252,25.0633647429318,1,0,100,1,1,1,0,100,1,1,0.88,0.32659863237109,100,0.815986668055266,0.944013331944734,0.78,0.416333199893227,100,0.698398692820928,0.861601307179072
"sensitivity_dense_wide",100,200,"n=100, p=200","block",20,"quantile_8","parent_group_lasso_grpreg","sqrt_group_size","grpreg_approximate_df_excluding_intercept",-0.148430570186101,0.0970279861927991,100,-0.167448055479889,-0.129413084892312,0.796888647333911,0.229558629676418,100,0.751895155917333,0.841882138750489,-0.158352018332452,0.0868468213963877,100,-0.175373995326144,-0.14133004133876,1.08472676551047,0.319455921706872,100,1.02211340485592,1.14734012616501,0.150348262557372,0.0562680101399355,100,0.139319732569945,0.161376792544799,0.226875155617668,0.0803144578569297,100,0.21113352187771,0.242616789357627,0.211267294086274,0.0494706511917867,100,0.201571046452684,0.220963541719864,20.18,0.538985204347068,100,20.074358899948,20.285641100052,20.2,0.426401432711221,100,20.1164253191886,20.2835746808114,20.18,0.538985204347068,100,20.074358899948,20.285641100052,161.6,3.41121146168977,100,160.931402553509,162.268597446491,22.8000299086305,4.90332981329406,100,21.8389772652249,23.7610825520362,1,0,100,1,1,1,0,100,1,1,0.88,0.32659863237109,100,0.815986668055266,0.944013331944734,0.81,0.394277244403663,100,0.732721660096882,0.887278339903118
"sensitivity_dense_wide",100,200,"n=100, p=200","independent",20,"equal_width_4","component_lasso_glmnet","not_applicable","active_coefficient_count_proxy_excluding_intercept",-0.222691340518056,0.114954955473611,100,-0.245222511790884,-0.200160169245229,0.684234042703566,0.207360050061415,100,0.643591472891528,0.724876612515603,-0.170834395171783,0.0800094461433359,100,-0.186516246615877,-0.155152543727689,1.09351696353162,0.312469587340376,100,1.03227292441291,1.15476100265033,0.230553948869771,0.0512868460773613,100,0.220501727038608,0.240606170700934,0.282488342898917,0.0800869920592615,100,0.266791292455302,0.298185393342533,0.307138360886552,0.0560927074028867,100,0.296144190235586,0.318132531537518,20.25,0.479372485441102,100,20.1560429928535,20.3439570071465,20.39,0.617832640540439,100,20.2689048024541,20.5110951975459,20.25,0.479372485441102,100,20.1560429928535,20.3439570071465,22.15,1.5200677815828,100,21.8520667148098,22.4479332851902,22.15,1.5200677815828,100,21.8520667148098,22.4479332851902,1,0,100,1,1,1,0,100,1,1,0.77,0.422952584681651,100,0.687101293402396,0.852898706597604,0.67,0.472581562625261,100,0.577374013725449,0.762625986274551
"sensitivity_dense_wide",100,200,"n=100, p=200","independent",20,"equal_width_4","parent_group_lasso_grpreg","equal_parent","grpreg_approximate_df_excluding_intercept",-0.184443454069092,0.102533913259748,100,-0.204540101068003,-0.164346807070182,0.497494731641193,0.187746066454242,100,0.460696502616161,0.534292960666224,-0.15334849286092,0.0795018901083663,100,-0.16893086332216,-0.13776612239968,0.849043768512497,0.29020291755774,100,0.79216399667118,0.905923540353814,0.265053441568753,0.0544940581944054,100,0.25437260616265,0.275734276974857,0.343462456330369,0.0820114415449047,100,0.327388213787568,0.359536698873171,0.327822175906694,0.0600001919695666,100,0.316062138280659,0.339582213532729,20.25,0.479372485441102,100,20.1560429928535,20.3439570071465,20.29,0.591095541679972,100,20.1741452738307,20.4058547261693,20.25,0.479372485441102,100,20.1560429928535,20.3439570071465,81.16,2.36438216671989,100,80.6965810953229,81.6234189046771,13.4167245612995,2.89940603177313,100,12.848440979072,13.9850081435271,1,0,100,1,1,1,0,100,1,1,0.77,0.422952584681651,100,0.687101293402396,0.852898706597604,0.77,0.422952584681651,100,0.687101293402396,0.852898706597604
"sensitivity_dense_wide",100,200,"n=100, p=200","independent",20,"equal_width_4","parent_group_lasso_grpreg","sqrt_group_size","grpreg_approximate_df_excluding_intercept",-0.184226845474435,0.103088888236417,100,-0.204432267568773,-0.164021423380097,0.495907836962124,0.185448647907932,100,0.459559901972169,0.532255771952079,-0.152731006522122,0.0788919808915347,100,-0.168193834776863,-0.137268178267382,0.84893627446634,0.290121279936046,100,0.792072503598875,0.905800045333805,0.26497844880994,0.0545877213578321,100,0.254279255423804,0.275677642196075,0.342936153001373,0.082457595591399,100,0.326774464265458,0.359097841737287,0.327983466229275,0.0599199938355169,100,0.316239147437513,0.339727785021036,20.25,0.479372485441102,100,20.1560429928535,20.3439570071465,20.26,0.561743318211757,100,20.1498983096305,20.3701016903695,20.25,0.479372485441102,100,20.1560429928535,20.3439570071465,81.04,2.24697327284703,100,80.599593238522,81.480406761478,12.9951241258342,2.57879534739251,100,12.4896802377453,13.5005680139231,1,0,100,1,1,1,0,100,1,1,0.77,0.422952584681651,100,0.687101293402396,0.852898706597604,0.79,0.409360180740332,100,0.709765404574895,0.870234595425105
"sensitivity_dense_wide",100,200,"n=100, p=200","independent",20,"quantile_2","component_lasso_glmnet","not_applicable","active_coefficient_count_proxy_excluding_intercept",-0.0529361207897793,0.0740764232869916,100,-0.0674550997540297,-0.038417141825529,0.280320035847574,0.138285391544552,100,0.253216099104841,0.307423972590306,-0.0515672483694694,0.0550487763208896,100,-0.0623568085283638,-0.0407776882105751,0.472267882977017,0.21949506790321,100,0.429246849667988,0.515288916286047,0.458051461283034,0.0490546319916394,100,0.448436753412673,0.467666169153396,0.600176756263338,0.108323067044149,100,0.578945435122685,0.621408077403991,0.53710480400164,0.0643776691691667,100,0.524486780844483,0.549722827158797,20.25,0.479372485441102,100,20.1560429928535,20.3439570071465,20.3,0.541229427257326,100,20.1939190322576,20.4060809677424,20.25,0.479372485441102,100,20.1560429928535,20.3439570071465,22.89,1.68111915584875,100,22.5605006454536,23.2194993545464,22.89,1.68111915584875,100,22.5605006454536,23.2194993545464,1,0,100,1,1,1,0,100,1,1,0.77,0.422952584681651,100,0.687101293402396,0.852898706597604,0.74,0.440844002276808,100,0.653594575553746,0.826405424446254
"sensitivity_dense_wide",100,200,"n=100, p=200","independent",20,"quantile_2","parent_group_lasso_grpreg","equal_parent","grpreg_approximate_df_excluding_intercept",-0.100797652810415,0.0805307341322628,100,-0.116581676700339,-0.0850136289204916,0.271302063748614,0.135357953121999,100,0.244771904936703,0.297832222560526,-0.0795524413890358,0.0634254563419608,100,-0.0919838308320601,-0.0671210519460115,0.500411069662307,0.21969931476864,100,0.457350003967653,0.54347213535696,0.385542378206597,0.0555928146859832,100,0.374646186528144,0.39643856988505,0.505986663425889,0.0936996187545236,100,0.487621538150002,0.524351788701775,0.453203000032877,0.0684762766584668,100,0.439781649807817,0.466624350257936,20.25,0.479372485441102,100,20.1560429928535,20.3439570071465,20.24,0.514830559553826,100,20.1390932103274,20.3409067896725,20.25,0.479372485441102,100,20.1560429928535,20.3439570071465,40.48,1.02966111910765,100,40.2781864206549,40.6818135793451,8.35413232118741,1.39610302552757,100,8.080496128184,8.62776851419081,1,0,100,1,1,1,0,100,1,1,0.77,0.422952584681651,100,0.687101293402396,0.852898706597604,0.79,0.409360180740332,100,0.709765404574895,0.870234595425105
"sensitivity_dense_wide",100,200,"n=100, p=200","independent",20,"quantile_2","parent_group_lasso_grpreg","sqrt_group_size","grpreg_approximate_df_excluding_intercept",-0.100797652810415,0.0805307341322628,100,-0.116581676700339,-0.0850136289204916,0.271302063748615,0.135357953121999,100,0.244771904936703,0.297832222560526,-0.0795524413890358,0.0634254563419608,100,-0.0919838308320601,-0.0671210519460115,0.500411069662306,0.21969931476864,100,0.457350003967653,0.54347213535696,0.385542378206597,0.0555928146859832,100,0.374646186528144,0.39643856988505,0.505986663425889,0.0936996187545236,100,0.487621538150002,0.524351788701775,0.453203000032877,0.0684762766584668,100,0.439781649807817,0.466624350257936,20.25,0.479372485441102,100,20.1560429928535,20.3439570071465,20.24,0.514830559553826,100,20.1390932103274,20.3409067896725,20.25,0.479372485441102,100,20.1560429928535,20.3439570071465,40.48,1.02966111910765,100,40.2781864206549,40.6818135793451,8.3541323211874,1.39610302552757,100,8.080496128184,8.62776851419081,1,0,100,1,1,1,0,100,1,1,0.77,0.422952584681651,100,0.687101293402396,0.852898706597604,0.79,0.409360180740332,100,0.709765404574895,0.870234595425105
"sensitivity_dense_wide",100,200,"n=100, p=200","independent",20,"quantile_4","component_lasso_glmnet","not_applicable","active_coefficient_count_proxy_excluding_intercept",-0.209777584204413,0.106871158354056,100,-0.230724331241808,-0.188830837167019,0.569255027934741,0.198090752969684,100,0.530429240352683,0.608080815516799,-0.160284505552618,0.0799847645372641,100,-0.175961519401921,-0.144607491703314,0.924435216985614,0.286282584907356,100,0.868323830343772,0.980546603627456,0.261534193600921,0.0484924820421475,100,0.25202966712066,0.271038720081182,0.3333692831791,0.0825158057236444,100,0.317196185257266,0.349542381100935,0.335166969349581,0.0584743057864577,100,0.323706005415435,0.346627933283726,20.25,0.479372485441102,100,20.1560429928535,20.3439570071465,20.3,0.577350269189626,100,20.1868393472388,20.4131606527612,20.25,0.479372485441102,100,20.1560429928535,20.3439570071465,22.14,1.48405668437033,100,21.8491248898634,22.4308751101366,22.14,1.48405668437033,100,21.8491248898634,22.4308751101366,1,0,100,1,1,1,0,100,1,1,0.77,0.422952584681651,100,0.687101293402396,0.852898706597604,0.76,0.429234695990928,100,0.675869999585778,0.844130000414222
"sensitivity_dense_wide",100,200,"n=100, p=200","independent",20,"quantile_4","parent_group_lasso_grpreg","equal_parent","grpreg_approximate_df_excluding_intercept",-0.191405131453912,0.102003849347046,100,-0.211397885925933,-0.171412376981891,0.50233612269514,0.192179290229825,100,0.464668981810095,0.540003263580186,-0.159222557981416,0.0758681363854722,100,-0.174092712712968,-0.144352403249863,0.865922244702132,0.282078598086095,100,0.810634839477258,0.921209649927007,0.268163217275167,0.0544091537021589,100,0.257499023149543,0.27882741140079,0.337248588443049,0.0725922515440682,100,0.323020507140411,0.351476669745686,0.326274059769379,0.0545147135012041,100,0.315589175923143,0.336958943615615,20.25,0.479372485441102,100,20.1560429928535,20.3439570071465,20.25,0.557320429022713,100,20.1407651959115,20.3592348040885,20.25,0.479372485441102,100,20.1560429928535,20.3439570071465,81,2.22928171609085,100,80.5630607836462,81.4369392163538,13.5144765410565,2.87271909387167,100,12.9514235986576,14.0775294834553,1,0,100,1,1,1,0,100,1,1,0.77,0.422952584681651,100,0.687101293402396,0.852898706597604,0.78,0.416333199893227,100,0.698398692820928,0.861601307179072
"sensitivity_dense_wide",100,200,"n=100, p=200","independent",20,"quantile_4","parent_group_lasso_grpreg","sqrt_group_size","grpreg_approximate_df_excluding_intercept",-0.192425087108014,0.102645018636466,100,-0.212543510760761,-0.172306663455267,0.501425712015879,0.191973692226414,100,0.463798868339502,0.539052555692256,-0.159555891314749,0.0761219074027352,100,-0.174475785165685,-0.144635997463813,0.865803055029178,0.281977032540659,100,0.810535556651209,0.921070553407147,0.268205655993498,0.0544394234882845,100,0.257535528989795,0.278875782997202,0.335939660005019,0.0726146281463871,100,0.321707192888327,0.35017212712171,0.326274059769379,0.0545147135012041,100,0.315589175923143,0.336958943615615,20.25,0.479372485441102,100,20.1560429928535,20.3439570071465,20.19,0.394277244403663,100,20.1127216600969,20.2672783399031,20.25,0.479372485441102,100,20.1560429928535,20.3439570071465,80.76,1.57710897761465,100,80.4508866403875,81.0691133596125,13.2966986070157,2.6997332010069,100,12.7675508996184,13.8258463144131,1,0,100,1,1,1,0,100,1,1,0.77,0.422952584681651,100,0.687101293402396,0.852898706597604,0.81,0.394277244403663,100,0.732721660096882,0.887278339903118
"sensitivity_dense_wide",100,200,"n=100, p=200","independent",20,"quantile_8","component_lasso_glmnet","not_applicable","active_coefficient_count_proxy_excluding_intercept",-0.315984320557491,0.117265616827416,100,-0.338968381455665,-0.293000259659318,0.774565805296368,0.235766328150056,100,0.728355604978956,0.820776005613779,-0.248427992243963,0.0838930573104359,100,-0.264871031476808,-0.231984953011117,1.23626831130666,0.314618766439428,100,1.17460303308453,1.29793358952879,0.154010122200296,0.0510034499339039,100,0.144013446013251,0.164006798387341,0.196035848657322,0.066936588973573,100,0.182916277218502,0.209155420096142,0.226803872058791,0.0515135569915567,100,0.216707214888446,0.236900529229137,20.25,0.479372485441102,100,20.1560429928535,20.3439570071465,20.29,0.537389875963326,100,20.1846715843112,20.3953284156888,20.25,0.479372485441102,100,20.1560429928535,20.3439570071465,21.72,1.30329806973917,100,21.4645535783311,21.9754464216689,21.72,1.30329806973917,100,21.4645535783311,21.9754464216689,1,0,100,1,1,1,0,100,1,1,0.77,0.422952584681651,100,0.687101293402396,0.852898706597604,0.75,0.435194139889245,100,0.664701948581708,0.835298051418292
"sensitivity_dense_wide",100,200,"n=100, p=200","independent",20,"quantile_8","parent_group_lasso_grpreg","equal_parent","grpreg_approximate_df_excluding_intercept",-0.273949477351916,0.113248522068424,100,-0.296146187677328,-0.251752767026505,0.676944469444039,0.219891345394039,100,0.633845765746807,0.720043173141271,-0.225771020624008,0.0741254812002963,100,-0.240299614939267,-0.21124242630875,1.13042161702628,0.32799696326077,100,1.06613421222716,1.19470902182539,0.187230702684383,0.0554445473561561,100,0.176363571402576,0.198097833966189,0.242917642557157,0.0682006155747134,100,0.229550321904513,0.256284963209801,0.244541106488201,0.0424473987741022,100,0.236221416328477,0.252860796647925,20.25,0.479372485441102,100,20.1560429928535,20.3439570071465,20.26,0.440844002276808,100,20.1735945755537,20.3464054244463,20.25,0.479372485441102,100,20.1560429928535,20.3439570071465,162.08,3.52675201821446,100,161.38875660443,162.77124339557,22.810909814972,4.4502199471342,100,21.9386667053337,23.6831529246103,1,0,100,1,1,1,0,100,1,1,0.77,0.422952584681651,100,0.687101293402396,0.852898706597604,0.74,0.440844002276808,100,0.653594575553746,0.826405424446254
"sensitivity_dense_wide",100,200,"n=100, p=200","independent",20,"quantile_8","parent_group_lasso_grpreg","sqrt_group_size","grpreg_approximate_df_excluding_intercept",-0.273747386759582,0.115468664726999,100,-0.296379245046074,-0.25111552847309,0.677198493278184,0.218669287864806,100,0.634339312856682,0.720057673699686,-0.225771020624008,0.0741254812002963,100,-0.240299614939267,-0.21124242630875,1.13042161702626,0.327996963260759,100,1.06613421222715,1.19470902182537,0.187027836147965,0.0555862029432415,100,0.17613294037109,0.19792273192484,0.242176404221278,0.0659615956881265,100,0.229247931466406,0.255104876976151,0.244541106488201,0.0424473987741022,100,0.236221416328477,0.252860796647925,20.25,0.479372485441102,100,20.1560429928535,20.3439570071465,20.23,0.468287229478799,100,20.1382157030222,20.3217842969778,20.25,0.479372485441102,100,20.1560429928535,20.3439570071465,161.84,3.74629783583039,100,161.105725624177,162.574274375823,21.6815068095823,4.88976395447781,100,20.7231130745046,22.6399005446599,1,0,100,1,1,1,0,100,1,1,0.77,0.422952584681651,100,0.687101293402396,0.852898706597604,0.79,0.409360180740332,100,0.709765404574895,0.870234595425105
"sensitivity_dense_wide",500,100,"n=500, p=100","ar1_rho_0.5",10,"equal_width_4","component_lasso_glmnet","not_applicable","active_coefficient_count_proxy_excluding_intercept",-0.165714285714286,0.0849600722979951,100,-0.182366459884693,-0.149062111543879,0.666388294114545,0.257786645981012,100,0.615862111502267,0.716914476726823,-0.0101424731182796,0.026834618639944,100,-0.0154020583717086,-0.00488288786485054,0.558514072624034,0.165376504449773,100,0.526100277751879,0.590927867496189,0.345967392773265,0.0590636892965064,100,0.33439090967115,0.357543875875381,0.717481684981685,0.123311465664798,100,0.693312637711385,0.741650732251985,0.501378253488168,0.0810072606027386,100,0.485500830410031,0.517255676566305,10.03,0.171446607997765,100,9.99639646483244,10.0636035351676,10.03,0.171446607997765,100,9.99639646483244,10.0636035351676,10.03,0.171446607997765,100,9.99639646483244,10.0636035351676,20.54,3.39464819438427,100,19.8746489539007,21.2053510460993,20.54,3.39464819438427,100,19.8746489539007,21.2053510460993,1,0,100,1,1,1,0,100,1,1,0.97,0.171446607997765,100,0.936396464832438,1.00360353516756,0.97,0.171446607997765,100,0.936396464832438,1.00360353516756
"sensitivity_dense_wide",500,100,"n=500, p=100","ar1_rho_0.5",10,"equal_width_4","parent_group_lasso_grpreg","equal_parent","grpreg_approximate_df_excluding_intercept",-0.0294285714285714,0.053676232260744,100,-0.0399491129516772,-0.0189080299054656,0.0799393229754363,0.121419872343155,100,0.0561410279961779,0.103737617954695,-0.00498509286412512,0.0203074197297238,100,-0.00896534713115099,-0.00100483859709925,0.158361034054111,0.0490730041016292,100,0.148742725250192,0.16797934285803,0.367927535720055,0.061568117333195,100,0.355860184722749,0.379994886717362,0.939632867132867,0.101669691822854,100,0.919705607535588,0.959560126730146,0.545026794458803,0.0919478806942611,100,0.527005009842728,0.563048579074879,10.03,0.171446607997765,100,9.99639646483244,10.0636035351676,10.04,0.196946385566932,100,10.0013985084289,10.0786014915711,10.03,0.171446607997765,100,9.99639646483244,10.0636035351676,40.16,0.787785542267729,100,40.0055940337155,40.3144059662845,16.2167739743762,3.72952718531694,100,15.4857866460541,16.9477613026983,1,0,100,1,1,1,0,100,1,1,0.97,0.171446607997765,100,0.936396464832438,1.00360353516756,0.96,0.196946385566932,100,0.921398508428881,0.998601491571119
"sensitivity_dense_wide",500,100,"n=500, p=100","ar1_rho_0.5",10,"equal_width_4","parent_group_lasso_grpreg","sqrt_group_size","grpreg_approximate_df_excluding_intercept",-0.0224285714285714,0.0416251493838099,100,-0.0305871007077982,-0.0142700421493447,0.0929483536267623,0.1013100333178,100,0.0730915870964734,0.112805120157051,-0.00299315738025415,0.0157717650290551,100,-0.00608442332594896,9.81085654406569e-05,0.156830714380235,0.0479344545967584,100,0.14743556127927,0.166225867481199,0.371162398603087,0.0615601180040104,100,0.359096615474301,0.383228181731873,0.950681818181818,0.0832079851437453,100,0.934373053093644,0.966990583269992,0.548925769940538,0.0901546093796053,100,0.531255466502135,0.56659607337894,10.03,0.171446607997765,100,9.99639646483244,10.0636035351676,10.04,0.196946385566932,100,10.0013985084289,10.0786014915711,10.03,0.171446607997765,100,9.99639646483244,10.0636035351676,40.16,0.787785542267729,100,40.0055940337155,40.3144059662845,15.7794344517932,3.49038375770502,100,15.095319235283,16.4635496683034,1,0,100,1,1,1,0,100,1,1,0.97,0.171446607997765,100,0.936396464832438,1.00360353516756,0.96,0.196946385566932,100,0.921398508428881,0.998601491571119
"sensitivity_dense_wide",500,100,"n=500, p=100","ar1_rho_0.5",10,"quantile_2","component_lasso_glmnet","not_applicable","active_coefficient_count_proxy_excluding_intercept",-0.0257229437229437,0.0443470663509439,100,-0.0344149687277287,-0.0170309187181587,0.150348505057579,0.14221476315547,100,0.122474411479106,0.178222598636051,-0.000201612903225806,0.0126727045328995,100,-0.00268546299167411,0.0022822371852225,0.0870976987794612,0.0375101814574482,100,0.0797457032138013,0.094449694345121,0.588439919417506,0.054292702014321,100,0.577798549822699,0.599081289012312,0.944318181818182,0.0856380181484621,100,0.927533130261083,0.96110323337528,0.704804413300065,0.0962285875784398,100,0.685943610134691,0.72366521646544,10.03,0.171446607997765,100,9.99639646483244,10.0636035351676,10.05,0.261116483933547,100,9.99882116914902,10.101178830851,10.03,0.171446607997765,100,9.99639646483244,10.0636035351676,17.16,1.30050495243699,100,16.9051010293223,17.4148989706777,17.16,1.30050495243699,100,16.9051010293223,17.4148989706777,1,0,100,1,1,1,0,100,1,1,0.97,0.171446607997765,100,0.936396464832438,1.00360353516756,0.96,0.196946385566932,100,0.921398508428881,0.998601491571119
"sensitivity_dense_wide",500,100,"n=500, p=100","ar1_rho_0.5",10,"quantile_2","parent_group_lasso_grpreg","equal_parent","grpreg_approximate_df_excluding_intercept",-0.00352380952380952,0.0227077448802482,100,-0.00797452752033817,0.000926908472719129,0.0315729461673997,0.0567805432224315,100,0.0204439596958032,0.0427019326389963,-0.00274315738025415,0.0146701228962236,100,-0.00561850146791398,0.000132186707405679,0.0580490556605198,0.0244037917606646,100,0.0532659124754296,0.0628321988456101,0.508448951763836,0.0597823034400291,100,0.49673162028959,0.520166283238081,0.984545454545455,0.0466866974291157,100,0.975394861849348,0.993696047241561,0.659590043450913,0.103802210578724,100,0.639244810177483,0.679935276724343,10.03,0.171446607997765,100,9.99639646483244,10.0636035351676,10.02,0.14070529413629,100,9.99242176234929,10.0475782376507,10.03,0.171446607997765,100,9.99639646483244,10.0636035351676,20.04,0.281410588272579,100,19.9848435246986,20.0951564753014,8.33928642142171,1.87575146738117,100,7.971639133815,8.70693370902842,1,0,100,1,1,1,0,100,1,1,0.97,0.171446607997765,100,0.936396464832438,1.00360353516756,0.98,0.14070529413629,100,0.952421762349287,1.00757823765071
"sensitivity_dense_wide",500,100,"n=500, p=100","ar1_rho_0.5",10,"quantile_2","parent_group_lasso_grpreg","sqrt_group_size","grpreg_approximate_df_excluding_intercept",-0.00352380952380952,0.0227077448802482,100,-0.00797452752033817,0.000926908472719129,0.0315729461673996,0.0567805432224315,100,0.020443959695803,0.0427019326389962,-0.00274315738025415,0.0146701228962236,100,-0.00561850146791398,0.000132186707405679,0.0580490556605198,0.0244037917606645,100,0.0532659124754295,0.06283219884561,0.508448951763836,0.0597823034400291,100,0.49673162028959,0.520166283238081,0.984545454545455,0.0466866974291157,100,0.975394861849348,0.993696047241561,0.659590043450913,0.103802210578724,100,0.639244810177483,0.679935276724343,10.03,0.171446607997765,100,9.99639646483244,10.0636035351676,10.02,0.14070529413629,100,9.99242176234929,10.0475782376507,10.03,0.171446607997765,100,9.99639646483244,10.0636035351676,20.04,0.281410588272579,100,19.9848435246986,20.0951564753014,8.33928642142171,1.87575146738117,100,7.971639133815,8.70693370902842,1,0,100,1,1,1,0,100,1,1,0.97,0.171446607997765,100,0.936396464832438,1.00360353516756,0.98,0.14070529413629,100,0.952421762349287,1.00757823765071
"sensitivity_dense_wide",500,100,"n=500, p=100","ar1_rho_0.5",10,"quantile_4","component_lasso_glmnet","not_applicable","active_coefficient_count_proxy_excluding_intercept",-0.0840952380952381,0.0680446469786928,100,-0.0974319889030618,-0.0707584872874143,0.348004155885418,0.198110288716336,100,0.309174539297016,0.38683377247382,-0.00694892473118279,0.0217621849793219,100,-0.0112143129871299,-0.0026835364752357,0.325904116601095,0.085846637848211,100,0.309078175582846,0.342730057619345,0.374766014239641,0.0613590324689391,100,0.362739643875728,0.386792384603553,0.847861305361305,0.118770503364958,100,0.824582286701773,0.871140324020837,0.546443121229928,0.0844739592361883,100,0.529886225219635,0.563000017240221,10.03,0.171446607997765,100,9.99639646483244,10.0636035351676,10.06,0.238683256575942,100,10.0132180817111,10.1067819182889,10.03,0.171446607997765,100,9.99639646483244,10.0636035351676,17.11,2.112468994453,100,16.6959560770872,17.5240439229128,17.11,2.112468994453,100,16.6959560770872,17.5240439229128,1,0,100,1,1,1,0,100,1,1,0.97,0.171446607997765,100,0.936396464832438,1.00360353516756,0.94,0.238683256575942,100,0.893218081711115,0.986781918288885
"sensitivity_dense_wide",500,100,"n=500, p=100","ar1_rho_0.5",10,"quantile_4","parent_group_lasso_grpreg","equal_parent","grpreg_approximate_df_excluding_intercept",-0.0363333333333333,0.0572616010107954,100,-0.0475566071314492,-0.0251100595352174,0.0717389917466663,0.119525678447502,100,0.0483119587709559,0.0951660247223767,-0.00326344086021505,0.0190081323722597,100,-0.00698903480517795,0.000462153084747848,0.158452358119527,0.0475923915183234,100,0.149124249381936,0.167780466857119,0.363542709746025,0.0620420217184089,100,0.351382473489217,0.375702946002833,0.928560606060606,0.101720726887789,100,0.908623343590599,0.948497868530613,0.546869480274597,0.0870585521166728,100,0.529806004059729,0.563932956489465,10.03,0.171446607997765,100,9.99639646483244,10.0636035351676,10.04,0.196946385566932,100,10.0013985084289,10.0786014915711,10.03,0.171446607997765,100,9.99639646483244,10.0636035351676,40.16,0.787785542267729,100,40.0055940337155,40.3144059662845,16.4264387504138,3.78559614839751,100,15.6844619053279,17.1684155954998,1,0,100,1,1,1,0,100,1,1,0.97,0.171446607997765,100,0.936396464832438,1.00360353516756,0.96,0.196946385566932,100,0.921398508428881,0.998601491571119
"sensitivity_dense_wide",500,100,"n=500, p=100","ar1_rho_0.5",10,"quantile_4","parent_group_lasso_grpreg","sqrt_group_size","grpreg_approximate_df_excluding_intercept",-0.029,0.0461589276530031,100,-0.0380471498199886,-0.0199528501800114,0.0886474310222346,0.0966710548018359,100,0.0696999042810748,0.107594957763394,-0.000618279569892473,0.013996107033675,100,-0.00336151654849278,0.00212495740870783,0.15803890083421,0.0455665553330934,100,0.149107855988923,0.166969945679496,0.36655936382842,0.0607612759698635,100,0.354650153738327,0.378468573918513,0.93719696969697,0.0912419614955811,100,0.919313545243836,0.955080394150104,0.55018679603674,0.085306022363302,100,0.533466815653533,0.566906776419948,10.03,0.171446607997765,100,9.99639646483244,10.0636035351676,10.03,0.171446607997765,100,9.99639646483244,10.0636035351676,10.03,0.171446607997765,100,9.99639646483244,10.0636035351676,40.12,0.685786431991061,100,39.9855858593298,40.2544141406702,15.870096592636,3.47517473766459,100,15.1889623440537,16.5512308412182,1,0,100,1,1,1,0,100,1,1,0.97,0.171446607997765,100,0.936396464832438,1.00360353516756,0.97,0.171446607997765,100,0.936396464832438,1.00360353516756
"sensitivity_dense_wide",500,100,"n=500, p=100","ar1_rho_0.5",10,"quantile_8","component_lasso_glmnet","not_applicable","active_coefficient_count_proxy_excluding_intercept",-0.172666666666667,0.0841028035711038,100,-0.189150816166603,-0.15618251716673,0.703910321047068,0.258628976721478,100,0.653219041609658,0.754601600484477,-0.0290067204301075,0.0417949771070397,100,-0.0371985359430873,-0.0208149049171277,0.82295443409819,0.167291746759424,100,0.790165251733343,0.855743616463037,0.267580843264441,0.0634025081915896,100,0.25515395165889,0.280007734869993,0.704458041958042,0.123712029489368,100,0.680210484178126,0.728705599737958,0.453858546940638,0.081005631136663,100,0.437981443237852,0.469735650643424,10.03,0.171446607997765,100,9.99639646483244,10.0636035351676,10.16,0.368452949177471,100,10.0877832219612,10.2322167780388,10.03,0.171446607997765,100,9.99639646483244,10.0636035351676,18.43,2.89986067237582,100,17.8616273082143,18.9983726917857,18.43,2.89986067237582,100,17.8616273082143,18.9983726917857,1,0,100,1,1,1,0,100,1,1,0.97,0.171446607997765,100,0.936396464832438,1.00360353516756,0.84,0.368452949177471,100,0.767783221961216,0.912216778038784
"sensitivity_dense_wide",500,100,"n=500, p=100","ar1_rho_0.5",10,"quantile_8","parent_group_lasso_grpreg","equal_parent","grpreg_approximate_df_excluding_intercept",-0.133865800865801,0.0748643292023569,100,-0.148539209389463,-0.119192392342139,0.0624250200998124,0.171299138209878,100,0.0288503890106763,0.0959996511889485,-0.0322096774193548,0.0414051154936327,100,-0.0403250800561068,-0.0240942747826028,0.332855889634381,0.0927324201849636,100,0.314680335278128,0.351031443990634,0.291060415586883,0.0659541773919044,100,0.27813339681807,0.303987434355697,0.761043123543124,0.117000330532205,100,0.738111058758811,0.783975188327436,0.473456877927721,0.0815868307875172,100,0.457465859093367,0.489447896762074,10.03,0.171446607997765,100,9.99639646483244,10.0636035351676,10.15,0.385992097056273,100,10.074345548977,10.225654451023,10.03,0.171446607997765,100,9.99639646483244,10.0636035351676,81.2,3.08793677645018,100,80.5947643918158,81.8052356081842,35.466645731175,4.85477998983124,100,34.5151088531681,36.4181826091819,1,0,100,1,1,1,0,100,1,1,0.97,0.171446607997765,100,0.936396464832438,1.00360353516756,0.86,0.348735088019777,100,0.791647922748124,0.928352077251876
"sensitivity_dense_wide",500,100,"n=500, p=100","ar1_rho_0.5",10,"quantile_8","parent_group_lasso_grpreg","sqrt_group_size","grpreg_approximate_df_excluding_intercept",-0.0563333333333333,0.0534353410171712,100,-0.0668066601726989,-0.0458600064939678,0.20485415152208,0.134116985871994,100,0.178567222291169,0.23114108075299,-0.00507514662756598,0.0219457943333125,100,-0.00937652231689522,-0.000773770938236736,0.344117726802494,0.0845796695886548,100,0.327540111563118,0.36069534204187,0.302379035673631,0.0640442614154939,100,0.289826360436194,0.314931710911067,0.88539627039627,0.104704056225356,100,0.864874275376101,0.90591826541644,0.494727656726306,0.0781700095995835,100,0.479406334844788,0.510048978607824,10.03,0.171446607997765,100,9.99639646483244,10.0636035351676,10.06,0.238683256575942,100,10.0132180817111,10.1067819182889,10.03,0.171446607997765,100,9.99639646483244,10.0636035351676,80.48,1.90946605260754,100,80.1057446536889,80.8542553463111,28.230151275718,6.11383496283869,100,27.0318396230016,29.4284629284344,1,0,100,1,1,1,0,100,1,1,0.97,0.171446607997765,100,0.936396464832438,1.00360353516756,0.94,0.238683256575942,100,0.893218081711115,0.986781918288885
"sensitivity_dense_wide",500,100,"n=500, p=100","ar1_rho_0.9",10,"equal_width_4","component_lasso_glmnet","not_applicable","active_coefficient_count_proxy_excluding_intercept",-0.30765367965368,0.132228400857913,100,-0.333570446221831,-0.281736913085529,0.72820476326596,0.282484486610188,100,0.672837803890363,0.783571722641556,-0.213127688172043,0.0796807515476629,100,-0.228745115475385,-0.197510260868701,0.890070435330568,0.266565876579463,100,0.837823523520993,0.942317347140143,0.236088461488379,0.0618550056667705,100,0.223964880377692,0.248212042599066,0.349635192808567,0.118215666095731,100,0.326464922253804,0.372805463363331,0.353674480094947,0.0827813108192744,100,0.337449343174369,0.369899617015525,10.12,0.356186309210063,100,10.0501874833948,10.1898125166052,10.19,0.394277244403663,100,10.1127216600969,10.2672783399031,10.12,0.356186309210063,100,10.0501874833948,10.1898125166052,13.61,2.34367836590866,100,13.1506390402819,14.0693609597181,13.61,2.34367836590866,100,13.1506390402819,14.0693609597181,1,0,100,1,1,1,0,100,1,1,0.89,0.31446603773522,100,0.828364656603897,0.951635343396103,0.81,0.394277244403663,100,0.732721660096882,0.887278339903118
"sensitivity_dense_wide",500,100,"n=500, p=100","ar1_rho_0.9",10,"equal_width_4","parent_group_lasso_grpreg","equal_parent","grpreg_approximate_df_excluding_intercept",-0.113324675324675,0.106629855188615,100,-0.134224126941644,-0.0924252237077067,0.07747704886107,0.148426954968722,100,0.0483853656872004,0.10656873203494,-0.1250130742913,0.0797848860393266,100,-0.140650911955008,-0.109375236627592,0.278292724525454,0.126813872352117,100,0.25343720554444,0.303148243506469,0.301351489452677,0.0683289955269013,100,0.287959006329404,0.314743972575949,0.653088078588079,0.151933166623957,100,0.623309177929783,0.682866979246374,0.499173931658624,0.117740059985167,100,0.476096879901531,0.522250983415717,10.12,0.356186309210063,100,10.0501874833948,10.1898125166052,10.15,0.411329453348431,100,10.0693794271437,10.2306205728563,10.12,0.356186309210063,100,10.0501874833948,10.1898125166052,40.6,1.64531781339372,100,40.2775177085748,40.9224822914252,12.0505417914448,3.24314172234607,100,11.4148860138649,12.6861975690246,1,0,100,1,1,1,0,100,1,1,0.89,0.31446603773522,100,0.828364656603897,0.951635343396103,0.87,0.337997668989631,100,0.803752456878032,0.936247543121968
"sensitivity_dense_wide",500,100,"n=500, p=100","ar1_rho_0.9",10,"equal_width_4","parent_group_lasso_grpreg","sqrt_group_size","grpreg_approximate_df_excluding_intercept",-0.0648138528138528,0.0866229742043847,100,-0.0817919557579122,-0.0478357498697934,0.132439110718543,0.127573094752438,100,0.107434784147065,0.157443437290021,-0.080936339198436,0.0643136055664798,100,-0.093541805889466,-0.0683308725074059,0.259576225236336,0.11411386080429,100,0.237209908518695,0.281942541953976,0.324093190595108,0.0646156154254675,100,0.311428529971716,0.336757851218499,0.736441058941059,0.148355718193717,100,0.70736333817509,0.765518779707028,0.550268199432522,0.106283006075939,100,0.529436730241638,0.571099668623406,10.12,0.356186309210063,100,10.0501874833948,10.1898125166052,10.08,0.307482445914323,100,10.0197334406008,10.1402665593992,10.12,0.356186309210063,100,10.0501874833948,10.1898125166052,40.32,1.22992978365729,100,40.0789337624032,40.5610662375968,10.414909159003,2.96365707420856,100,9.83403237245808,10.9957859455478,1,0,100,1,1,1,0,100,1,1,0.89,0.31446603773522,100,0.828364656603897,0.951635343396103,0.93,0.256432399976243,100,0.879739249604656,0.980260750395344
"sensitivity_dense_wide",500,100,"n=500, p=100","ar1_rho_0.9",10,"quantile_2","component_lasso_glmnet","not_applicable","active_coefficient_count_proxy_excluding_intercept",-0.113606060606061,0.093248089721799,100,-0.131882686191533,-0.095329435020588,0.279931884521245,0.210713810798309,100,0.238631977604776,0.321231791437713,-0.0632688172043011,0.0612695911386033,100,-0.0752776570674673,-0.0512599773411348,0.259705506240067,0.147213167895635,100,0.230851725332523,0.288559287147612,0.484175112890738,0.0594483526511561,100,0.472523235771111,0.495826990010364,0.640205294705295,0.140210450241248,100,0.61272404645801,0.667686542952579,0.594963069516968,0.0924534793084232,100,0.576842187572517,0.613083951461418,10.12,0.356186309210063,100,10.0501874833948,10.1898125166052,10.09,0.287623491264661,100,10.0336257957121,10.1463742042879,10.12,0.356186309210063,100,10.0501874833948,10.1898125166052,13.69,1.34611299749323,100,13.4261618524913,13.9538381475087,13.69,1.34611299749323,100,13.4261618524913,13.9538381475087,1,0,100,1,1,1,0,100,1,1,0.89,0.31446603773522,100,0.828364656603897,0.951635343396103,0.91,0.287623491264661,100,0.853625795712126,0.966374204287874
"sensitivity_dense_wide",500,100,"n=500, p=100","ar1_rho_0.9",10,"quantile_2","parent_group_lasso_grpreg","equal_parent","grpreg_approximate_df_excluding_intercept",-0.0167489177489178,0.0576966926013394,100,-0.0280574694987803,-0.00544036599905524,0.0204629691015484,0.074902666708728,100,0.00578204642663773,0.0351438917764591,-0.0285065982404692,0.0471915078555217,100,-0.0377561337801514,-0.019257062700787,0.090245476937447,0.0534716313763975,100,0.079765037187673,0.100725916687221,0.477276165552302,0.0668403325719153,100,0.464175460368207,0.490376870736398,0.867179487179487,0.119565708488917,100,0.84374460831566,0.890614366043315,0.700892182535661,0.112735030906146,100,0.678796116478056,0.722988248593265,10.12,0.356186309210063,100,10.0501874833948,10.1898125166052,10.05,0.21904291355759,100,10.0070675889427,10.0929324110573,10.12,0.356186309210063,100,10.0501874833948,10.1898125166052,20.1,0.438085827115181,100,20.0141351778854,20.1858648221146,6.3937190128003,2.00293214121396,100,6.00114431312237,6.78629371247824,1,0,100,1,1,1,0,100,1,1,0.89,0.31446603773522,100,0.828364656603897,0.951635343396103,0.95,0.21904291355759,100,0.907067588942712,0.992932411057288
"sensitivity_dense_wide",500,100,"n=500, p=100","ar1_rho_0.9",10,"quantile_2","parent_group_lasso_grpreg","sqrt_group_size","grpreg_approximate_df_excluding_intercept",-0.0140822510822511,0.058794971169061,100,-0.025606065431387,-0.00255843673311513,0.0231642329380687,0.073056405075333,100,0.00884517754330341,0.037483288332834,-0.0273238025415445,0.0462247916800193,100,-0.0363838617108282,-0.0182637433722607,0.0900408625102286,0.0537413365397479,100,0.079507560548438,0.100574164472019,0.479359835084658,0.0651395215495902,100,0.466592488860938,0.492127181308378,0.872703962703963,0.115522070021936,100,0.850061636979663,0.895346288428262,0.704814023014023,0.111819840524837,100,0.682897334271155,0.726730711756891,10.12,0.356186309210063,100,10.0501874833948,10.1898125166052,10.06,0.238683256575942,100,10.0132180817111,10.1067819182889,10.12,0.356186309210063,100,10.0501874833948,10.1898125166052,20.12,0.477366513151884,100,20.0264361634222,20.2135638365778,6.32821537708717,1.95657025681503,100,5.94472760675143,6.71170314742292,1,0,100,1,1,1,0,100,1,1,0.89,0.31446603773522,100,0.828364656603897,0.951635343396103,0.94,0.238683256575942,100,0.893218081711115,0.986781918288885
"sensitivity_dense_wide",500,100,"n=500, p=100","ar1_rho_0.9",10,"quantile_4","component_lasso_glmnet","not_applicable","active_coefficient_count_proxy_excluding_intercept",-0.188658008658009,0.110297822030148,100,-0.210276381775918,-0.1670396355401,0.499556332871143,0.228429241514881,100,0.454784201534227,0.54432846420806,-0.145655913978495,0.0844694650649655,100,-0.162211929131228,-0.129099898825761,0.547076410512939,0.202676106523492,100,0.507351893634334,0.586800927391543,0.275710172592592,0.0611331562005091,100,0.263728073977292,0.287692271207892,0.503434391588803,0.132912855304614,100,0.477383471949099,0.529485311228508,0.437814550626731,0.100113456540998,100,0.418192313144695,0.457436788108766,10.12,0.356186309210063,100,10.0501874833948,10.1898125166052,10.19,0.442559132612339,100,10.103258410008,10.276741589992,10.12,0.356186309210063,100,10.0501874833948,10.1898125166052,13.33,1.44288571686021,100,13.0471943994954,13.6128056005046,13.33,1.44288571686021,100,13.0471943994954,13.6128056005046,1,0,100,1,1,1,0,100,1,1,0.89,0.31446603773522,100,0.828364656603897,0.951635343396103,0.83,0.377525168068637,100,0.756005067058547,0.903994932941453
"sensitivity_dense_wide",500,100,"n=500, p=100","ar1_rho_0.9",10,"quantile_4","parent_group_lasso_grpreg","equal_parent","grpreg_approximate_df_excluding_intercept",-0.117606060606061,0.107302077292217,100,-0.138637267755335,-0.096574853456786,0.0805012888414663,0.152400610354985,100,0.0506307692118892,0.110371808471043,-0.12120637829912,0.0840810042786659,100,-0.137686255137739,-0.104726501460502,0.277553888644844,0.122990381253334,100,0.253447773919191,0.301660003370498,0.282458147568892,0.0640941789375775,100,0.269895688497127,0.295020606640657,0.646361765685295,0.170569747059695,100,0.612930095261595,0.679793436108995,0.492705005669146,0.119830015508958,100,0.46921832262939,0.516191688708902,10.12,0.356186309210063,100,10.0501874833948,10.1898125166052,10.15,0.358870281282637,100,10.0796614248686,10.2203385751314,10.12,0.356186309210063,100,10.0501874833948,10.1898125166052,40.6,1.43548112513055,100,40.3186456994744,40.8813543005256,11.8848219608528,3.00605192302652,100,11.2956357839396,12.474008137766,1,0,100,1,1,1,0,100,1,1,0.89,0.31446603773522,100,0.828364656603897,0.951635343396103,0.85,0.358870281282637,100,0.779661424868603,0.920338575131397
"sensitivity_dense_wide",500,100,"n=500, p=100","ar1_rho_0.9",10,"quantile_4","parent_group_lasso_grpreg","sqrt_group_size","grpreg_approximate_df_excluding_intercept",-0.0683679653679654,0.0916116613593788,100,-0.0863238509944036,-0.0504120797415271,0.139602500807809,0.155653997102908,100,0.109094317375639,0.170110684239979,-0.0787956989247312,0.0636540637922461,100,-0.0912718954280114,-0.0663195024214509,0.270406579243095,0.114116443519836,100,0.248039756313208,0.292773402172983,0.304888718131983,0.0611586899516374,100,0.292901614901463,0.316875821362504,0.72038344988345,0.163512235451187,100,0.688335051735017,0.752431848031883,0.532914441714705,0.104343847437245,100,0.512463047617005,0.553365835812405,10.12,0.356186309210063,100,10.0501874833948,10.1898125166052,10.14,0.348735088019777,100,10.0716479227481,10.2083520772519,10.12,0.356186309210063,100,10.0501874833948,10.1898125166052,40.56,1.39494035207911,100,40.2865916909925,40.8334083090075,10.3332468275293,3.00248305188351,100,9.74476014936018,10.9217335056985,1,0,100,1,1,1,0,100,1,1,0.89,0.31446603773522,100,0.828364656603897,0.951635343396103,0.86,0.348735088019777,100,0.791647922748124,0.928352077251876
"sensitivity_dense_wide",500,100,"n=500, p=100","ar1_rho_0.9",10,"quantile_8","component_lasso_glmnet","not_applicable","active_coefficient_count_proxy_excluding_intercept",-0.296350649350649,0.11726073610975,100,-0.31933375362816,-0.273367545073138,0.726121648004067,0.274840832762786,100,0.672252844782561,0.779990451225573,-0.233879664769133,0.0836446552611299,100,-0.250274017200315,-0.217485312337952,0.916991287711166,0.233365955102252,100,0.871251560511125,0.962731014911208,0.201170432149009,0.0605297842867884,100,0.189306594428798,0.21303426986922,0.372428194354665,0.112675265358404,100,0.350343842344418,0.394512546364912,0.350972042984152,0.0823189102738747,100,0.334837536570473,0.367106549397831,10.12,0.356186309210063,100,10.0501874833948,10.1898125166052,10.17,0.403394686042433,100,10.0909346415357,10.2490653584643,10.12,0.356186309210063,100,10.0501874833948,10.1898125166052,13.39,2.27367455006119,100,12.944359788188,13.835640211812,13.39,2.27367455006119,100,12.944359788188,13.835640211812,1,0,100,1,1,1,0,100,1,1,0.89,0.31446603773522,100,0.828364656603897,0.951635343396103,0.84,0.368452949177471,100,0.767783221961216,0.912216778038784
"sensitivity_dense_wide",500,100,"n=500, p=100","ar1_rho_0.9",10,"quantile_8","parent_group_lasso_grpreg","equal_parent","grpreg_approximate_df_excluding_intercept",-0.191155844155844,0.124978560967622,100,-0.215651642105498,-0.16666004620619,0.194062243110729,0.188548035818451,100,0.157106828090313,0.231017658131145,-0.177290322580645,0.0853268738993184,100,-0.194014389864912,-0.160566255296379,0.436584007781284,0.139783167833231,100,0.409186506885971,0.463981508676597,0.230879033532021,0.0660994788584598,100,0.217923535675763,0.243834531388279,0.524870323304147,0.154766995993127,100,0.494535992089494,0.5552046545188,0.419498556187282,0.105901623149294,100,0.398741838050021,0.440255274324544,10.12,0.356186309210063,100,10.0501874833948,10.1898125166052,10.17,0.403394686042433,100,10.0909346415357,10.2490653584643,10.12,0.356186309210063,100,10.0501874833948,10.1898125166052,81.36,3.22715748833946,100,80.7274771322855,81.9925228677145,20.8050989911708,4.81728051887723,100,19.8609120094708,21.7492859728707,1,0,100,1,1,1,0,100,1,1,0.89,0.31446603773522,100,0.828364656603897,0.951635343396103,0.84,0.368452949177471,100,0.767783221961216,0.912216778038784
"sensitivity_dense_wide",500,100,"n=500, p=100","ar1_rho_0.9",10,"quantile_8","parent_group_lasso_grpreg","sqrt_group_size","grpreg_approximate_df_excluding_intercept",-0.129320346320346,0.109971064232946,100,-0.150874674910004,-0.107766017730689,0.267124165216564,0.186987140368709,100,0.230474685704297,0.303773644728831,-0.127224462365591,0.0815733382840644,100,-0.143212836669268,-0.111236088061915,0.441217015114356,0.146973113089376,100,0.412410284948838,0.470023745279874,0.252760878158021,0.0642902596019992,100,0.240159987276029,0.265361769040012,0.606328671328671,0.141368348047879,100,0.578620475111287,0.634036867546056,0.468714610380865,0.0991714466116685,100,0.449277006844978,0.488152213916752,10.12,0.356186309210063,100,10.0501874833948,10.1898125166052,10.11,0.31446603773522,100,10.0483646566039,10.1716353433961,10.12,0.356186309210063,100,10.0501874833948,10.1898125166052,80.88,2.51572830188176,100,80.3869172528312,81.3730827471688,16.5650764051055,4.62186807093677,100,15.6591902632019,17.4709625470091,1,0,100,1,1,1,0,100,1,1,0.89,0.31446603773522,100,0.828364656603897,0.951635343396103,0.89,0.31446603773522,100,0.828364656603897,0.951635343396103
"sensitivity_dense_wide",500,100,"n=500, p=100","block",10,"equal_width_4","component_lasso_glmnet","not_applicable","active_coefficient_count_proxy_excluding_intercept",-0.348584415584416,0.107427624630027,100,-0.369640230011901,-0.32752860115693,0.875920486144389,0.250055177216357,100,0.826909671409983,0.924931300878795,-0.219380376344086,0.078996268796869,100,-0.234863645028272,-0.2038971076599,0.948740179549966,0.264095736908475,100,0.896977415115905,1.00050294398403,0.222483451247764,0.0627855676674239,100,0.210177479984949,0.234789422510579,0.336054469223587,0.0950490636543375,100,0.317424852747337,0.354684085699837,0.352758649435316,0.0786518298725869,100,0.337342890780289,0.368174408090343,10.1,0.333333333333333,100,10.0346666666667,10.1653333333333,10.16,0.394917201397452,100,10.0825962285261,10.2374037714739,10.1,0.333333333333333,100,10.0346666666667,10.1653333333333,13.36,2.09144481498829,100,12.9500768162623,13.7699231837377,13.36,2.09144481498829,100,12.9500768162623,13.7699231837377,1,0,100,1,1,1,0,100,1,1,0.91,0.287623491264661,100,0.853625795712126,0.966374204287874,0.85,0.358870281282637,100,0.779661424868603,0.920338575131397
"sensitivity_dense_wide",500,100,"n=500, p=100","block",10,"equal_width_4","parent_group_lasso_grpreg","equal_parent","grpreg_approximate_df_excluding_intercept",-0.110220779220779,0.0926362972259505,100,-0.128377493477066,-0.092064064964493,0.111761491138943,0.155574296379112,100,0.0812689290486371,0.142254053229249,-0.110970430107527,0.0773828373106342,100,-0.126137466220411,-0.0958033939946426,0.236678880161467,0.100512026934964,100,0.216978522882214,0.25637923744072,0.301810894494619,0.0665893569909069,100,0.288759380524401,0.314862408464837,0.689729104229104,0.131437424166925,100,0.663967369092387,0.715490839365822,0.528398419046222,0.121937675516197,100,0.504498634645048,0.552298203447397,10.1,0.333333333333333,100,10.0346666666667,10.1653333333333,10.17,0.377525168068637,100,10.0960050670585,10.2439949329415,10.1,0.333333333333333,100,10.0346666666667,10.1653333333333,40.68,1.51010067227455,100,40.3840202682342,40.9759797317658,13.1846888706528,3.08938537167009,100,12.5791693378055,13.7902084035002,1,0,100,1,1,1,0,100,1,1,0.91,0.287623491264661,100,0.853625795712126,0.966374204287874,0.83,0.377525168068637,100,0.756005067058547,0.903994932941453
"sensitivity_dense_wide",500,100,"n=500, p=100","block",10,"equal_width_4","parent_group_lasso_grpreg","sqrt_group_size","grpreg_approximate_df_excluding_intercept",-0.056943722943723,0.081068535583656,100,-0.0728331559181196,-0.0410542899693264,0.155060239018029,0.134832768504749,100,0.128633016391098,0.18148746164496,-0.080247311827957,0.0613025549722652,100,-0.0922626126025209,-0.068232011053393,0.228380556441245,0.0905373598222783,100,0.210635233916078,0.246125878966411,0.316738382672257,0.064371120787336,100,0.30412164299794,0.329355122346575,0.75715367965368,0.142331377115126,100,0.729256729739115,0.785050629568244,0.560845326029064,0.119041722709845,100,0.537513148377934,0.584177503680194,10.1,0.333333333333333,100,10.0346666666667,10.1653333333333,10.16,0.443129367525598,100,10.073146643965,10.246853356035,10.1,0.333333333333333,100,10.0346666666667,10.1653333333333,40.64,1.77251747010239,100,40.2925865758599,40.9874134241401,11.8897702754379,3.06329230379234,100,11.2893649838946,12.4901755669812,1,0,100,1,1,1,0,100,1,1,0.91,0.287623491264661,100,0.853625795712126,0.966374204287874,0.87,0.337997668989631,100,0.803752456878032,0.936247543121968
"sensitivity_dense_wide",500,100,"n=500, p=100","block",10,"quantile_2","component_lasso_glmnet","not_applicable","active_coefficient_count_proxy_excluding_intercept",-0.0945541125541126,0.0798409920897409,100,-0.110202947003702,-0.0789052781045234,0.298328592150956,0.158952822031489,100,0.267173839032784,0.329483345269128,-0.0631532258064516,0.0538633704604294,100,-0.0737104464166958,-0.0525960051962075,0.215645699161796,0.130278265777713,100,0.190111159069365,0.241180239254228,0.519144573847409,0.054569921165968,100,0.508448869298879,0.529840278395939,0.683211038961039,0.134587560719459,100,0.656831877060025,0.709590200862053,0.611056723001026,0.097298716615116,100,0.591986174544463,0.630127271457589,10.1,0.333333333333333,100,10.0346666666667,10.1653333333333,10.06,0.238683256575942,100,10.0132180817111,10.1067819182889,10.1,0.333333333333333,100,10.0346666666667,10.1653333333333,14.66,1.51237321031309,100,14.3635748507786,14.9564251492214,14.66,1.51237321031309,100,14.3635748507786,14.9564251492214,1,0,100,1,1,1,0,100,1,1,0.91,0.287623491264661,100,0.853625795712126,0.966374204287874,0.94,0.238683256575942,100,0.893218081711115,0.986781918288885
"sensitivity_dense_wide",500,100,"n=500, p=100","block",10,"quantile_2","parent_group_lasso_grpreg","equal_parent","grpreg_approximate_df_excluding_intercept",-0.0145714285714286,0.0542342143671011,100,-0.0252013345873804,-0.00394152255547676,0.0515600914420392,0.076291541124464,100,0.0366069493816443,0.0665132335024342,-0.0353319892473118,0.0421583302050622,100,-0.043595021967504,-0.0270689565271196,0.0908044012647692,0.0494957228985343,100,0.0811032395766565,0.100505562952882,0.482074440974921,0.0584900437057974,100,0.470610392408585,0.493538489541257,0.888315850815851,0.103003347889094,100,0.868127194629589,0.908504507002113,0.68096460223934,0.12714378779029,100,0.656044419832443,0.705884784646237,10.1,0.333333333333333,100,10.0346666666667,10.1653333333333,10.08,0.307482445914323,100,10.0197334406008,10.1402665593992,10.1,0.333333333333333,100,10.0346666666667,10.1653333333333,20.16,0.614964891828646,100,20.0394668812016,20.2805331187984,7.06546901017748,1.94842936225788,100,6.68357685517493,7.44736116518002,1,0,100,1,1,1,0,100,1,1,0.91,0.287623491264661,100,0.853625795712126,0.966374204287874,0.93,0.256432399976243,100,0.879739249604656,0.980260750395344
"sensitivity_dense_wide",500,100,"n=500, p=100","block",10,"quantile_2","parent_group_lasso_grpreg","sqrt_group_size","grpreg_approximate_df_excluding_intercept",-0.0145714285714286,0.0542342143671011,100,-0.0252013345873804,-0.00394152255547676,0.0515600914420394,0.076291541124464,100,0.0366069493816445,0.0665132335024344,-0.0353319892473118,0.0421583302050622,100,-0.043595021967504,-0.0270689565271196,0.0909050711154525,0.0494450063327275,100,0.0812138498742379,0.100596292356667,0.482200904721048,0.0586326090251794,100,0.470708913352112,0.493692896089983,0.888315850815851,0.103003347889094,100,0.868127194629589,0.908504507002113,0.68096460223934,0.12714378779029,100,0.656044419832443,0.705884784646237,10.1,0.333333333333333,100,10.0346666666667,10.1653333333333,10.08,0.307482445914323,100,10.0197334406008,10.1402665593992,10.1,0.333333333333333,100,10.0346666666667,10.1653333333333,20.16,0.614964891828646,100,20.0394668812016,20.2805331187984,7.06546901017747,1.94842936225788,100,6.68357685517493,7.44736116518002,1,0,100,1,1,1,0,100,1,1,0.91,0.287623491264661,100,0.853625795712126,0.966374204287874,0.93,0.256432399976243,100,0.879739249604656,0.980260750395344
"sensitivity_dense_wide",500,100,"n=500, p=100","block",10,"quantile_4","component_lasso_glmnet","not_applicable","active_coefficient_count_proxy_excluding_intercept",-0.214601731601732,0.108174265113475,100,-0.235803887563973,-0.19339957563949,0.595765491370801,0.219590614647669,100,0.552725730899858,0.638805251841744,-0.140216397849462,0.0646377720730269,100,-0.152885401175776,-0.127547394523149,0.583914202974426,0.195858238217321,100,0.545525988283831,0.622302417665021,0.279326857839547,0.0543280239304436,100,0.26867856514918,0.289975150529914,0.503413921862451,0.127666916449073,100,0.478391206238433,0.52843663748647,0.447321865564913,0.0765863327158514,100,0.432310944352606,0.46233278677722,10.1,0.333333333333333,100,10.0346666666667,10.1653333333333,10.15,0.358870281282637,100,10.0796614248686,10.2203385751314,10.1,0.333333333333333,100,10.0346666666667,10.1653333333333,13.48,1.25914834132224,100,13.2332069251008,13.7267930748992,13.48,1.25914834132224,100,13.2332069251008,13.7267930748992,1,0,100,1,1,1,0,100,1,1,0.91,0.287623491264661,100,0.853625795712126,0.966374204287874,0.85,0.358870281282637,100,0.779661424868603,0.920338575131397
"sensitivity_dense_wide",500,100,"n=500, p=100","block",10,"quantile_4","parent_group_lasso_grpreg","equal_parent","grpreg_approximate_df_excluding_intercept",-0.117385281385281,0.0982079554632437,100,-0.136634040656077,-0.0981365221144857,0.111815914991097,0.144761144974562,100,0.0834427305760833,0.140189099406112,-0.122572580645161,0.0737736932219833,100,-0.13703222451667,-0.108112936773653,0.251354058314378,0.0946230594341324,100,0.232807938665288,0.269900177963468,0.292169847068035,0.074386372899037,100,0.277590117979824,0.306749576156247,0.681295655325067,0.157626506672392,100,0.650400860017278,0.712190450632856,0.511508619347471,0.119209432297354,100,0.48814357061719,0.534873668077752,10.1,0.333333333333333,100,10.0346666666667,10.1653333333333,10.1,0.333333333333333,100,10.0346666666667,10.1653333333333,10.1,0.333333333333333,100,10.0346666666667,10.1653333333333,40.4,1.33333333333333,100,40.1386666666667,40.6613333333333,13.2796971277489,2.87620148387393,100,12.7159616369097,13.8434326185882,1,0,100,1,1,1,0,100,1,1,0.91,0.287623491264661,100,0.853625795712126,0.966374204287874,0.91,0.287623491264661,100,0.853625795712126,0.966374204287874
"sensitivity_dense_wide",500,100,"n=500, p=100","block",10,"quantile_4","parent_group_lasso_grpreg","sqrt_group_size","grpreg_approximate_df_excluding_intercept",-0.0604588744588745,0.080631382776391,100,-0.0762626254830471,-0.0446551234347019,0.146622299008991,0.133772552883925,100,0.120402878643741,0.17284171937424,-0.0898413978494624,0.0631716593399005,100,-0.102223043080083,-0.0774597526188418,0.244325907315992,0.0824032205821554,100,0.22817487608189,0.260476938550095,0.310371384893521,0.0674871258823257,100,0.297143908220585,0.323598861566457,0.751315018315018,0.139339432449597,100,0.724004489554897,0.778625547075139,0.537363661069307,0.115045229865485,100,0.514814796015672,0.559912526122942,10.1,0.333333333333333,100,10.0346666666667,10.1653333333333,10.06,0.238683256575942,100,10.0132180817111,10.1067819182889,10.1,0.333333333333333,100,10.0346666666667,10.1653333333333,40.24,0.954733026303768,100,40.0528723268445,40.4271276731555,12.209411975683,3.10086788630137,100,11.6016418699679,12.817182081398,1,0,100,1,1,1,0,100,1,1,0.91,0.287623491264661,100,0.853625795712126,0.966374204287874,0.94,0.238683256575942,100,0.893218081711115,0.986781918288885
"sensitivity_dense_wide",500,100,"n=500, p=100","block",10,"quantile_8","component_lasso_glmnet","not_applicable","active_coefficient_count_proxy_excluding_intercept",-0.319922077922078,0.112864316877853,100,-0.342043484030137,-0.297800671814019,0.861022197613366,0.240669540725514,100,0.813850967631165,0.908193427595566,-0.227978494623656,0.0776747979617266,100,-0.243202755024154,-0.212754234223157,0.968971108267769,0.227926927609278,100,0.92429743045635,1.01364478607919,0.192880093793711,0.0584414966572962,100,0.181425560448881,0.204334627138541,0.362470570279394,0.105159998905477,100,0.34185921049392,0.383081930064867,0.355652159282594,0.0816637649433567,100,0.339646061353696,0.371658257211492,10.1,0.333333333333333,100,10.0346666666667,10.1653333333333,10.18,0.411452219939241,100,10.0993553648919,10.2606446351081,10.1,0.333333333333333,100,10.0346666666667,10.1653333333333,13.17,1.71184229425612,100,12.8344789103258,13.5055210896742,13.17,1.71184229425612,100,12.8344789103258,13.5055210896742,1,0,100,1,1,1,0,100,1,1,0.91,0.287623491264661,100,0.853625795712126,0.966374204287874,0.83,0.377525168068637,100,0.756005067058547,0.903994932941453
"sensitivity_dense_wide",500,100,"n=500, p=100","block",10,"quantile_8","parent_group_lasso_grpreg","equal_parent","grpreg_approximate_df_excluding_intercept",-0.217160173160173,0.100646682683463,100,-0.236886922966132,-0.197433423354214,0.263854236286757,0.170555122390281,100,0.230425432298262,0.297283040275252,-0.17833357771261,0.0853526725784623,100,-0.195062701537989,-0.161604453887231,0.420777845015238,0.123719394986523,100,0.39652884359788,0.445026846432597,0.23578423408871,0.0667267499279865,100,0.222705791102825,0.248862677074595,0.51838295038295,0.134500075799108,100,0.492020935526325,0.544744965239575,0.434500353511795,0.100147647704263,100,0.414871414561759,0.45412929246183,10.1,0.333333333333333,100,10.0346666666667,10.1653333333333,10.11,0.34509550720186,100,10.0423612805884,10.1776387194116,10.1,0.333333333333333,100,10.0346666666667,10.1653333333333,80.88,2.76076405761488,100,80.3388902447075,81.4211097552925,21.7697503955381,4.40134035625084,100,20.9070876857129,22.6324131053632,1,0,100,1,1,1,0,100,1,1,0.91,0.287623491264661,100,0.853625795712126,0.966374204287874,0.9,0.301511344577764,100,0.840903776462758,0.959096223537242
"sensitivity_dense_wide",500,100,"n=500, p=100","block",10,"quantile_8","parent_group_lasso_grpreg","sqrt_group_size","grpreg_approximate_df_excluding_intercept",-0.125030303030303,0.101445275735571,100,-0.144913577074475,-0.105147028986131,0.333199742091415,0.17644395073327,100,0.298616727747694,0.367782756435136,-0.130633919843597,0.0741628901980229,100,-0.14516984632241,-0.116097993364785,0.4302724898187,0.120187411063704,100,0.406715757250214,0.453829222387186,0.251790049693011,0.0656635931149071,100,0.23891998544249,0.264660113943533,0.632490460519872,0.148458161990928,100,0.60339266076965,0.661588260270094,0.471553101855075,0.104582257502054,100,0.451054979384673,0.492051224325478,10.1,0.333333333333333,100,10.0346666666667,10.1653333333333,10.11,0.31446603773522,100,10.0483646566039,10.1716353433961,10.1,0.333333333333333,100,10.0346666666667,10.1653333333333,80.88,2.51572830188176,100,80.3869172528312,81.3730827471688,18.1845469324861,4.44612860861229,100,17.3131057251981,19.0559881397742,1,0,100,1,1,1,0,100,1,1,0.91,0.287623491264661,100,0.853625795712126,0.966374204287874,0.89,0.31446603773522,100,0.828364656603897,0.951635343396103
"sensitivity_dense_wide",500,100,"n=500, p=100","independent",10,"equal_width_4","component_lasso_glmnet","not_applicable","active_coefficient_count_proxy_excluding_intercept",-0.0525844155844156,0.060471307343208,100,-0.0644367918236843,-0.0407320393451468,0.428638787473417,0.16335593297658,100,0.396621024610007,0.460656550336827,-0.000525659824046921,0.017879357676045,100,-0.00403001392855175,0.0029786942804579,0.416849435965919,0.0881793623264363,100,0.399566280949937,0.4341325909819,0.384947765284416,0.0526983424809424,100,0.374618890158151,0.395276640410681,0.906089743589744,0.105721577737908,100,0.885368314353114,0.926811172826374,0.502655862911035,0.0712646568624422,100,0.488687990165997,0.516623735656074,10,0,100,10,10,10.08,0.338743966363203,100,10.0136061825928,10.1463938174072,10,0,100,10,10,25.63,3.81823112041281,100,24.8816267003991,26.3783732996009,25.63,3.81823112041281,100,24.8816267003991,26.3783732996009,1,0,100,1,1,1,0,100,1,1,1,0,100,1,1,0.94,0.238683256575942,100,0.893218081711115,0.986781918288885
"sensitivity_dense_wide",500,100,"n=500, p=100","independent",10,"equal_width_4","parent_group_lasso_grpreg","equal_parent","grpreg_approximate_df_excluding_intercept",-0.006,0.0238683256575942,100,-0.0106781918288885,-0.00132180817111154,0.0593731889280854,0.0498562692362551,100,0.0496013601577794,0.0691450176983913,0.000619501466275659,0.015679279610539,100,-0.00245363733738999,0.00369264026994131,0.148229830278876,0.0367630193484431,100,0.141024278486582,0.155435382071171,0.381362481394322,0.0562050450325007,100,0.370346292567951,0.392378670220692,0.989090909090909,0.0433969557410804,100,0.980585105765657,0.997596712416161,0.506238023481071,0.0789177857212247,100,0.490770137479711,0.521705909482431,10,0,100,10,10,10,0,100,10,10,10,0,100,10,10,40,0,100,40,40,15.7981790164298,3.24184415186836,100,15.1627775626636,16.433580470196,1,0,100,1,1,1,0,100,1,1,1,0,100,1,1,1,0,100,1,1
"sensitivity_dense_wide",500,100,"n=500, p=100","independent",10,"equal_width_4","parent_group_lasso_grpreg","sqrt_group_size","grpreg_approximate_df_excluding_intercept",-0.006,0.0238683256575942,100,-0.0106781918288885,-0.00132180817111154,0.0593731889280854,0.0498562692362551,100,0.0496013601577794,0.0691450176983914,0.000619501466275659,0.015679279610539,100,-0.00245363733738999,0.00369264026994131,0.148229830278876,0.036763019348443,100,0.141024278486582,0.155435382071171,0.38136618281868,0.0562035214867894,100,0.37035029260727,0.392382073030091,0.989090909090909,0.0433969557410804,100,0.980585105765657,0.997596712416161,0.506238023481071,0.0789177857212247,100,0.490770137479711,0.521705909482431,10,0,100,10,10,10,0,100,10,10,10,0,100,10,10,40,0,100,40,40,15.7981790164298,3.24184415186836,100,15.1627775626636,16.433580470196,1,0,100,1,1,1,0,100,1,1,1,0,100,1,1,1,0,100,1,1
"sensitivity_dense_wide",500,100,"n=500, p=100","independent",10,"quantile_2","component_lasso_glmnet","not_applicable","active_coefficient_count_proxy_excluding_intercept",-0.005,0.021904291355759,100,-0.00929324110572877,-0.00070675889427123,0.120570636791327,0.08336839324665,100,0.104230431714984,0.13691084186767,0.00166788856304985,0.0163337608090597,100,-0.00153352855552584,0.00486930568162555,0.0737606719519962,0.0252774052459439,100,0.0688063005237912,0.0787150433802012,0.633543278984547,0.0433742819554812,100,0.625041919721272,0.642044638247821,0.990909090909091,0.0398259842831982,100,0.983103197989584,0.998714983828598,0.713723998384868,0.0817955856678853,100,0.697692063593963,0.729755933175773,10,0,100,10,10,10,0,100,10,10,10,0,100,10,10,17.34,1.17395988780785,100,17.1099038619897,17.5700961380103,17.34,1.17395988780785,100,17.1099038619897,17.5700961380103,1,0,100,1,1,1,0,100,1,1,1,0,100,1,1,1,0,100,1,1
"sensitivity_dense_wide",500,100,"n=500, p=100","independent",10,"quantile_2","parent_group_lasso_grpreg","equal_parent","grpreg_approximate_df_excluding_intercept",-0.003,0.0171446607997765,100,-0.0063603535167562,0.0003603535167562,0.0254963455303502,0.0357314323390458,100,0.0184929847918972,0.0324997062688031,-0.00145283479960899,0.0204081112873788,100,-0.00545282461193523,0.00254715501271725,0.0544427769850913,0.0203045903860855,100,0.0504630772694185,0.0584224767007641,0.532537388239261,0.0551080359610413,100,0.521736213190896,0.543338563287625,0.994545454545455,0.0311721105450482,100,0.988435720878625,1.00065518821228,0.617933156457069,0.0850048124896987,100,0.601272213209089,0.63459409970505,10,0,100,10,10,10,0,100,10,10,10,0,100,10,10,20,0,100,20,20,8.06119339279203,1.56255543948006,100,7.75493252665394,8.36745425893012,1,0,100,1,1,1,0,100,1,1,1,0,100,1,1,1,0,100,1,1
"sensitivity_dense_wide",500,100,"n=500, p=100","independent",10,"quantile_2","parent_group_lasso_grpreg","sqrt_group_size","grpreg_approximate_df_excluding_intercept",-0.003,0.0171446607997765,100,-0.0063603535167562,0.0003603535167562,0.0254963455303502,0.0357314323390458,100,0.0184929847918972,0.0324997062688031,-0.00145283479960899,0.0204081112873788,100,-0.00545282461193523,0.00254715501271725,0.0544427769850913,0.0203045903860856,100,0.0504630772694186,0.0584224767007641,0.532537388239261,0.0551080359610413,100,0.521736213190896,0.543338563287625,0.994545454545455,0.0311721105450482,100,0.988435720878625,1.00065518821228,0.617933156457069,0.0850048124896987,100,0.601272213209089,0.63459409970505,10,0,100,10,10,10,0,100,10,10,10,0,100,10,10,20,0,100,20,20,8.06119339279203,1.56255543948006,100,7.75493252665394,8.36745425893012,1,0,100,1,1,1,0,100,1,1,1,0,100,1,1,1,0,100,1,1
"sensitivity_dense_wide",500,100,"n=500, p=100","independent",10,"quantile_4","component_lasso_glmnet","not_applicable","active_coefficient_count_proxy_excluding_intercept",-0.0169047619047619,0.040713167583779,100,-0.0248845427511826,-0.00892498105834122,0.255493355794074,0.120764315341539,100,0.231823549987133,0.279163161601016,0.000201612903225806,0.0187526677707418,100,-0.00347390997983959,0.00387713578629121,0.283104272197334,0.0616236559776366,100,0.271026035625717,0.295182508768951,0.399959425763392,0.0544473341491791,100,0.389287748270153,0.410631103256631,0.969621212121212,0.0724283389999092,100,0.95542525767723,0.983817166565194,0.520002242373043,0.0764800594099382,100,0.505012150728695,0.534992334017391,10,0,100,10,10,10.02,0.14070529413629,100,9.99242176234929,10.0475782376507,10,0,100,10,10,17.84,1.5681166726331,100,17.5326491321639,18.1473508678361,17.84,1.5681166726331,100,17.5326491321639,18.1473508678361,1,0,100,1,1,1,0,100,1,1,1,0,100,1,1,0.98,0.14070529413629,100,0.952421762349287,1.00757823765071
"sensitivity_dense_wide",500,100,"n=500, p=100","independent",10,"quantile_4","parent_group_lasso_grpreg","equal_parent","grpreg_approximate_df_excluding_intercept",-0.00695238095238095,0.0245570017791193,100,-0.0117655533010883,-0.00213920860367356,0.057897773440209,0.0570801525432556,100,0.0467100635417309,0.0690854833386871,0.00123778103616813,0.0168826804558313,100,-0.0020712243331748,0.00454678640551106,0.144414311190107,0.0318884923303161,100,0.138164166693365,0.150664455686849,0.383414888611924,0.0570438060238061,100,0.372234302631258,0.39459547459259,0.987272727272727,0.0447978270971979,100,0.978492353161676,0.996053101383778,0.513883317315701,0.0742701460370377,100,0.499326368692442,0.528440265938961,10,0,100,10,10,10.02,0.14070529413629,100,9.99242176234929,10.0475782376507,10,0,100,10,10,40.08,0.562821176545159,100,39.9696870493971,40.1903129506029,15.8292289584076,3.21533084034405,100,15.1990241137002,16.4594338031151,1,0,100,1,1,1,0,100,1,1,1,0,100,1,1,0.98,0.14070529413629,100,0.952421762349287,1.00757823765071
"sensitivity_dense_wide",500,100,"n=500, p=100","independent",10,"quantile_4","parent_group_lasso_grpreg","sqrt_group_size","grpreg_approximate_df_excluding_intercept",-0.00695238095238095,0.0245570017791193,100,-0.0117655533010883,-0.00213920860367356,0.0578977734402088,0.0570801525432555,100,0.0467100635417307,0.0690854833386869,0.00123778103616813,0.0168826804558313,100,-0.0020712243331748,0.00454678640551106,0.144414311190107,0.0318884923303161,100,0.138164166693365,0.150664455686849,0.383422608407983,0.0570467535312502,100,0.372241444715858,0.394603772100108,0.987272727272727,0.0447978270971979,100,0.978492353161676,0.996053101383778,0.513883317315701,0.0742701460370377,100,0.499326368692442,0.528440265938961,10,0,100,10,10,10.02,0.14070529413629,100,9.99242176234929,10.0475782376507,10,0,100,10,10,40.08,0.562821176545159,100,39.9696870493971,40.1903129506029,15.8292289584076,3.21533084034405,100,15.1990241137002,16.4594338031151,1,0,100,1,1,1,0,100,1,1,1,0,100,1,1,0.98,0.14070529413629,100,0.952421762349287,1.00757823765071
"sensitivity_dense_wide",500,100,"n=500, p=100","independent",10,"quantile_8","component_lasso_glmnet","not_applicable","active_coefficient_count_proxy_excluding_intercept",-0.0950952380952381,0.0709716183636888,100,-0.109005675294521,-0.0811848008959551,0.569479010151362,0.167390105637754,100,0.536670549446362,0.602287470856361,-0.00441544477028348,0.0261093028929369,100,-0.00953286813729911,0.000701978596732155,0.740148073566806,0.117993442087821,100,0.717021358917593,0.763274788216018,0.279808709388379,0.0546258396776401,100,0.269102044811562,0.290515373965197,0.833799533799534,0.116892025157836,100,0.810888696868598,0.85671037073047,0.430974899110077,0.0651170184581903,100,0.418211963492272,0.443737834727882,10,0,100,10,10,10.09,0.287623491264661,100,10.0336257957121,10.1463742042879,10,0,100,10,10,21.15,3.05959329178097,100,20.5503197148109,21.7496802851891,21.15,3.05959329178097,100,20.5503197148109,21.7496802851891,1,0,100,1,1,1,0,100,1,1,1,0,100,1,1,0.91,0.287623491264661,100,0.853625795712126,0.966374204287874
"sensitivity_dense_wide",500,100,"n=500, p=100","independent",10,"quantile_8","parent_group_lasso_grpreg","equal_parent","grpreg_approximate_df_excluding_intercept",-0.0821428571428571,0.0726017965773503,100,-0.0963728092720178,-0.0679129050136965,-0.0700647628915025,0.145537262670205,100,-0.0985900663748627,-0.0415394594081422,-0.0095013440860215,0.0327000986712267,100,-0.0159105634255819,-0.00309212474646108,0.297448232139341,0.0608719711694923,100,0.285517325790121,0.309379138488562,0.291516668794478,0.0616903268899163,100,0.279425364724054,0.303607972864901,0.856235431235431,0.121533986754031,100,0.832414769831641,0.880056092639221,0.441401509755333,0.0622176413696766,100,0.429206852046877,0.45359616746379,10,0,100,10,10,10.07,0.256432399976243,100,10.0197392496047,10.1202607503953,10,0,100,10,10,80.56,2.05145919980994,100,80.1579139968373,80.9620860031628,39.2908686592094,3.60358238401589,100,38.5845665119423,39.9971708064765,1,0,100,1,1,1,0,100,1,1,1,0,100,1,1,0.93,0.256432399976243,100,0.879739249604656,0.980260750395344
"sensitivity_dense_wide",500,100,"n=500, p=100","independent",10,"quantile_8","parent_group_lasso_grpreg","sqrt_group_size","grpreg_approximate_df_excluding_intercept",-0.0203333333333333,0.041650233824063,100,-0.0284967791628497,-0.012169887503817,0.136628607409104,0.0832678532541534,100,0.12030810817129,0.152949106646918,-0.00136241446725318,0.0216842657708852,100,-0.00561253055834668,0.00288770162384033,0.314263056054124,0.0598911933400183,100,0.302524382159481,0.326001729948768,0.301156805443437,0.058681375888079,100,0.289655255769374,0.312658355117501,0.963181818181818,0.0751893288853449,100,0.94844470972029,0.977918926643346,0.452614139116044,0.0630623803567624,100,0.440253912566119,0.464974365665969,10,0,100,10,10,10.03,0.171446607997765,100,9.99639646483244,10.0636035351676,10,0,100,10,10,80.24,1.37157286398212,100,79.9711717186595,80.5088282813405,29.8023317244115,5.64708178173215,100,28.695503695192,30.909159753631,1,0,100,1,1,1,0,100,1,1,1,0,100,1,1,0.97,0.171446607997765,100,0.936396464832438,1.00360353516756
