"path_specification","n","p","dimension","correlation","scheme","metric","replications","original_mean","original_sd","original_se","original_ci_lower","original_ci_upper","sparsified_mean","sparsified_sd","sparsified_se","sparsified_ci_lower","sparsified_ci_upper","paired_difference_mean","paired_difference_sd","paired_difference_se","paired_difference_ci_lower","paired_difference_ci_upper"
"primary_controlled",100,20,"n=100, p=20","independent","quantile_2","A_entry",100,0.996970269125406,0.0026723583364932,0.00026723583364932,0.996446486891453,0.997494051359358,0.997854161736096,0.00244656508126399,0.000244656508126399,0.997374634980168,0.998333688492024,0.000883892610690311,0.00348946509200021,0.000348946509200021,0.00019995745265827,0.00156782776872235
"primary_controlled",100,20,"n=100, p=20","independent","quantile_2","A_set_s",100,0.998888888888889,0.0111111111111111,0.00111111111111111,0.996711111111111,1.00106666666667,0.998888888888889,0.0111111111111111,0.00111111111111111,0.996711111111111,1.00106666666667,0,0.0157926456559711,0.00157926456559711,-0.00309535854857034,0.00309535854857034
"primary_controlled",100,20,"n=100, p=20","independent","quantile_2","A_set_2s",100,0.993333333333333,0.0190585477415285,0.00190585477415285,0.989597857975994,0.997068808690673,0.996363636363636,0.0144656519136935,0.00144656519136935,0.993528368588552,0.99919890413872,0.00303030303030303,0.0217497140171295,0.00217497140171295,-0.00123264091705435,0.00729324697766042
"primary_controlled",100,20,"n=100, p=20","independent","quantile_2","F1",100,0.98769696969697,0.0477558836802228,0.00477558836802228,0.978336816495646,0.997057122898293,0.96769696969697,0.0736199424679674,0.00736199424679674,0.953267460973248,0.982126478420691,-0.02,0.066805654155788,0.0066805654155788,-0.0330939082145344,-0.00690609178546554
"primary_controlled",100,20,"n=100, p=20","independent","quantile_2","RMSE",100,1.68971215633222,0.271432180320484,0.0271432180320484,1.6365114489894,1.74291286367503,1.98275481243946,0.332389984267244,0.0332389984267244,1.91760637552308,2.04790324935584,0.293042656107239,0.165209274370368,0.0165209274370368,0.260661638330646,0.325423673883831
"primary_controlled",100,20,"n=100, p=20","independent","quantile_4","A_entry",100,0.996970269125406,0.0026723583364932,0.00026723583364932,0.996446486891453,0.997494051359358,0.997218039011623,0.00299083454868137,0.000299083454868137,0.996631835440081,0.997804242583164,0.000247769886217235,0.00397703374401856,0.000397703374401856,-0.000531728727610402,0.00102726850004487
"primary_controlled",100,20,"n=100, p=20","independent","quantile_4","A_set_s",100,0.998888888888889,0.0111111111111111,0.00111111111111111,0.996711111111111,1.00106666666667,0.996666666666667,0.0190496231108628,0.00190496231108628,0.992932940536938,1.0004003927964,-0.00222222222222222,0.0222222222222222,0.00222222222222222,-0.00657777777777777,0.00213333333333333
"primary_controlled",100,20,"n=100, p=20","independent","quantile_4","A_set_2s",100,0.993333333333333,0.0190585477415285,0.00190585477415285,0.989597857975994,0.997068808690673,0.99,0.0261002491263077,0.00261002491263077,0.984884351171244,0.995115648828756,-0.00333333333333333,0.0321048831059249,0.00321048831059249,-0.0096258904220946,0.00295922375542794
"primary_controlled",100,20,"n=100, p=20","independent","quantile_4","F1",100,0.98769696969697,0.0477558836802228,0.00477558836802228,0.978336816495646,0.997057122898293,0.889878787878788,0.107997290148377,0.0107997290148377,0.868711319009706,0.91104625674787,-0.0978181818181817,0.108213387270325,0.0108213387270325,-0.119028005723165,-0.076608357913198
"primary_controlled",100,20,"n=100, p=20","independent","quantile_4","RMSE",100,1.68971215633222,0.271432180320484,0.0271432180320484,1.6365114489894,1.74291286367503,2.14255155505078,0.3350863410847,0.03350863410847,2.07687463219818,2.20822847790338,0.452839398718561,0.165897560589627,0.0165897560589627,0.420323476842995,0.485355320594128
"primary_controlled",100,20,"n=100, p=20","independent","quantile_8","A_entry",100,0.996970269125406,0.0026723583364932,0.00026723583364932,0.996446486891453,0.997494051359358,0.99542237317061,0.0045330369815619,0.00045330369815619,0.994533897922224,0.996310848418996,-0.00154789595479542,0.00494934301135442,0.000494934301135442,-0.00251796718502089,-0.000577824724569955
"primary_controlled",100,20,"n=100, p=20","independent","quantile_8","A_set_s",100,0.998888888888889,0.0111111111111111,0.00111111111111111,0.996711111111111,1.00106666666667,0.985873015873016,0.0391998866497174,0.00391998866497173,0.978189838089671,0.99355619365636,-0.013015873015873,0.0411314758494625,0.00411314758494625,-0.0210776422823677,-0.00495410374937836
"primary_controlled",100,20,"n=100, p=20","independent","quantile_8","A_set_2s",100,0.993333333333333,0.0190585477415285,0.00190585477415285,0.989597857975994,0.997068808690673,0.990909090909091,0.0233934604276529,0.00233934604276529,0.986323972665271,0.995494209152911,-0.00242424242424243,0.0309631198026925,0.00309631198026925,-0.00849301390557016,0.00364452905708531
"primary_controlled",100,20,"n=100, p=20","independent","quantile_8","F1",100,0.98769696969697,0.0477558836802228,0.00477558836802228,0.978336816495646,0.997057122898293,0.757383838383838,0.153127138644417,0.0153127138644417,0.727370919209533,0.787396757558144,-0.230313131313131,0.154035193376572,0.0154035193376572,-0.260504029214939,-0.200122233411323
"primary_controlled",100,20,"n=100, p=20","independent","quantile_8","RMSE",100,1.68971215633222,0.271432180320484,0.0271432180320484,1.6365114489894,1.74291286367503,2.41222479349587,0.370734400636308,0.0370734400636308,2.33956085097115,2.48488873602059,0.722512637163652,0.201692736348936,0.0201692736348936,0.682980860839261,0.762044413488044
"primary_controlled",100,20,"n=100, p=20","independent","equal_width_4","A_entry",100,0.996970269125406,0.0026723583364932,0.00026723583364932,0.996446486891453,0.997494051359358,0.996867745142065,0.00376575015093641,0.000376575015093641,0.996129658112482,0.997605832171649,-0.000102523983340371,0.00450872621705583,0.000450872621705583,-0.000986234321883315,0.000781186355202572
"primary_controlled",100,20,"n=100, p=20","independent","equal_width_4","A_set_s",100,0.998888888888889,0.0111111111111111,0.00111111111111111,0.996711111111111,1.00106666666667,0.994444444444444,0.0243381015063989,0.00243381015063989,0.98967417654919,0.999214712339699,-0.00444444444444444,0.026986484726618,0.0026986484726618,-0.00973379545086157,0.000844906561972687
"primary_controlled",100,20,"n=100, p=20","independent","equal_width_4","A_set_2s",100,0.993333333333333,0.0190585477415285,0.00190585477415285,0.989597857975994,0.997068808690673,0.993434343434343,0.0221197235453552,0.00221197235453552,0.989098877619454,0.997769809249233,0.000101010101010104,0.0294403266258789,0.00294403266258789,-0.00566929391766216,0.00587131411968237
"primary_controlled",100,20,"n=100, p=20","independent","equal_width_4","F1",100,0.98769696969697,0.0477558836802228,0.00477558836802228,0.978336816495646,0.997057122898293,0.826848484848485,0.127836305226084,0.0127836305226084,0.801792569024173,0.851904400672797,-0.160848484848485,0.124624212755883,0.0124624212755883,-0.185274830548638,-0.136422139148332
"primary_controlled",100,20,"n=100, p=20","independent","equal_width_4","RMSE",100,1.68971215633222,0.271432180320484,0.0271432180320484,1.6365114489894,1.74291286367503,2.29449630579646,0.34223761359232,0.034223761359232,2.22741773353236,2.36157487806055,0.604784149464241,0.170068183412456,0.0170068183412456,0.5714507855154,0.638117513413082
"primary_controlled",100,20,"n=100, p=20","ar1_rho_0.5","quantile_2","A_entry",100,0.995343532979227,0.00861488652569396,0.000861488652569396,0.993655015220191,0.997032050738263,0.997011361050253,0.00539664771175796,0.000539664771175796,0.995953618098748,0.998069104001757,0.0016678280710261,0.00753403958117736,0.000753403958117736,0.000191156313115336,0.00314449982893686
"primary_controlled",100,20,"n=100, p=20","ar1_rho_0.5","quantile_2","A_set_s",100,0.996666666666667,0.0190496231108628,0.00190496231108628,0.992932940536938,1.0004003927964,0.996666666666667,0.0190496231108628,0.00190496231108628,0.992932940536938,1.0004003927964,0,0.0273536646620739,0.00273536646620739,-0.00536131827376649,0.00536131827376649
"primary_controlled",100,20,"n=100, p=20","ar1_rho_0.5","quantile_2","A_set_2s",100,0.992727272727273,0.0262414267761128,0.00262414267761128,0.987583953079155,0.997870592375391,0.988484848484849,0.031878250177898,0.0031878250177898,0.98223671144998,0.994732985519717,-0.00424242424242424,0.0387685519649357,0.00387685519649357,-0.0118410604275516,0.00335621194270316
"primary_controlled",100,20,"n=100, p=20","ar1_rho_0.5","quantile_2","F1",100,0.922484848484849,0.105551869215642,0.0105551869215642,0.901796682118583,0.943173014851114,0.857151515151515,0.123126164212857,0.0123126164212857,0.833018786965795,0.881284243337235,-0.0653333333333333,0.101243367019133,0.0101243367019133,-0.0851770332690834,-0.0454896333975832
"primary_controlled",100,20,"n=100, p=20","ar1_rho_0.5","quantile_2","RMSE",100,1.74743840814662,0.321944996000791,0.0321944996000791,1.68433718893046,1.81053962736277,1.99491011488144,0.383427638073516,0.0383427638073516,1.91975829781903,2.07006193194385,0.247471706734825,0.17897719561023,0.017897719561023,0.21239217639522,0.28255123707443
"primary_controlled",100,20,"n=100, p=20","ar1_rho_0.5","quantile_4","A_entry",100,0.995343532979227,0.00861488652569396,0.000861488652569396,0.993655015220191,0.997032050738263,0.996535022482273,0.0050063417175242,0.00050063417175242,0.995553779505638,0.997516265458907,0.00119148950304607,0.00669656534910508,0.000669656534910508,-0.000121037305378521,0.00250401631147067
"primary_controlled",100,20,"n=100, p=20","ar1_rho_0.5","quantile_4","A_set_s",100,0.996666666666667,0.0190496231108628,0.00190496231108628,0.992932940536938,1.0004003927964,0.995555555555556,0.0218829317296591,0.00218829317296591,0.991266500936542,0.999844610174569,-0.00111111111111111,0.0295242232847648,0.00295242232847648,-0.00689785887492501,0.00467563665270279
"primary_controlled",100,20,"n=100, p=20","ar1_rho_0.5","quantile_4","A_set_2s",100,0.992727272727273,0.0262414267761128,0.00262414267761128,0.987583953079155,0.997870592375391,0.991515151515151,0.0228234877985763,0.00228234877985763,0.98704174790663,0.995988555123672,-0.00121212121212122,0.0298154841117806,0.00298154841117806,-0.00705595609803022,0.00463171367378779
"primary_controlled",100,20,"n=100, p=20","ar1_rho_0.5","quantile_4","F1",100,0.922484848484849,0.105551869215642,0.0105551869215642,0.901796682118583,0.943173014851114,0.784242424242424,0.130361743877993,0.0130361743877993,0.758691522442338,0.809793326042511,-0.138242424242424,0.144589035492934,0.0144589035492934,-0.166581875199039,-0.109902973285809
"primary_controlled",100,20,"n=100, p=20","ar1_rho_0.5","quantile_4","RMSE",100,1.74743840814662,0.321944996000791,0.0321944996000791,1.68433718893046,1.81053962736277,2.17199450219702,0.376469914991668,0.0376469914991668,2.09820639885865,2.24578260553539,0.424556094050403,0.188443439316196,0.0188443439316196,0.387621179944428,0.461491008156377
"primary_controlled",100,20,"n=100, p=20","ar1_rho_0.5","quantile_8","A_entry",100,0.995343532979227,0.00861488652569396,0.000861488652569396,0.993655015220191,0.997032050738263,0.995651889073751,0.00353904941441516,0.000353904941441516,0.994958235388525,0.996345542758976,0.000308356094524259,0.00930437802400445,0.000930437802400445,-0.00151530199818061,0.00213201418722913
"primary_controlled",100,20,"n=100, p=20","ar1_rho_0.5","quantile_8","A_set_s",100,0.996666666666667,0.0190496231108628,0.00190496231108628,0.992932940536938,1.0004003927964,0.989722222222222,0.0373836891837157,0.00373836891837157,0.982395019142214,0.997049425302231,-0.00694444444444444,0.0356156111078115,0.00356156111078115,-0.0139251042215755,3.62153326866075e-05
"primary_controlled",100,20,"n=100, p=20","ar1_rho_0.5","quantile_8","A_set_2s",100,0.992727272727273,0.0262414267761128,0.00262414267761128,0.987583953079155,0.997870592375391,0.98979797979798,0.0240020992610695,0.00240020992610695,0.98509356834281,0.994502391253149,-0.00292929292929293,0.0345252573610994,0.00345252573610994,-0.00969624337206841,0.00383765751348254
"primary_controlled",100,20,"n=100, p=20","ar1_rho_0.5","quantile_8","F1",100,0.922484848484849,0.105551869215642,0.0105551869215642,0.901796682118583,0.943173014851114,0.677109557109557,0.151946694286175,0.0151946694286175,0.647328005029467,0.706891109189648,-0.245375291375291,0.163922409933601,0.0163922409933601,-0.277504083722277,-0.213246499028306
"primary_controlled",100,20,"n=100, p=20","ar1_rho_0.5","quantile_8","RMSE",100,1.74743840814662,0.321944996000791,0.0321944996000791,1.68433718893046,1.81053962736277,2.39546965448327,0.389951686602619,0.0389951686602619,2.31903912390916,2.47190018505739,0.648031246336655,0.211213462769771,0.0211213462769771,0.60663340763378,0.68942908503953
"primary_controlled",100,20,"n=100, p=20","ar1_rho_0.5","equal_width_4","A_entry",100,0.995343532979227,0.00861488652569396,0.000861488652569396,0.993655015220191,0.997032050738263,0.995794375954351,0.00545538746659051,0.000545538746659051,0.994725120010899,0.996863631897803,0.000450842975124419,0.00960370453728277,0.000960370453728277,-0.001431483114183,0.00233316906443184
"primary_controlled",100,20,"n=100, p=20","ar1_rho_0.5","equal_width_4","A_set_s",100,0.996666666666667,0.0190496231108628,0.00190496231108628,0.992932940536938,1.0004003927964,0.987301587301587,0.0395942580610999,0.00395942580610999,0.979541112721612,0.995062061881563,-0.00936507936507936,0.0449010535366065,0.00449010535366065,-0.0181656858582542,-0.000564472871904495
"primary_controlled",100,20,"n=100, p=20","ar1_rho_0.5","equal_width_4","A_set_2s",100,0.992727272727273,0.0262414267761128,0.00262414267761128,0.987583953079155,0.997870592375391,0.991616161616162,0.0223367115025212,0.00223367115025212,0.987238166161667,0.995994157070656,-0.00111111111111112,0.0310553485612415,0.00310553485612415,-0.00719795942911444,0.00497573720689222
"primary_controlled",100,20,"n=100, p=20","ar1_rho_0.5","equal_width_4","F1",100,0.922484848484849,0.105551869215642,0.0105551869215642,0.901796682118583,0.943173014851114,0.726444444444445,0.131587414953482,0.0131587414953482,0.700653311113562,0.752235577775327,-0.196040404040404,0.149479484194691,0.0149479484194691,-0.225338382942564,-0.166742425138244
"primary_controlled",100,20,"n=100, p=20","ar1_rho_0.5","equal_width_4","RMSE",100,1.74743840814662,0.321944996000791,0.0321944996000791,1.68433718893046,1.81053962736277,2.34928364328996,0.396016604869842,0.0396016604869842,2.27166438873547,2.42690289784445,0.601845235143345,0.217891305463066,0.0217891305463066,0.559138539272584,0.644551931014106
"primary_controlled",100,20,"n=100, p=20","ar1_rho_0.9","quantile_2","A_entry",100,0.973302234449967,0.022982778388618,0.0022982778388618,0.968797609885798,0.977806859014136,0.985386270703333,0.0243486541728845,0.00243486541728845,0.980613934485448,0.990158606921218,0.0120840362533661,0.0269990020541064,0.00269990020541064,0.00679223185076124,0.017375840655971
"primary_controlled",100,20,"n=100, p=20","ar1_rho_0.9","quantile_2","A_set_s",100,0.986269841269841,0.0555481682713068,0.00555481682713068,0.975382400288665,0.997157282251017,0.987777777777778,0.0443742430983891,0.00443742430983891,0.979080426130494,0.996475129425062,0.00150793650793651,0.0717236436398728,0.00717236436398728,-0.0125498976454786,0.0155657706613516
"primary_controlled",100,20,"n=100, p=20","ar1_rho_0.9","quantile_2","A_set_2s",100,0.943483682983683,0.0778415466810741,0.00778415466810741,0.928226739834192,0.958740626133174,0.938883893883894,0.0816027061622712,0.00816027061622712,0.922889763476089,0.954878024291699,-0.0045997890997891,0.108785982927389,0.0108785982927389,-0.0259218417535574,0.0167222635539792
"primary_controlled",100,20,"n=100, p=20","ar1_rho_0.9","quantile_2","F1",100,0.655737373737374,0.170676089291276,0.0170676089291276,0.622284860236284,0.689189887238464,0.571212121212121,0.163699553603195,0.0163699553603195,0.539127008705895,0.603297233718348,-0.0845252525252525,0.158587507960517,0.0158587507960517,-0.115608404085514,-0.0534421009649911
"primary_controlled",100,20,"n=100, p=20","ar1_rho_0.9","quantile_2","RMSE",100,1.56023436353897,0.543533775823623,0.0543533775823623,1.45370174347754,1.6667669836004,1.77382110539152,0.629757774764856,0.0629757774764856,1.65038858153761,1.89725362924543,0.213586741852547,0.163946076723101,0.0163946076723101,0.181453310814819,0.245720172890274
"primary_controlled",100,20,"n=100, p=20","ar1_rho_0.9","quantile_4","A_entry",100,0.973302234449967,0.022982778388618,0.0022982778388618,0.968797609885798,0.977806859014136,0.989068269789016,0.0149221355804879,0.00149221355804879,0.98614353121524,0.991993008362792,0.0157660353390492,0.0279727198520483,0.00279727198520483,0.0102833822480477,0.0212486884300507
"primary_controlled",100,20,"n=100, p=20","ar1_rho_0.9","quantile_4","A_set_s",100,0.986269841269841,0.0555481682713068,0.00555481682713068,0.975382400288665,0.997157282251017,0.985555555555556,0.0407407407407407,0.00407407407407407,0.97757037037037,0.993540740740741,-0.00071428571428571,0.0699761022308857,0.00699761022308857,-0.0144296017515393,0.0130010303229679
"primary_controlled",100,20,"n=100, p=20","ar1_rho_0.9","quantile_4","A_set_2s",100,0.943483682983683,0.0778415466810741,0.00778415466810741,0.928226739834192,0.958740626133174,0.977171717171717,0.0476732915989609,0.00476732915989609,0.967827752018321,0.986515682325113,0.0336880341880342,0.0889795213581234,0.00889795213581234,0.016248048001842,0.0511280203742264
"primary_controlled",100,20,"n=100, p=20","ar1_rho_0.9","quantile_4","F1",100,0.655737373737374,0.170676089291276,0.0170676089291276,0.622284860236284,0.689189887238464,0.488969696969697,0.142730018423547,0.0142730018423547,0.460994613358682,0.516944780580712,-0.166767676767677,0.173281286445183,0.0173281286445183,-0.200730808910933,-0.132804544624421
"primary_controlled",100,20,"n=100, p=20","ar1_rho_0.9","quantile_4","RMSE",100,1.56023436353897,0.543533775823623,0.0543533775823623,1.45370174347754,1.6667669836004,1.94975041471946,0.671848329907625,0.0671848329907625,1.81806814205757,2.08143268738136,0.389516051180488,0.226086359448216,0.0226086359448216,0.345203124728638,0.433828977632339
"primary_controlled",100,20,"n=100, p=20","ar1_rho_0.9","quantile_8","A_entry",100,0.973302234449967,0.022982778388618,0.0022982778388618,0.968797609885798,0.977806859014136,0.992132936635451,0.00953719193053045,0.000953719193053045,0.990263647017067,0.994002226253835,0.0188307021854838,0.0259364454925581,0.00259364454925581,0.0137471588689424,0.0239142455020252
"primary_controlled",100,20,"n=100, p=20","ar1_rho_0.9","quantile_8","A_set_s",100,0.986269841269841,0.0555481682713068,0.00555481682713068,0.975382400288665,0.997157282251017,0.984444444444444,0.0387483431133085,0.00387483431133085,0.976849769194236,0.992039119694653,-0.00182539682539682,0.0708414309469688,0.00708414309469689,-0.0157103172910027,0.0120595236402091
"primary_controlled",100,20,"n=100, p=20","ar1_rho_0.9","quantile_8","A_set_2s",100,0.943483682983683,0.0778415466810741,0.00778415466810741,0.928226739834192,0.958740626133174,0.977070707070707,0.0435196804063152,0.00435196804063152,0.968540849711069,0.985600564430345,0.0335870240870241,0.0914191233793027,0.00914191233793027,0.0156688759046807,0.0515051722693674
"primary_controlled",100,20,"n=100, p=20","ar1_rho_0.9","quantile_8","F1",100,0.655737373737374,0.170676089291276,0.0170676089291276,0.622284860236284,0.689189887238464,0.438484848484849,0.15534761243532,0.015534761243532,0.408036716447526,0.468932980522171,-0.217252525252525,0.207527110182959,0.0207527110182959,-0.257927838848385,-0.176577211656665
"primary_controlled",100,20,"n=100, p=20","ar1_rho_0.9","quantile_8","RMSE",100,1.56023436353897,0.543533775823623,0.0543533775823623,1.45370174347754,1.6667669836004,2.14177553135332,0.739207060204621,0.0739207060204621,1.99689094755321,2.28666011515342,0.581541167814344,0.283210445119711,0.0283210445119711,0.526031920570881,0.637050415057808
"primary_controlled",100,20,"n=100, p=20","ar1_rho_0.9","equal_width_4","A_entry",100,0.973302234449967,0.022982778388618,0.0022982778388618,0.968797609885798,0.977806859014136,0.988980038216935,0.0125689230588897,0.00125689230588897,0.986516529297393,0.991443547136478,0.0156778037669687,0.0265863964403025,0.00265863964403025,0.0104668700646694,0.020888737469268
"primary_controlled",100,20,"n=100, p=20","ar1_rho_0.9","equal_width_4","A_set_s",100,0.986269841269841,0.0555481682713068,0.00555481682713068,0.975382400288665,0.997157282251017,0.985873015873016,0.0422615519138348,0.00422615519138348,0.977589751697904,0.994156280048128,-0.000396825396825393,0.072549898256529,0.0072549898256529,-0.0146166054551051,0.0138229546614543
"primary_controlled",100,20,"n=100, p=20","ar1_rho_0.9","equal_width_4","A_set_2s",100,0.943483682983683,0.0778415466810741,0.00778415466810741,0.928226739834192,0.958740626133174,0.97959595959596,0.0464326955263902,0.00464326955263902,0.970495151272787,0.988696767919132,0.0361122766122766,0.0909167786614207,0.00909167786614207,0.0182925879946381,0.0539319652299151
"primary_controlled",100,20,"n=100, p=20","ar1_rho_0.9","equal_width_4","F1",100,0.655737373737374,0.170676089291276,0.0170676089291276,0.622284860236284,0.689189887238464,0.422333333333333,0.174344219077258,0.0174344219077258,0.388161866394191,0.456504800272476,-0.23340404040404,0.208380603851469,0.0208380603851469,-0.274246638758928,-0.192561442049153
"primary_controlled",100,20,"n=100, p=20","ar1_rho_0.9","equal_width_4","RMSE",100,1.56023436353897,0.543533775823623,0.0543533775823623,1.45370174347754,1.6667669836004,2.11345698070902,0.705251121553088,0.0705251121553088,1.97522776088462,2.25168620053343,0.553222617170052,0.272685877542428,0.0272685877542428,0.499776185171736,0.606669049168368
"primary_controlled",100,20,"n=100, p=20","block","quantile_2","A_entry",100,0.984073311193026,0.0203785310443485,0.00203785310443485,0.980079119108334,0.988067503277719,0.991792169637886,0.0168768801035864,0.00168768801035864,0.988484301137583,0.995100038138189,0.00771885844485981,0.0261074497316572,0.00261074497316572,0.002601798297455,0.0128359185922646
"primary_controlled",100,20,"n=100, p=20","block","quantile_2","A_set_s",100,0.992539682539682,0.0343974538880203,0.00343974538880203,0.985797781577631,0.999281583501734,0.991111111111111,0.0302955471493656,0.00302955471493656,0.985173183869836,0.997049038352387,-0.00142857142857143,0.0472754963213806,0.00472754963213806,-0.010694568707562,0.00783742585041917
"primary_controlled",100,20,"n=100, p=20","block","quantile_2","A_set_2s",100,0.971388888888889,0.0537500232037032,0.00537500232037032,0.960853884340963,0.981923893436815,0.976895881895882,0.0544313051408031,0.00544313051408031,0.966227346088285,0.987564417703479,0.00550699300699301,0.0774596171627873,0.00774596171627873,-0.0096750919569133,0.0206890779708993
"primary_controlled",100,20,"n=100, p=20","block","quantile_2","F1",100,0.70810101010101,0.168899378411605,0.0168899378411605,0.674996731932336,0.741205288269685,0.611939393939394,0.149647392059684,0.0149647392059684,0.582608505095696,0.641270282783092,-0.0961616161616162,0.165087452905856,0.0165087452905856,-0.128518756931164,-0.0638044753920683
"primary_controlled",100,20,"n=100, p=20","block","quantile_2","RMSE",100,1.73149004593706,0.657469860892846,0.0657469860892846,1.60262595320207,1.86035413867206,1.98365729379442,0.774970022565745,0.0774970022565745,1.83176316937153,2.1355514182173,0.252167247857353,0.243752714299155,0.0243752714299155,0.204391715854719,0.299942779859987
"primary_controlled",100,20,"n=100, p=20","block","quantile_4","A_entry",100,0.984073311193026,0.0203785310443485,0.00203785310443485,0.980079119108334,0.988067503277719,0.99263574873493,0.00802086670034517,0.000802086670034517,0.991063658861662,0.994207838608197,0.00856243754190324,0.022697869425828,0.0022697869425828,0.00411365513444096,0.0130112199493655
"primary_controlled",100,20,"n=100, p=20","block","quantile_4","A_set_s",100,0.992539682539682,0.0343974538880203,0.00343974538880203,0.985797781577631,0.999281583501734,0.986984126984127,0.0379788184221133,0.00379788184221133,0.979540278573393,0.994427975394861,-0.00555555555555555,0.0507181878907024,0.00507181878907024,-0.0154963203821332,0.00438520927102212
"primary_controlled",100,20,"n=100, p=20","block","quantile_4","A_set_2s",100,0.971388888888889,0.0537500232037032,0.00537500232037032,0.960853884340963,0.981923893436815,0.983409090909091,0.0433187752041343,0.00433187752041343,0.974918610969081,0.991899570849101,0.012020202020202,0.0667136073160388,0.00667136073160388,-0.00105566501374158,0.0250960690541456
"primary_controlled",100,20,"n=100, p=20","block","quantile_4","F1",100,0.70810101010101,0.168899378411605,0.0168899378411605,0.674996731932336,0.741205288269685,0.50069696969697,0.157458489834622,0.0157458489834622,0.469835105689384,0.531558833704556,-0.20740404040404,0.201907940188742,0.0201907940188742,-0.246977996681034,-0.167830084127047
"primary_controlled",100,20,"n=100, p=20","block","quantile_4","RMSE",100,1.73149004593706,0.657469860892846,0.0657469860892846,1.60262595320207,1.86035413867206,2.12882814181256,0.780757034295172,0.0780757034295172,1.97579976309071,2.28185652053442,0.3973380958755,0.279934356685597,0.0279934356685597,0.342470961965123,0.452205229785877
"primary_controlled",100,20,"n=100, p=20","block","quantile_8","A_entry",100,0.984073311193026,0.0203785310443485,0.00203785310443485,0.980079119108334,0.988067503277719,0.99370172977561,0.00701811631335668,0.000701811631335668,0.992326178978192,0.995077280573028,0.00962841858258316,0.0215195471863788,0.00215195471863788,0.00541058733405292,0.0138462498311134
"primary_controlled",100,20,"n=100, p=20","block","quantile_8","A_set_s",100,0.992539682539682,0.0343974538880203,0.00343974538880203,0.985797781577631,0.999281583501734,0.987777777777778,0.0383439452446511,0.00383439452446511,0.980262364509826,0.995293191045729,-0.00476190476190476,0.0385190999432831,0.00385190999432831,-0.0123116483507883,0.00278783882697874
"primary_controlled",100,20,"n=100, p=20","block","quantile_8","A_set_2s",100,0.971388888888889,0.0537500232037032,0.00537500232037032,0.960853884340963,0.981923893436815,0.988762626262626,0.0352812658656675,0.00352812658656675,0.981847498152955,0.995677754372297,0.0173737373737374,0.0619705345363717,0.00619705345363717,0.00522751260460852,0.0295199621428662
"primary_controlled",100,20,"n=100, p=20","block","quantile_8","F1",100,0.70810101010101,0.168899378411605,0.0168899378411605,0.674996731932336,0.741205288269685,0.441515151515152,0.131470908955859,0.0131470908955859,0.415746853359803,0.4672834496705,-0.266585858585859,0.200218868409114,0.0200218868409114,-0.305828756794045,-0.227342960377672
"primary_controlled",100,20,"n=100, p=20","block","quantile_8","RMSE",100,1.73149004593706,0.657469860892846,0.0657469860892846,1.60262595320207,1.86035413867206,2.35946954006704,0.806145103484872,0.0806145103484872,2.201465099784,2.51747398035007,0.627979494129974,0.297371771533047,0.0297371771533047,0.569694626909497,0.686264361350451
"primary_controlled",100,20,"n=100, p=20","block","equal_width_4","A_entry",100,0.984073311193026,0.0203785310443485,0.00203785310443485,0.980079119108334,0.988067503277719,0.987103816824738,0.0151847807705434,0.00151847807705434,0.984127599793712,0.990080033855765,0.00303050563171176,0.0261672149982598,0.00261672149982598,-0.00209826850794715,0.00815927977137067
"primary_controlled",100,20,"n=100, p=20","block","equal_width_4","A_set_s",100,0.992539682539682,0.0343974538880203,0.00343974538880203,0.985797781577631,0.999281583501734,0.992222222222222,0.0284924888862492,0.00284924888862492,0.986637694400517,0.997806750043927,-0.000317460317460315,0.0459589855807828,0.00459589855807828,-0.00932542149129374,0.0086905008563731
"primary_controlled",100,20,"n=100, p=20","block","equal_width_4","A_set_2s",100,0.971388888888889,0.0537500232037032,0.00537500232037032,0.960853884340963,0.981923893436815,0.965034965034965,0.0660247203106728,0.00660247203106728,0.952094119854073,0.977975810215857,-0.00635392385392385,0.090277754351565,0.0090277754351565,-0.0240483637068306,0.0113405159989829
"primary_controlled",100,20,"n=100, p=20","block","equal_width_4","F1",100,0.70810101010101,0.168899378411605,0.0168899378411605,0.674996731932336,0.741205288269685,0.422969696969697,0.128779095471029,0.0128779095471029,0.397728994257375,0.448210399682019,-0.285131313131313,0.199237858620449,0.0199237858620449,-0.324181933420921,-0.246080692841705
"primary_controlled",100,20,"n=100, p=20","block","equal_width_4","RMSE",100,1.73149004593706,0.657469860892846,0.0657469860892846,1.60262595320207,1.86035413867206,2.33302122090133,0.811442228487952,0.0811442228487952,2.17397854411769,2.49206389768496,0.601531174964262,0.331645916749749,0.0331645916749749,0.536528575281311,0.666533774647213
"primary_controlled",100,100,"n=100, p=100","independent","quantile_2","A_entry",100,0.957099963177878,0.0182123604825403,0.00182123604825403,0.9535303405233,0.960669585832456,0.943332128278274,0.0179264747090095,0.00179264747090095,0.939818539235308,0.94684571732124,-0.0137678348996042,0.0257194621278421,0.00257194621278421,-0.0188088494766613,-0.00872682032254714
"primary_controlled",100,100,"n=100, p=100","independent","quantile_2","A_set_s",100,0.995757575757576,0.0155413575743178,0.00155413575743178,0.992711469673009,0.998803681842142,0.988360528360528,0.0288784454661766,0.00288784454661766,0.982700353049158,0.994020703671899,-0.0073970473970474,0.0342819942288287,0.00342819942288287,-0.0141163182658978,-0.000677776528196969
"primary_controlled",100,100,"n=100, p=100","independent","quantile_2","A_set_2s",100,0.992756132756133,0.0166041528181974,0.00166041528181974,0.989501718803766,0.996010546708499,0.989747161051509,0.0208891055507093,0.00208891055507093,0.98565289636357,0.993841425739448,-0.00300897170462388,0.0249987575617499,0.00249987575617499,-0.00790872818672686,0.0018907847774791
"primary_controlled",100,100,"n=100, p=100","independent","quantile_2","F1",100,0.801730158730159,0.093049267552349,0.0093049267552349,0.783492502289898,0.819967815170419,0.724927787188657,0.0928921247952082,0.00928921247952082,0.706720930728796,0.743134643648518,-0.076802371541502,0.0857094577716387,0.00857094577716387,-0.0936014252647432,-0.0600033178182608
"primary_controlled",100,100,"n=100, p=100","independent","quantile_2","RMSE",100,2.79043547287547,0.377703629981116,0.0377703629981116,2.71640556139917,2.86446538435176,3.10765371023209,0.384940932905111,0.0384940932905111,3.03220528738269,3.18310213308149,0.317218237356626,0.180062042933426,0.0180062042933426,0.281926076941674,0.352510397771577
"primary_controlled",100,100,"n=100, p=100","independent","quantile_4","A_entry",100,0.957099963177878,0.0182123604825403,0.00182123604825403,0.9535303405233,0.960669585832456,0.946539137650677,0.0166620337040258,0.00166620337040258,0.943273379044688,0.949804896256666,-0.0105608255272016,0.0267361143204944,0.00267361143204944,-0.0158011039340185,-0.00532054712038468
"primary_controlled",100,100,"n=100, p=100","independent","quantile_4","A_set_s",100,0.995757575757576,0.0155413575743178,0.00155413575743178,0.992711469673009,0.998803681842142,0.984825174825175,0.0318012692839237,0.00318012692839237,0.978592126045526,0.991058223604824,-0.0109324009324009,0.0361760590909301,0.00361760590909301,-0.0180229085142232,-0.00384189335057863
"primary_controlled",100,100,"n=100, p=100","independent","quantile_4","A_set_2s",100,0.992756132756133,0.0166041528181974,0.00166041528181974,0.989501718803766,0.996010546708499,0.986810966810967,0.0199157856953246,0.00199157856953246,0.982907472814683,0.99071446080725,-0.00594516594516595,0.0242045670842528,0.00242045670842528,-0.0106892610936795,-0.00120107079665239
"primary_controlled",100,100,"n=100, p=100","independent","quantile_4","F1",100,0.801730158730159,0.093049267552349,0.0093049267552349,0.783492502289898,0.819967815170419,0.576522303783173,0.101688672334774,0.0101688672334774,0.556591324005558,0.596453283560789,-0.225207854946985,0.12896264190604,0.012896264190604,-0.250484532760569,-0.199931177133402
"primary_controlled",100,100,"n=100, p=100","independent","quantile_4","RMSE",100,2.79043547287547,0.377703629981116,0.0377703629981116,2.71640556139917,2.86446538435176,3.37856556814897,0.379789312674887,0.0379789312674887,3.30412686286469,3.45300427343325,0.588130095273506,0.210484192537572,0.0210484192537572,0.546875193536142,0.629384997010871
"primary_controlled",100,100,"n=100, p=100","independent","quantile_8","A_entry",100,0.957099963177878,0.0182123604825403,0.00182123604825403,0.9535303405233,0.960669585832456,0.953166347498594,0.0157306899963093,0.00157306899963093,0.950083132259318,0.956249562737871,-0.00393361567928396,0.0238481952104924,0.00238481952104924,-0.00860786194054046,0.000740630581972553
"primary_controlled",100,100,"n=100, p=100","independent","quantile_8","A_set_s",100,0.995757575757576,0.0155413575743178,0.00155413575743178,0.992711469673009,0.998803681842142,0.978539238539239,0.0369472380152486,0.00369472380152486,0.97129757988825,0.985780897190227,-0.0172183372183372,0.0405235110253415,0.00405235110253415,-0.0251609453793042,-0.00927572905737028
"primary_controlled",100,100,"n=100, p=100","independent","quantile_8","A_set_2s",100,0.992756132756133,0.0166041528181974,0.00166041528181974,0.989501718803766,0.996010546708499,0.984758140410314,0.0215473877502551,0.0021547387750255,0.980534852411264,0.988981428409364,-0.00799799234581844,0.0269466916684943,0.00269466916684943,-0.0132795439128433,-0.00271644077879355
"primary_controlled",100,100,"n=100, p=100","independent","quantile_8","F1",100,0.801730158730159,0.093049267552349,0.0093049267552349,0.783492502289898,0.819967815170419,0.42461553422423,0.113622742017227,0.0113622742017227,0.402345476788853,0.446885591659606,-0.377114624505929,0.140243145118234,0.0140243145118234,-0.404602280949103,-0.349626968062755
"primary_controlled",100,100,"n=100, p=100","independent","quantile_8","RMSE",100,2.79043547287547,0.377703629981116,0.0377703629981116,2.71640556139917,2.86446538435176,3.63040580611212,0.379394619185145,0.0379394619185145,3.55604446075183,3.70476715147241,0.839970333236654,0.232539213493675,0.0232539213493675,0.794392647391893,0.885548019081414
"primary_controlled",100,100,"n=100, p=100","independent","equal_width_4","A_entry",100,0.957099963177878,0.0182123604825403,0.00182123604825403,0.9535303405233,0.960669585832456,0.945837088009963,0.0175915674287004,0.00175915674287004,0.942389140793938,0.949285035225989,-0.0112628751679151,0.0255265920139531,0.00255265920139531,-0.0162660872026499,-0.00625966313318031
"primary_controlled",100,100,"n=100, p=100","independent","equal_width_4","A_set_s",100,0.995757575757576,0.0155413575743178,0.00155413575743178,0.992711469673009,0.998803681842142,0.981515151515151,0.0309276508692765,0.00309276508692765,0.975453331944773,0.98757697108553,-0.0142424242424243,0.0368304055927957,0.00368304055927957,-0.0214611837386122,-0.0070236647462363
"primary_controlled",100,100,"n=100, p=100","independent","equal_width_4","A_set_2s",100,0.992756132756133,0.0166041528181974,0.00166041528181974,0.989501718803766,0.996010546708499,0.982493255536734,0.0282341080853113,0.00282341080853113,0.976959370352013,0.988027140721455,-0.010262877219399,0.0329732428091777,0.00329732428091777,-0.0167256328099978,-0.00380012162880013
"primary_controlled",100,100,"n=100, p=100","independent","equal_width_4","F1",100,0.801730158730159,0.093049267552349,0.0093049267552349,0.783492502289898,0.819967815170419,0.541646464646465,0.117990245819662,0.0117990245819662,0.518520376465811,0.564772552827118,-0.260083694083694,0.132169676844253,0.0132169676844253,-0.285988950745168,-0.234178437422221
"primary_controlled",100,100,"n=100, p=100","independent","equal_width_4","RMSE",100,2.79043547287547,0.377703629981116,0.0377703629981116,2.71640556139917,2.86446538435176,3.53292387801042,0.37876328776446,0.037876328776446,3.45868627360858,3.60716148241225,0.74248840513495,0.224130211566399,0.0224130211566399,0.698558883667936,0.786417926601965
"primary_controlled",100,100,"n=100, p=100","ar1_rho_0.5","quantile_2","A_entry",100,0.942641475103897,0.0229985908995717,0.00229985908995717,0.93813375128758,0.947149198920213,0.932182644270651,0.0270580415523549,0.00270580415523549,0.926879268126389,0.937486020414912,-0.0104588308332459,0.03377571243465,0.003377571243465,-0.0170788704704373,-0.00383879119605451
"primary_controlled",100,100,"n=100, p=100","ar1_rho_0.5","quantile_2","A_set_s",100,0.990505050505051,0.0260340250527209,0.00260340250527209,0.985402381594717,0.995607719415384,0.986464646464646,0.0307325945506805,0.00307325945506805,0.980441057932713,0.99248823499658,-0.00404040404040404,0.0425169402336663,0.00425169402336663,-0.0123737243262026,0.00429291624539455
"primary_controlled",100,100,"n=100, p=100","ar1_rho_0.5","quantile_2","A_set_2s",100,0.98487012987013,0.0265897323372366,0.00265897323372366,0.979658542332032,0.990081717408228,0.985609511261685,0.0255406602572811,0.00255406602572811,0.980603541851258,0.990615480672112,0.000739381391555303,0.0366459442545704,0.00366459442545704,-0.0064432236823405,0.0079219864654511
"primary_controlled",100,100,"n=100, p=100","ar1_rho_0.5","quantile_2","F1",100,0.732608946608947,0.101012095747292,0.0101012095747292,0.712810575842477,0.752407317375416,0.655437229437229,0.0948878056149898,0.00948878056149898,0.636839219536691,0.674035239337768,-0.0771717171717172,0.0868793299200848,0.00868793299200848,-0.0942000658360538,-0.0601433685073806
"primary_controlled",100,100,"n=100, p=100","ar1_rho_0.5","quantile_2","RMSE",100,2.84829998625393,0.354270526358506,0.0354270526358506,2.77886296308766,2.9177370094202,3.13836380858172,0.35151844295713,0.035151844295713,3.06946619376213,3.20726142340132,0.290063822327791,0.139467206921257,0.0139467206921257,0.262728249771225,0.317399394884357
"primary_controlled",100,100,"n=100, p=100","ar1_rho_0.5","quantile_4","A_entry",100,0.942641475103897,0.0229985908995717,0.00229985908995717,0.93813375128758,0.947149198920213,0.944196372099358,0.0167692103255962,0.00167692103255962,0.940909606875541,0.947483137323175,0.00155489699546134,0.028967228772284,0.0028967228772284,-0.00412267984390632,0.007232473834829
"primary_controlled",100,100,"n=100, p=100","ar1_rho_0.5","quantile_4","A_set_s",100,0.990505050505051,0.0260340250527209,0.00260340250527209,0.985402381594717,0.995607719415384,0.985151515151515,0.0292633607349699,0.00292633607349699,0.979415896447461,0.990887133855569,-0.00535353535353536,0.0370636017930451,0.00370636017930451,-0.0126180013049722,0.00191093059790149
"primary_controlled",100,100,"n=100, p=100","ar1_rho_0.5","quantile_4","A_set_2s",100,0.98487012987013,0.0265897323372366,0.00265897323372366,0.979658542332032,0.990081717408228,0.989336219336219,0.0218367139057356,0.00218367139057356,0.985056223410695,0.993616215261743,0.00446608946608946,0.031474171590157,0.0031474171590157,-0.00170284816558131,0.0106350270977602
"primary_controlled",100,100,"n=100, p=100","ar1_rho_0.5","quantile_4","F1",100,0.732608946608947,0.101012095747292,0.0101012095747292,0.712810575842477,0.752407317375416,0.525815295815296,0.109276423746208,0.0109276423746208,0.504397116761039,0.547233474869553,-0.206793650793651,0.112014169191062,0.0112014169191062,-0.228748427955099,-0.184838873632203
"primary_controlled",100,100,"n=100, p=100","ar1_rho_0.5","quantile_4","RMSE",100,2.84829998625393,0.354270526358506,0.0354270526358506,2.77886296308766,2.9177370094202,3.39203169005222,0.34218678979118,0.034218678979118,3.32496307925315,3.45910030085129,0.54373170379829,0.176580315515665,0.0176580315515665,0.509121961957219,0.57834144563936
"primary_controlled",100,100,"n=100, p=100","ar1_rho_0.5","quantile_8","A_entry",100,0.942641475103897,0.0229985908995717,0.00229985908995717,0.93813375128758,0.947149198920213,0.953061884633224,0.0154013222851759,0.00154013222851759,0.950043225465329,0.956080543801118,0.0104204095293273,0.0286031207874151,0.00286031207874151,0.00481419785499394,0.0160266212036607
"primary_controlled",100,100,"n=100, p=100","ar1_rho_0.5","quantile_8","A_set_s",100,0.990505050505051,0.0260340250527209,0.00260340250527209,0.985402381594717,0.995607719415384,0.983512043512043,0.0315123372327149,0.00315123372327149,0.977335625414431,0.989688461609656,-0.006993006993007,0.0412627769011666,0.00412627769011666,-0.0150805112656357,0.00109449727962166
"primary_controlled",100,100,"n=100, p=100","ar1_rho_0.5","quantile_8","A_set_2s",100,0.98487012987013,0.0265897323372366,0.00265897323372366,0.979658542332032,0.990081717408228,0.984700420352594,0.0225934543615221,0.00225934543615221,0.980272103297736,0.989128737407453,-0.000169709517535608,0.0340984097278506,0.00340984097278506,-0.00685299782419432,0.00651357878912311
"primary_controlled",100,100,"n=100, p=100","ar1_rho_0.5","quantile_8","F1",100,0.732608946608947,0.101012095747292,0.0101012095747292,0.712810575842477,0.752407317375416,0.362566346696782,0.119530958070944,0.0119530958070944,0.339138278914876,0.385994414478687,-0.370042599912165,0.145137845626804,0.0145137845626804,-0.398489617655019,-0.341595582169312
"primary_controlled",100,100,"n=100, p=100","ar1_rho_0.5","quantile_8","RMSE",100,2.84829998625393,0.354270526358506,0.0354270526358506,2.77886296308766,2.9177370094202,3.65573277313696,0.332120521134925,0.0332120521134925,3.59063715099452,3.72082839527941,0.807432786883029,0.204231532853453,0.0204231532853453,0.767403406443752,0.847462167322306
"primary_controlled",100,100,"n=100, p=100","ar1_rho_0.5","equal_width_4","A_entry",100,0.942641475103897,0.0229985908995717,0.00229985908995717,0.93813375128758,0.947149198920213,0.943675591091344,0.018128010662842,0.0018128010662842,0.940122501001427,0.947228681181261,0.00103411598744767,0.0292743128925513,0.00292743128925513,-0.00470364933949239,0.00677188131438773
"primary_controlled",100,100,"n=100, p=100","ar1_rho_0.5","equal_width_4","A_set_s",100,0.990505050505051,0.0260340250527209,0.00260340250527209,0.985402381594717,0.995607719415384,0.986441336441336,0.0290847394459491,0.00290847394459491,0.98074072750993,0.992141945372742,-0.00406371406371407,0.0413469108145457,0.00413469108145457,-0.012167708583365,0.00404028045593689
"primary_controlled",100,100,"n=100, p=100","ar1_rho_0.5","equal_width_4","A_set_2s",100,0.98487012987013,0.0265897323372366,0.00265897323372366,0.979658542332032,0.990081717408228,0.989321789321789,0.018401876262627,0.0018401876262627,0.985715021574314,0.992928557069264,0.00445165945165945,0.0324888312115903,0.00324888312115903,-0.00191615146581225,0.0108194703691312
"primary_controlled",100,100,"n=100, p=100","ar1_rho_0.5","equal_width_4","F1",100,0.732608946608947,0.101012095747292,0.0101012095747292,0.712810575842477,0.752407317375416,0.461157789070833,0.10603819874074,0.010603819874074,0.440374302117648,0.481941276024018,-0.271451157538114,0.124545133402143,0.0124545133402143,-0.295862003684934,-0.247040311391294
"primary_controlled",100,100,"n=100, p=100","ar1_rho_0.5","equal_width_4","RMSE",100,2.84829998625393,0.354270526358506,0.0354270526358506,2.77886296308766,2.9177370094202,3.5606859292932,0.350397952131751,0.0350397952131751,3.49200793067538,3.62936392791103,0.712385943039273,0.211885595153066,0.0211885595153066,0.670856366389272,0.753915519689274
"primary_controlled",100,100,"n=100, p=100","ar1_rho_0.9","quantile_2","A_entry",100,0.875528197929518,0.0324546286293188,0.00324546286293188,0.869167090718171,0.881889305140864,0.883868733588771,0.0307368617339455,0.00307368617339455,0.877844308688917,0.889893158488624,0.0083405356592532,0.0389838260610095,0.00389838260610095,0.000699705751295345,0.015981365567211
"primary_controlled",100,100,"n=100, p=100","ar1_rho_0.9","quantile_2","A_set_s",100,0.968086635586636,0.0600581152044877,0.00600581152044877,0.956315245006556,0.979858026166715,0.973873348873349,0.050814371551459,0.0050814371551459,0.963913732049263,0.983832965697435,0.00578671328671328,0.0807037487539692,0.00807037487539692,-0.0100312214690647,0.0216046480424912
"primary_controlled",100,100,"n=100, p=100","ar1_rho_0.9","quantile_2","A_set_2s",100,0.901714032344467,0.0766978752507507,0.00766978752507507,0.88668124879532,0.916746815893614,0.932692295627078,0.0606679499544877,0.00606679499544877,0.920801377435999,0.944583213818158,0.0309782632826111,0.0851596730962613,0.00851596730962613,0.0142869673557439,0.0476695592094783
"primary_controlled",100,100,"n=100, p=100","ar1_rho_0.9","quantile_2","F1",100,0.442126984126984,0.11684802866855,0.011684802866855,0.419224770507948,0.46502919774602,0.369531024531025,0.108601006647397,0.0108601006647397,0.348245227228135,0.390816821833914,-0.0725959595959596,0.107914334301854,0.0107914334301854,-0.093747169119123,-0.0514447500727962
"primary_controlled",100,100,"n=100, p=100","ar1_rho_0.9","quantile_2","RMSE",100,2.67298741445413,0.521668793551496,0.0521668793551496,2.57074033091804,2.77523449799022,2.9627492192913,0.567420759062924,0.0567420759062924,2.85153475051497,3.07396368806764,0.289761804837173,0.164195696122821,0.0164195696122821,0.2575794483971,0.321944161277246
"primary_controlled",100,100,"n=100, p=100","ar1_rho_0.9","quantile_4","A_entry",100,0.875528197929518,0.0324546286293188,0.00324546286293188,0.869167090718171,0.881889305140864,0.909359190454294,0.0252071430752086,0.00252071430752086,0.904418590411553,0.914299790497035,0.0338309925247765,0.0396787509745982,0.00396787509745982,0.0260539573337553,0.0416080277157978
"primary_controlled",100,100,"n=100, p=100","ar1_rho_0.9","quantile_4","A_set_s",100,0.968086635586636,0.0600581152044877,0.00600581152044877,0.956315245006556,0.979858026166715,0.982727272727273,0.0373913817112422,0.00373913817112422,0.975398561911869,0.990055983542676,0.0146406371406371,0.072541389896183,0.0072541389896183,0.000422524720985269,0.028858749560289
"primary_controlled",100,100,"n=100, p=100","ar1_rho_0.9","quantile_4","A_set_2s",100,0.901714032344467,0.0766978752507507,0.00766978752507507,0.88668124879532,0.916746815893614,0.963666478449087,0.0428610911534499,0.00428610911534499,0.955265704583011,0.972067252315163,0.06195244610462,0.0821573915935631,0.00821573915935631,0.0458495973522816,0.0780552948569584
"primary_controlled",100,100,"n=100, p=100","ar1_rho_0.9","quantile_4","F1",100,0.442126984126984,0.11684802866855,0.011684802866855,0.419224770507948,0.46502919774602,0.307748917748918,0.104567435848721,0.0104567435848721,0.287253700322568,0.328244135175267,-0.134378066378066,0.115162603748177,0.0115162603748177,-0.156949936712709,-0.111806196043424
"primary_controlled",100,100,"n=100, p=100","ar1_rho_0.9","quantile_4","RMSE",100,2.67298741445413,0.521668793551496,0.0521668793551496,2.57074033091804,2.77523449799022,3.14204417312122,0.566298314575565,0.0566298314575565,3.03104970346441,3.25303864277803,0.469056758667087,0.184535389277748,0.0184535389277748,0.432887822368649,0.505225694965526
"primary_controlled",100,100,"n=100, p=100","ar1_rho_0.9","quantile_8","A_entry",100,0.875528197929518,0.0324546286293188,0.00324546286293188,0.869167090718171,0.881889305140864,0.932054497465728,0.0223138855896865,0.00223138855896865,0.92768097589015,0.936428019041307,0.0565262995362108,0.0387326138070633,0.00387326138070633,0.0489347072300264,0.0641178918423952
"primary_controlled",100,100,"n=100, p=100","ar1_rho_0.9","quantile_8","A_set_s",100,0.968086635586636,0.0600581152044877,0.00600581152044877,0.956315245006556,0.979858026166715,0.983030303030303,0.0340922411285073,0.00340922411285073,0.976348223769116,0.98971238229149,0.0149436674436674,0.0726777465018633,0.00726777465018633,0.00069882912930223,0.0291885057580327
"primary_controlled",100,100,"n=100, p=100","ar1_rho_0.9","quantile_8","A_set_2s",100,0.901714032344467,0.0766978752507507,0.00766978752507507,0.88668124879532,0.916746815893614,0.971147171668911,0.0412399860239848,0.00412399860239848,0.96306413440821,0.979230208929612,0.0694331393244437,0.0910936716373832,0.00910936716373832,0.0515787796835166,0.0872874989653708
"primary_controlled",100,100,"n=100, p=100","ar1_rho_0.9","quantile_8","F1",100,0.442126984126984,0.11684802866855,0.011684802866855,0.419224770507948,0.46502919774602,0.240546897546898,0.0994381799989326,0.00994381799989326,0.221057014267107,0.260036780826688,-0.201580086580087,0.137605882974833,0.0137605882974833,-0.228550839643154,-0.174609333517019
"primary_controlled",100,100,"n=100, p=100","ar1_rho_0.9","quantile_8","RMSE",100,2.67298741445413,0.521668793551496,0.0521668793551496,2.57074033091804,2.77523449799022,3.36858955584246,0.630213275822113,0.0630213275822113,3.24506775378132,3.49211135790359,0.695602141388327,0.242081756778761,0.0242081756778761,0.648154117059689,0.743050165716964
"primary_controlled",100,100,"n=100, p=100","ar1_rho_0.9","equal_width_4","A_entry",100,0.875528197929518,0.0324546286293188,0.00324546286293188,0.869167090718171,0.881889305140864,0.91274300157377,0.0265901796139349,0.00265901796139349,0.907531326369439,0.917954676778101,0.0372148036442525,0.0445763725566067,0.00445763725566066,0.0284778346231576,0.0459517726653474
"primary_controlled",100,100,"n=100, p=100","ar1_rho_0.9","equal_width_4","A_set_s",100,0.968086635586636,0.0600581152044877,0.00600581152044877,0.956315245006556,0.979858026166715,0.983510101010101,0.0361934264654171,0.00361934264654171,0.976416189422879,0.990604012597323,0.0154234654234654,0.0676547903562161,0.00676547903562161,0.00216312651364706,0.0286838043332838
"primary_controlled",100,100,"n=100, p=100","ar1_rho_0.9","equal_width_4","A_set_2s",100,0.901714032344467,0.0766978752507507,0.00766978752507507,0.88668124879532,0.916746815893614,0.968104021582282,0.0436088704692469,0.00436088704692469,0.95955668297031,0.976651360194255,0.0663899892378153,0.0907213896173533,0.00907213896173533,0.0486085968728141,0.0841713816028166
"primary_controlled",100,100,"n=100, p=100","ar1_rho_0.9","equal_width_4","F1",100,0.442126984126984,0.11684802866855,0.011684802866855,0.419224770507948,0.46502919774602,0.252698412698413,0.109492217406408,0.0109492217406408,0.231237938086757,0.274158887310069,-0.189428571428571,0.132629768195071,0.0132629768195071,-0.215424005994805,-0.163433136862337
"primary_controlled",100,100,"n=100, p=100","ar1_rho_0.9","equal_width_4","RMSE",100,2.67298741445413,0.521668793551496,0.0521668793551496,2.57074033091804,2.77523449799022,3.30212243982002,0.614552909528525,0.0614552909528525,3.18167006955243,3.42257481008761,0.629135025365889,0.227033675599612,0.0227033675599612,0.584636424948365,0.673633625783413
"primary_controlled",100,100,"n=100, p=100","block","quantile_2","A_entry",100,0.905956545314847,0.029646987500226,0.0029646987500226,0.900145735764803,0.911767354864891,0.89775685593819,0.0263272339628016,0.00263272339628016,0.89259671808148,0.902916993794899,-0.00819968937665736,0.0401629019517671,0.00401629019517671,-0.0160716181592037,-0.000327760594111015
"primary_controlled",100,100,"n=100, p=100","block","quantile_2","A_set_s",100,0.971085858585859,0.0494343383369925,0.00494343383369925,0.961396728271808,0.980774988899909,0.971666666666667,0.0446259026316114,0.00446259026316114,0.962919989750871,0.980413343582462,0.000580808080808073,0.0610327198213381,0.00610327198213381,-0.0113816050041742,0.0125432211657903
"primary_controlled",100,100,"n=100, p=100","block","quantile_2","A_set_2s",100,0.924538799364886,0.0731091920133945,0.00731091920133945,0.910209397730261,0.938868200999512,0.950278875713658,0.0517254051787695,0.00517254051787695,0.94014069629862,0.960417055128697,0.025740076348772,0.0885611729996281,0.00885611729996281,0.0083820864408449,0.0430980662566991
"primary_controlled",100,100,"n=100, p=100","block","quantile_2","F1",100,0.500470418470419,0.112248723804914,0.0112248723804914,0.478469668604655,0.522471168336182,0.422142857142857,0.108874012617299,0.0108874012617299,0.400803550669866,0.443482163615848,-0.0783275613275613,0.095611722717786,0.0095611722717786,-0.0970674589802474,-0.0595876636748753
"primary_controlled",100,100,"n=100, p=100","block","quantile_2","RMSE",100,2.69068165585543,0.548624194135243,0.0548624194135243,2.58315131380492,2.79821199790594,2.9653695752192,0.573791580591303,0.0573791580591303,2.8529064254233,3.07783272501509,0.274687919363769,0.151839034111379,0.0151839034111379,0.244927468677939,0.3044483700496
"primary_controlled",100,100,"n=100, p=100","block","quantile_4","A_entry",100,0.905956545314847,0.029646987500226,0.0029646987500226,0.900145735764803,0.911767354864891,0.917191510201039,0.0233187347201169,0.00233187347201169,0.912621038195896,0.921761982206182,0.0112349648861923,0.0393650477468253,0.00393650477468253,0.00351941552781458,0.0189505142445701
"primary_controlled",100,100,"n=100, p=100","block","quantile_4","A_set_s",100,0.971085858585859,0.0494343383369925,0.00494343383369925,0.961396728271808,0.980774988899909,0.980909090909091,0.0376276749333842,0.00376276749333842,0.973534066622148,0.988284115196034,0.00982323232323232,0.0550171654126488,0.00550171654126488,-0.000960132097646844,0.0206065967441115
"primary_controlled",100,100,"n=100, p=100","block","quantile_4","A_set_2s",100,0.924538799364886,0.0731091920133945,0.00731091920133945,0.910209397730261,0.938868200999512,0.963050379572119,0.0515546128270308,0.00515546128270308,0.952945675458021,0.973155083686217,0.0385115802072324,0.0876222173765838,0.00876222173765838,0.0213376256014219,0.0556855348130428
"primary_controlled",100,100,"n=100, p=100","block","quantile_4","F1",100,0.500470418470419,0.112248723804914,0.0112248723804914,0.478469668604655,0.522471168336182,0.356975468975469,0.104100546024217,0.0104100546024217,0.336571761954723,0.377379175996215,-0.143494949494949,0.11501184858293,0.011501184858293,-0.166037271817204,-0.120952627172695
"primary_controlled",100,100,"n=100, p=100","block","quantile_4","RMSE",100,2.69068165585543,0.548624194135243,0.0548624194135243,2.58315131380492,2.79821199790594,3.14830209787532,0.571182953952651,0.0571182953952651,3.0363502389006,3.26025395685004,0.457620442019892,0.173249988532541,0.0173249988532541,0.423663444267514,0.49157743977227
"primary_controlled",100,100,"n=100, p=100","block","quantile_8","A_entry",100,0.905956545314847,0.029646987500226,0.0029646987500226,0.900145735764803,0.911767354864891,0.93751858621818,0.0211984385354921,0.00211984385354921,0.933363692265224,0.941673480171137,0.0315620409033334,0.0391711754201407,0.00391711754201407,0.0238844905209858,0.0392395912856809
"primary_controlled",100,100,"n=100, p=100","block","quantile_8","A_set_s",100,0.971085858585859,0.0494343383369925,0.00494343383369925,0.961396728271808,0.980774988899909,0.980540015540016,0.0384264259962712,0.00384264259962712,0.973008436044746,0.988071595035285,0.00945415695415695,0.0633892224183942,0.00633892224183942,-0.00297013063984831,0.0218784445481622
"primary_controlled",100,100,"n=100, p=100","block","quantile_8","A_set_2s",100,0.924538799364886,0.0731091920133945,0.00731091920133945,0.910209397730261,0.938868200999512,0.970293230441057,0.0378607299253762,0.00378607299253762,0.962872527375683,0.97771393350643,0.0457544310761702,0.083433273369569,0.0083433273369569,0.0294015094957347,0.0621073526566057
"primary_controlled",100,100,"n=100, p=100","block","quantile_8","F1",100,0.500470418470419,0.112248723804914,0.0112248723804914,0.478469668604655,0.522471168336182,0.271082251082251,0.0999447577086513,0.00999447577086513,0.251493078571355,0.290671423593147,-0.229388167388167,0.146430794766365,0.0146430794766365,-0.258088603162375,-0.20068773161396
"primary_controlled",100,100,"n=100, p=100","block","quantile_8","RMSE",100,2.69068165585543,0.548624194135243,0.0548624194135243,2.58315131380492,2.79821199790594,3.38206073143538,0.609216159299204,0.0609216159299204,3.26265436421273,3.50146709865802,0.691379075579947,0.21107730872385,0.021107730872385,0.650007923070072,0.732750228089821
"primary_controlled",100,100,"n=100, p=100","block","equal_width_4","A_entry",100,0.905956545314847,0.029646987500226,0.0029646987500226,0.900145735764803,0.911767354864891,0.909580377498818,0.0257208286159229,0.00257208286159229,0.904539095090097,0.914621659907539,0.00362383218397068,0.0387399571224405,0.00387399571224405,-0.00396919941202765,0.011216863779969
"primary_controlled",100,100,"n=100, p=100","block","equal_width_4","A_set_s",100,0.971085858585859,0.0494343383369925,0.00494343383369925,0.961396728271808,0.980774988899909,0.987474747474748,0.0307292408917971,0.00307292408917971,0.981451816259955,0.99349767868954,0.0163888888888889,0.0587523175799822,0.00587523175799822,0.00487343464321237,0.0279043431345654
"primary_controlled",100,100,"n=100, p=100","block","equal_width_4","A_set_2s",100,0.924538799364886,0.0731091920133945,0.00731091920133945,0.910209397730261,0.938868200999512,0.97315358554489,0.0406942603083042,0.00406942603083042,0.965177510524462,0.981129660565317,0.0486147861800036,0.0836831514850446,0.00836831514850446,0.0322128884889348,0.0650166838710723
"primary_controlled",100,100,"n=100, p=100","block","equal_width_4","F1",100,0.500470418470419,0.112248723804914,0.0112248723804914,0.478469668604655,0.522471168336182,0.280598845598846,0.0959349890656229,0.00959349890656229,0.261795587741984,0.299402103455708,-0.219871572871573,0.130037283002737,0.0130037283002737,-0.245358880340109,-0.194384265403036
"primary_controlled",100,100,"n=100, p=100","block","equal_width_4","RMSE",100,2.69068165585543,0.548624194135243,0.0548624194135243,2.58315131380492,2.79821199790594,3.31466933175927,0.611944883330656,0.0611944883330656,3.19472813462646,3.43461052889208,0.623987675903843,0.196016622012542,0.0196016622012542,0.585568417989384,0.662406933818301
"primary_controlled",100,200,"n=100, p=200","independent","quantile_2","A_entry",100,0.913577497845525,0.0226289965254629,0.00226289965254629,0.909142214526535,0.918012781164516,0.916085519463973,0.0217199385375819,0.00217199385375819,0.911828411510607,0.920342627417339,0.00250802161844787,0.0300911305321203,0.00300911305321203,-0.00338983996584771,0.00840588320274344
"primary_controlled",100,200,"n=100, p=200","independent","quantile_2","A_set_s",100,0.98958152958153,0.0161176990347484,0.00161176990347484,0.986422460570719,0.99274059859234,0.98567444632662,0.0220135094053085,0.00220135094053085,0.98135979848318,0.989989094170061,-0.00390708325490934,0.0277464665744948,0.00277464665744948,-0.00934539070351033,0.00153122419369164
"primary_controlled",100,200,"n=100, p=200","independent","quantile_2","A_set_2s",100,0.98269341580459,0.022701735576258,0.0022701735576258,0.978243875631643,0.987142955977536,0.973181789534597,0.0264936539225343,0.00264936539225343,0.96798903336578,0.978374545703414,-0.0095116262699927,0.0324193803099844,0.00324193803099844,-0.0158658248107496,-0.00315742772923575
"primary_controlled",100,200,"n=100, p=200","independent","quantile_2","F1",100,0.560276616337592,0.0926283271310393,0.00926283271310393,0.542121464219908,0.578431768455276,0.507417555753631,0.085819402031113,0.0085819402031113,0.490596952955533,0.524238158551729,-0.0528590605839613,0.0711920637219795,0.00711920637219795,-0.0668127050734693,-0.0389054160944533
"primary_controlled",100,200,"n=100, p=200","independent","quantile_2","RMSE",100,4.57854405185123,0.441135735249425,0.0441135735249425,4.49208144774234,4.66500665596011,4.86740147301942,0.426492668322522,0.0426492668322522,4.78380891002821,4.95099403601064,0.288857421168197,0.144516062310294,0.0144516062310294,0.26053227295538,0.317182569381015
"primary_controlled",100,200,"n=100, p=200","independent","quantile_4","A_entry",100,0.913577497845525,0.0226289965254629,0.00226289965254629,0.909142214526535,0.918012781164516,0.926981085314762,0.0193375897161867,0.00193375897161867,0.923190917730389,0.930771252899134,0.0134035874692367,0.028472989071708,0.0028472989071708,0.00782288161118194,0.0189842933272915
"primary_controlled",100,200,"n=100, p=200","independent","quantile_4","A_set_s",100,0.98958152958153,0.0161176990347484,0.00161176990347484,0.986422460570719,0.99274059859234,0.983130685739381,0.0261267607153505,0.00261267607153505,0.978009840639173,0.98825153083959,-0.0064508438421482,0.029422826132264,0.0029422826132264,-0.0122177177640719,-0.000683969920224448
"primary_controlled",100,200,"n=100, p=200","independent","quantile_4","A_set_2s",100,0.98269341580459,0.022701735576258,0.0022701735576258,0.978243875631643,0.987142955977536,0.97239406898851,0.0261907436488465,0.00261907436488465,0.967260683233336,0.977527454743684,-0.0102993468160797,0.0348880550052744,0.00348880550052744,-0.0171374055971134,-0.00346128803504588
"primary_controlled",100,200,"n=100, p=200","independent","quantile_4","F1",100,0.560276616337592,0.0926283271310393,0.00926283271310393,0.542121464219908,0.578431768455276,0.348183849679028,0.0801491062238453,0.00801491062238453,0.332474624859155,0.363893074498902,-0.212092766658564,0.105541417351096,0.0105541417351096,-0.232778884459378,-0.191406648857749
"primary_controlled",100,200,"n=100, p=200","independent","quantile_4","RMSE",100,4.57854405185123,0.441135735249425,0.0441135735249425,4.49208144774234,4.66500665596011,5.16198693917455,0.423105685628851,0.0423105685628851,5.0790582247913,5.24491565355781,0.583442887323326,0.201927543309582,0.0201927543309582,0.543865088834648,0.623020685812004
"primary_controlled",100,200,"n=100, p=200","independent","quantile_8","A_entry",100,0.913577497845525,0.0226289965254629,0.00226289965254629,0.909142214526535,0.918012781164516,0.928288985477676,0.0191024248746692,0.00191024248746692,0.924544910202241,0.932033060753111,0.0147114876321508,0.0312636027155981,0.00312636027155981,0.00858382149989353,0.020839153764408
"primary_controlled",100,200,"n=100, p=200","independent","quantile_8","A_set_s",100,0.98958152958153,0.0161176990347484,0.00161176990347484,0.986422460570719,0.99274059859234,0.983669615408746,0.0252519189435085,0.00252519189435085,0.978720239295818,0.988618991521674,-0.00591191417278374,0.0297268985060665,0.00297268985060665,-0.0117383862799728,-8.54420655947152e-05
"primary_controlled",100,200,"n=100, p=200","independent","quantile_8","A_set_2s",100,0.98269341580459,0.022701735576258,0.0022701735576258,0.978243875631643,0.987142955977536,0.968587057403847,0.0324902816807308,0.00324902816807308,0.962218962194424,0.97495515261327,-0.014106358400743,0.0406438168813007,0.00406438168813007,-0.0220725465094779,-0.00614017029200804
"primary_controlled",100,200,"n=100, p=200","independent","quantile_8","F1",100,0.560276616337592,0.0926283271310393,0.00926283271310393,0.542121464219908,0.578431768455276,0.24335367654341,0.0742692424471215,0.00742692424471215,0.228796905023774,0.257910448063046,-0.316922939794182,0.11752227402559,0.011752227402559,-0.339957305503198,-0.293888574085166
"primary_controlled",100,200,"n=100, p=200","independent","quantile_8","RMSE",100,4.57854405185123,0.441135735249425,0.0441135735249425,4.49208144774234,4.66500665596011,5.37033248099331,0.425168084768291,0.0425168084768291,5.28699953637872,5.45366542560789,0.791788429142082,0.23957025638892,0.023957025638892,0.744832658889853,0.83874419939431
"primary_controlled",100,200,"n=100, p=200","independent","equal_width_4","A_entry",100,0.913577497845525,0.0226289965254629,0.00226289965254629,0.909142214526535,0.918012781164516,0.92482492983033,0.0190582205103167,0.00190582205103167,0.921089518610308,0.928560341050353,0.0112474319848053,0.0284648172120494,0.00284648172120494,0.0056683278112436,0.016826536158367
"primary_controlled",100,200,"n=100, p=200","independent","equal_width_4","A_set_s",100,0.98958152958153,0.0161176990347484,0.00161176990347484,0.986422460570719,0.99274059859234,0.979915223665224,0.0332302230033945,0.00332302230033945,0.973402099956558,0.986428347373889,-0.00966630591630592,0.0342705779578308,0.00342705779578308,-0.0163833391960408,-0.00294927263657109
"primary_controlled",100,200,"n=100, p=200","independent","equal_width_4","A_set_2s",100,0.98269341580459,0.022701735576258,0.0022701735576258,0.978243875631643,0.987142955977536,0.97097996822614,0.0272488427076849,0.00272488427076849,0.965639195055433,0.976320741396846,-0.0117134475784504,0.0378551113508954,0.00378551113508954,-0.0191330494032259,-0.00429384575367492
"primary_controlled",100,200,"n=100, p=200","independent","equal_width_4","F1",100,0.560276616337592,0.0926283271310393,0.00926283271310393,0.542121464219908,0.578431768455276,0.337751375271228,0.082987607026489,0.0082987607026489,0.321485804294036,0.35401694624842,-0.222525241066364,0.11486925524396,0.011486925524396,-0.24503961509418,-0.200010867038548
"primary_controlled",100,200,"n=100, p=200","independent","equal_width_4","RMSE",100,4.57854405185123,0.441135735249425,0.0441135735249425,4.49208144774234,4.66500665596011,5.27881864454297,0.432152563474233,0.0432152563474233,5.19411674210202,5.36352054698392,0.700274592691745,0.210606169605793,0.0210606169605793,0.658995783449009,0.74155340193448
"primary_controlled",100,200,"n=100, p=200","ar1_rho_0.5","quantile_2","A_entry",100,0.897528681499518,0.0248123669853904,0.00248123669853904,0.892665457570381,0.902391905428654,0.907755821252357,0.0191866442591891,0.00191866442591891,0.903995238977556,0.911516403527158,0.0102271397528395,0.0297163107961816,0.00297163107961816,0.00440274283678786,0.0160515366688911
"primary_controlled",100,200,"n=100, p=200","ar1_rho_0.5","quantile_2","A_set_s",100,0.986298387602735,0.0238629118247388,0.00238629118247388,0.981621256885087,0.990975518320384,0.987528703180877,0.0205027003959421,0.00205027003959421,0.983510173903272,0.991547232458482,0.00123031557814166,0.0308823801221782,0.00308823801221782,-0.00482263092580527,0.0072832620820886
"primary_controlled",100,200,"n=100, p=200","ar1_rho_0.5","quantile_2","A_set_2s",100,0.969550148324397,0.0310567300780169,0.00310567300780169,0.963463029229105,0.975637267419688,0.968991714950875,0.0301062302828102,0.00301062302828102,0.963090893815445,0.974892536086306,-0.000558433373521294,0.0438639730762236,0.00438639730762236,-0.00915577209646111,0.00803890534941852
"primary_controlled",100,200,"n=100, p=200","ar1_rho_0.5","quantile_2","F1",100,0.541978513356562,0.0892462534803758,0.00892462534803758,0.524486247674408,0.559470779038716,0.456351020536783,0.0795381842548684,0.00795381842548684,0.440761536422829,0.471940504650738,-0.0856274928197787,0.0851357717463218,0.00851357717463218,-0.102314104082058,-0.0689408815574996
"primary_controlled",100,200,"n=100, p=200","ar1_rho_0.5","quantile_2","RMSE",100,4.44895689890715,0.412439869642736,0.0412439869642736,4.36811868445717,4.52979511335712,4.76277749535661,0.38736806266041,0.038736806266041,4.68685335507516,4.83870163563805,0.313820596449459,0.15041162701512,0.015041162701512,0.284339917554495,0.343301275344422
"primary_controlled",100,200,"n=100, p=200","ar1_rho_0.5","quantile_4","A_entry",100,0.897528681499518,0.0248123669853904,0.00248123669853904,0.892665457570381,0.902391905428654,0.926786638016967,0.0204251461878196,0.00204251461878196,0.922783309364155,0.93078996666978,0.0292579565174496,0.0336737595762444,0.00336737595762444,0.0226578996405057,0.0358580133943936
"primary_controlled",100,200,"n=100, p=200","ar1_rho_0.5","quantile_4","A_set_s",100,0.986298387602735,0.0238629118247388,0.00238629118247388,0.981621256885087,0.990975518320384,0.983100131752306,0.0257059073605742,0.00257059073605742,0.978061773909633,0.988138489594978,-0.00319825585042977,0.0340491280740177,0.00340491280740177,-0.00987188495293724,0.0034753732520777
"primary_controlled",100,200,"n=100, p=200","ar1_rho_0.5","quantile_4","A_set_2s",100,0.969550148324397,0.0310567300780169,0.00310567300780169,0.963463029229105,0.975637267419688,0.977422765046134,0.0243403501168456,0.00243403501168456,0.972652056423232,0.982193473669036,0.00787261672173754,0.0423414065049168,0.00423414065049168,-0.000426298953226156,0.0161715323967012
"primary_controlled",100,200,"n=100, p=200","ar1_rho_0.5","quantile_4","F1",100,0.541978513356562,0.0892462534803758,0.00892462534803758,0.524486247674408,0.559470779038716,0.339920282286987,0.0834449160658407,0.00834449160658407,0.323565078738082,0.356275485835892,-0.202058231069575,0.101316005469402,0.0101316005469402,-0.221916168141578,-0.182200293997573
"primary_controlled",100,200,"n=100, p=200","ar1_rho_0.5","quantile_4","RMSE",100,4.44895689890715,0.412439869642736,0.0412439869642736,4.36811868445717,4.52979511335712,5.06470309467897,0.391028592525202,0.0391028592525202,4.98806149054403,5.14134469881391,0.615746195771821,0.191040261603764,0.0191040261603764,0.578302304497483,0.653190087046158
"primary_controlled",100,200,"n=100, p=200","ar1_rho_0.5","quantile_8","A_entry",100,0.897528681499518,0.0248123669853904,0.00248123669853904,0.892665457570381,0.902391905428654,0.927206259631634,0.0206458398857367,0.00206458398857367,0.923159675014029,0.931252844249238,0.0296775781321156,0.0302299935735952,0.00302299935735952,0.0237524993916909,0.0356026568725403
"primary_controlled",100,200,"n=100, p=200","ar1_rho_0.5","quantile_8","A_set_s",100,0.986298387602735,0.0238629118247388,0.00238629118247388,0.981621256885087,0.990975518320384,0.984675010979359,0.0249316280287422,0.00249316280287422,0.979788411885725,0.989561610072992,-0.00162337662337663,0.0357541386010061,0.00357541386010061,-0.00863118778917382,0.00538443454242056
"primary_controlled",100,200,"n=100, p=200","ar1_rho_0.5","quantile_8","A_set_2s",100,0.969550148324397,0.0310567300780169,0.00310567300780169,0.963463029229105,0.975637267419688,0.972132901551506,0.030674916287998,0.0030674916287998,0.966120617959059,0.978145185143954,0.00258275322710944,0.0441963649678318,0.00441963649678318,-0.00607973430658559,0.0112452407608045
"primary_controlled",100,200,"n=100, p=200","ar1_rho_0.5","quantile_8","F1",100,0.541978513356562,0.0892462534803758,0.00892462534803758,0.524486247674408,0.559470779038716,0.248782664993669,0.0833419793828833,0.00833419793828833,0.232447637034624,0.265117692952714,-0.293195848362893,0.117873498510688,0.0117873498510688,-0.316299054070988,-0.270092642654798
"primary_controlled",100,200,"n=100, p=200","ar1_rho_0.5","quantile_8","RMSE",100,4.44895689890715,0.412439869642736,0.0412439869642736,4.36811868445717,4.52979511335712,5.26476703766933,0.40224344038066,0.040224344038066,5.18592732335472,5.34360675198394,0.815810138762187,0.234833063770772,0.0234833063770772,0.769782858263116,0.861837419261258
"primary_controlled",100,200,"n=100, p=200","ar1_rho_0.5","equal_width_4","A_entry",100,0.897528681499518,0.0248123669853904,0.00248123669853904,0.892665457570381,0.902391905428654,0.922437531254762,0.019231050105214,0.0019231050105214,0.91866824543414,0.926206817075384,0.0249088497552446,0.0293246833455869,0.00293246833455869,0.0191612118195096,0.0306564876909797
"primary_controlled",100,200,"n=100, p=200","ar1_rho_0.5","equal_width_4","A_set_s",100,0.986298387602735,0.0238629118247388,0.00238629118247388,0.981621256885087,0.990975518320384,0.983913670870193,0.0229412130948855,0.00229412130948855,0.979417193103595,0.98841014863679,-0.00238471673254282,0.0303743556995354,0.00303743556995354,-0.00833809044965177,0.00356865698456612
"primary_controlled",100,200,"n=100, p=200","ar1_rho_0.5","equal_width_4","A_set_2s",100,0.969550148324397,0.0310567300780169,0.00310567300780169,0.963463029229105,0.975637267419688,0.973598831684481,0.0294348755597044,0.00294348755597044,0.967829596074779,0.979368067294183,0.00404868336008439,0.0417400828287557,0.00417400828287557,-0.00413237287435172,0.0122297395945205
"primary_controlled",100,200,"n=100, p=200","ar1_rho_0.5","equal_width_4","F1",100,0.541978513356562,0.0892462534803758,0.00892462534803758,0.524486247674408,0.559470779038716,0.30889721704526,0.0887570790095221,0.00887570790095222,0.291500829559394,0.326293604531126,-0.233081296311302,0.0980674097939482,0.00980674097939482,-0.252302508630916,-0.213860083991688
"primary_controlled",100,200,"n=100, p=200","ar1_rho_0.5","equal_width_4","RMSE",100,4.44895689890715,0.412439869642736,0.0412439869642736,4.36811868445717,4.52979511335712,5.16894315480206,0.393994492188836,0.0393994492188836,5.09172023433305,5.24616607527107,0.719986255894914,0.211336922726925,0.0211336922726925,0.678564219040437,0.761408292749392
"primary_controlled",100,200,"n=100, p=200","ar1_rho_0.9","quantile_2","A_entry",100,0.813646336735134,0.0338706179537111,0.00338706179537111,0.807007695616206,0.820284977854061,0.838010566725566,0.0295601307983517,0.00295601307983517,0.832216781089089,0.843804352362043,0.0243642299904322,0.0429863211544313,0.00429863211544313,0.0159389110441636,0.0327895489367007
"primary_controlled",100,200,"n=100, p=200","ar1_rho_0.9","quantile_2","A_set_s",100,0.914468606755563,0.0684924950864457,0.00684924950864457,0.90104407771862,0.927893135792507,0.948868812347073,0.0497152935254542,0.00497152935254542,0.939124614816084,0.958613009878062,0.0344002055915099,0.0798472484848046,0.00798472484848046,0.0187501448884882,0.0500502662945316
"primary_controlled",100,200,"n=100, p=200","ar1_rho_0.9","quantile_2","A_set_2s",100,0.820007259257235,0.0661095323675866,0.00661095323675866,0.807049790913188,0.832964727601282,0.860059781094732,0.06064335551435,0.006064335551435,0.848173683413919,0.871945878775544,0.0400525218374966,0.0793481555928665,0.00793481555928665,0.0245002833412947,0.0556047603336984
"primary_controlled",100,200,"n=100, p=200","ar1_rho_0.9","quantile_2","F1",100,0.340064459930314,0.0796222238980779,0.00796222238980779,0.32445850404629,0.355670415814337,0.291400309717383,0.0799147062791006,0.00799147062791006,0.275737027286679,0.307063592148087,-0.0486641502129307,0.0773873473156988,0.00773873473156988,-0.0638320702868077,-0.0334962301390538
"primary_controlled",100,200,"n=100, p=200","ar1_rho_0.9","quantile_2","RMSE",100,3.95282126964305,0.548032292182995,0.0548032292182995,3.84540694037519,4.06023559891092,4.35046200892307,0.56371095253328,0.056371095253328,4.23997466222655,4.46094935561959,0.397640739280017,0.163138466804076,0.0163138466804076,0.365665599786418,0.429615878773616
"primary_controlled",100,200,"n=100, p=200","ar1_rho_0.9","quantile_4","A_entry",100,0.813646336735134,0.0338706179537111,0.00338706179537111,0.807007695616206,0.820284977854061,0.886700193120581,0.0268774013184527,0.00268774013184527,0.881432222462164,0.891968163778998,0.0730538563854475,0.0460178553189076,0.00460178553189076,0.0640343567429416,0.0820733560279534
"primary_controlled",100,200,"n=100, p=200","ar1_rho_0.9","quantile_4","A_set_s",100,0.914468606755563,0.0684924950864457,0.00684924950864457,0.90104407771862,0.927893135792507,0.967017378756509,0.0418408580599064,0.00418408580599064,0.958816570576768,0.975218186936251,0.0525487720009459,0.0787815778472685,0.00787815778472685,0.0371075827428813,0.0679899612590105
"primary_controlled",100,200,"n=100, p=200","ar1_rho_0.9","quantile_4","A_set_2s",100,0.820007259257235,0.0661095323675866,0.00661095323675866,0.807049790913188,0.832964727601282,0.920674655235127,0.0505468249130709,0.00505468249130709,0.910767477552165,0.930581832918089,0.100667395977892,0.0812137243927503,0.00812137243927503,0.0847495059969129,0.116585285958871
"primary_controlled",100,200,"n=100, p=200","ar1_rho_0.9","quantile_4","F1",100,0.340064459930314,0.0796222238980779,0.00796222238980779,0.32445850404629,0.355670415814337,0.228575124472175,0.0822297989850172,0.00822297989850172,0.212458083871112,0.244692165073238,-0.111489335458139,0.0936411548853966,0.00936411548853966,-0.129843001815676,-0.0931356691006009
"primary_controlled",100,200,"n=100, p=200","ar1_rho_0.9","quantile_4","RMSE",100,3.95282126964305,0.548032292182995,0.0548032292182995,3.84540694037519,4.06023559891092,4.66360804760133,0.618619884760122,0.0618619884760122,4.54235855018835,4.78485754501432,0.71078677795828,0.212387250122713,0.0212387250122713,0.669158876934228,0.752414678982332
"primary_controlled",100,200,"n=100, p=200","ar1_rho_0.9","quantile_8","A_entry",100,0.813646336735134,0.0338706179537111,0.00338706179537111,0.807007695616206,0.820284977854061,0.90736823912055,0.0197105294090583,0.00197105294090583,0.903504975356375,0.911231502884726,0.0937219023854167,0.0391966443517114,0.00391966443517114,0.0860393600924813,0.101404444678352
"primary_controlled",100,200,"n=100, p=200","ar1_rho_0.9","quantile_8","A_set_s",100,0.914468606755563,0.0684924950864457,0.00684924950864457,0.90104407771862,0.927893135792507,0.972817303469477,0.0325971026808653,0.00325971026808653,0.966428271344028,0.979206335594927,0.0583486967139141,0.0785595912331258,0.00785595912331258,0.0429510168322215,0.0737463765956067
"primary_controlled",100,200,"n=100, p=200","ar1_rho_0.9","quantile_8","A_set_2s",100,0.820007259257235,0.0661095323675866,0.00661095323675866,0.807049790913188,0.832964727601282,0.943377146566545,0.0428398939946403,0.00428398939946403,0.934980527343595,0.951773765789494,0.123369887309309,0.0792954778717529,0.00792954778717529,0.107827973646446,0.138911800972173
"primary_controlled",100,200,"n=100, p=200","ar1_rho_0.9","quantile_8","F1",100,0.340064459930314,0.0796222238980779,0.00796222238980779,0.32445850404629,0.355670415814337,0.190157321124706,0.073754050085428,0.0073754050085428,0.175701527307962,0.20461311494145,-0.149907138805607,0.0940620394276651,0.00940620394276651,-0.16834329853343,-0.131470979077785
"primary_controlled",100,200,"n=100, p=200","ar1_rho_0.9","quantile_8","RMSE",100,3.95282126964305,0.548032292182995,0.0548032292182995,3.84540694037519,4.06023559891092,5.02711556347021,0.673432179251562,0.0673432179251562,4.89512285633691,5.15910827060352,1.07429429382716,0.268106534712699,0.0268106534712699,1.02174541302347,1.12684317463085
"primary_controlled",100,200,"n=100, p=200","ar1_rho_0.9","equal_width_4","A_entry",100,0.813646336735134,0.0338706179537111,0.00338706179537111,0.807007695616206,0.820284977854061,0.881444016803735,0.0256520545995476,0.00256520545995476,0.876416214102223,0.886471819505246,0.0677976800686012,0.0396176309900107,0.00396176309900107,0.0600326243945591,0.0755627357426433
"primary_controlled",100,200,"n=100, p=200","ar1_rho_0.9","equal_width_4","A_set_s",100,0.914468606755563,0.0684924950864457,0.00684924950864457,0.90104407771862,0.927893135792507,0.974848798544451,0.0336982010481467,0.00336982010481467,0.968243951139014,0.981453645949887,0.0603801917888874,0.0770760246575806,0.00770760246575806,0.0452732909560016,0.0754870926217732
"primary_controlled",100,200,"n=100, p=200","ar1_rho_0.9","equal_width_4","A_set_2s",100,0.820007259257235,0.0661095323675866,0.00661095323675866,0.807049790913188,0.832964727601282,0.932226637925502,0.0432123976082543,0.00432123976082543,0.923757007994284,0.94069626785672,0.112219378668267,0.0813352162198964,0.00813352162198964,0.0962776762891671,0.128161081047367
"primary_controlled",100,200,"n=100, p=200","ar1_rho_0.9","equal_width_4","F1",100,0.340064459930314,0.0796222238980779,0.00796222238980779,0.32445850404629,0.355670415814337,0.210883414814215,0.0817985882435847,0.00817985882435847,0.194850891518472,0.226915938109957,-0.129181045116099,0.0967321700644833,0.00967321700644833,-0.148140550448738,-0.11022153978346
"primary_controlled",100,200,"n=100, p=200","ar1_rho_0.9","equal_width_4","RMSE",100,3.95282126964305,0.548032292182995,0.0548032292182995,3.84540694037519,4.06023559891092,4.88408517455878,0.663296627029076,0.0663296627029076,4.75407903566108,5.01409131345648,0.931263904915725,0.264173231583458,0.0264173231583458,0.879485951525367,0.983041858306082
"primary_controlled",100,200,"n=100, p=200","block","quantile_2","A_entry",100,0.844029176910329,0.0306327717154052,0.00306327717154052,0.83802515365411,0.850033200166548,0.850707236072579,0.0288124209123116,0.00288124209123116,0.845060001573766,0.856354470571393,0.00667805916225043,0.038504762186678,0.0038504762186678,-0.000868874226338463,0.0142249925508393
"primary_controlled",100,200,"n=100, p=200","block","quantile_2","A_set_s",100,0.955700944224857,0.0529632482710519,0.00529632482710519,0.945320147563731,0.966081740885983,0.959189331200201,0.0499437099986646,0.00499437099986646,0.949400364040463,0.968978298359939,0.0034883869753435,0.0724675293995244,0.00724675293995244,-0.0107152487869633,0.0176920227376503
"primary_controlled",100,200,"n=100, p=200","block","quantile_2","A_set_2s",100,0.86865989091605,0.0580161332201811,0.00580161332201811,0.857288728804894,0.880031053027206,0.87982303784346,0.0625865322019807,0.00625865322019807,0.867556077531871,0.892089998155048,0.0111631469274095,0.08664385809819,0.008664385809819,-0.00581904925983572,0.0281453431146548
"primary_controlled",100,200,"n=100, p=200","block","quantile_2","F1",100,0.37302854081697,0.0901453945768958,0.00901453945768958,0.355360043479898,0.390697038154041,0.310113433991483,0.0775921716710433,0.00775921716710433,0.294905368343958,0.325321499639007,-0.0629151068254869,0.0722587092623906,0.00722587092623906,-0.0770778138409154,-0.0487523998100583
"primary_controlled",100,200,"n=100, p=200","block","quantile_2","RMSE",100,3.94923254437725,0.500352688995339,0.0500352688995339,3.85116341733417,4.04730167142034,4.35188760118671,0.547181010288608,0.0547181010288608,4.24464012317014,4.45913507920328,0.402655056809459,0.165563297936965,0.0165563297936965,0.370204650413814,0.435105463205104
"primary_controlled",100,200,"n=100, p=200","block","quantile_4","A_entry",100,0.844029176910329,0.0306327717154052,0.00306327717154052,0.83802515365411,0.850033200166548,0.892632831567818,0.0258818486940368,0.00258818486940368,0.887559989223787,0.897705673911849,0.0486036546574888,0.0394236371968171,0.00394236371968171,0.0408766217669127,0.056330687548065
"primary_controlled",100,200,"n=100, p=200","block","quantile_4","A_set_s",100,0.955700944224857,0.0529632482710519,0.00529632482710519,0.945320147563731,0.966081740885983,0.972005458309806,0.0356719950049926,0.00356719950049926,0.965013747288828,0.978997169330785,0.0163045140849489,0.0643720726115171,0.00643720726115171,0.00368758785309151,0.0289214403168062
"primary_controlled",100,200,"n=100, p=200","block","quantile_4","A_set_2s",100,0.86865989091605,0.0580161332201811,0.00580161332201811,0.857288728804894,0.880031053027206,0.928746780506128,0.0483808331587298,0.00483808331587298,0.919264137207017,0.938229423805239,0.0600868895900779,0.0755724136630887,0.00755724136630887,0.0452746965121125,0.0748990826680433
"primary_controlled",100,200,"n=100, p=200","block","quantile_4","F1",100,0.37302854081697,0.0901453945768958,0.00901453945768958,0.355360043479898,0.390697038154041,0.24970318737165,0.0789994559983375,0.00789994559983375,0.234219293995976,0.265187080747324,-0.123325353445319,0.0784063043716319,0.00784063043716319,-0.138692989102159,-0.10795771778848
"primary_controlled",100,200,"n=100, p=200","block","quantile_4","RMSE",100,3.94923254437725,0.500352688995339,0.0500352688995339,3.85116341733417,4.04730167142034,4.67647449543865,0.576479383664551,0.0576479383664551,4.5634845362404,4.7894644546369,0.727241951061399,0.21132409157093,0.021132409157093,0.685822429113497,0.768661473009301
"primary_controlled",100,200,"n=100, p=200","block","quantile_8","A_entry",100,0.844029176910329,0.0306327717154052,0.00306327717154052,0.83802515365411,0.850033200166548,0.915012701706239,0.0226587859515605,0.00226587859515605,0.910571579659733,0.919453823752745,0.0709835247959101,0.0390176074016691,0.00390176074016691,0.063336073745183,0.0786309758466373
"primary_controlled",100,200,"n=100, p=200","block","quantile_8","A_set_s",100,0.955700944224857,0.0529632482710519,0.00529632482710519,0.945320147563731,0.966081740885983,0.98462481962482,0.0244884810444837,0.00244884810444837,0.979825077340101,0.989424561909538,0.0289238753999624,0.0566705085766552,0.00566705085766552,0.0178164557189379,0.0400312950809868
"primary_controlled",100,200,"n=100, p=200","block","quantile_8","A_set_2s",100,0.86865989091605,0.0580161332201811,0.00580161332201811,0.857288728804894,0.880031053027206,0.957223730975858,0.0345497784832653,0.00345497784832653,0.950451974393138,0.963995487558578,0.088563840059808,0.0661034511710202,0.00661034511710202,0.075607563630288,0.101520116489328
"primary_controlled",100,200,"n=100, p=200","block","quantile_8","F1",100,0.37302854081697,0.0901453945768958,0.00901453945768958,0.355360043479898,0.390697038154041,0.191462640340689,0.0754876647615872,0.00754876647615872,0.176667058047418,0.20625822263396,-0.181565900476281,0.10113006267017,0.010113006267017,-0.201387392759634,-0.161744408192927
"primary_controlled",100,200,"n=100, p=200","block","quantile_8","RMSE",100,3.94923254437725,0.500352688995339,0.0500352688995339,3.85116341733417,4.04730167142034,5.00481727502358,0.626784510641472,0.0626784510641472,4.88196751093785,5.12766703910931,1.05558473064633,0.27003084219865,0.027003084219865,1.00265868557539,1.10851077571726
"primary_controlled",100,200,"n=100, p=200","block","equal_width_4","A_entry",100,0.844029176910329,0.0306327717154052,0.00306327717154052,0.83802515365411,0.850033200166548,0.892396756071335,0.0238265987132035,0.00238265987132035,0.887726742723547,0.897066769419123,0.0483675791610062,0.0419482540764373,0.00419482540764373,0.0401457213620245,0.0565894369599879
"primary_controlled",100,200,"n=100, p=200","block","equal_width_4","A_set_s",100,0.955700944224857,0.0529632482710519,0.00529632482710519,0.945320147563731,0.966081740885983,0.973559508124725,0.0378406366090874,0.00378406366090874,0.966142743349344,0.980976272900107,0.0178585638998682,0.0625090545414335,0.00625090545414335,0.00560678920974727,0.0301103385899892
"primary_controlled",100,200,"n=100, p=200","block","equal_width_4","A_set_2s",100,0.86865989091605,0.0580161332201811,0.00580161332201811,0.857288728804894,0.880031053027206,0.936613522404129,0.050645347714845,0.0050645347714845,0.926687034252019,0.946540010556239,0.067953631488079,0.074427487283409,0.0074427487283409,0.0533658439805308,0.0825414189956272
"primary_controlled",100,200,"n=100, p=200","block","equal_width_4","F1",100,0.37302854081697,0.0901453945768958,0.00901453945768958,0.355360043479898,0.390697038154041,0.221492428130261,0.0744772765127122,0.00744772765127122,0.20689488193377,0.236089974326753,-0.151536112686708,0.090158466885193,0.0090158466885193,-0.169207172196206,-0.13386505317721
"primary_controlled",100,200,"n=100, p=200","block","equal_width_4","RMSE",100,3.94923254437725,0.500352688995339,0.0500352688995339,3.85116341733417,4.04730167142034,4.86457558937695,0.621513159651431,0.0621513159651431,4.74275901008527,4.98639216866863,0.915343044999701,0.263466164557536,0.0263466164557536,0.863703676746424,0.966982413252978
"primary_controlled",500,100,"n=500, p=100","independent","quantile_2","A_entry",100,0.99165516004036,0.00286570338754166,0.000286570338754166,0.991093482176402,0.992216837904318,0.996764309512352,0.000950605923404574,9.50605923404574e-05,0.996577990751365,0.99695062827334,0.00510914947199271,0.00294513896556033,0.000294513896556033,0.00453190223474289,0.00568639670924254
"primary_controlled",500,100,"n=500, p=100","independent","quantile_2","A_set_s",100,1,0,0,1,1,1,0,0,1,1,0,0,0,0,0
"primary_controlled",500,100,"n=500, p=100","independent","quantile_2","A_set_2s",100,0.990991906644081,0.0180571007829777,0.00180571007829777,0.987452714890617,0.994531098397544,0.989062049062049,0.0183276389636676,0.00183276389636676,0.98546983182517,0.992654266298928,-0.0019298575820315,0.0265574017580137,0.00265574017580137,-0.00713510832660219,0.0032753931625392
"primary_controlled",500,100,"n=500, p=100","independent","quantile_2","F1",100,1,0,0,1,1,0.995,0.021904291355759,0.0021904291355759,0.990706758894271,0.999293241105729,-0.005,0.021904291355759,0.0021904291355759,-0.00929324110572877,-0.00070675889427123
"primary_controlled",500,100,"n=500, p=100","independent","quantile_2","RMSE",100,2.24524084015143,0.211316506970626,0.0211316506970626,2.20382280478519,2.28665887551767,2.61141141274219,0.294573755568498,0.0294573755568498,2.55367495665076,2.66914786883362,0.366170572590758,0.165588497736548,0.0165588497736548,0.333715227034394,0.398625918147121
"primary_controlled",500,100,"n=500, p=100","independent","quantile_4","A_entry",100,0.99165516004036,0.00286570338754166,0.000286570338754166,0.991093482176402,0.992216837904318,0.995982915894298,0.00108750391327209,0.000108750391327209,0.995769765127297,0.996196066661299,0.00432775585393827,0.00300117762706937,0.000300117762706937,0.00373952503903267,0.00491598666884387
"primary_controlled",500,100,"n=500, p=100","independent","quantile_4","A_set_s",100,1,0,0,1,1,0.998787878787879,0.00852759358401757,0.000852759358401757,0.997116470445411,1.00045928713035,-0.00121212121212121,0.00852759358401757,0.000852759358401757,-0.00288352955458866,0.00045928713034623
"primary_controlled",500,100,"n=500, p=100","independent","quantile_4","A_set_2s",100,0.990991906644081,0.0180571007829777,0.00180571007829777,0.987452714890617,0.994531098397544,0.989516280820629,0.0202604503631459,0.00202604503631459,0.985545232549452,0.993487329091805,-0.00147562582345191,0.0267265488991321,0.00267265488991321,-0.0067140294076818,0.00376277776077798
"primary_controlled",500,100,"n=500, p=100","independent","quantile_4","F1",100,1,0,0,1,1,0.984365079365079,0.0382854099699385,0.00382854099699385,0.976861139010971,0.991869019719187,-0.0156349206349206,0.0382854099699385,0.00382854099699385,-0.0231388609890286,-0.00813098028081268
"primary_controlled",500,100,"n=500, p=100","independent","quantile_4","RMSE",100,2.24524084015143,0.211316506970626,0.0211316506970626,2.20382280478519,2.28665887551767,2.77392207397332,0.300520611707863,0.0300520611707863,2.71502003407858,2.83282411386806,0.528681233821886,0.145492043629368,0.0145492043629368,0.50016479327053,0.557197674373242
"primary_controlled",500,100,"n=500, p=100","independent","quantile_8","A_entry",100,0.99165516004036,0.00286570338754166,0.000286570338754166,0.991093482176402,0.992216837904318,0.995128427467258,0.00215090496986164,0.000215090496986164,0.994706850093165,0.995550004841351,0.00347326742689833,0.00345350806202282,0.000345350806202282,0.00279637984674186,0.00415015500705481
"primary_controlled",500,100,"n=500, p=100","independent","quantile_8","A_set_s",100,1,0,0,1,1,0.992828282828283,0.0210658592372814,0.00210658592372814,0.988699374417776,0.99695719123879,-0.00717171717171718,0.0210658592372814,0.00210658592372814,-0.0113006255822243,-0.00304280876121003
"primary_controlled",500,100,"n=500, p=100","independent","quantile_8","A_set_2s",100,0.990991906644081,0.0180571007829777,0.00180571007829777,0.987452714890617,0.994531098397544,0.99025597590815,0.0214505820455588,0.00214505820455588,0.98605166182722,0.994460289989079,-0.000735930735930737,0.03037746093104,0.003037746093104,-0.00668991307841457,0.0052180516065531
"primary_controlled",500,100,"n=500, p=100","independent","quantile_8","F1",100,1,0,0,1,1,0.90553823953824,0.0716118769363875,0.00716118769363875,0.891502311658708,0.919574167417771,-0.0944617604617604,0.0716118769363875,0.00716118769363875,-0.108497688341292,-0.0804258325822285
"primary_controlled",500,100,"n=500, p=100","independent","quantile_8","RMSE",100,2.24524084015143,0.211316506970626,0.0211316506970626,2.20382280478519,2.28665887551767,3.12993818306437,0.316330794668693,0.0316330794668693,3.0679373473093,3.19193901881943,0.884697342912935,0.153481900008327,0.0153481900008327,0.854614890511303,0.914779795314568
"primary_controlled",500,100,"n=500, p=100","independent","equal_width_4","A_entry",100,0.99165516004036,0.00286570338754166,0.000286570338754166,0.991093482176402,0.992216837904318,0.995769450162357,0.00169082683445569,0.000169082683445569,0.995438048102804,0.996100852221911,0.00411429012199768,0.00338766169329954,0.000338766169329954,0.00345030843011097,0.00477827181388439
"primary_controlled",500,100,"n=500, p=100","independent","equal_width_4","A_set_s",100,1,0,0,1,1,0.994747474747475,0.020175474856484,0.0020175474856484,0.990793081675604,0.998701867819346,-0.00525252525252525,0.020175474856484,0.0020175474856484,-0.00920691832439612,-0.00129813218065439
"primary_controlled",500,100,"n=500, p=100","independent","equal_width_4","A_set_2s",100,0.990991906644081,0.0180571007829777,0.00180571007829777,0.987452714890617,0.994531098397544,0.99001066566284,0.0179172290529998,0.00179172290529998,0.986498888768452,0.993522442557228,-0.000981240981240981,0.0269986188935218,0.00269986188935218,-0.00627297028437125,0.00431048832188929
"primary_controlled",500,100,"n=500, p=100","independent","equal_width_4","F1",100,1,0,0,1,1,0.947646464646465,0.059348562139923,0.0059348562139923,0.93601414646704,0.95927878282589,-0.0523535353535353,0.059348562139923,0.0059348562139923,-0.0639858535329603,-0.0407212171741104
"primary_controlled",500,100,"n=500, p=100","independent","equal_width_4","RMSE",100,2.24524084015143,0.211316506970626,0.0211316506970626,2.20382280478519,2.28665887551767,2.98437545181236,0.331402826361611,0.0331402826361611,2.91942049784549,3.04933040577924,0.739134611660929,0.191040975954286,0.0191040975954286,0.701690580373889,0.776578642947969
"primary_controlled",500,100,"n=500, p=100","ar1_rho_0.5","quantile_2","A_entry",100,0.98664600926946,0.00610925155665539,0.000610925155665539,0.985448595964355,0.987843422574564,0.996091906681901,0.00195402653407264,0.000195402653407264,0.995708917481223,0.996474895882579,0.00944589741244136,0.00603424178730336,0.000603424178730336,0.0082631860221299,0.0106286088027528
"primary_controlled",500,100,"n=500, p=100","ar1_rho_0.5","quantile_2","A_set_s",100,0.998787878787879,0.00852759358401757,0.000852759358401757,0.997116470445411,1.00045928713035,0.997070707070707,0.0150778743017043,0.00150778743017043,0.994115443707573,1.00002597043384,-0.00171717171717172,0.0175281257540841,0.00175281257540841,-0.0051526843649722,0.00171834093062877
"primary_controlled",500,100,"n=500, p=100","ar1_rho_0.5","quantile_2","A_set_2s",100,0.99029926595144,0.0173160328837065,0.00173160328837065,0.986905323506233,0.993693208396646,0.990505050505051,0.0152011372768263,0.00152011372768263,0.987525627598793,0.993484473411309,0.000205784553610642,0.0227398327286272,0.00227398327286272,-0.00425122266120028,0.00466279176842157
"primary_controlled",500,100,"n=500, p=100","ar1_rho_0.5","quantile_2","F1",100,0.980015873015873,0.0398390979339488,0.00398390979339488,0.972207409820819,0.987824336210927,0.954266955266955,0.0555185084566091,0.00555185084566091,0.94338532760946,0.965148582924451,-0.0257489177489177,0.0472005416634856,0.00472005416634856,-0.0350002239149609,-0.0164976115828746
"primary_controlled",500,100,"n=500, p=100","ar1_rho_0.5","quantile_2","RMSE",100,2.30374060589114,0.282903289962467,0.0282903289962467,2.24829156105849,2.35918965072378,2.61646839682129,0.378712423366827,0.0378712423366827,2.54224076184139,2.69069603180118,0.31272779093015,0.192179400894087,0.0192179400894087,0.275060628354909,0.350394953505391
"primary_controlled",500,100,"n=500, p=100","ar1_rho_0.5","quantile_4","A_entry",100,0.98664600926946,0.00610925155665539,0.000610925155665539,0.985448595964355,0.987843422574564,0.993844335998232,0.00642598834531501,0.000642598834531501,0.992584842282551,0.995103829713914,0.00719832672877263,0.00860094983811374,0.000860094983811374,0.00551254056050233,0.00888411289704292
"primary_controlled",500,100,"n=500, p=100","ar1_rho_0.5","quantile_4","A_set_s",100,0.998787878787879,0.00852759358401757,0.000852759358401757,0.997116470445411,1.00045928713035,0.995252525252525,0.0180152558407241,0.00180152558407241,0.991721535107743,0.998783515397307,-0.00353535353535354,0.0202211418534397,0.00202211418534397,-0.00749869733862771,0.000427990267920635
"primary_controlled",500,100,"n=500, p=100","ar1_rho_0.5","quantile_4","A_set_2s",100,0.99029926595144,0.0173160328837065,0.00173160328837065,0.986905323506233,0.993693208396646,0.984758140410314,0.0210696490274576,0.00210696490274576,0.980628489200933,0.988887791619696,-0.00554112554112554,0.0273191123561381,0.00273191123561381,-0.0108956715629286,-0.000186579519322474
"primary_controlled",500,100,"n=500, p=100","ar1_rho_0.5","quantile_4","F1",100,0.980015873015873,0.0398390979339488,0.00398390979339488,0.972207409820819,0.987824336210927,0.895522366522367,0.074974241151159,0.0074974241151159,0.880827415256739,0.910217317787994,-0.0844935064935065,0.0702335556442086,0.00702335556442086,-0.0982592833997713,-0.0707277295872416
"primary_controlled",500,100,"n=500, p=100","ar1_rho_0.5","quantile_4","RMSE",100,2.30374060589114,0.282903289962467,0.0282903289962467,2.24829156105849,2.35918965072378,2.82643450097003,0.37668591685496,0.037668591685496,2.75260406126645,2.9002649406736,0.522693895078889,0.190821378659731,0.0190821378659731,0.485292904861582,0.560094885296197
"primary_controlled",500,100,"n=500, p=100","ar1_rho_0.5","quantile_8","A_entry",100,0.98664600926946,0.00610925155665539,0.000610925155665539,0.985448595964355,0.987843422574564,0.993324889367162,0.00677189219102246,0.000677189219102246,0.991997598497722,0.994652180236602,0.00667888009770231,0.00829583538668064,0.000829583538668064,0.0050528963619129,0.00830486383349171
"primary_controlled",500,100,"n=500, p=100","ar1_rho_0.5","quantile_8","A_set_s",100,0.998787878787879,0.00852759358401757,0.000852759358401757,0.997116470445411,1.00045928713035,0.986464646464646,0.0295006514650656,0.00295006514650656,0.980682518777494,0.992246774151799,-0.0123232323232323,0.030032462115795,0.0030032462115795,-0.0182095948979281,-0.00643686974853651
"primary_controlled",500,100,"n=500, p=100","ar1_rho_0.5","quantile_8","A_set_2s",100,0.99029926595144,0.0173160328837065,0.00173160328837065,0.986905323506233,0.993693208396646,0.988715728715729,0.0179322712570895,0.00179322712570895,0.985201003549339,0.992230453882118,-0.00158353723571115,0.0261722561094625,0.00261722561094625,-0.0067132994331658,0.0035462249617435
"primary_controlled",500,100,"n=500, p=100","ar1_rho_0.5","quantile_8","F1",100,0.980015873015873,0.0398390979339488,0.00398390979339488,0.972207409820819,0.987824336210927,0.807396825396825,0.0802449635424823,0.00802449635424823,0.791668812542499,0.823124838251152,-0.172619047619048,0.0850172976468734,0.00850172976468734,-0.189282437957835,-0.15595565728026
"primary_controlled",500,100,"n=500, p=100","ar1_rho_0.5","quantile_8","RMSE",100,2.30374060589114,0.282903289962467,0.0282903289962467,2.24829156105849,2.35918965072378,3.20366484366122,0.372714139565395,0.0372714139565395,3.13061287230641,3.27671681501604,0.899924237770087,0.216504467005955,0.0216504467005955,0.85748936223692,0.942359113303254
"primary_controlled",500,100,"n=500, p=100","ar1_rho_0.5","equal_width_4","A_entry",100,0.98664600926946,0.00610925155665539,0.000610925155665539,0.985448595964355,0.987843422574564,0.993645228530855,0.00477957067107608,0.000477957067107608,0.992708432679324,0.994582024382386,0.00699921926139526,0.00720630097301665,0.000720630097301665,0.005586784270684,0.00841165425210653
"primary_controlled",500,100,"n=500, p=100","ar1_rho_0.5","equal_width_4","A_set_s",100,0.998787878787879,0.00852759358401757,0.000852759358401757,0.997116470445411,1.00045928713035,0.994040404040404,0.0196378209795515,0.00196378209795515,0.990191391128412,0.997889416952396,-0.00474747474747475,0.0217475815876899,0.00217475815876899,-0.00901000073866197,-0.000484948756287532
"primary_controlled",500,100,"n=500, p=100","ar1_rho_0.5","equal_width_4","A_set_2s",100,0.99029926595144,0.0173160328837065,0.00173160328837065,0.986905323506233,0.993693208396646,0.989004329004329,0.0190320431043081,0.00190320431043081,0.985274048555885,0.992734609452773,-0.00129493694711086,0.0263849067292556,0.00263849067292556,-0.00646637866604495,0.00387650477182323
"primary_controlled",500,100,"n=500, p=100","ar1_rho_0.5","equal_width_4","F1",100,0.980015873015873,0.0398390979339488,0.00398390979339488,0.972207409820819,0.987824336210927,0.814316017316017,0.0827572991146712,0.00827572991146712,0.798095586689542,0.830536447942493,-0.165699855699856,0.0862803453437603,0.00862803453437603,-0.182610803387233,-0.148788908012479
"primary_controlled",500,100,"n=500, p=100","ar1_rho_0.5","equal_width_4","RMSE",100,2.30374060589114,0.282903289962467,0.0282903289962467,2.24829156105849,2.35918965072378,3.16625018309238,0.407163573539695,0.0407163573539695,3.0864461226786,3.24605424350616,0.862509577201243,0.24571528510468,0.024571528510468,0.814349381320725,0.91066977308176
"primary_controlled",500,100,"n=500, p=100","ar1_rho_0.9","quantile_2","A_entry",100,0.917555510143526,0.0224364008236741,0.00224364008236741,0.913157975582086,0.921953044704966,0.970342037624366,0.0133370904336901,0.00133370904336901,0.967727967899363,0.97295610734937,0.05278652748084,0.024005554195435,0.0024005554195435,0.0480814388585347,0.0574916161031452
"primary_controlled",500,100,"n=500, p=100","ar1_rho_0.9","quantile_2","A_set_s",100,0.979747474747475,0.0422387549896755,0.00422387549896755,0.971468678769498,0.988026270725451,0.980005827505828,0.0463468318468993,0.00463468318468993,0.970921848463835,0.98908980654782,0.000258352758352759,0.057512858055873,0.0057512858055873,-0.0110141674205984,0.0115308729373039
"primary_controlled",500,100,"n=500, p=100","ar1_rho_0.9","quantile_2","A_set_2s",100,0.950850429763473,0.0585731850355681,0.00585731850355681,0.939370085496502,0.962330774030445,0.964881109228935,0.0437399089202817,0.00437399089202817,0.95630808708056,0.973454131377311,0.0140306794654621,0.0678651630123586,0.00678651630123586,0.000729107515039781,0.0273322514158844
"primary_controlled",500,100,"n=500, p=100","ar1_rho_0.9","quantile_2","F1",100,0.671704184704185,0.106934132386841,0.0106934132386841,0.650745094756364,0.692663274652006,0.557460317460317,0.0956811948701626,0.00956811948701626,0.538706803265766,0.576213831654869,-0.114243867243867,0.0919583614985917,0.00919583614985917,-0.132267706097591,-0.0962200283901433
"primary_controlled",500,100,"n=500, p=100","ar1_rho_0.9","quantile_2","RMSE",100,2.44451534946067,0.519745875088472,0.0519745875088472,2.34264515794333,2.54638554097801,2.7517503968442,0.59019479822546,0.059019479822546,2.63607221639201,2.86742857729639,0.307235047383531,0.21250201341286,0.021250201341286,0.26558465275461,0.348885442012451
"primary_controlled",500,100,"n=500, p=100","ar1_rho_0.9","quantile_4","A_entry",100,0.917555510143526,0.0224364008236741,0.00224364008236741,0.913157975582086,0.921953044704966,0.977980572581832,0.0107162794474388,0.00107162794474388,0.975880181810134,0.98008096335353,0.0604250624383058,0.0248246552460679,0.00248246552460679,0.0555594300100765,0.0652906948665351
"primary_controlled",500,100,"n=500, p=100","ar1_rho_0.9","quantile_4","A_set_s",100,0.979747474747475,0.0422387549896755,0.00422387549896755,0.971468678769498,0.988026270725451,0.9800777000777,0.0425530009292087,0.00425530009292087,0.971737311895575,0.988418088259825,0.000330225330225329,0.0578479511030312,0.00578479511030312,-0.0110079730859688,0.0116684237464194
"primary_controlled",500,100,"n=500, p=100","ar1_rho_0.9","quantile_4","A_set_2s",100,0.950850429763473,0.0585731850355681,0.00585731850355681,0.939370085496502,0.962330774030445,0.976649099692578,0.0369315592682953,0.00369315592682953,0.969410514075992,0.983887685309164,0.0257986699291047,0.0666796982043239,0.00666796982043239,0.0127294490810572,0.0388678907771522
"primary_controlled",500,100,"n=500, p=100","ar1_rho_0.9","quantile_4","F1",100,0.671704184704185,0.106934132386841,0.0106934132386841,0.650745094756364,0.692663274652006,0.481179434092478,0.0945896764761999,0.00945896764761999,0.462639857503142,0.499719010681813,-0.190524750611707,0.106717499109399,0.0106717499109399,-0.211441380437149,-0.169608120786265
"primary_controlled",500,100,"n=500, p=100","ar1_rho_0.9","quantile_4","RMSE",100,2.44451534946067,0.519745875088472,0.0519745875088472,2.34264515794333,2.54638554097801,2.9736366932092,0.626943559802926,0.0626943559802926,2.85075575548782,3.09651763093057,0.529121343748527,0.233040144227404,0.0233040144227404,0.483445475479956,0.574797212017098
"primary_controlled",500,100,"n=500, p=100","ar1_rho_0.9","quantile_8","A_entry",100,0.917555510143526,0.0224364008236741,0.00224364008236741,0.913157975582086,0.921953044704966,0.984340640198175,0.00853999629865748,0.000853999629865748,0.982666800923638,0.986014479472712,0.0667851300546484,0.0218923108643438,0.00218923108643438,0.062494237125237,0.0710760229840598
"primary_controlled",500,100,"n=500, p=100","ar1_rho_0.9","quantile_8","A_set_s",100,0.979747474747475,0.0422387549896755,0.00422387549896755,0.971468678769498,0.988026270725451,0.985732323232323,0.032486814334901,0.0032486814334901,0.979364907622683,0.992099738841964,0.00598484848484848,0.0534262032857072,0.00534262032857072,-0.00448668735915013,0.0164563843288471
"primary_controlled",500,100,"n=500, p=100","ar1_rho_0.9","quantile_8","A_set_2s",100,0.950850429763473,0.0585731850355681,0.00585731850355681,0.939370085496502,0.962330774030445,0.986920133007089,0.0255846601407358,0.00255846601407358,0.981905539619505,0.991934726394674,0.0360697032436163,0.0637243484121061,0.00637243484121061,0.0235797309548435,0.0485596755323891
"primary_controlled",500,100,"n=500, p=100","ar1_rho_0.9","quantile_8","F1",100,0.671704184704185,0.106934132386841,0.0106934132386841,0.650745094756364,0.692663274652006,0.377821067821068,0.095789698086441,0.0095789698086441,0.359046286996125,0.39659584864601,-0.293883116883117,0.115164027890795,0.0115164027890795,-0.316455266349713,-0.271310967416521
"primary_controlled",500,100,"n=500, p=100","ar1_rho_0.9","quantile_8","RMSE",100,2.44451534946067,0.519745875088472,0.0519745875088472,2.34264515794333,2.54638554097801,3.20745959006791,0.643643429373665,0.0643643429373665,3.08130547791067,3.33361370222515,0.76294424060724,0.272972580114336,0.0272972580114336,0.70944161490483,0.81644686630965
"primary_controlled",500,100,"n=500, p=100","ar1_rho_0.9","equal_width_4","A_entry",100,0.917555510143526,0.0224364008236741,0.00224364008236741,0.913157975582086,0.921953044704966,0.973153037240192,0.0151928488079184,0.00151928488079184,0.97017523887384,0.976130835606544,0.0555975270966661,0.0229349203306331,0.00229349203306331,0.051102282711862,0.0600927714814702
"primary_controlled",500,100,"n=500, p=100","ar1_rho_0.9","equal_width_4","A_set_s",100,0.979747474747475,0.0422387549896755,0.00422387549896755,0.971468678769498,0.988026270725451,0.986237373737374,0.031338330500526,0.0031338330500526,0.980095060959271,0.992379686515477,0.00648989898989899,0.0468794216457853,0.00468794216457853,-0.00269846765267493,0.0156782656324729
"primary_controlled",500,100,"n=500, p=100","ar1_rho_0.9","equal_width_4","A_set_2s",100,0.950850429763473,0.0585731850355681,0.00585731850355681,0.939370085496502,0.962330774030445,0.979296379948554,0.0299930053983376,0.00299930053983376,0.97341775089048,0.985175009006628,0.0284459501850806,0.0653821876356916,0.00653821876356916,0.0156310414084851,0.0412608589616762
"primary_controlled",500,100,"n=500, p=100","ar1_rho_0.9","equal_width_4","F1",100,0.671704184704185,0.106934132386841,0.0106934132386841,0.650745094756364,0.692663274652006,0.363132756132756,0.0962683991528112,0.00962683991528112,0.344264149898805,0.382001362366707,-0.308571428571429,0.130197641007815,0.0130197641007815,-0.33409016620896,-0.283052690933897
"primary_controlled",500,100,"n=500, p=100","ar1_rho_0.9","equal_width_4","RMSE",100,2.44451534946067,0.519745875088472,0.0519745875088472,2.34264515794333,2.54638554097801,3.2129879168118,0.66009991721376,0.066009991721376,3.0836083330379,3.34236750058569,0.768472567351124,0.282578816847155,0.0282578816847155,0.713087119249082,0.823858015453166
"primary_controlled",500,100,"n=500, p=100","block","quantile_2","A_entry",100,0.950075498754227,0.0164082078598286,0.00164082078598286,0.946859490013701,0.953291507494754,0.983634111639358,0.00925738484181437,0.000925738484181437,0.981819664210363,0.985448559068354,0.0335586128851313,0.0176516007826862,0.00176516007826862,0.0300988991317248,0.0370183266385378
"primary_controlled",500,100,"n=500, p=100","block","quantile_2","A_set_s",100,0.993333333333333,0.0226193745254506,0.00226193745254507,0.988899935926345,0.997766730740322,0.993434343434343,0.0203734689920421,0.00203734689920421,0.989441143511903,0.997427543356784,0.000101010101010101,0.0306746925460008,0.00306746925460008,-0.00591122963800605,0.00611324984002626
"primary_controlled",500,100,"n=500, p=100","block","quantile_2","A_set_2s",100,0.977215948302905,0.0365449762612141,0.00365449762612141,0.970053132955707,0.984378763650103,0.98405891210239,0.0305710026048916,0.00305710026048916,0.978066995591832,0.990050828612949,0.00684296379948554,0.0423793257208802,0.00423793257208802,-0.00146338404180698,0.0151493116407781
"primary_controlled",500,100,"n=500, p=100","block","quantile_2","F1",100,0.740571428571429,0.0966082615669979,0.00966082615669979,0.721636209304297,0.75950664783856,0.646896103896104,0.108915972341026,0.0108915972341026,0.625548573317263,0.668243634474945,-0.0936753246753247,0.0808280915293089,0.00808280915293089,-0.109517630615069,-0.0778330187355802
"primary_controlled",500,100,"n=500, p=100","block","quantile_2","RMSE",100,2.36660221823527,0.524656925399193,0.0524656925399193,2.26376946085703,2.46943497561351,2.69252478133587,0.581745383242024,0.0581745383242024,2.57850268622043,2.80654687645131,0.3259225631006,0.167377606541552,0.0167377606541552,0.293116552218456,0.358728573982745
"primary_controlled",500,100,"n=500, p=100","block","quantile_4","A_entry",100,0.950075498754227,0.0164082078598286,0.00164082078598286,0.946859490013701,0.953291507494754,0.982590549620914,0.00923380355764328,0.000923380355764328,0.980780724123616,0.984400375118213,0.0325150508666873,0.0178634219720111,0.00178634219720111,0.0290138201601731,0.0360162815732015
"primary_controlled",500,100,"n=500, p=100","block","quantile_4","A_set_s",100,0.993333333333333,0.0226193745254506,0.00226193745254507,0.988899935926345,0.997766730740322,0.986262626262626,0.0289469735565991,0.00289469735565991,0.980589019445533,0.99193623307972,-0.00707070707070708,0.0341109786103085,0.00341109786103085,-0.0137564588783275,-0.000384955263086609
"primary_controlled",500,100,"n=500, p=100","block","quantile_4","A_set_2s",100,0.977215948302905,0.0365449762612141,0.00365449762612141,0.970053132955707,0.984378763650103,0.985086266390614,0.0310386181067808,0.00310386181067808,0.979002697241685,0.991169835539543,0.00787031808770939,0.0471530248131739,0.00471530248131739,-0.00137167477567269,0.0171123109510915
"primary_controlled",500,100,"n=500, p=100","block","quantile_4","F1",100,0.740571428571429,0.0966082615669979,0.00966082615669979,0.721636209304297,0.75950664783856,0.528966810966811,0.112265605228175,0.0112265605228175,0.506962752342089,0.550970869591533,-0.211604617604618,0.10753222636302,0.010753222636302,-0.23268093397177,-0.190528301237466
"primary_controlled",500,100,"n=500, p=100","block","quantile_4","RMSE",100,2.36660221823527,0.524656925399193,0.0524656925399193,2.26376946085703,2.46943497561351,2.99450174456262,0.60406070202327,0.060406070202327,2.87610584696605,3.11289764215918,0.627899526327347,0.216625819828911,0.0216625819828911,0.585440865640881,0.670358187013814
"primary_controlled",500,100,"n=500, p=100","block","quantile_8","A_entry",100,0.950075498754227,0.0164082078598286,0.00164082078598286,0.946859490013701,0.953291507494754,0.986195513911561,0.00652159923667493,0.000652159923667493,0.984917280461173,0.987473747361949,0.036120015157334,0.0178222191716921,0.00178222191716921,0.0326268601996824,0.0396131701149857
"primary_controlled",500,100,"n=500, p=100","block","quantile_8","A_set_s",100,0.993333333333333,0.0226193745254506,0.00226193745254507,0.988899935926345,0.997766730740322,0.981087801087801,0.0324769125241652,0.00324769125241652,0.974722326233065,0.987453275942537,-0.0122455322455323,0.0390420283396132,0.00390420283396132,-0.0198977698000964,-0.00459329469096807
"primary_controlled",500,100,"n=500, p=100","block","quantile_8","A_set_2s",100,0.977215948302905,0.0365449762612141,0.00365449762612141,0.970053132955707,0.984378763650103,0.98492784992785,0.0248307607112769,0.00248307607112769,0.98006102082844,0.98979467902726,0.0077119016249451,0.0444375888423538,0.00444375888423538,-0.000997865788156251,0.0164216690380465
"primary_controlled",500,100,"n=500, p=100","block","quantile_8","F1",100,0.740571428571429,0.0966082615669979,0.00966082615669979,0.721636209304297,0.75950664783856,0.422021958717611,0.0947326635726789,0.00947326635726789,0.403454356657366,0.440589560777856,-0.318549469853818,0.11223004078874,0.011223004078874,-0.340546557848411,-0.296552381859225
"primary_controlled",500,100,"n=500, p=100","block","quantile_8","RMSE",100,2.36660221823527,0.524656925399193,0.0524656925399193,2.26376946085703,2.46943497561351,3.27089388366595,0.620105959098655,0.0620105959098655,3.14935311568262,3.39243465164929,0.904291665430685,0.243947132232159,0.0243947132232159,0.856478027513182,0.952105303348188
"primary_controlled",500,100,"n=500, p=100","block","equal_width_4","A_entry",100,0.950075498754227,0.0164082078598286,0.00164082078598286,0.946859490013701,0.953291507494754,0.977084991661404,0.0113465702020704,0.00113465702020704,0.974861063901798,0.97930891942101,0.027009492907177,0.0191423890063229,0.00191423890063229,0.0232575846619377,0.0307614011524163
"primary_controlled",500,100,"n=500, p=100","block","equal_width_4","A_set_s",100,0.993333333333333,0.0226193745254506,0.00226193745254507,0.988899935926345,0.997766730740322,0.981010101010101,0.0320156779234922,0.00320156779234922,0.974735028137097,0.987285173883105,-0.0123232323232323,0.0386727323622549,0.00386727323622549,-0.0199030878662343,-0.00474337678023037
"primary_controlled",500,100,"n=500, p=100","block","equal_width_4","A_set_2s",100,0.977215948302905,0.0365449762612141,0.00365449762612141,0.970053132955707,0.984378763650103,0.976471547775896,0.0350594396327257,0.00350594396327257,0.969599897607881,0.98334319794391,-0.000744400527009227,0.0538714124858581,0.00538714124858581,-0.0113031973742374,0.00981439632021896
"primary_controlled",500,100,"n=500, p=100","block","equal_width_4","F1",100,0.740571428571429,0.0966082615669979,0.00966082615669979,0.721636209304297,0.75950664783856,0.391943722943723,0.0951395917035592,0.00951395917035592,0.373296362969825,0.410591082917621,-0.348627705627706,0.109326559387347,0.0109326559387347,-0.370055711267626,-0.327199699987786
"primary_controlled",500,100,"n=500, p=100","block","equal_width_4","RMSE",100,2.36660221823527,0.524656925399193,0.0524656925399193,2.26376946085703,2.46943497561351,3.28480323682479,0.632038833176491,0.0632038833176491,3.1609236255222,3.40868284812738,0.918201018589523,0.254987319734722,0.0254987319734722,0.868223503921517,0.968178533257528
