"path_specification","n","p","dimension","correlation","scheme","metric","replications","original_mean","original_sd","original_se","original_ci_lower","original_ci_upper","sparsified_mean","sparsified_sd","sparsified_se","sparsified_ci_lower","sparsified_ci_upper","paired_difference_mean","paired_difference_sd","paired_difference_se","paired_difference_ci_lower","paired_difference_ci_upper"
"sensitivity_dense_wide",100,20,"n=100, p=20","independent","quantile_2","A_entry",100,0.99887496639485,0.00131159662997056,0.000131159662997056,0.998617893455376,0.999132039334324,0.998435790053044,0.00194927918564968,0.000194927918564968,0.998053731332657,0.998817848773431,-0.000439176341805572,0.00233560530847074,0.000233560530847074,-0.000896954982265838,1.86022986546942e-05
"sensitivity_dense_wide",100,20,"n=100, p=20","independent","quantile_2","A_set_s",100,1,0,0,1,1,0.998888888888889,0.0111111111111111,0.00111111111111111,0.996711111111111,1.00106666666667,-0.00111111111111111,0.0111111111111111,0.00111111111111111,-0.00328888888888889,0.00106666666666667
"sensitivity_dense_wide",100,20,"n=100, p=20","independent","quantile_2","A_set_2s",100,0.995757575757576,0.0155413575743178,0.00155413575743178,0.992711469673009,0.998803681842142,0.997575757575758,0.0119361445798141,0.00119361445798141,0.995236273238114,0.999915241913401,0.00181818181818182,0.020119205832983,0.0020119205832983,-0.00212518252508285,0.00576154616144649
"sensitivity_dense_wide",100,20,"n=100, p=20","independent","quantile_2","F1",100,0.988,0.0477366513151884,0.00477366513151884,0.978643616342223,0.997356383657777,0.96769696969697,0.0736199424679674,0.00736199424679674,0.953267460973248,0.982126478420691,-0.0203030303030303,0.0666437058715421,0.00666437058715421,-0.0333651966538525,-0.00724086395220803
"sensitivity_dense_wide",100,20,"n=100, p=20","independent","quantile_2","RMSE",100,1.69069190507617,0.27157988072962,0.027157988072962,1.63746224845316,1.74392156169917,1.98361260024972,0.332633519361241,0.0332633519361241,1.91841643045492,2.04880877004453,0.292920695173558,0.164571957314517,0.0164571957314517,0.260664591539912,0.325176798807203
"sensitivity_dense_wide",100,20,"n=100, p=20","independent","quantile_4","A_entry",100,0.99887496639485,0.00131159662997056,0.000131159662997056,0.998617893455376,0.999132039334324,0.997976991663098,0.00244437439646493,0.000244437439646493,0.997497894281391,0.998456089044805,-0.000897974731751515,0.0028146002890113,0.00028146002890113,-0.00144963638839773,-0.0003463130751053
"sensitivity_dense_wide",100,20,"n=100, p=20","independent","quantile_4","A_set_s",100,1,0,0,1,1,0.993333333333333,0.0265203618417713,0.00265203618417713,0.988135342412346,0.99853132425432,-0.00666666666666666,0.0265203618417713,0.00265203618417713,-0.0118646575876538,-0.00146867574567948
"sensitivity_dense_wide",100,20,"n=100, p=20","independent","quantile_4","A_set_2s",100,0.995757575757576,0.0155413575743178,0.00155413575743178,0.992711469673009,0.998803681842142,0.994646464646465,0.0188538523270602,0.00188538523270602,0.990951109590361,0.998341819702569,-0.00111111111111111,0.0238470202717847,0.00238470202717847,-0.00578512708438091,0.00356290486215869
"sensitivity_dense_wide",100,20,"n=100, p=20","independent","quantile_4","F1",100,0.988,0.0477366513151884,0.00477366513151884,0.978643616342223,0.997356383657777,0.889757575757576,0.108215701545807,0.0108215701545807,0.868547298254598,0.910967853260554,-0.0982424242424242,0.108689855595416,0.0108689855595416,-0.119545635939126,-0.0769392125457226
"sensitivity_dense_wide",100,20,"n=100, p=20","independent","quantile_4","RMSE",100,1.69069190507617,0.27157988072962,0.027157988072962,1.63746224845316,1.74392156169917,2.14327559251888,0.335593087525842,0.0335593087525842,2.07749934736382,2.20905183767395,0.452583687442718,0.165179297219876,0.0165179297219876,0.420208545187622,0.484958829697813
"sensitivity_dense_wide",100,20,"n=100, p=20","independent","quantile_8","A_entry",100,0.99887496639485,0.00131159662997056,0.000131159662997056,0.998617893455376,0.999132039334324,0.996463933009128,0.00438435657417019,0.000438435657417019,0.995604599120591,0.997323266897665,-0.0024110333857216,0.00428462657229363,0.000428462657229363,-0.00325082019389115,-0.00157124657755205
"sensitivity_dense_wide",100,20,"n=100, p=20","independent","quantile_8","A_set_s",100,1,0,0,1,1,0.991111111111111,0.0302955471493656,0.00302955471493656,0.985173183869836,0.997049038352387,-0.00888888888888888,0.0302955471493656,0.00302955471493656,-0.0148268161301645,-0.00295096164761322
"sensitivity_dense_wide",100,20,"n=100, p=20","independent","quantile_8","A_set_2s",100,0.995757575757576,0.0155413575743178,0.00155413575743178,0.992711469673009,0.998803681842142,0.995757575757576,0.0177690102764911,0.00177690102764911,0.992274849743383,0.999240301771768,1.10928518974596e-18,0.024364553097193,0.0024364553097193,-0.00477545240704983,0.00477545240704984
"sensitivity_dense_wide",100,20,"n=100, p=20","independent","quantile_8","F1",100,0.988,0.0477366513151884,0.00477366513151884,0.978643616342223,0.997356383657777,0.758121212121212,0.155033756868622,0.0155033756868622,0.727734595774962,0.788507828467462,-0.229878787878788,0.155232643982443,0.0155232643982443,-0.260304386099347,-0.199453189658229
"sensitivity_dense_wide",100,20,"n=100, p=20","independent","quantile_8","RMSE",100,1.69069190507617,0.27157988072962,0.027157988072962,1.63746224845316,1.74392156169917,2.41270552782365,0.370988871590717,0.0370988871590717,2.33999170899187,2.48541934665543,0.722013622747482,0.201016447369267,0.0201016447369267,0.682614399063106,0.761412846431858
"sensitivity_dense_wide",100,20,"n=100, p=20","independent","equal_width_4","A_entry",100,0.99887496639485,0.00131159662997056,0.000131159662997056,0.998617893455376,0.999132039334324,0.997344013100253,0.00338800829038893,0.000338800829038893,0.996679963475337,0.998008062725169,-0.00153095329459653,0.00355167669275777,0.000355167669275777,-0.00222708192637705,-0.000834824662816007
"sensitivity_dense_wide",100,20,"n=100, p=20","independent","equal_width_4","A_set_s",100,1,0,0,1,1,0.993333333333333,0.0265203618417713,0.00265203618417713,0.988135342412346,0.99853132425432,-0.00666666666666666,0.0265203618417713,0.00265203618417713,-0.0118646575876538,-0.00146867574567948
"sensitivity_dense_wide",100,20,"n=100, p=20","independent","equal_width_4","A_set_2s",100,0.995757575757576,0.0155413575743178,0.00155413575743178,0.992711469673009,0.998803681842142,0.996363636363636,0.0168362411553585,0.00168362411553585,0.993063733097186,0.999663539630087,0.000606060606060608,0.0235830121590638,0.00235830121590638,-0.0040162097771159,0.00522833098923711
"sensitivity_dense_wide",100,20,"n=100, p=20","independent","equal_width_4","F1",100,0.988,0.0477366513151884,0.00477366513151884,0.978643616342223,0.997356383657777,0.828424242424243,0.126668424115997,0.0126668424115997,0.803597231297507,0.853251253550978,-0.159575757575758,0.123330298706188,0.0123330298706188,-0.18374849612217,-0.135403019029345
"sensitivity_dense_wide",100,20,"n=100, p=20","independent","equal_width_4","RMSE",100,1.69069190507617,0.27157988072962,0.027157988072962,1.63746224845316,1.74392156169917,2.29489477847266,0.342458585223775,0.0342458585223775,2.2277728957688,2.36201666117652,0.604202873396498,0.169567518229684,0.0169567518229684,0.57096763982348,0.637438106969517
"sensitivity_dense_wide",100,20,"n=100, p=20","ar1_rho_0.5","quantile_2","A_entry",100,0.99782154764625,0.00791107077686052,0.000791107077686052,0.996270977773985,0.999372117518515,0.997029256775052,0.00646155681267593,0.000646155681267593,0.995762791639767,0.998295721910336,-0.00079229087119832,0.00739953419673663,0.000739953419673663,-0.0022425995737587,0.000658017831362059
"sensitivity_dense_wide",100,20,"n=100, p=20","ar1_rho_0.5","quantile_2","A_set_s",100,0.996666666666667,0.0190496231108628,0.00190496231108628,0.992932940536938,1.0004003927964,0.996666666666667,0.0190496231108628,0.00190496231108628,0.992932940536938,1.0004003927964,0,0.0273536646620739,0.00273536646620739,-0.00536131827376649,0.00536131827376649
"sensitivity_dense_wide",100,20,"n=100, p=20","ar1_rho_0.5","quantile_2","A_set_2s",100,0.994545454545455,0.0245087906895974,0.00245087906895974,0.989741731570293,0.999349177520616,0.989090909090909,0.0315095000936921,0.00315095000936921,0.982915047072546,0.995266771109273,-0.00545454545454546,0.0376420517712858,0.00376420517712858,-0.0128323876017175,0.00192329669262656
"sensitivity_dense_wide",100,20,"n=100, p=20","ar1_rho_0.5","quantile_2","F1",100,0.921818181818182,0.105731703938604,0.0105731703938604,0.901094767846215,0.942541595790148,0.856545454545455,0.123378422780931,0.0123378422780931,0.832363283680392,0.880727625410517,-0.0652727272727272,0.101346931511753,0.0101346931511753,-0.0851367258490308,-0.0454087286964237
"sensitivity_dense_wide",100,20,"n=100, p=20","ar1_rho_0.5","quantile_2","RMSE",100,1.74818830622775,0.322094498978651,0.0322094498978651,1.68505778442793,1.81131882802757,1.99594246976815,0.383788196058713,0.0383788196058713,1.92071998334064,2.07116495619566,0.2477541635404,0.178360379069978,0.0178360379069978,0.212795529242684,0.282712797838116
"sensitivity_dense_wide",100,20,"n=100, p=20","ar1_rho_0.5","quantile_4","A_entry",100,0.99782154764625,0.00791107077686052,0.000791107077686052,0.996270977773985,0.999372117518515,0.996941650466866,0.0047061580642426,0.00047061580642426,0.996019243486275,0.997864057447458,-0.000879897179383594,0.00560601067934452,0.000560601067934452,-0.00197867527253512,0.000218880913767932
"sensitivity_dense_wide",100,20,"n=100, p=20","ar1_rho_0.5","quantile_4","A_set_s",100,0.996666666666667,0.0190496231108628,0.00190496231108628,0.992932940536938,1.0004003927964,0.995555555555556,0.0218829317296591,0.00218829317296591,0.991266500936542,0.999844610174569,-0.00111111111111111,0.0295242232847648,0.00295242232847648,-0.00689785887492501,0.00467563665270279
"sensitivity_dense_wide",100,20,"n=100, p=20","ar1_rho_0.5","quantile_4","A_set_2s",100,0.994545454545455,0.0245087906895974,0.00245087906895974,0.989741731570293,0.999349177520616,0.994545454545455,0.0194439972281105,0.00194439972281105,0.990734431088745,0.998356478002164,-3.33032755019114e-18,0.0272403984833633,0.00272403984833633,-0.00533911810273922,0.00533911810273921
"sensitivity_dense_wide",100,20,"n=100, p=20","ar1_rho_0.5","quantile_4","F1",100,0.921818181818182,0.105731703938604,0.0105731703938604,0.901094767846215,0.942541595790148,0.784969696969697,0.130294786934671,0.0130294786934671,0.759431918730502,0.810507475208893,-0.136848484848485,0.144336021776265,0.0144336021776265,-0.165138345116633,-0.108558624580337
"sensitivity_dense_wide",100,20,"n=100, p=20","ar1_rho_0.5","quantile_4","RMSE",100,1.74818830622775,0.322094498978651,0.0322094498978651,1.68505778442793,1.81131882802757,2.17237250827407,0.376563172096334,0.0376563172096334,2.09856612654319,2.24617889000495,0.424184202046321,0.187290641281254,0.0187290641281254,0.387475236355196,0.460893167737447
"sensitivity_dense_wide",100,20,"n=100, p=20","ar1_rho_0.5","quantile_8","A_entry",100,0.99782154764625,0.00791107077686052,0.000791107077686052,0.996270977773985,0.999372117518515,0.996623531304148,0.00332250947405499,0.000332250947405499,0.995972319447233,0.997274743161063,-0.00119801634210224,0.00853023776550125,0.000853023776550125,-0.00286994294414049,0.000473910259936001
"sensitivity_dense_wide",100,20,"n=100, p=20","ar1_rho_0.5","quantile_8","A_set_s",100,0.996666666666667,0.0190496231108628,0.00190496231108628,0.992932940536938,1.0004003927964,0.99031746031746,0.0338334863042289,0.00338334863042289,0.983686097001832,0.996948823633089,-0.00634920634920635,0.0396584823661833,0.00396584823661833,-0.0141222688929783,0.00142385619456558
"sensitivity_dense_wide",100,20,"n=100, p=20","ar1_rho_0.5","quantile_8","A_set_2s",100,0.994545454545455,0.0245087906895974,0.00245087906895974,0.989741731570293,0.999349177520616,0.992828282828283,0.0210658592372814,0.00210658592372814,0.988699374417776,0.99695719123879,-0.00171717171717172,0.0335183298052969,0.00335183298052969,-0.00828676435900991,0.00485242092466646
"sensitivity_dense_wide",100,20,"n=100, p=20","ar1_rho_0.5","quantile_8","F1",100,0.921818181818182,0.105731703938604,0.0105731703938604,0.901094767846215,0.942541595790148,0.676828282828283,0.152314581144145,0.0152314581144145,0.64697462492403,0.706681940732535,-0.244989898989899,0.163903529440867,0.0163903529440867,-0.277114990760309,-0.212864807219489
"sensitivity_dense_wide",100,20,"n=100, p=20","ar1_rho_0.5","quantile_8","RMSE",100,1.74818830622775,0.322094498978651,0.0322094498978651,1.68505778442793,1.81131882802757,2.39604744274307,0.390049371443531,0.0390049371443531,2.31959776594014,2.472497119546,0.647859136515322,0.210341590605314,0.0210341590605314,0.606632184756681,0.689086088273964
"sensitivity_dense_wide",100,20,"n=100, p=20","ar1_rho_0.5","equal_width_4","A_entry",100,0.99782154764625,0.00791107077686052,0.000791107077686052,0.996270977773985,0.999372117518515,0.99680000055855,0.00347363575993136,0.000347363575993136,0.996119167949603,0.997480833167496,-0.00102154708770019,0.00855579239869375,0.000855579239869375,-0.00269848239784416,0.000655388222443787
"sensitivity_dense_wide",100,20,"n=100, p=20","ar1_rho_0.5","equal_width_4","A_set_s",100,0.996666666666667,0.0190496231108628,0.00190496231108628,0.992932940536938,1.0004003927964,0.99,0.0319581656960735,0.00319581656960735,0.98373619952357,0.99626380047643,-0.00666666666666666,0.0346719613787367,0.00346719613787367,-0.0134623710968991,0.000129037763565727
"sensitivity_dense_wide",100,20,"n=100, p=20","ar1_rho_0.5","equal_width_4","A_set_2s",100,0.994545454545455,0.0245087906895974,0.00245087906895974,0.989741731570293,0.999349177520616,0.994545454545455,0.0174317267433128,0.00174317267433128,0.991128836103765,0.997962072987144,-4.44084330940286e-18,0.0272403984833633,0.00272403984833633,-0.00533911810273922,0.00533911810273921
"sensitivity_dense_wide",100,20,"n=100, p=20","ar1_rho_0.5","equal_width_4","F1",100,0.921818181818182,0.105731703938604,0.0105731703938604,0.901094767846215,0.942541595790148,0.726484848484849,0.131245740989656,0.0131245740989656,0.700760683250876,0.752209013718821,-0.195333333333333,0.14871824388495,0.014871824388495,-0.224482109134784,-0.166184557531883
"sensitivity_dense_wide",100,20,"n=100, p=20","ar1_rho_0.5","equal_width_4","RMSE",100,1.74818830622775,0.322094498978651,0.0322094498978651,1.68505778442793,1.81131882802757,2.34981352483968,0.39621133599024,0.039621133599024,2.27215610298559,2.42747094669376,0.601625218611927,0.217418446820887,0.0217418446820887,0.559011203035033,0.644239234188821
"sensitivity_dense_wide",100,20,"n=100, p=20","ar1_rho_0.9","quantile_2","A_entry",100,0.990955501122052,0.0194986685919832,0.00194986685919832,0.987133762078023,0.994777240166081,0.986686684700516,0.0244194625492937,0.00244194625492937,0.981900470040855,0.991472899360178,-0.00426881642153587,0.0258176221646054,0.00258176221646054,-0.00932907036579853,0.000791437522726799
"sensitivity_dense_wide",100,20,"n=100, p=20","ar1_rho_0.9","quantile_2","A_set_s",100,0.989603174603175,0.052846221717981,0.0052846221717981,0.97924531514645,0.999961034059899,0.987777777777778,0.0443742430983891,0.00443742430983891,0.979080426130494,0.996475129425062,-0.00182539682539682,0.0708414309469689,0.00708414309469689,-0.0157103172910027,0.0120595236402091
"sensitivity_dense_wide",100,20,"n=100, p=20","ar1_rho_0.9","quantile_2","A_set_2s",100,0.945485625485626,0.0778131487171603,0.00778131487171603,0.930234248337062,0.960737002634189,0.940020257520258,0.0812566029561994,0.00812566029561994,0.924093963340842,0.955946551699673,-0.00546536796536797,0.108157745998852,0.0108157745998852,-0.026664286181143,0.0157335502504071
"sensitivity_dense_wide",100,20,"n=100, p=20","ar1_rho_0.9","quantile_2","F1",100,0.655555555555556,0.171915116649424,0.0171915116649424,0.621860192692268,0.689250918418843,0.571818181818182,0.16385133653292,0.016385133653292,0.53970331985773,0.603933043778634,-0.0837373737373738,0.159338965397534,0.0159338965397534,-0.11496781095529,-0.0525069365194572
"sensitivity_dense_wide",100,20,"n=100, p=20","ar1_rho_0.9","quantile_2","RMSE",100,1.56057729858853,0.543362967883242,0.0543362967883242,1.45407815688342,1.66707644029365,1.77435767488741,0.630108585963114,0.0630108585963114,1.65085639203864,1.89785895773618,0.213780376298881,0.164207328964268,0.0164207328964268,0.181595739821885,0.245965012775878
"sensitivity_dense_wide",100,20,"n=100, p=20","ar1_rho_0.9","quantile_4","A_entry",100,0.990955501122052,0.0194986685919832,0.00194986685919832,0.987133762078023,0.994777240166081,0.989775199384723,0.0150166454930467,0.00150166454930467,0.986831936868086,0.99271846190136,-0.00118030173732858,0.0248805085452786,0.00248805085452786,-0.00605688141220319,0.00369627793754603
"sensitivity_dense_wide",100,20,"n=100, p=20","ar1_rho_0.9","quantile_4","A_set_s",100,0.989603174603175,0.052846221717981,0.0052846221717981,0.97924531514645,0.999961034059899,0.993333333333333,0.0308664421181571,0.00308664421181571,0.987283510678175,0.999383155988492,0.00373015873015873,0.062333658511021,0.0062333658511021,-0.00848723833800138,0.0159475557983188
"sensitivity_dense_wide",100,20,"n=100, p=20","ar1_rho_0.9","quantile_4","A_set_2s",100,0.945485625485626,0.0778131487171603,0.00778131487171603,0.930234248337062,0.960737002634189,0.978383838383838,0.0474653032957622,0.00474653032957622,0.969080638937869,0.987687037829808,0.0328982128982129,0.087691676931591,0.0087691676931591,0.0157106442196211,0.0500857815768047
"sensitivity_dense_wide",100,20,"n=100, p=20","ar1_rho_0.9","quantile_4","F1",100,0.655555555555556,0.171915116649424,0.0171915116649424,0.621860192692268,0.689250918418843,0.490060606060606,0.143005657970235,0.0143005657970235,0.46203149709844,0.518089715022772,-0.16549494949495,0.174103983188115,0.0174103983188115,-0.19961933019982,-0.131370568790079
"sensitivity_dense_wide",100,20,"n=100, p=20","ar1_rho_0.9","quantile_4","RMSE",100,1.56057729858853,0.543362967883242,0.0543362967883242,1.45407815688342,1.66707644029365,1.95068013884653,0.672358784316678,0.0672358784316678,1.81889781712046,2.0824624605726,0.390102840257994,0.226478167747241,0.0226478167747241,0.345713119379535,0.434492561136453
"sensitivity_dense_wide",100,20,"n=100, p=20","ar1_rho_0.9","quantile_8","A_entry",100,0.990955501122052,0.0194986685919832,0.00194986685919832,0.987133762078023,0.994777240166081,0.992915421036482,0.00922841004686021,0.000922841004686022,0.991106652667297,0.994724189405667,0.00195991991443016,0.0222520461676037,0.00222520461676037,-0.00240148113442016,0.00632132096328048
"sensitivity_dense_wide",100,20,"n=100, p=20","ar1_rho_0.9","quantile_8","A_set_s",100,0.989603174603175,0.052846221717981,0.0052846221717981,0.97924531514645,0.999961034059899,0.985873015873016,0.0391998866497174,0.00391998866497173,0.978189838089671,0.99355619365636,-0.00373015873015872,0.0680152411268528,0.00680152411268528,-0.0170611459910219,0.00960082853070442
"sensitivity_dense_wide",100,20,"n=100, p=20","ar1_rho_0.9","quantile_8","A_set_2s",100,0.945485625485626,0.0778131487171603,0.00778131487171603,0.930234248337062,0.960737002634189,0.978257575757576,0.0440905304197384,0.00440905304197384,0.969615831795307,0.986899319719844,0.0327719502719503,0.0904411667206412,0.00904411667206412,0.0150454815947046,0.0504984189491959
"sensitivity_dense_wide",100,20,"n=100, p=20","ar1_rho_0.9","quantile_8","F1",100,0.655555555555556,0.171915116649424,0.0171915116649424,0.621860192692268,0.689250918418843,0.437969696969697,0.156270912468327,0.0156270912468327,0.407340598125905,0.468598795813489,-0.217585858585859,0.208330637301567,0.0208330637301567,-0.258418663496966,-0.176753053674751
"sensitivity_dense_wide",100,20,"n=100, p=20","ar1_rho_0.9","quantile_8","RMSE",100,1.56057729858853,0.543362967883242,0.0543362967883242,1.45407815688342,1.66707644029365,2.14237041292557,0.739626999345959,0.0739626999345959,1.99740352105376,2.28733730479737,0.581793114337033,0.283677956793402,0.0283677956793402,0.526192234805526,0.637393993868539
"sensitivity_dense_wide",100,20,"n=100, p=20","ar1_rho_0.9","equal_width_4","A_entry",100,0.990955501122052,0.0194986685919832,0.00194986685919832,0.987133762078023,0.994777240166081,0.989280611803872,0.0126530138514749,0.00126530138514749,0.986800621088982,0.991760602518761,-0.00167488931818039,0.0231744284516366,0.00231744284516366,-0.00621707729470116,0.00286729865834038
"sensitivity_dense_wide",100,20,"n=100, p=20","ar1_rho_0.9","equal_width_4","A_set_s",100,0.989603174603175,0.052846221717981,0.0052846221717981,0.97924531514645,0.999961034059899,0.986666666666667,0.0395762565788959,0.00395762565788959,0.978909720377203,0.99442361295613,-0.00293650793650793,0.0681105895114898,0.00681105895114898,-0.0162861834807599,0.0104131676077441
"sensitivity_dense_wide",100,20,"n=100, p=20","ar1_rho_0.9","equal_width_4","A_set_2s",100,0.945485625485626,0.0778131487171603,0.00778131487171603,0.930234248337062,0.960737002634189,0.980808080808081,0.0461548608973023,0.00461548608973023,0.97176172807221,0.989854433543952,0.0353224553224553,0.0896783348521683,0.00896783348521683,0.0177455016914303,0.0528994089534803
"sensitivity_dense_wide",100,20,"n=100, p=20","ar1_rho_0.9","equal_width_4","F1",100,0.655555555555556,0.171915116649424,0.0171915116649424,0.621860192692268,0.689250918418843,0.421878787878788,0.175170578618834,0.0175170578618834,0.387545354469496,0.456212221288079,-0.233676767676768,0.2098275191313,0.02098275191313,-0.274802961426503,-0.192550573927033
"sensitivity_dense_wide",100,20,"n=100, p=20","ar1_rho_0.9","equal_width_4","RMSE",100,1.56057729858853,0.543362967883242,0.0543362967883242,1.45407815688342,1.66707644029365,2.11395264586035,0.70550900939947,0.070550900939947,1.97567288001805,2.25223241170264,0.553375347271813,0.272974734406101,0.0272974734406101,0.499872299328217,0.606878395215408
"sensitivity_dense_wide",100,20,"n=100, p=20","block","quantile_2","A_entry",100,0.995941401970586,0.0129603726603999,0.00129603726603999,0.993401168929148,0.998481635012025,0.992748333334688,0.0169757903881247,0.00169757903881247,0.989421078418615,0.99607558825076,-0.00319306863589834,0.0211035470069987,0.00211035470069987,-0.0073293638492701,0.000943226577473413
"sensitivity_dense_wide",100,20,"n=100, p=20","block","quantile_2","A_set_s",100,0.993650793650794,0.0327716327020603,0.00327716327020603,0.98722755364119,1.0000740336604,0.996666666666667,0.0190496231108628,0.00190496231108628,0.992932940536938,1.0004003927964,0.00301587301587302,0.0384658764223021,0.00384658764223021,-0.0045234387628982,0.0105551847946442
"sensitivity_dense_wide",100,20,"n=100, p=20","block","quantile_2","A_set_2s",100,0.971388888888889,0.0537500232037032,0.00537500232037032,0.960853884340963,0.981923893436815,0.977426184926185,0.0531880788567658,0.00531880788567658,0.967001321470259,0.987851048382111,0.00603729603729604,0.0773560163908883,0.00773560163908883,-0.00912448317531806,0.0211990752499101
"sensitivity_dense_wide",100,20,"n=100, p=20","block","quantile_2","F1",100,0.708343434343434,0.169014826295781,0.0169014826295781,0.675216528389461,0.741470340297407,0.612121212121212,0.149373290779612,0.0149373290779612,0.582844047128408,0.641398377114016,-0.0962222222222222,0.166351566044785,0.0166351566044785,-0.128827129167,-0.0636173152774444
"sensitivity_dense_wide",100,20,"n=100, p=20","block","quantile_2","RMSE",100,1.73217341630434,0.658068712001313,0.0658068712001313,1.60319194875209,1.8611548838566,1.98479537160035,0.776207288430465,0.0776207288430465,1.83265874306798,2.13693200013272,0.252621955296008,0.244226796644329,0.0244226796644329,0.204753503153719,0.300490407438296
"sensitivity_dense_wide",100,20,"n=100, p=20","block","quantile_4","A_entry",100,0.995941401970586,0.0129603726603999,0.00129603726603999,0.993401168929148,0.998481635012025,0.993236995233432,0.00805759223649841,0.000805759223649841,0.991657707155078,0.994816283311785,-0.00270440673715471,0.0159280202882925,0.00159280202882925,-0.00582629871366005,0.00041748523935062
"sensitivity_dense_wide",100,20,"n=100, p=20","block","quantile_4","A_set_s",100,0.993650793650794,0.0327716327020603,0.00327716327020603,0.98722755364119,1.0000740336604,0.988095238095238,0.0366831856244911,0.00366831856244911,0.980905333712838,0.995285142477638,-0.00555555555555555,0.0481967522360328,0.00481967522360328,-0.015002118993818,0.00389100788270687
"sensitivity_dense_wide",100,20,"n=100, p=20","block","quantile_4","A_set_2s",100,0.971388888888889,0.0537500232037032,0.00537500232037032,0.960853884340963,0.981923893436815,0.983914141414141,0.0424921703548558,0.00424921703548558,0.97558567602459,0.992242606803693,0.0125252525252525,0.0659589389305146,0.00659589389305146,-0.000402699505128333,0.0254532045556334
"sensitivity_dense_wide",100,20,"n=100, p=20","block","quantile_4","F1",100,0.708343434343434,0.169014826295781,0.0169014826295781,0.675216528389461,0.741470340297407,0.50069696969697,0.158655652495779,0.0158655652495779,0.469600461807797,0.531793477586142,-0.207646464646465,0.20336179645566,0.020336179645566,-0.247505376751774,-0.167787552541155
"sensitivity_dense_wide",100,20,"n=100, p=20","block","quantile_4","RMSE",100,1.73217341630434,0.658068712001313,0.0658068712001313,1.60319194875209,1.8611548838566,2.12927621117966,0.780289329060865,0.0780289329060865,1.97633950268373,2.28221291967559,0.397102794875317,0.280426236882381,0.0280426236882381,0.34213925244637,0.452066337304264
"sensitivity_dense_wide",100,20,"n=100, p=20","block","quantile_8","A_entry",100,0.995941401970586,0.0129603726603999,0.00129603726603999,0.993401168929148,0.998481635012025,0.994092464690668,0.00674235683645196,0.000674235683645196,0.992770962750723,0.995413966630612,-0.00184893727991848,0.0147507598741829,0.00147507598741829,-0.00474008621525832,0.00104221165542137
"sensitivity_dense_wide",100,20,"n=100, p=20","block","quantile_8","A_set_s",100,0.993650793650794,0.0327716327020603,0.00327716327020603,0.98722755364119,1.0000740336604,0.99,0.0356473282515359,0.00356473282515359,0.983013123662699,0.996986876337301,-0.00365079365079365,0.0334522261817021,0.00334522261817021,-0.0102074299824073,0.00290584268081996
"sensitivity_dense_wide",100,20,"n=100, p=20","block","quantile_8","A_set_2s",100,0.971388888888889,0.0537500232037032,0.00537500232037032,0.960853884340963,0.981923893436815,0.988661616161616,0.0345248375802062,0.00345248375802062,0.981894747995896,0.995428484327337,0.0172727272727273,0.0626851081691026,0.00626851081691026,0.00498644607158316,0.0295590084738714
"sensitivity_dense_wide",100,20,"n=100, p=20","block","quantile_8","F1",100,0.708343434343434,0.169014826295781,0.0169014826295781,0.675216528389461,0.741470340297407,0.441757575757576,0.131382040265082,0.0131382040265082,0.41600669586562,0.467508455649532,-0.266585858585859,0.200441113507608,0.0200441113507608,-0.30587231683335,-0.227299400338367
"sensitivity_dense_wide",100,20,"n=100, p=20","block","quantile_8","RMSE",100,1.73217341630434,0.658068712001313,0.0658068712001313,1.60319194875209,1.8611548838566,2.35989356966843,0.806281159425353,0.0806281159425353,2.20186246242106,2.51792467691579,0.627720153364082,0.29790368063802,0.029790368063802,0.56933103195903,0.686109274769134
"sensitivity_dense_wide",100,20,"n=100, p=20","block","equal_width_4","A_entry",100,0.995941401970586,0.0129603726603999,0.00129603726603999,0.993401168929148,0.998481635012025,0.988169017299992,0.0122355965247475,0.00122355965247475,0.985770840381142,0.990567194218843,-0.00777238467059409,0.0183786944874967,0.00183786944874967,-0.0113746087901434,-0.00417016055104474
"sensitivity_dense_wide",100,20,"n=100, p=20","block","equal_width_4","A_set_s",100,0.993650793650794,0.0327716327020603,0.00327716327020603,0.98722755364119,1.0000740336604,0.993333333333333,0.0265203618417713,0.00265203618417713,0.988135342412346,0.99853132425432,-0.000317460317460315,0.0431604066106835,0.00431604066106835,-0.00877690001315428,0.00814197937823365
"sensitivity_dense_wide",100,20,"n=100, p=20","block","equal_width_4","A_set_2s",100,0.971388888888889,0.0537500232037032,0.00537500232037032,0.960853884340963,0.981923893436815,0.964166666666667,0.0639143309320121,0.00639143309320121,0.951639457803992,0.976693875529341,-0.00722222222222222,0.0889066699665604,0.00889066699665604,-0.0246479295356681,0.0102034850912236
"sensitivity_dense_wide",100,20,"n=100, p=20","block","equal_width_4","F1",100,0.708343434343434,0.169014826295781,0.0169014826295781,0.675216528389461,0.741470340297407,0.423151515151515,0.129018245866114,0.0129018245866114,0.397863938961757,0.448439091341273,-0.285191919191919,0.199126930951208,0.0199126930951208,-0.324220797658356,-0.246163040725482
"sensitivity_dense_wide",100,20,"n=100, p=20","block","equal_width_4","RMSE",100,1.73217341630434,0.658068712001313,0.0658068712001313,1.60319194875209,1.8611548838566,2.33330185564,0.811119120105013,0.0811119120105013,2.17432250809941,2.49228120318058,0.601128439335652,0.331908647179108,0.0331908647179108,0.536074344488547,0.666182534182757
"sensitivity_dense_wide",100,100,"n=100, p=100","independent","quantile_2","A_entry",100,0.958517430701377,0.018354212202456,0.0018354212202456,0.954920005109695,0.962114856293058,0.944580818241007,0.0180089174498368,0.00180089174498368,0.941051070420839,0.948110566061175,-0.0139366124603697,0.0262442411098733,0.00262442411098733,-0.0190804837179049,-0.00879274120283458
"sensitivity_dense_wide",100,100,"n=100, p=100","independent","quantile_2","A_set_s",100,0.996363636363636,0.0144656519136935,0.00144656519136935,0.993528368588552,0.99919890413872,0.99040404040404,0.0234759191268552,0.00234759191268552,0.985802760255177,0.995005320552904,-0.00595959595959596,0.0288247740415145,0.00288247740415145,-0.0116092516717328,-0.000309940247459123
"sensitivity_dense_wide",100,100,"n=100, p=100","independent","quantile_2","A_set_2s",100,0.993391053391053,0.0162549180945031,0.00162549180945031,0.990205089444531,0.996577017337576,0.992409812409812,0.0168613825012113,0.00168613825012113,0.989104981439575,0.99571464338005,-0.000981240981240981,0.0234503756077624,0.00234503756077624,-0.00557751460036241,0.00361503263788045
"sensitivity_dense_wide",100,100,"n=100, p=100","independent","quantile_2","F1",100,0.801857142857143,0.0934106799188916,0.00934106799188916,0.78354864959304,0.820165636121246,0.725376623376623,0.0921875995185845,0.00921875995185845,0.707307853870981,0.743445392882266,-0.0764805194805195,0.0861599298373931,0.00861599298373931,-0.0933678657286486,-0.0595931732323905
"sensitivity_dense_wide",100,100,"n=100, p=100","independent","quantile_2","RMSE",100,2.79137910867123,0.378324508419425,0.0378324508419425,2.71722750502102,2.86553071232144,3.10842738365451,0.385227855762562,0.0385227855762562,3.03292272392505,3.18393204338397,0.31704827498328,0.18059524948718,0.018059524948718,0.281651606083793,0.352444943882768
"sensitivity_dense_wide",100,100,"n=100, p=100","independent","quantile_4","A_entry",100,0.958517430701377,0.018354212202456,0.0018354212202456,0.954920005109695,0.962114856293058,0.946137893902633,0.0165379451477033,0.00165379451477032,0.942896456653683,0.949379331151582,-0.0123795367987441,0.0265761269996348,0.00265761269996348,-0.0175884576906725,-0.0071706159068157
"sensitivity_dense_wide",100,100,"n=100, p=100","independent","quantile_4","A_set_s",100,0.996363636363636,0.0144656519136935,0.00144656519136935,0.993528368588552,0.99919890413872,0.991111111111111,0.0240357822189559,0.00240357822189559,0.986400097796196,0.995822124426026,-0.00525252525252525,0.0278938961145773,0.00278938961145773,-0.0107197288909824,0.000214678385931898
"sensitivity_dense_wide",100,100,"n=100, p=100","independent","quantile_4","A_set_2s",100,0.993391053391053,0.0162549180945031,0.00162549180945031,0.990205089444531,0.996577017337576,0.990930735930736,0.0194109592798427,0.00194109592798427,0.987126187911887,0.994735283949585,-0.00246031746031746,0.022426999411198,0.0022426999411198,-0.00685600934491227,0.00193537442427735
"sensitivity_dense_wide",100,100,"n=100, p=100","independent","quantile_4","F1",100,0.801857142857143,0.0934106799188916,0.00934106799188916,0.78354864959304,0.820165636121246,0.575655122655123,0.101208501673954,0.0101208501673954,0.555818256327028,0.595491988983218,-0.22620202020202,0.129328480797515,0.0129328480797515,-0.251550402438333,-0.200853637965707
"sensitivity_dense_wide",100,100,"n=100, p=100","independent","quantile_4","RMSE",100,2.79137910867123,0.378324508419425,0.0378324508419425,2.71722750502102,2.86553071232144,3.37915054994865,0.379921064262305,0.0379921064262305,3.30468602135324,3.45361507854407,0.587771441277426,0.210515422416548,0.0210515422416548,0.546510418483783,0.629032464071069
"sensitivity_dense_wide",100,100,"n=100, p=100","independent","quantile_8","A_entry",100,0.958517430701377,0.018354212202456,0.0018354212202456,0.954920005109695,0.962114856293058,0.952341958511178,0.0154117685449203,0.00154117685449203,0.949321251876374,0.955362665145982,-0.00617547219019873,0.0240256622866672,0.00240256622866672,-0.0108845019983855,-0.00146644238201196
"sensitivity_dense_wide",100,100,"n=100, p=100","independent","quantile_8","A_set_s",100,0.996363636363636,0.0144656519136935,0.00144656519136935,0.993528368588552,0.99919890413872,0.982400932400932,0.03285535245058,0.003285535245058,0.975961283320619,0.988840581481246,-0.013962703962704,0.0366580334808898,0.00366580334808898,-0.0211476785249584,-0.00677772940044956
"sensitivity_dense_wide",100,100,"n=100, p=100","independent","quantile_8","A_set_2s",100,0.993391053391053,0.0162549180945031,0.00162549180945031,0.990205089444531,0.996577017337576,0.992121212121212,0.0156728877228518,0.00156728877228518,0.989049326127533,0.995193098114891,-0.00126984126984127,0.0214338869999825,0.00214338869999825,-0.00547088312183784,0.0029312005821553
"sensitivity_dense_wide",100,100,"n=100, p=100","independent","quantile_8","F1",100,0.801857142857143,0.0934106799188916,0.00934106799188916,0.78354864959304,0.820165636121246,0.42524945103206,0.11455753633625,0.011455753633625,0.402796173910155,0.447702728153965,-0.376607691825083,0.141380410134939,0.0141380410134939,-0.404318252211531,-0.348897131438635
"sensitivity_dense_wide",100,100,"n=100, p=100","independent","quantile_8","RMSE",100,2.79137910867123,0.378324508419425,0.0378324508419425,2.71722750502102,2.86553071232144,3.63052006220283,0.379459847916851,0.0379459847916851,3.55614593201113,3.70489419239453,0.839140953531602,0.23271824988439,0.023271824988439,0.793528176554261,0.884753730508942
"sensitivity_dense_wide",100,100,"n=100, p=100","independent","equal_width_4","A_entry",100,0.958517430701377,0.018354212202456,0.0018354212202456,0.954920005109695,0.962114856293058,0.945870595813181,0.0170212746433445,0.00170212746433445,0.942534425983085,0.949206765643276,-0.0126468348881958,0.0254403257438521,0.00254403257438521,-0.0176331387339908,-0.00766053104240077
"sensitivity_dense_wide",100,100,"n=100, p=100","independent","equal_width_4","A_set_s",100,0.996363636363636,0.0144656519136935,0.00144656519136935,0.993528368588552,0.99919890413872,0.987373737373737,0.0258574619054786,0.00258574619054786,0.982305674840264,0.992441799907211,-0.008989898989899,0.0299401804306476,0.00299401804306476,-0.0148581743543059,-0.00312162362549207
"sensitivity_dense_wide",100,100,"n=100, p=100","independent","equal_width_4","A_set_2s",100,0.993391053391053,0.0162549180945031,0.00162549180945031,0.990205089444531,0.996577017337576,0.98692389735868,0.0244536888487375,0.00244536888487375,0.982130974344327,0.991716820373032,-0.00646715603237343,0.0294151821396568,0.00294151821396568,-0.0122325317317462,-0.000701780333000691
"sensitivity_dense_wide",100,100,"n=100, p=100","independent","equal_width_4","F1",100,0.801857142857143,0.0934106799188916,0.00934106799188916,0.78354864959304,0.820165636121246,0.541594516594517,0.119093157196661,0.0119093157196661,0.518252257783971,0.564936775405062,-0.260262626262626,0.133233573091424,0.0133233573091424,-0.286376406588545,-0.234148845936707
"sensitivity_dense_wide",100,100,"n=100, p=100","independent","equal_width_4","RMSE",100,2.79137910867123,0.378324508419425,0.0378324508419425,2.71722750502102,2.86553071232144,3.53354281326849,0.378573989994334,0.0378573989994334,3.4593423112296,3.60774331530738,0.742163704597263,0.224208629166244,0.0224208629166244,0.698218813280679,0.786108595913847
"sensitivity_dense_wide",100,100,"n=100, p=100","ar1_rho_0.5","quantile_2","A_entry",100,0.94497891799837,0.0237369109421412,0.00237369109421412,0.94032648345371,0.949631352543029,0.933352745218368,0.0273515297259489,0.00273515297259489,0.927991845392082,0.938713645044654,-0.0116261727800018,0.0343249029933758,0.00343249029933758,-0.0183538537667034,-0.00489849179330013
"sensitivity_dense_wide",100,100,"n=100, p=100","ar1_rho_0.5","quantile_2","A_set_s",100,0.993434343434343,0.0221197235453552,0.00221197235453552,0.989098877619454,0.997769809249233,0.993434343434343,0.0203734689920421,0.00203734689920421,0.989441143511903,0.997427543356784,-1.10928247924053e-18,0.0302860204614975,0.00302860204614975,-0.00593606001045351,0.00593606001045351
"sensitivity_dense_wide",100,100,"n=100, p=100","ar1_rho_0.5","quantile_2","A_set_2s",100,0.986089466089466,0.0254699303086718,0.00254699303086718,0.981097359748967,0.991081572429966,0.989256854256854,0.0225130683290704,0.00225130683290704,0.984844292864356,0.993669415649352,0.00316738816738817,0.0339965451598549,0.00339965451598549,-0.0034959346839434,0.00983071101871973
"sensitivity_dense_wide",100,100,"n=100, p=100","ar1_rho_0.5","quantile_2","F1",100,0.732565656565657,0.101688713829492,0.0101688713829492,0.712634668655076,0.752496644476237,0.656471861471861,0.0949735936947765,0.00949735936947765,0.637857037107685,0.675086685836038,-0.0760937950937951,0.0873910260195387,0.00873910260195387,-0.0932224361936247,-0.0589651539939655
"sensitivity_dense_wide",100,100,"n=100, p=100","ar1_rho_0.5","quantile_2","RMSE",100,2.84927150068461,0.354349677603888,0.0354349677603888,2.77981896387424,2.91872403749497,3.13935122612949,0.351713938829255,0.0351713938829255,3.07041529411896,3.20828715814003,0.290079725444887,0.138662463856942,0.0138662463856942,0.262901882528926,0.317257568360847
"sensitivity_dense_wide",100,100,"n=100, p=100","ar1_rho_0.5","quantile_4","A_entry",100,0.94497891799837,0.0237369109421412,0.00237369109421412,0.94032648345371,0.949631352543029,0.944026064285947,0.0170443554134965,0.00170443554134965,0.940685370624902,0.947366757946992,-0.000952853712422805,0.0296325071248772,0.00296325071248772,-0.00676082510889874,0.00485511768405312
"sensitivity_dense_wide",100,100,"n=100, p=100","ar1_rho_0.5","quantile_4","A_set_s",100,0.993434343434343,0.0221197235453552,0.00221197235453552,0.989098877619454,0.997769809249233,0.984545454545455,0.0295786285051097,0.00295786285051097,0.978748043358453,0.990342865732456,-0.0088888888888889,0.0346142476223065,0.00346142476223065,-0.015673281422861,-0.00210449635491682
"sensitivity_dense_wide",100,100,"n=100, p=100","ar1_rho_0.5","quantile_4","A_set_2s",100,0.986089466089466,0.0254699303086718,0.00254699303086718,0.981097359748967,0.991081572429966,0.989632034632035,0.0208888508665893,0.00208888508665893,0.985537819862183,0.993726249401886,0.00354256854256854,0.031251085026987,0.0031251085026987,-0.00258264412272092,0.009667781207858
"sensitivity_dense_wide",100,100,"n=100, p=100","ar1_rho_0.5","quantile_4","F1",100,0.732565656565657,0.101688713829492,0.0101688713829492,0.712634668655076,0.752496644476237,0.525692640692641,0.108408068755271,0.0108408068755271,0.504444659216607,0.546940622168674,-0.206873015873016,0.112647737255574,0.0112647737255574,-0.228951972375108,-0.184794059370923
"sensitivity_dense_wide",100,100,"n=100, p=100","ar1_rho_0.5","quantile_4","RMSE",100,2.84927150068461,0.354349677603888,0.0354349677603888,2.77981896387424,2.91872403749497,3.39269918138736,0.342235812460573,0.0342235812460573,3.32562096214509,3.45977740062963,0.543427680702755,0.176018754537363,0.0176018754537363,0.508928004813432,0.577927356592078
"sensitivity_dense_wide",100,100,"n=100, p=100","ar1_rho_0.5","quantile_8","A_entry",100,0.94497891799837,0.0237369109421412,0.00237369109421412,0.94032648345371,0.949631352543029,0.952274782637353,0.0151482644602541,0.00151482644602541,0.949305722803144,0.955243842471563,0.00729586463898353,0.0291432701832307,0.00291432701832307,0.00158378368307031,0.0130079455948967
"sensitivity_dense_wide",100,100,"n=100, p=100","ar1_rho_0.5","quantile_8","A_set_s",100,0.993434343434343,0.0221197235453552,0.00221197235453552,0.989098877619454,0.997769809249233,0.987474747474748,0.0268639991983019,0.00268639991983019,0.98220940363188,0.992740091317615,-0.00595959595959597,0.0360955267064931,0.00360955267064931,-0.0130343191940686,0.00111512727487669
"sensitivity_dense_wide",100,100,"n=100, p=100","ar1_rho_0.5","quantile_8","A_set_2s",100,0.986089466089466,0.0254699303086718,0.00254699303086718,0.981097359748967,0.991081572429966,0.988740824392998,0.0208875794504377,0.00208875794504377,0.984646858820712,0.992834789965284,0.00265135830353221,0.0331340978121234,0.00331340978121234,-0.00384292486764397,0.0091456414747084
"sensitivity_dense_wide",100,100,"n=100, p=100","ar1_rho_0.5","quantile_8","F1",100,0.732565656565657,0.101688713829492,0.0101688713829492,0.712634668655076,0.752496644476237,0.363282828282828,0.12007820913835,0.012007820913835,0.339747499291712,0.386818157273945,-0.369282828282828,0.146568865869581,0.0146568865869581,-0.398010325993266,-0.340555330572391
"sensitivity_dense_wide",100,100,"n=100, p=100","ar1_rho_0.5","quantile_8","RMSE",100,2.84927150068461,0.354349677603888,0.0354349677603888,2.77981896387424,2.91872403749497,3.65603002313079,0.33204826370818,0.033204826370818,3.59094856344399,3.7211114828176,0.806758522446187,0.204005169737863,0.0204005169737863,0.766773509177566,0.846743535714808
"sensitivity_dense_wide",100,100,"n=100, p=100","ar1_rho_0.5","equal_width_4","A_entry",100,0.94497891799837,0.0237369109421412,0.00237369109421412,0.94032648345371,0.949631352543029,0.944183039620161,0.0179296149417617,0.00179296149417617,0.940668835091575,0.947697244148746,-0.000795878378209145,0.0294223136120357,0.00294223136120357,-0.00656265184616815,0.00497089508974986
"sensitivity_dense_wide",100,100,"n=100, p=100","ar1_rho_0.5","equal_width_4","A_set_s",100,0.993434343434343,0.0221197235453552,0.00221197235453552,0.989098877619454,0.997769809249233,0.98989898989899,0.0250733362917324,0.00250733362917324,0.98498461598581,0.994813363812169,-0.00353535353535354,0.0311044254136048,0.00311044254136048,-0.00963182091642007,0.002561113845713
"sensitivity_dense_wide",100,100,"n=100, p=100","ar1_rho_0.5","equal_width_4","A_set_2s",100,0.986089466089466,0.0254699303086718,0.00254699303086718,0.981097359748967,0.991081572429966,0.991226551226551,0.0177475252932984,0.00177475252932984,0.987748036269065,0.994705066184038,0.00513708513708513,0.0314640767727375,0.00314640767727375,-0.00102987391037141,0.0113040441845417
"sensitivity_dense_wide",100,100,"n=100, p=100","ar1_rho_0.5","equal_width_4","F1",100,0.732565656565657,0.101688713829492,0.0101688713829492,0.712634668655076,0.752496644476237,0.461079365079365,0.105156270472163,0.0105156270472163,0.440468736066821,0.481689994091909,-0.271486291486291,0.125390145355539,0.0125390145355539,-0.296062759975977,-0.246909822996606
"sensitivity_dense_wide",100,100,"n=100, p=100","ar1_rho_0.5","equal_width_4","RMSE",100,2.84927150068461,0.354349677603888,0.0354349677603888,2.77981896387424,2.91872403749497,3.56121149481888,0.350310806929291,0.0350310806929291,3.49255057666074,3.62987241297702,0.711939994134273,0.211534817557452,0.0211534817557452,0.670479169893013,0.753400818375534
"sensitivity_dense_wide",100,100,"n=100, p=100","ar1_rho_0.9","quantile_2","A_entry",100,0.893346094534296,0.0343208257471624,0.00343208257471624,0.886619212687853,0.90007297638074,0.886378360255256,0.030911839347998,0.0030911839347998,0.880319639743048,0.892437080767463,-0.00696773427904085,0.0408681195949453,0.00408681195949453,-0.0149778857196501,0.00104241716156842
"sensitivity_dense_wide",100,100,"n=100, p=100","ar1_rho_0.9","quantile_2","A_set_s",100,0.967954545454545,0.0583101399940734,0.00583101399940734,0.956525758015707,0.979383332893384,0.975732323232323,0.0504066164014727,0.00504066164014727,0.965852626417634,0.985612020047012,0.00777777777777778,0.0748411392627247,0.00748411392627247,-0.00689108551771627,0.0224466410732718
"sensitivity_dense_wide",100,100,"n=100, p=100","ar1_rho_0.9","quantile_2","A_set_2s",100,0.902005421390204,0.0772414956341332,0.00772414956341332,0.886866088245914,0.917144754534494,0.93322683355292,0.0611151736011486,0.00611151736011486,0.921248259527095,0.945205407578746,0.0312214121627165,0.0875554030116079,0.00875554030116079,0.0140605531724414,0.0483822711529917
"sensitivity_dense_wide",100,100,"n=100, p=100","ar1_rho_0.9","quantile_2","F1",100,0.442412698412698,0.116308738618581,0.0116308738618581,0.419616185643457,0.46520921118194,0.369163059163059,0.107989150076253,0.0107989150076253,0.347997185748114,0.390328932578005,-0.0732496392496392,0.107640599545345,0.0107640599545345,-0.0943471967605269,-0.0521520817387516
"sensitivity_dense_wide",100,100,"n=100, p=100","ar1_rho_0.9","quantile_2","RMSE",100,2.67355280028545,0.522022285912528,0.0522022285912528,2.57123643224659,2.7758691683243,2.96344049416389,0.567276136124059,0.0567276136124059,2.85225437148357,3.0746266168442,0.289887693878439,0.164577843264628,0.0164577843264628,0.257630436598572,0.322144951158307
"sensitivity_dense_wide",100,100,"n=100, p=100","ar1_rho_0.9","quantile_4","A_entry",100,0.893346094534296,0.0343208257471624,0.00343208257471624,0.886619212687853,0.90007297638074,0.910405129974948,0.024965069644326,0.0024965069644326,0.90551197632466,0.915298283625236,0.0170590354406517,0.0409469539019618,0.00409469539019618,0.00903343247586723,0.0250846384054363
"sensitivity_dense_wide",100,100,"n=100, p=100","ar1_rho_0.9","quantile_4","A_set_s",100,0.967954545454545,0.0583101399940734,0.00583101399940734,0.956525758015707,0.979383332893384,0.988313908313908,0.0377622216130724,0.00377622216130724,0.980912512877746,0.99571530375007,0.0203593628593629,0.0676286040399424,0.00676286040399424,0.00710415646753415,0.0336145692511916
"sensitivity_dense_wide",100,100,"n=100, p=100","ar1_rho_0.9","quantile_4","A_set_2s",100,0.902005421390204,0.0772414956341332,0.00772414956341332,0.886866088245914,0.917144754534494,0.963989271597967,0.0425079628814591,0.00425079628814591,0.955657710873201,0.972320832322733,0.0619838502077632,0.081828288653187,0.00818282886531871,0.0459455056317386,0.0780221947837879
"sensitivity_dense_wide",100,100,"n=100, p=100","ar1_rho_0.9","quantile_4","F1",100,0.442412698412698,0.116308738618581,0.0116308738618581,0.419616185643457,0.46520921118194,0.307496392496393,0.105251283397005,0.0105251283397005,0.286867140950579,0.328125644042206,-0.134916305916306,0.114231678132397,0.0114231678132397,-0.157305714830256,-0.112526897002356
"sensitivity_dense_wide",100,100,"n=100, p=100","ar1_rho_0.9","quantile_4","RMSE",100,2.67355280028545,0.522022285912528,0.0522022285912528,2.57123643224659,2.7758691683243,3.14290371686836,0.566300650867041,0.0566300650867041,3.03190878929842,3.2538986444383,0.469350916582916,0.185142132313602,0.0185142132313602,0.43306305864945,0.505638774516382
"sensitivity_dense_wide",100,100,"n=100, p=100","ar1_rho_0.9","quantile_8","A_entry",100,0.893346094534296,0.0343208257471624,0.00343208257471624,0.886619212687853,0.90007297638074,0.931923442518107,0.0221273871455998,0.00221273871455998,0.927586474637569,0.936260410398644,0.0385773479838104,0.0406101917777833,0.00406101917777833,0.0306177503953649,0.0465369455722559
"sensitivity_dense_wide",100,100,"n=100, p=100","ar1_rho_0.9","quantile_8","A_set_s",100,0.967954545454545,0.0583101399940734,0.00583101399940734,0.956525758015707,0.979383332893384,0.988686868686869,0.0274018490696274,0.00274018490696274,0.983316106269222,0.994057631104516,0.0207323232323232,0.0679061519813168,0.00679061519813168,0.00742271744398514,0.0340419290206613
"sensitivity_dense_wide",100,100,"n=100, p=100","ar1_rho_0.9","quantile_8","A_set_2s",100,0.902005421390204,0.0772414956341332,0.00772414956341332,0.886866088245914,0.917144754534494,0.971473429951691,0.0384462681919629,0.00384462681919629,0.963937961386066,0.979008898517316,0.0694680085614868,0.0870591730348256,0.00870591730348256,0.052404410646661,0.0865316064763126
"sensitivity_dense_wide",100,100,"n=100, p=100","ar1_rho_0.9","quantile_8","F1",100,0.442412698412698,0.116308738618581,0.0116308738618581,0.419616185643457,0.46520921118194,0.23959595959596,0.0997019039136086,0.00997019039136086,0.220054386428892,0.259137532763027,-0.202816738816739,0.138661267478102,0.0138661267478102,-0.229994347242447,-0.175639130391031
"sensitivity_dense_wide",100,100,"n=100, p=100","ar1_rho_0.9","quantile_8","RMSE",100,2.67355280028545,0.522022285912528,0.0522022285912528,2.57123643224659,2.7758691683243,3.36916912489485,0.630393853364704,0.0630393853364704,3.24561192963537,3.49272632015433,0.695616324609403,0.242107691441416,0.0242107691441416,0.648163217086886,0.743069432131921
"sensitivity_dense_wide",100,100,"n=100, p=100","ar1_rho_0.9","equal_width_4","A_entry",100,0.893346094534296,0.0343208257471624,0.00343208257471624,0.886619212687853,0.90007297638074,0.912943806059229,0.0273410083080531,0.00273410083080531,0.90758496843085,0.918302643687607,0.0195977115249323,0.0459730159221399,0.00459730159221399,0.0105870004041929,0.0286084226456717
"sensitivity_dense_wide",100,100,"n=100, p=100","ar1_rho_0.9","equal_width_4","A_set_s",100,0.967954545454545,0.0583101399940734,0.00583101399940734,0.956525758015707,0.979383332893384,0.988484848484849,0.0294586994366379,0.00294586994366379,0.982710943395268,0.994258753574429,0.020530303030303,0.0660611401969778,0.00660611401969778,0.00758231955169539,0.0334782865089107
"sensitivity_dense_wide",100,100,"n=100, p=100","ar1_rho_0.9","equal_width_4","A_set_2s",100,0.902005421390204,0.0772414956341332,0.00772414956341332,0.886866088245914,0.917144754534494,0.970541125541126,0.0424795707222552,0.00424795707222552,0.962215129679564,0.978867121402688,0.0685357041509215,0.0916184772163986,0.00916184772163986,0.0505784826165074,0.0864929256853357
"sensitivity_dense_wide",100,100,"n=100, p=100","ar1_rho_0.9","equal_width_4","F1",100,0.442412698412698,0.116308738618581,0.0116308738618581,0.419616185643457,0.46520921118194,0.251920634920635,0.109682354057498,0.0109682354057498,0.230422893525365,0.273418376315905,-0.190492063492063,0.132211527757422,0.0132211527757422,-0.216405522932518,-0.164578604051609
"sensitivity_dense_wide",100,100,"n=100, p=100","ar1_rho_0.9","equal_width_4","RMSE",100,2.67355280028545,0.522022285912528,0.0522022285912528,2.57123643224659,2.7758691683243,3.30280833487268,0.614944398891341,0.0614944398891341,3.18227923268998,3.42333743705539,0.629255534587236,0.226842611170494,0.0226842611170494,0.584794382797819,0.673716686376653
"sensitivity_dense_wide",100,100,"n=100, p=100","block","quantile_2","A_entry",100,0.918727980059872,0.0290249086993407,0.00290249086993407,0.913039097954801,0.924416862164943,0.90057557054102,0.0266539995473437,0.00266539995473437,0.895351386629741,0.905799754452299,-0.0181524095188522,0.0400721424431457,0.00400721424431457,-0.0260065494377088,-0.0102982695999957
"sensitivity_dense_wide",100,100,"n=100, p=100","block","quantile_2","A_set_s",100,0.975227272727273,0.0477903926681234,0.00477903926681234,0.96586035576432,0.984594189690225,0.974116161616162,0.0436640385788962,0.00436640385788962,0.965558010054698,0.982674313177625,-0.00111111111111112,0.0639159685929417,0.00639159685929417,-0.0136386409553277,0.0114164187331055
"sensitivity_dense_wide",100,100,"n=100, p=100","block","quantile_2","A_set_2s",100,0.924896412765978,0.0738556339452358,0.00738556339452358,0.910420708512712,0.939372117019244,0.951111738503043,0.0509781326068538,0.00509781326068538,0.9411200245121,0.961103452493986,0.0262153257370649,0.0885568581364452,0.00885568581364452,0.0088581815423216,0.0435724699318081
"sensitivity_dense_wide",100,100,"n=100, p=100","block","quantile_2","F1",100,0.499968253968254,0.112315554426386,0.0112315554426386,0.477954405300682,0.521982102635826,0.421131313131313,0.108811327081257,0.0108811327081257,0.399804293023387,0.44245833323924,-0.0788369408369408,0.0947942251144322,0.00947942251144322,-0.0974166089593695,-0.0602572727145121
"sensitivity_dense_wide",100,100,"n=100, p=100","block","quantile_2","RMSE",100,2.69181993144783,0.548988289092588,0.0548988289092588,2.58421822678568,2.79942163610998,2.96623459113729,0.573999048090378,0.0573999048090378,2.85373077771158,3.07873840456301,0.274414659689462,0.152487479381091,0.0152487479381091,0.244527113730769,0.304302205648156
"sensitivity_dense_wide",100,100,"n=100, p=100","block","quantile_4","A_entry",100,0.918727980059872,0.0290249086993407,0.00290249086993407,0.913039097954801,0.924416862164943,0.917898469226021,0.0232646414946052,0.00232646414946052,0.913338599493079,0.922458338958964,-0.000829510833850609,0.0399513045055552,0.00399513045055552,-0.00865996651693943,0.00700094484923821
"sensitivity_dense_wide",100,100,"n=100, p=100","block","quantile_4","A_set_s",100,0.975227272727273,0.0477903926681234,0.00477903926681234,0.96586035576432,0.984594189690225,0.989191919191919,0.0311666548490932,0.00311666548490932,0.983083254841497,0.995300583542341,0.0139646464646465,0.0526866039372546,0.00526866039372546,0.00363807209294455,0.0242912208363484
"sensitivity_dense_wide",100,100,"n=100, p=100","block","quantile_4","A_set_2s",100,0.924896412765978,0.0738556339452358,0.00738556339452358,0.910420708512712,0.939372117019244,0.967099880795533,0.0482501250306465,0.00482501250306465,0.957642856289526,0.97655690530154,0.042203468029555,0.0850677996888014,0.00850677996888014,0.0255301792905499,0.0588767567685601
"sensitivity_dense_wide",100,100,"n=100, p=100","block","quantile_4","F1",100,0.499968253968254,0.112315554426386,0.0112315554426386,0.477954405300682,0.521982102635826,0.356150072150072,0.104225900415354,0.0104225900415354,0.335721795668663,0.376578348631482,-0.143818181818182,0.113968413124206,0.0113968413124206,-0.166155990790526,-0.121480372845837
"sensitivity_dense_wide",100,100,"n=100, p=100","block","quantile_4","RMSE",100,2.69181993144783,0.548988289092588,0.0548988289092588,2.58421822678568,2.79942163610998,3.14931883214121,0.571673330882273,0.0571673330882273,3.03727085928828,3.26136680499413,0.457498900693377,0.172999985370803,0.0172999985370803,0.4235909035607,0.491406897826054
"sensitivity_dense_wide",100,100,"n=100, p=100","block","quantile_8","A_entry",100,0.918727980059872,0.0290249086993407,0.00290249086993407,0.913039097954801,0.924416862164943,0.937718948285675,0.0210267304095385,0.00210267304095385,0.933597709125406,0.941840187445945,0.0189909682258034,0.039133052900651,0.0039133052900651,0.0113208898572758,0.026661046594331
"sensitivity_dense_wide",100,100,"n=100, p=100","block","quantile_8","A_set_s",100,0.975227272727273,0.0477903926681234,0.00477903926681234,0.96586035576432,0.984594189690225,0.982777777777778,0.0366372740642696,0.00366372740642696,0.975596872061181,0.989958683494375,0.00755050505050505,0.0590977488744551,0.00590977488744551,-0.00403265372888815,0.0191336638298982
"sensitivity_dense_wide",100,100,"n=100, p=100","block","quantile_8","A_set_2s",100,0.924896412765978,0.0738556339452358,0.00738556339452358,0.910420708512712,0.939372117019244,0.977193362193362,0.0340321004602202,0.00340321004602202,0.970523070503159,0.983863653883565,0.0522969494273842,0.0830787966151932,0.00830787966151932,0.0360135052908063,0.0685803935639621
"sensitivity_dense_wide",100,100,"n=100, p=100","block","quantile_8","F1",100,0.499968253968254,0.112315554426386,0.0112315554426386,0.477954405300682,0.521982102635826,0.270976911976912,0.100581533806544,0.0100581533806544,0.251262931350829,0.290690892602995,-0.228991341991342,0.147127722604878,0.0147127722604878,-0.257828375621898,-0.200154308360786
"sensitivity_dense_wide",100,100,"n=100, p=100","block","quantile_8","RMSE",100,2.69181993144783,0.548988289092588,0.0548988289092588,2.58421822678568,2.79942163610998,3.38289933923683,0.609401444007296,0.0609401444007296,3.2634566562114,3.50234202226226,0.691079407788998,0.211083040260443,0.0211083040260443,0.649707131897951,0.732451683680045
"sensitivity_dense_wide",100,100,"n=100, p=100","block","equal_width_4","A_entry",100,0.918727980059872,0.0290249086993407,0.00290249086993407,0.913039097954801,0.924416862164943,0.910233207490323,0.0255613187871236,0.00255613187871236,0.905223189008046,0.915243225972599,-0.00849477256954956,0.0392674576104007,0.00392674576104007,-0.0161911942611881,-0.000798350877911022
"sensitivity_dense_wide",100,100,"n=100, p=100","block","equal_width_4","A_set_s",100,0.975227272727273,0.0477903926681234,0.00477903926681234,0.96586035576432,0.984594189690225,0.98979797979798,0.0282615031765467,0.00282615031765467,0.984258725175377,0.995337234420583,0.0145707070707071,0.0567642842007219,0.00567642842007219,0.00344490736736558,0.0256965067740486
"sensitivity_dense_wide",100,100,"n=100, p=100","block","equal_width_4","A_set_2s",100,0.924896412765978,0.0738556339452358,0.00738556339452358,0.910420708512712,0.939372117019244,0.974574000878349,0.0398650547758505,0.00398650547758505,0.966760450142282,0.982387551614415,0.0496775881123707,0.0844286132663251,0.00844286132663251,0.033129579912171,0.0662255963125704
"sensitivity_dense_wide",100,100,"n=100, p=100","block","equal_width_4","F1",100,0.499968253968254,0.112315554426386,0.0112315554426386,0.477954405300682,0.521982102635826,0.28012987012987,0.0950333406119801,0.00950333406119801,0.261503335369922,0.298756404889818,-0.219838383838384,0.130085967474246,0.0130085967474246,-0.245335233463336,-0.194341534213432
"sensitivity_dense_wide",100,100,"n=100, p=100","block","equal_width_4","RMSE",100,2.69181993144783,0.548988289092588,0.0548988289092588,2.58421822678568,2.79942163610998,3.3156196897426,0.612258505327104,0.0612258505327104,3.19561702269849,3.43562235678671,0.623799758294769,0.195846268636104,0.0195846268636104,0.585413889642092,0.662185626947445
"sensitivity_dense_wide",100,200,"n=100, p=200","independent","quantile_2","A_entry",100,0.914543589110707,0.0225408679664199,0.00225408679664199,0.910125578989289,0.918961599232125,0.914504667600012,0.0215997972997663,0.00215997972997663,0.910271107329258,0.918738227870766,-3.89215106950047e-05,0.029616847210227,0.0029616847210227,-0.00584382356389949,0.00576598054250948
"sensitivity_dense_wide",100,200,"n=100, p=200","independent","quantile_2","A_set_s",100,0.992121212121212,0.0150093171348174,0.00150093171348174,0.989179385962788,0.995063038279636,0.989343434343434,0.0193829291204636,0.00193829291204636,0.985544380235823,0.993142488451045,-0.00277777777777778,0.0251352040641429,0.00251352040641429,-0.0077042777743498,0.00214872221879424
"sensitivity_dense_wide",100,200,"n=100, p=200","independent","quantile_2","A_set_2s",100,0.984445794956288,0.022701669644213,0.0022701669644213,0.979996267706023,0.988895322206554,0.976853937642366,0.0232532393194179,0.00232532393194179,0.972296302735761,0.981411572548972,-0.00759185731392199,0.0294085897285256,0.00294085897285256,-0.013355940900713,-0.00182777372713096
"sensitivity_dense_wide",100,200,"n=100, p=200","independent","quantile_2","F1",100,0.560397793263647,0.0929142540978348,0.00929142540978348,0.542186599460471,0.578608987066823,0.506752419667054,0.0862470442333811,0.00862470442333811,0.489847998997311,0.523656840336797,-0.0536453735965931,0.0716037551755923,0.00716037551755923,-0.0676797096110092,-0.039611037582177
"sensitivity_dense_wide",100,200,"n=100, p=200","independent","quantile_2","RMSE",100,4.57969192585804,0.441225564543978,0.0441225564543978,4.49321171520743,4.66617213650866,4.86799031249406,0.426573787604503,0.0426573787604503,4.78438185012358,4.95159877486454,0.288298386636016,0.144603590542174,0.0144603590542174,0.259956082889749,0.316640690382282
"sensitivity_dense_wide",100,200,"n=100, p=200","independent","quantile_4","A_entry",100,0.914543589110707,0.0225408679664199,0.00225408679664199,0.910125578989289,0.918961599232125,0.924264683639457,0.0183860919220163,0.00183860919220163,0.920661009622742,0.927868357656172,0.00972109452874992,0.0280848655365468,0.00280848655365468,0.00421646088358674,0.0152257281739131
"sensitivity_dense_wide",100,200,"n=100, p=200","independent","quantile_4","A_set_s",100,0.992121212121212,0.0150093171348174,0.00150093171348174,0.989179385962788,0.995063038279636,0.98969696969697,0.0197077050577958,0.00197077050577958,0.985834259505642,0.993559679888298,-0.00242424242424243,0.0214746698670926,0.00214746698670926,-0.00663327771819257,0.00178479286970771
"sensitivity_dense_wide",100,200,"n=100, p=200","independent","quantile_4","A_set_2s",100,0.984445794956288,0.022701669644213,0.0022701669644213,0.979996267706023,0.988895322206554,0.974750941061208,0.0260401905863942,0.00260401905863942,0.969647063706274,0.979854818416141,-0.00969485389508079,0.0333197697566471,0.00333197697566471,-0.0162255287673836,-0.00316417902277796
"sensitivity_dense_wide",100,200,"n=100, p=200","independent","quantile_4","F1",100,0.560397793263647,0.0929142540978348,0.00929142540978348,0.542186599460471,0.578608987066823,0.347971931862176,0.0805930257802682,0.00805930257802682,0.332175698809243,0.363768164915108,-0.212425861401471,0.105931798175874,0.0105931798175874,-0.233188493843942,-0.191663228959
"sensitivity_dense_wide",100,200,"n=100, p=200","independent","quantile_4","RMSE",100,4.57969192585804,0.441225564543978,0.0441225564543978,4.49321171520743,4.66617213650866,5.16212956775958,0.423200539800487,0.0423200539800487,5.07918226195868,5.24507687356047,0.582437641901532,0.201966921001706,0.0201966921001706,0.542852125385198,0.622023158417866
"sensitivity_dense_wide",100,200,"n=100, p=200","independent","quantile_8","A_entry",100,0.914543589110707,0.0225408679664199,0.00225408679664199,0.910125578989289,0.918961599232125,0.926472162113063,0.0189884408598619,0.00189884408598619,0.92275042770453,0.930193896521596,0.0119285730023557,0.0310518304088143,0.00310518304088143,0.00584241424222806,0.0180147317624833
"sensitivity_dense_wide",100,200,"n=100, p=200","independent","quantile_8","A_set_s",100,0.992121212121212,0.0150093171348174,0.00150093171348174,0.989179385962788,0.995063038279636,0.989660894660895,0.0192937983687595,0.00192937983687595,0.985879310180618,0.993442479141172,-0.00246031746031746,0.0257322169457489,0.00257322169457489,-0.00750383198168425,0.00258319706104933
"sensitivity_dense_wide",100,200,"n=100, p=200","independent","quantile_8","A_set_2s",100,0.984445794956288,0.022701669644213,0.0022701669644213,0.979996267706023,0.988895322206554,0.970790451717565,0.0325320226521962,0.00325320226521962,0.964414175277734,0.977166728157395,-0.0136553432387238,0.0410672532744235,0.00410672532744235,-0.0217045248805108,-0.00560616159693684
"sensitivity_dense_wide",100,200,"n=100, p=200","independent","quantile_8","F1",100,0.560397793263647,0.0929142540978348,0.00929142540978348,0.542186599460471,0.578608987066823,0.24356968641115,0.0741571816675548,0.00741571816675548,0.229034878804309,0.258104494017991,-0.316828106852497,0.117874639641498,0.0117874639641498,-0.339931536222231,-0.293724677482764
"sensitivity_dense_wide",100,200,"n=100, p=200","independent","quantile_8","RMSE",100,4.57969192585804,0.441225564543978,0.0441225564543978,4.49321171520743,4.66617213650866,5.37015653435659,0.425124381214607,0.0425124381214608,5.28683215563852,5.45348091307465,0.79046460849854,0.239469625644499,0.0239469625644499,0.743528561872219,0.837400655124862
"sensitivity_dense_wide",100,200,"n=100, p=200","independent","equal_width_4","A_entry",100,0.914543589110707,0.0225408679664199,0.00225408679664199,0.910125578989289,0.918961599232125,0.921558967853871,0.0197568303097854,0.00197568303097854,0.917686629113153,0.925431306594589,0.00701537874316381,0.0285350377485619,0.00285350377485619,0.00142251134444569,0.0126082461418819
"sensitivity_dense_wide",100,200,"n=100, p=200","independent","equal_width_4","A_set_s",100,0.992121212121212,0.0150093171348174,0.00150093171348174,0.989179385962788,0.995063038279636,0.983557312252964,0.0275683494411692,0.00275683494411692,0.978153915762495,0.988960708743434,-0.0085638998682477,0.0323988638667746,0.00323988638667746,-0.0149140771861355,-0.00221372255035988
"sensitivity_dense_wide",100,200,"n=100, p=200","independent","equal_width_4","A_set_2s",100,0.984445794956288,0.022701669644213,0.0022701669644213,0.979996267706023,0.988895322206554,0.972591570841713,0.0279443792562754,0.00279443792562754,0.967114472507483,0.978068669175943,-0.0118542241145758,0.0389077635883083,0.00389077635883083,-0.0194801457778842,-0.00422830245126736
"sensitivity_dense_wide",100,200,"n=100, p=200","independent","equal_width_4","F1",100,0.560397793263647,0.0929142540978348,0.00929142540978348,0.542186599460471,0.578608987066823,0.337834013090961,0.0835325150445243,0.00835325150445243,0.321461640142235,0.354206386039688,-0.222563780172685,0.115441234345454,0.0115441234345454,-0.245190262104394,-0.199937298240977
"sensitivity_dense_wide",100,200,"n=100, p=200","independent","equal_width_4","RMSE",100,4.57969192585804,0.441225564543978,0.0441225564543978,4.49321171520743,4.66617213650866,5.27874257411821,0.432114862758376,0.0432114862758376,5.19404806101757,5.36343708721885,0.699050648260162,0.210472468359085,0.0210472468359085,0.657798044461781,0.740303252058543
"sensitivity_dense_wide",100,200,"n=100, p=200","ar1_rho_0.5","quantile_2","A_entry",100,0.899376488977385,0.0248081738113132,0.00248081738113132,0.894514086910368,0.904238891044403,0.906804633075497,0.0188953861069167,0.00188953861069168,0.903101137398541,0.910508128752452,0.00742814409811145,0.0297412673781523,0.00297412673781523,0.0015988556919936,0.0132574325042293
"sensitivity_dense_wide",100,200,"n=100, p=200","ar1_rho_0.5","quantile_2","A_set_s",100,0.989973335842901,0.0209120271037481,0.00209120271037481,0.985874578530566,0.994072093155236,0.986312817617165,0.0214020941087317,0.00214020941087317,0.982118007171854,0.990507628062477,-0.00366051822573562,0.0287809429230044,0.00287809429230044,-0.00930158303864449,0.00198054658717324
"sensitivity_dense_wide",100,200,"n=100, p=200","ar1_rho_0.5","quantile_2","A_set_2s",100,0.971697523543241,0.0302590669003424,0.00302590669003424,0.965766746430774,0.977628300655708,0.970519367976827,0.0288480702168831,0.00288480702168831,0.964865146214318,0.976173589739336,-0.00117815556641422,0.0416569498128472,0.00416569498128472,-0.00934291772973226,0.00698660659690383
"sensitivity_dense_wide",100,200,"n=100, p=200","ar1_rho_0.5","quantile_2","F1",100,0.541522841656988,0.0899698259162503,0.00899698259162503,0.523888755777403,0.559156927536573,0.456038624638738,0.0798810079391894,0.00798810079391894,0.440381947082657,0.471695302194819,-0.0854842170182499,0.08563707182917,0.008563707182917,-0.102269083096767,-0.0686993509397326
"sensitivity_dense_wide",100,200,"n=100, p=200","ar1_rho_0.5","quantile_2","RMSE",100,4.44988855135603,0.41231140375211,0.041231140375211,4.36907551622062,4.53070158649145,4.76282354397279,0.387515529495495,0.0387515529495495,4.68687050019167,4.8387765877539,0.312934992616752,0.150751181932955,0.0150751181932955,0.283387760957893,0.342482224275612
"sensitivity_dense_wide",100,200,"n=100, p=200","ar1_rho_0.5","quantile_4","A_entry",100,0.899376488977385,0.0248081738113132,0.00248081738113132,0.894514086910368,0.904238891044403,0.924033411442441,0.0202772523782217,0.00202772523782217,0.92005906997631,0.928007752908573,0.0246569224650561,0.0335614502932511,0.00335614502932511,0.0180788782075789,0.0312349667225334
"sensitivity_dense_wide",100,200,"n=100, p=200","ar1_rho_0.5","quantile_4","A_set_s",100,0.989973335842901,0.0209120271037481,0.00209120271037481,0.985874578530566,0.994072093155236,0.985750360750361,0.0233514745146493,0.00233514745146493,0.981173471745489,0.990327249755232,-0.00422297509254031,0.0326960763129048,0.00326960763129048,-0.0106314060498697,0.00218545586478904
"sensitivity_dense_wide",100,200,"n=100, p=200","ar1_rho_0.5","quantile_4","A_set_2s",100,0.971697523543241,0.0302590669003424,0.00302590669003424,0.965766746430774,0.977628300655708,0.976963449829303,0.0240441690884163,0.00240441690884163,0.972250792687974,0.981676106970633,0.00526592628606242,0.0401577724605046,0.00401577724605046,-0.00260499711619648,0.0131368496883213
"sensitivity_dense_wide",100,200,"n=100, p=200","ar1_rho_0.5","quantile_4","F1",100,0.541522841656988,0.0899698259162503,0.00899698259162503,0.523888755777403,0.559156927536573,0.340345915602013,0.0830699890311287,0.00830699890311287,0.324064197751912,0.356627633452114,-0.201176926054975,0.101334970217693,0.0101334970217693,-0.221038580217643,-0.181315271892307
"sensitivity_dense_wide",100,200,"n=100, p=200","ar1_rho_0.5","quantile_4","RMSE",100,4.44988855135603,0.41231140375211,0.041231140375211,4.36907551622062,4.53070158649145,5.06505278451257,0.39102569964828,0.039102569964828,4.9884117473815,5.14169382164363,0.615164233156534,0.191253398520491,0.0191253398520491,0.577678567046518,0.65264989926655
"sensitivity_dense_wide",100,200,"n=100, p=200","ar1_rho_0.5","quantile_8","A_entry",100,0.899376488977385,0.0248081738113132,0.00248081738113132,0.894514086910368,0.904238891044403,0.924751381229207,0.0202544742005582,0.00202544742005582,0.920781504285897,0.928721258172516,0.0253748922518214,0.03021755650033,0.003021755650033,0.0194522511777568,0.0312975333258861
"sensitivity_dense_wide",100,200,"n=100, p=200","ar1_rho_0.5","quantile_8","A_set_s",100,0.989973335842901,0.0209120271037481,0.00209120271037481,0.985874578530566,0.994072093155236,0.984487420791769,0.0226939738840833,0.00226939738840833,0.980039401910488,0.988935439673049,-0.00548591505113245,0.0308489444339099,0.00308489444339099,-0.0115323081601788,0.000560478057913889
"sensitivity_dense_wide",100,200,"n=100, p=200","ar1_rho_0.5","quantile_8","A_set_2s",100,0.971697523543241,0.0302590669003424,0.00302590669003424,0.965766746430774,0.977628300655708,0.974129037859894,0.0299963358774282,0.00299963358774282,0.968249756027918,0.98000831969187,0.00243151431665329,0.0429840077901551,0.00429840077901551,-0.0059933512102171,0.0108563798435237
"sensitivity_dense_wide",100,200,"n=100, p=200","ar1_rho_0.5","quantile_8","F1",100,0.541522841656988,0.0899698259162503,0.00899698259162503,0.523888755777403,0.559156927536573,0.249178879795442,0.0826436938919614,0.00826436938919614,0.232980715792618,0.265377043798267,-0.292343961861546,0.117534231128829,0.0117534231128829,-0.315380671162796,-0.269307252560295
"sensitivity_dense_wide",100,200,"n=100, p=200","ar1_rho_0.5","quantile_8","RMSE",100,4.44988855135603,0.41231140375211,0.041231140375211,4.36907551622062,4.53070158649145,5.26474708054509,0.402233426195139,0.0402233426195139,5.18590932901084,5.34358483207934,0.814858529189059,0.234772492136559,0.0234772492136559,0.768843120730293,0.860873937647824
"sensitivity_dense_wide",100,200,"n=100, p=200","ar1_rho_0.5","equal_width_4","A_entry",100,0.899376488977385,0.0248081738113132,0.00248081738113132,0.894514086910368,0.904238891044403,0.92055569111479,0.019615907879935,0.0019615907879935,0.916710973170323,0.924400409059258,0.0211792021374052,0.0292538752466609,0.00292538752466609,0.0154454425890596,0.0269129616857507
"sensitivity_dense_wide",100,200,"n=100, p=200","ar1_rho_0.5","equal_width_4","A_set_s",100,0.989973335842901,0.0209120271037481,0.00209120271037481,0.985874578530566,0.994072093155236,0.986763912416086,0.0226143235979852,0.00226143235979852,0.982331504990881,0.991196319841291,-0.00320942342681473,0.0297211508144813,0.00297211508144813,-0.00903476898645307,0.0026159221328236
"sensitivity_dense_wide",100,200,"n=100, p=200","ar1_rho_0.5","equal_width_4","A_set_2s",100,0.971697523543241,0.0302590669003424,0.00302590669003424,0.965766746430774,0.977628300655708,0.974373624421838,0.0285344748061371,0.00285344748061371,0.968780867359835,0.979966381483841,0.00267610087859663,0.0401088294763287,0.00401088294763287,-0.0051852296987638,0.0105374314559571
"sensitivity_dense_wide",100,200,"n=100, p=200","ar1_rho_0.5","equal_width_4","F1",100,0.541522841656988,0.0899698259162503,0.00899698259162503,0.523888755777403,0.559156927536573,0.309478001799045,0.0887172493009709,0.00887172493009709,0.292089420936055,0.326866582662036,-0.232044839857943,0.0984724378705489,0.00984724378705489,-0.25134543768057,-0.212744242035315
"sensitivity_dense_wide",100,200,"n=100, p=200","ar1_rho_0.5","equal_width_4","RMSE",100,4.44988855135603,0.41231140375211,0.041231140375211,4.36907551622062,4.53070158649145,5.16914066194412,0.393988254721365,0.0393988254721365,5.09191896401874,5.24636235986951,0.71925211058809,0.211335918232875,0.0211335918232875,0.677830270614446,0.760673950561733
"sensitivity_dense_wide",100,200,"n=100, p=200","ar1_rho_0.9","quantile_2","A_entry",100,0.82236177903616,0.0330682999259341,0.00330682999259341,0.815880392250677,0.828843165821643,0.840661066376127,0.0286389797295601,0.00286389797295601,0.835047826349133,0.846274306403121,0.0182992873399671,0.0409969058050282,0.00409969058050282,0.0102638938021815,0.0263346808777526
"sensitivity_dense_wide",100,200,"n=100, p=200","ar1_rho_0.9","quantile_2","A_set_s",100,0.918027443570922,0.0702464546521714,0.00702464546521714,0.904259138459096,0.931795748682747,0.949543886065625,0.0508528758657935,0.00508528758657935,0.93957672239593,0.959511049735321,0.0315164424947034,0.0801766930957644,0.00801766930957644,0.0158018106479335,0.0472310743414732
"sensitivity_dense_wide",100,200,"n=100, p=200","ar1_rho_0.9","quantile_2","A_set_2s",100,0.821589527461538,0.0647427980609773,0.00647427980609773,0.808899939041586,0.834279115881489,0.861338727743211,0.0605778815058922,0.00605778815058922,0.849465462968056,0.873211992518366,0.0397492002816736,0.0787312626851635,0.00787312626851635,0.0243178727953815,0.0551805277679656
"sensitivity_dense_wide",100,200,"n=100, p=200","ar1_rho_0.9","quantile_2","F1",100,0.339323848238482,0.0798758985798588,0.00798758985798588,0.32366817211683,0.354979524360135,0.291660472319009,0.0799933360645853,0.00799933360645853,0.27598177845035,0.307339166187668,-0.0476633759194735,0.0778672516364071,0.00778672516364072,-0.0629253572402093,-0.0324013945987377
"sensitivity_dense_wide",100,200,"n=100, p=200","ar1_rho_0.9","quantile_2","RMSE",100,3.95359337894128,0.54815380780397,0.054815380780397,3.8461552326117,4.06103152527086,4.35097308139323,0.563307925504315,0.0563307925504315,4.24056472799438,4.46138143479207,0.39737970245195,0.162758944099223,0.0162758944099223,0.365478949408503,0.429280455495398
"sensitivity_dense_wide",100,200,"n=100, p=200","ar1_rho_0.9","quantile_4","A_entry",100,0.82236177903616,0.0330682999259341,0.00330682999259341,0.815880392250677,0.828843165821643,0.885913907367304,0.0262537437069634,0.00262537437069634,0.880768173600739,0.891059641133868,0.0635521283311439,0.0447233532346144,0.00447233532346144,0.0547863510971595,0.0723179055651283
"sensitivity_dense_wide",100,200,"n=100, p=200","ar1_rho_0.9","quantile_4","A_set_s",100,0.918027443570922,0.0702464546521714,0.00702464546521714,0.904259138459096,0.931795748682747,0.971416629023151,0.0427531690214797,0.00427531690214797,0.963037007894941,0.979796250151361,0.0533891854522289,0.0818249830118292,0.00818249830118293,0.0373514887819104,0.0694268821225475
"sensitivity_dense_wide",100,200,"n=100, p=200","ar1_rho_0.9","quantile_4","A_set_2s",100,0.821589527461538,0.0647427980609773,0.00647427980609773,0.808899939041586,0.834279115881489,0.922714407842357,0.051435627640749,0.0051435627640749,0.91263302482477,0.932795790859944,0.101124880380819,0.0800654950044441,0.00800654950044441,0.0854320433599482,0.11681771740169
"sensitivity_dense_wide",100,200,"n=100, p=200","ar1_rho_0.9","quantile_4","F1",100,0.339323848238482,0.0798758985798588,0.00798758985798588,0.32366817211683,0.354979524360135,0.228332090862437,0.0824653024159775,0.00824653024159775,0.212168891588905,0.244495290135968,-0.110991757376046,0.0931374564798415,0.00931374564798415,-0.129246698846094,-0.0927368159059966
"sensitivity_dense_wide",100,200,"n=100, p=200","ar1_rho_0.9","quantile_4","RMSE",100,3.95359337894128,0.54815380780397,0.054815380780397,3.8461552326117,4.06103152527086,4.66448683318413,0.618400438235504,0.0618400438235504,4.54328034728997,4.78569331907828,0.710893454242848,0.212271728917664,0.0212271728917664,0.669288195374985,0.75249871311071
"sensitivity_dense_wide",100,200,"n=100, p=200","ar1_rho_0.9","quantile_8","A_entry",100,0.82236177903616,0.0330682999259341,0.00330682999259341,0.815880392250677,0.828843165821643,0.904913675605121,0.0195957760859023,0.00195957760859023,0.901072903492284,0.908754447717958,0.0825518965689612,0.0384281628111904,0.00384281628111904,0.0750199766579679,0.0900838164799545
"sensitivity_dense_wide",100,200,"n=100, p=200","ar1_rho_0.9","quantile_8","A_set_s",100,0.918027443570922,0.0702464546521714,0.00702464546521714,0.904259138459096,0.931795748682747,0.978435284522241,0.0328534945241468,0.00328534945241468,0.971995999595508,0.984874569448974,0.0604078409513192,0.08154371186474,0.008154371186474,0.0444252734258302,0.0763904084768083
"sensitivity_dense_wide",100,200,"n=100, p=200","ar1_rho_0.9","quantile_8","A_set_2s",100,0.821589527461538,0.0647427980609773,0.00647427980609773,0.808899939041586,0.834279115881489,0.944290860489847,0.0437600955978978,0.00437600955978978,0.935713881752659,0.952867839227035,0.122701333028309,0.0791963228978483,0.00791963228978483,0.107178853740331,0.138223812316288
"sensitivity_dense_wide",100,200,"n=100, p=200","ar1_rho_0.9","quantile_8","F1",100,0.339323848238482,0.0798758985798588,0.00798758985798588,0.32366817211683,0.354979524360135,0.190052237798125,0.0740584015978335,0.00740584015978335,0.17553679108495,0.204567684511301,-0.149271610440357,0.0939230656290727,0.00939230656290727,-0.167680531303655,-0.130862689577059
"sensitivity_dense_wide",100,200,"n=100, p=200","ar1_rho_0.9","quantile_8","RMSE",100,3.95359337894128,0.54815380780397,0.054815380780397,3.8461552326117,4.06103152527086,5.02782105343319,0.673892863214016,0.0673892863214016,4.89573805224324,5.15990405462313,1.07422767449191,0.26875316826686,0.026875316826686,1.02155205351161,1.12690329547221
"sensitivity_dense_wide",100,200,"n=100, p=200","ar1_rho_0.9","equal_width_4","A_entry",100,0.82236177903616,0.0330682999259341,0.00330682999259341,0.815880392250677,0.828843165821643,0.880245328447978,0.0251339491240743,0.00251339491240743,0.875319074419659,0.885171582476297,0.0578835494118183,0.0388648392579278,0.00388648392579278,0.0502660409172644,0.0655010579063721
"sensitivity_dense_wide",100,200,"n=100, p=200","ar1_rho_0.9","equal_width_4","A_set_s",100,0.918027443570922,0.0702464546521714,0.00702464546521714,0.904259138459096,0.931795748682747,0.975656565656566,0.0318745716522261,0.00318745716522261,0.969409149612729,0.981903981700402,0.0576291220856438,0.0766912266704545,0.00766912266704545,0.0425976416582347,0.0726606025130529
"sensitivity_dense_wide",100,200,"n=100, p=200","ar1_rho_0.9","equal_width_4","A_set_2s",100,0.821589527461538,0.0647427980609773,0.00647427980609773,0.808899939041586,0.834279115881489,0.933154079054064,0.0433145787392899,0.00433145787392899,0.924664421621163,0.941643736486965,0.111564551592527,0.0799741444079388,0.00799741444079388,0.0958896192885706,0.127239483896483
"sensitivity_dense_wide",100,200,"n=100, p=200","ar1_rho_0.9","equal_width_4","F1",100,0.339323848238482,0.0798758985798588,0.00798758985798588,0.32366817211683,0.354979524360135,0.210031746031746,0.0826532684874034,0.00826532684874034,0.193831705408215,0.226231786655277,-0.129292102206736,0.0973461561031755,0.00973461561031755,-0.148371948802959,-0.110212255610514
"sensitivity_dense_wide",100,200,"n=100, p=200","ar1_rho_0.9","equal_width_4","RMSE",100,3.95359337894128,0.54815380780397,0.054815380780397,3.8461552326117,4.06103152527086,4.88466651058096,0.66348479107952,0.066348479107952,4.75462349152938,5.01470952963255,0.931073131639685,0.26462375452,0.026462375452,0.879206875753765,0.982939387525605
"sensitivity_dense_wide",100,200,"n=100, p=200","block","quantile_2","A_entry",100,0.851816935638586,0.0315708354696667,0.00315708354696667,0.845629051886531,0.858004819390641,0.852040783912924,0.0288541888922231,0.00288541888922231,0.846385362890048,0.8576962049358,0.000223848274337931,0.0385355556974616,0.00385355556974616,-0.00732912064236454,0.0077768171910404
"sensitivity_dense_wide",100,200,"n=100, p=200","block","quantile_2","A_set_s",100,0.956167018006148,0.0548984678720058,0.00548984678720058,0.945406918303235,0.966927117709062,0.961668156722504,0.0505154663287399,0.00505154663287399,0.951767125322072,0.971569188122937,0.00550113871635611,0.0745330100220936,0.00745330100220936,-0.00910733124797423,0.0201096086806864
"sensitivity_dense_wide",100,200,"n=100, p=200","block","quantile_2","A_set_2s",100,0.870286217789867,0.0576424171233536,0.00576424171233536,0.85898830403369,0.881584131546044,0.881219561008776,0.0616521223440511,0.00616521223440511,0.869135745029342,0.89330337698821,0.0109333432189092,0.0843769421510921,0.00843769421510921,-0.00560453744270485,0.0274712238805232
"sensitivity_dense_wide",100,200,"n=100, p=200","block","quantile_2","F1",100,0.372916848985766,0.0903869044155441,0.00903869044155441,0.355201015720319,0.390632682251212,0.309953542392567,0.0776640461514914,0.00776640461514914,0.294731389346874,0.325175695438259,-0.0629633065931988,0.0727405296264834,0.00727405296264834,-0.0772204503999896,-0.0487061627864081
"sensitivity_dense_wide",100,200,"n=100, p=200","block","quantile_2","RMSE",100,3.94985032877731,0.500087545019488,0.0500087545019488,3.85183316995349,4.04786748760112,4.35298708676233,0.54737544505557,0.054737544505557,4.24570149953144,4.46027267399322,0.403136757985026,0.165752862111111,0.0165752862111111,0.370649197011248,0.435624318958804
"sensitivity_dense_wide",100,200,"n=100, p=200","block","quantile_4","A_entry",100,0.851816935638586,0.0315708354696667,0.00315708354696667,0.845629051886531,0.858004819390641,0.891128341684734,0.0258685940003234,0.00258685940003234,0.886058097260671,0.896198586108798,0.0393114060461485,0.039735472576997,0.0039735472576997,0.0315232534210571,0.0470995586712399
"sensitivity_dense_wide",100,200,"n=100, p=200","block","quantile_4","A_set_s",100,0.956167018006148,0.0548984678720058,0.00548984678720058,0.945406918303235,0.966927117709062,0.977959094046051,0.0342140117994923,0.00342140117994923,0.97125314773335,0.984665040358751,0.0217920760399021,0.0687745525045828,0.00687745525045828,0.0083122637490039,0.0352718883308003
"sensitivity_dense_wide",100,200,"n=100, p=200","block","quantile_4","A_set_2s",100,0.870286217789867,0.0576424171233536,0.00576424171233536,0.85898830403369,0.881584131546044,0.930574010400687,0.0504747896488027,0.00504747896488027,0.920680951629522,0.940467069171853,0.0602877926108203,0.0755741465964853,0.00755741465964853,0.0454752598779092,0.0751003253437314
"sensitivity_dense_wide",100,200,"n=100, p=200","block","quantile_4","F1",100,0.372916848985766,0.0903869044155441,0.00903869044155441,0.355201015720319,0.390632682251212,0.250113740107501,0.0792266029667845,0.00792266029667845,0.234585325926011,0.265642154288991,-0.122803108878265,0.0787764218892324,0.00787764218892324,-0.138243287568554,-0.107362930187975
"sensitivity_dense_wide",100,200,"n=100, p=200","block","quantile_4","RMSE",100,3.94985032877731,0.500087545019488,0.0500087545019488,3.85183316995349,4.04786748760112,4.67713263016622,0.576477274920572,0.0576477274920572,4.56414308428178,4.79012217605065,0.727282301388912,0.211199216036363,0.0211199216036363,0.685887255045784,0.768677347732039
"sensitivity_dense_wide",100,200,"n=100, p=200","block","quantile_8","A_entry",100,0.851816935638586,0.0315708354696667,0.00315708354696667,0.845629051886531,0.858004819390641,0.913187684319669,0.0227212936056604,0.00227212936056604,0.908734310772959,0.917641057866378,0.0613707486810828,0.0399261697984794,0.00399261697984794,0.0535452194005808,0.0691962779615847
"sensitivity_dense_wide",100,200,"n=100, p=200","block","quantile_8","A_set_s",100,0.956167018006148,0.0548984678720058,0.00548984678720058,0.945406918303235,0.966927117709062,0.988023088023088,0.0218038010487768,0.00218038010487768,0.983749543017528,0.992296633028648,0.0318560700169396,0.0579695676038638,0.00579695676038638,0.0204940347665823,0.0432181052672969
"sensitivity_dense_wide",100,200,"n=100, p=200","block","quantile_8","A_set_2s",100,0.870286217789867,0.0576424171233536,0.00576424171233536,0.85898830403369,0.881584131546044,0.960265760268596,0.0327253264797277,0.00327253264797277,0.95385159627857,0.966679924258623,0.0899795424787293,0.0648511294218548,0.00648511294218548,0.0772687211120458,0.102690363845413
"sensitivity_dense_wide",100,200,"n=100, p=200","block","quantile_8","F1",100,0.372916848985766,0.0903869044155441,0.00903869044155441,0.355201015720319,0.390632682251212,0.192018583042973,0.0750029577511931,0.00750029577511931,0.177318003323739,0.206719162762207,-0.180898265942792,0.101716858730411,0.0101716858730411,-0.200834770253953,-0.160961761631632
"sensitivity_dense_wide",100,200,"n=100, p=200","block","quantile_8","RMSE",100,3.94985032877731,0.500087545019488,0.0500087545019488,3.85183316995349,4.04786748760112,5.00522663780836,0.626547414326994,0.0626547414326994,4.88242334460027,5.12802993101645,1.05537630903105,0.269484325284263,0.0269484325284263,1.00255738127534,1.10819523678677
"sensitivity_dense_wide",100,200,"n=100, p=200","block","equal_width_4","A_entry",100,0.851816935638586,0.0315708354696667,0.00315708354696667,0.845629051886531,0.858004819390641,0.891383771186517,0.0243927462621964,0.00243927462621964,0.886602792919126,0.896164749453908,0.0395668355479312,0.0436563198062013,0.00436563198062013,0.0310101968659157,0.0481234742299466
"sensitivity_dense_wide",100,200,"n=100, p=200","block","equal_width_4","A_set_s",100,0.956167018006148,0.0548984678720058,0.00548984678720058,0.945406918303235,0.966927117709062,0.975509442248573,0.0351837687551917,0.00351837687551917,0.968613423572555,0.98240546092459,0.0193424242424242,0.064240499060406,0.0064240499060406,0.00675128642658466,0.0319335620582638
"sensitivity_dense_wide",100,200,"n=100, p=200","block","equal_width_4","A_set_2s",100,0.870286217789867,0.0576424171233536,0.00576424171233536,0.85898830403369,0.881584131546044,0.941202397560398,0.0512606486344166,0.00512606486344166,0.931155310428052,0.951249484692743,0.0709161797705305,0.0743688016356479,0.00743688016356479,0.0563398946499436,0.0854924648911175
"sensitivity_dense_wide",100,200,"n=100, p=200","block","equal_width_4","F1",100,0.372916848985766,0.0903869044155441,0.00903869044155441,0.355201015720319,0.390632682251212,0.221376306620209,0.0747336679071514,0.00747336679071514,0.206728507710407,0.236024105530011,-0.151540542365557,0.090184518826666,0.0090184518826666,-0.169216708055583,-0.13386437667553
"sensitivity_dense_wide",100,200,"n=100, p=200","block","equal_width_4","RMSE",100,3.94985032877731,0.500087545019488,0.0500087545019488,3.85183316995349,4.04786748760112,4.86472515236348,0.621439074766755,0.0621439074766755,4.7429230937092,4.98652721101776,0.914874823586176,0.262904281531062,0.0262904281531062,0.863345584406088,0.966404062766264
"sensitivity_dense_wide",500,100,"n=500, p=100","independent","quantile_2","A_entry",100,0.998448007485463,0.000407156596186231,4.07156596186231e-05,0.99836820479261,0.998527810178315,0.997580970123592,0.000944835172723727,9.44835172723727e-05,0.997395782429738,0.997766157817446,-0.000867037361870965,0.00105502268097336,0.000105502268097336,-0.00107382180734174,-0.000660252916400186
"sensitivity_dense_wide",500,100,"n=500, p=100","independent","quantile_2","A_set_s",100,1,0,0,1,1,1,0,0,1,1,0,0,0,0,0
"sensitivity_dense_wide",500,100,"n=500, p=100","independent","quantile_2","A_set_2s",100,0.9900395256917,0.0183943149213351,0.00183943149213351,0.986434239967118,0.993644811416281,0.992467532467532,0.0154023698173168,0.00154023698173168,0.989448667983338,0.995486396951727,0.00242800677583286,0.0239062804760523,0.00239062804760523,-0.00225762419747338,0.00711363774913911
"sensitivity_dense_wide",500,100,"n=500, p=100","independent","quantile_2","F1",100,1,0,0,1,1,0.995,0.021904291355759,0.0021904291355759,0.990706758894271,0.999293241105729,-0.005,0.021904291355759,0.0021904291355759,-0.00929324110572877,-0.00070675889427123
"sensitivity_dense_wide",500,100,"n=500, p=100","independent","quantile_2","RMSE",100,2.24552259154451,0.210879798787794,0.0210879798787794,2.20419015098211,2.28685503210692,2.61244794096094,0.294923186300373,0.0294923186300373,2.55464299644606,2.67025288547581,0.366925349416424,0.167065593523523,0.0167065593523523,0.334180493085814,0.399670205747035
"sensitivity_dense_wide",500,100,"n=500, p=100","independent","quantile_4","A_entry",100,0.998448007485463,0.000407156596186231,4.07156596186231e-05,0.99836820479261,0.998527810178315,0.996693986683869,0.00109765294247909,0.000109765294247909,0.996478846707143,0.996909126660595,-0.00175402080159424,0.0011351598188717,0.00011351598188717,-0.0019765121260931,-0.00153152947709539
"sensitivity_dense_wide",500,100,"n=500, p=100","independent","quantile_4","A_set_s",100,1,0,0,1,1,0.998787878787879,0.00852759358401757,0.000852759358401757,0.997116470445411,1.00045928713035,-0.00121212121212121,0.00852759358401757,0.000852759358401757,-0.00288352955458866,0.00045928713034623
"sensitivity_dense_wide",500,100,"n=500, p=100","independent","quantile_4","A_set_2s",100,0.9900395256917,0.0183943149213351,0.00183943149213351,0.986434239967118,0.993644811416281,0.9903281259803,0.0178087588851384,0.00178087588851384,0.986837609238813,0.993818642721787,0.000288600288600289,0.0273892982548674,0.00273892982548674,-0.00507970216935373,0.00565690274655431
"sensitivity_dense_wide",500,100,"n=500, p=100","independent","quantile_4","F1",100,1,0,0,1,1,0.983698412698413,0.0397897253713444,0.00397897253713444,0.975899626525629,0.991497198871196,-0.0163015873015873,0.0397897253713444,0.00397897253713444,-0.0241003734743708,-0.0085028011288038
"sensitivity_dense_wide",500,100,"n=500, p=100","independent","quantile_4","RMSE",100,2.24552259154451,0.210879798787794,0.0210879798787794,2.20419015098211,2.28685503210692,2.77515139763636,0.300449644477152,0.0300449644477152,2.71626326731884,2.83403952795388,0.52962880609185,0.145960004839589,0.0145960004839589,0.501020645143291,0.558236967040409
"sensitivity_dense_wide",500,100,"n=500, p=100","independent","quantile_8","A_entry",100,0.998448007485463,0.000407156596186231,4.07156596186231e-05,0.99836820479261,0.998527810178315,0.995936838378828,0.00214813793873808,0.000214813793873808,0.995515803342835,0.996357873414821,-0.00251116910663485,0.00211059250872795,0.000211059250872795,-0.00292484523834553,-0.00209749297492417
"sensitivity_dense_wide",500,100,"n=500, p=100","independent","quantile_8","A_set_s",100,1,0,0,1,1,0.994545454545455,0.0174317267433128,0.00174317267433128,0.991128836103765,0.997962072987144,-0.00545454545454546,0.0174317267433128,0.00174317267433128,-0.00887116389623477,-0.00203792701285615
"sensitivity_dense_wide",500,100,"n=500, p=100","independent","quantile_8","A_set_2s",100,0.9900395256917,0.0183943149213351,0.00183943149213351,0.986434239967118,0.993644811416281,0.99038961038961,0.0188738383910234,0.00188738383910234,0.98669033806497,0.994088882714251,0.000350084697910783,0.0278034340545043,0.00278034340545043,-0.00509938837677205,0.00579955777259362
"sensitivity_dense_wide",500,100,"n=500, p=100","independent","quantile_8","F1",100,1,0,0,1,1,0.904968253968254,0.0719769995688334,0.00719769995688334,0.890860762052763,0.919075745883745,-0.095031746031746,0.0719769995688334,0.00719769995688334,-0.109139237947237,-0.0809242541162546
"sensitivity_dense_wide",500,100,"n=500, p=100","independent","quantile_8","RMSE",100,2.24552259154451,0.210879798787794,0.0210879798787794,2.20419015098211,2.28685503210692,3.13085082328519,0.31646547384133,0.031646547384133,3.06882359041229,3.19287805615809,0.88532823174068,0.154223665370416,0.0154223665370416,0.855100393328079,0.915556070153282
"sensitivity_dense_wide",500,100,"n=500, p=100","independent","equal_width_4","A_entry",100,0.998448007485463,0.000407156596186231,4.07156596186231e-05,0.99836820479261,0.998527810178315,0.99652814088527,0.00165791068183826,0.000165791068183826,0.996203190391629,0.99685309137891,-0.00191986660019315,0.00171257557100822,0.000171257557100822,-0.00225553141211076,-0.00158420178827554
"sensitivity_dense_wide",500,100,"n=500, p=100","independent","equal_width_4","A_set_s",100,1,0,0,1,1,0.995353535353535,0.0193909207595336,0.00193909207595336,0.991552914884667,0.999154155822404,-0.00464646464646465,0.0193909207595336,0.00193909207595336,-0.00844708511533324,-0.000845844177596055
"sensitivity_dense_wide",500,100,"n=500, p=100","independent","equal_width_4","A_set_2s",100,0.9900395256917,0.0183943149213351,0.00183943149213351,0.986434239967118,0.993644811416281,0.991197691197691,0.0160312357404044,0.00160312357404044,0.988055568992572,0.99433981340281,0.00115816550599159,0.0234992932916117,0.00234992932916117,-0.0034476959791643,0.00576402699114748
"sensitivity_dense_wide",500,100,"n=500, p=100","independent","equal_width_4","F1",100,1,0,0,1,1,0.947805194805195,0.05946822220887,0.005946822220887,0.936149423252256,0.959460966358133,-0.0521948051948052,0.05946822220887,0.005946822220887,-0.0638505767477437,-0.0405390336418667
"sensitivity_dense_wide",500,100,"n=500, p=100","independent","equal_width_4","RMSE",100,2.24552259154451,0.210879798787794,0.0210879798787794,2.20419015098211,2.28685503210692,2.98559597506007,0.331711673866166,0.0331711673866166,2.92058048698231,3.05061146313784,0.740073383515562,0.191190932435807,0.0191190932435807,0.702599960758144,0.77754680627298
"sensitivity_dense_wide",500,100,"n=500, p=100","ar1_rho_0.5","quantile_2","A_entry",100,0.997942704392039,0.00141794226771725,0.000141794226771725,0.997664787707567,0.998220621076512,0.997017831579944,0.00195987462254931,0.000195987462254931,0.996633696153924,0.997401967005963,-0.000924872812095993,0.00246760300084607,0.000246760300084607,-0.00140852300026182,-0.000441222623930164
"sensitivity_dense_wide",500,100,"n=500, p=100","ar1_rho_0.5","quantile_2","A_set_s",100,0.998181818181818,0.0103907035150161,0.00103907035150161,0.996145240292875,1.00021839607076,0.997070707070707,0.0150778743017043,0.00150778743017043,0.994115443707573,1.00002597043384,-0.00111111111111111,0.0186029186684021,0.00186029186684021,-0.00475728317011792,0.0025350609478957
"sensitivity_dense_wide",500,100,"n=500, p=100","ar1_rho_0.5","quantile_2","A_set_2s",100,0.993997113997114,0.0131818706169971,0.00131818706169971,0.991413467356183,0.996580760638045,0.993708513708514,0.0140392227239936,0.00140392227239936,0.990956826054611,0.996460201362417,-0.000288600288600289,0.0186335841148723,0.00186335841148723,-0.00394078277511526,0.00336358219791468
"sensitivity_dense_wide",500,100,"n=500, p=100","ar1_rho_0.5","quantile_2","F1",100,0.980190476190476,0.0395218680886437,0.00395218680886437,0.972444190045102,0.98793676233585,0.954282828282828,0.0551603994788281,0.00551603994788281,0.943471389984978,0.965094266580679,-0.0259076479076479,0.0467417755629092,0.00467417755629092,-0.0350690359179781,-0.0167462598973177
"sensitivity_dense_wide",500,100,"n=500, p=100","ar1_rho_0.5","quantile_2","RMSE",100,2.30456237922811,0.283207705213998,0.0283207705213998,2.24905366900617,2.36007108945006,2.61743159146465,0.379370481510931,0.0379370481510931,2.54307497708851,2.69178820584079,0.312869212236536,0.192726232839716,0.0192726232839716,0.275094870599952,0.35064355387312
"sensitivity_dense_wide",500,100,"n=500, p=100","ar1_rho_0.5","quantile_4","A_entry",100,0.997942704392039,0.00141794226771725,0.000141794226771725,0.997664787707567,0.998220621076512,0.994459010760765,0.00647324531263171,0.000647324531263171,0.993190254679489,0.995727766842041,-0.00348369363127473,0.0062723679626547,0.00062723679626547,-0.00471307775195505,-0.00225430951059441
"sensitivity_dense_wide",500,100,"n=500, p=100","ar1_rho_0.5","quantile_4","A_set_s",100,0.998181818181818,0.0103907035150161,0.00103907035150161,0.996145240292875,1.00021839607076,0.996363636363636,0.0144656519136935,0.00144656519136935,0.993528368588552,0.99919890413872,-0.00181818181818182,0.0181818181818182,0.00181818181818182,-0.00538181818181819,0.00174545454545455
"sensitivity_dense_wide",500,100,"n=500, p=100","ar1_rho_0.5","quantile_4","A_set_2s",100,0.993997113997114,0.0131818706169971,0.00131818706169971,0.991413467356183,0.996580760638045,0.98963924963925,0.017160303856256,0.0017160303856256,0.986275830083423,0.993002669195076,-0.00435786435786436,0.0217192115031121,0.00217192115031121,-0.00861482981247433,-0.000100898903254391
"sensitivity_dense_wide",500,100,"n=500, p=100","ar1_rho_0.5","quantile_4","F1",100,0.980190476190476,0.0395218680886437,0.00395218680886437,0.972444190045102,0.98793676233585,0.895492063492064,0.0749717882998322,0.00749717882998322,0.880797592985296,0.910186533998831,-0.0846984126984127,0.0700488555810716,0.00700488555810716,-0.0984279883923027,-0.0709688370045226
"sensitivity_dense_wide",500,100,"n=500, p=100","ar1_rho_0.5","quantile_4","RMSE",100,2.30456237922811,0.283207705213998,0.0283207705213998,2.24905366900617,2.36007108945006,2.82775882276891,0.376825049967984,0.0376825049967984,2.75390111297519,2.90161653256264,0.523196443540797,0.191115198710375,0.0191115198710375,0.485737864593563,0.56065502248803
"sensitivity_dense_wide",500,100,"n=500, p=100","ar1_rho_0.5","quantile_8","A_entry",100,0.997942704392039,0.00141794226771725,0.000141794226771725,0.997664787707567,0.998220621076512,0.993991804511962,0.00691328315354428,0.000691328315354428,0.992636801013867,0.995346808010057,-0.00395089988007739,0.00609365734552102,0.000609365734552101,-0.00514525671979951,-0.00275654304035527
"sensitivity_dense_wide",500,100,"n=500, p=100","ar1_rho_0.5","quantile_8","A_set_s",100,0.998181818181818,0.0103907035150161,0.00103907035150161,0.996145240292875,1.00021839607076,0.99030303030303,0.0223304817683316,0.00223304817683316,0.985926255876437,0.994679804729623,-0.00787878787878789,0.025342356291401,0.0025342356291401,-0.0128458897119025,-0.00291168604567329
"sensitivity_dense_wide",500,100,"n=500, p=100","ar1_rho_0.5","quantile_8","A_set_2s",100,0.993997113997114,0.0131818706169971,0.00131818706169971,0.991413467356183,0.996580760638045,0.99024531024531,0.0164221917532384,0.00164221917532384,0.987026560661675,0.993464059828945,-0.00375180375180375,0.0214894736928222,0.00214894736928222,-0.00796374059559691,0.000460133091989399
"sensitivity_dense_wide",500,100,"n=500, p=100","ar1_rho_0.5","quantile_8","F1",100,0.980190476190476,0.0395218680886437,0.00395218680886437,0.972444190045102,0.98793676233585,0.807968253968254,0.0802404760203549,0.00802404760203549,0.792241120668264,0.823695387268244,-0.172222222222222,0.0851582927146405,0.00851582927146404,-0.188913247594292,-0.155531196850153
"sensitivity_dense_wide",500,100,"n=500, p=100","ar1_rho_0.5","quantile_8","RMSE",100,2.30456237922811,0.283207705213998,0.0283207705213998,2.24905366900617,2.36007108945006,3.20497307842541,0.372853788813678,0.0372853788813678,3.13189373581793,3.27805242103289,0.900410699197292,0.217008244993482,0.0217008244993482,0.857877083178569,0.942944315216014
"sensitivity_dense_wide",500,100,"n=500, p=100","ar1_rho_0.5","equal_width_4","A_entry",100,0.997942704392039,0.00141794226771725,0.000141794226771725,0.997664787707567,0.998220621076512,0.994300456545908,0.00482325922921757,0.000482325922921757,0.993355097736981,0.995245815354834,-0.00364224784613175,0.00455906486646658,0.000455906486646658,-0.0045358245599592,-0.0027486711323043
"sensitivity_dense_wide",500,100,"n=500, p=100","ar1_rho_0.5","equal_width_4","A_set_s",100,0.998181818181818,0.0103907035150161,0.00103907035150161,0.996145240292875,1.00021839607076,0.998181818181818,0.0103907035150161,0.00103907035150161,0.996145240292875,1.00021839607076,0,0.0149201807247676,0.00149201807247676,-0.00292435542205445,0.00292435542205445
"sensitivity_dense_wide",500,100,"n=500, p=100","ar1_rho_0.5","equal_width_4","A_set_2s",100,0.993997113997114,0.0131818706169971,0.00131818706169971,0.991413467356183,0.996580760638045,0.990815295815296,0.017541042947287,0.0017541042947287,0.987377251397628,0.994253340232964,-0.00318181818181818,0.0217376456264609,0.00217376456264609,-0.00744239672460451,0.00107876036096815
"sensitivity_dense_wide",500,100,"n=500, p=100","ar1_rho_0.5","equal_width_4","F1",100,0.980190476190476,0.0395218680886437,0.00395218680886437,0.972444190045102,0.98793676233585,0.814285714285714,0.0827921300705976,0.00827921300705976,0.798058456791877,0.830512971779552,-0.165904761904762,0.08592468195016,0.008592468195016,-0.182745999566993,-0.14906352424253
"sensitivity_dense_wide",500,100,"n=500, p=100","ar1_rho_0.5","equal_width_4","RMSE",100,2.30456237922811,0.283207705213998,0.0283207705213998,2.24905366900617,2.36007108945006,3.16745661608275,0.407360916402139,0.0407360916402139,3.08761387646793,3.24729935569757,0.862894236854639,0.246016566368896,0.0246016566368896,0.814674989846335,0.911113483862943
"sensitivity_dense_wide",500,100,"n=500, p=100","ar1_rho_0.9","quantile_2","A_entry",100,0.985347682194496,0.0133726690281127,0.00133726690281127,0.982726639064986,0.987968725324006,0.978700867385977,0.0139232179843845,0.00139232179843845,0.975971916661037,0.981429818110916,-0.00664681480851977,0.0179225803802265,0.00179225803802265,-0.0101596405630442,-0.00313398905399539
"sensitivity_dense_wide",500,100,"n=500, p=100","ar1_rho_0.9","quantile_2","A_set_s",100,0.984343434343434,0.0358744258138064,0.00358744258138064,0.977312046883928,0.99137482180294,0.985258352758353,0.0426989591734616,0.00426989591734616,0.976889356760354,0.993627348756351,0.000914918414918416,0.0518999890588115,0.00518999890588115,-0.00925747944060863,0.0110873162704455
"sensitivity_dense_wide",500,100,"n=500, p=100","ar1_rho_0.9","quantile_2","A_set_2s",100,0.952011104837192,0.0581390497799965,0.00581390497799965,0.940615851080312,0.963406358594071,0.965136771441119,0.0426494672069198,0.00426494672069198,0.956777475868563,0.973496067013676,0.0131256666039275,0.0672794946769946,0.00672794946769946,-6.11143527634757e-05,0.0263124475606184
"sensitivity_dense_wide",500,100,"n=500, p=100","ar1_rho_0.9","quantile_2","F1",100,0.67172582972583,0.107327464801486,0.0107327464801486,0.650689646624738,0.692762012826921,0.556857142857143,0.0952996380707322,0.00952996380707322,0.538178413795279,0.575535871919006,-0.114868686868687,0.0924080097670673,0.00924080097670673,-0.132980656783032,-0.0967567169543417
"sensitivity_dense_wide",500,100,"n=500, p=100","ar1_rho_0.9","quantile_2","RMSE",100,2.44622026823347,0.521296007691758,0.0521296007691758,2.34404625072588,2.54839428574105,2.75297838964657,0.591060036583066,0.0591060036583066,2.63713062247629,2.86882615681685,0.306758121413098,0.212015514683479,0.0212015514683479,0.265203080535137,0.34831316229106
"sensitivity_dense_wide",500,100,"n=500, p=100","ar1_rho_0.9","quantile_4","A_entry",100,0.985347682194496,0.0133726690281127,0.00133726690281127,0.982726639064986,0.987968725324006,0.978273458298978,0.0107907360808984,0.00107907360808984,0.976158474027122,0.980388442570834,-0.00707422389551823,0.0169034025982631,0.00169034025982631,-0.0103872908047778,-0.00376115698625867
"sensitivity_dense_wide",500,100,"n=500, p=100","ar1_rho_0.9","quantile_4","A_set_s",100,0.984343434343434,0.0358744258138064,0.00358744258138064,0.977312046883928,0.99137482180294,0.98040404040404,0.0407297351485607,0.00407297351485607,0.972421012314923,0.988387068493158,-0.00393939393939394,0.0523171495393336,0.00523171495393336,-0.0141935552491033,0.00631476737031544
"sensitivity_dense_wide",500,100,"n=500, p=100","ar1_rho_0.9","quantile_4","A_set_2s",100,0.952011104837192,0.0581390497799965,0.00581390497799965,0.940615851080312,0.963406358594071,0.978193111236589,0.0364514736119279,0.00364514736119279,0.971048622408652,0.985337600064527,0.0261820063993977,0.0670012218406531,0.00670012218406531,0.0130497669186297,0.0393142458801657
"sensitivity_dense_wide",500,100,"n=500, p=100","ar1_rho_0.9","quantile_4","F1",100,0.67172582972583,0.107327464801486,0.0107327464801486,0.650689646624738,0.692762012826921,0.481506493506493,0.0948892981307717,0.00948892981307716,0.462908191072862,0.500104795940125,-0.190219336219336,0.10694400474948,0.010694400474948,-0.211180361150234,-0.169258311288438
"sensitivity_dense_wide",500,100,"n=500, p=100","ar1_rho_0.9","quantile_4","RMSE",100,2.44622026823347,0.521296007691758,0.0521296007691758,2.34404625072588,2.54839428574105,2.97421716164651,0.626858836773655,0.0626858836773655,2.85135282963887,3.09708149365415,0.527996893413042,0.231629361715995,0.0231629361715995,0.482597538516707,0.573396248309377
"sensitivity_dense_wide",500,100,"n=500, p=100","ar1_rho_0.9","quantile_8","A_entry",100,0.985347682194496,0.0133726690281127,0.00133726690281127,0.982726639064986,0.987968725324006,0.984556442022461,0.00897028643737511,0.000897028643737511,0.982798265880735,0.986314618164186,-0.000791240172035524,0.0152545334778202,0.00152545334778202,-0.00378112873368829,0.00219864838961724
"sensitivity_dense_wide",500,100,"n=500, p=100","ar1_rho_0.9","quantile_8","A_set_s",100,0.984343434343434,0.0358744258138064,0.00358744258138064,0.977312046883928,0.99137482180294,0.987449494949495,0.0306611138245578,0.00306611138245578,0.981439916639882,0.993459073259108,0.0031060606060606,0.0482413502087769,0.00482413502087769,-0.00634924403485966,0.0125613652469809
"sensitivity_dense_wide",500,100,"n=500, p=100","ar1_rho_0.9","quantile_8","A_set_2s",100,0.952011104837192,0.0581390497799965,0.00581390497799965,0.940615851080312,0.963406358594071,0.986385281385281,0.0253889928171128,0.00253889928171128,0.981409038793127,0.991361523977435,0.0343741765480896,0.0636996135247363,0.00636996135247363,0.0218890522972413,0.0468593007989379
"sensitivity_dense_wide",500,100,"n=500, p=100","ar1_rho_0.9","quantile_8","F1",100,0.67172582972583,0.107327464801486,0.0107327464801486,0.650689646624738,0.692762012826921,0.37694227994228,0.0964378218315748,0.00964378218315748,0.358040466863291,0.395844093021269,-0.29478354978355,0.115977665271596,0.0115977665271596,-0.317515172176783,-0.272051927390317
"sensitivity_dense_wide",500,100,"n=500, p=100","ar1_rho_0.9","quantile_8","RMSE",100,2.44622026823347,0.521296007691758,0.0521296007691758,2.34404625072588,2.54839428574105,3.20794159192009,0.644081516177649,0.0644081516177649,3.08170161474927,3.33418156909091,0.761721323686623,0.271916568455242,0.0271916568455242,0.708425676269395,0.81501697110385
"sensitivity_dense_wide",500,100,"n=500, p=100","ar1_rho_0.9","equal_width_4","A_entry",100,0.985347682194496,0.0133726690281127,0.00133726690281127,0.982726639064986,0.987968725324006,0.973682868112141,0.0152336629033213,0.00152336629033213,0.97069707018309,0.976668666041192,-0.0116648140823555,0.0180056439590997,0.00180056439590997,-0.015193920298339,-0.00813570786637195
"sensitivity_dense_wide",500,100,"n=500, p=100","ar1_rho_0.9","equal_width_4","A_set_s",100,0.984343434343434,0.0358744258138064,0.00358744258138064,0.977312046883928,0.99137482180294,0.986060606060606,0.0283810442108363,0.00283810442108363,0.980497921395282,0.99162329072593,0.00171717171717171,0.0448767824646059,0.00448767824646059,-0.00707867764589104,0.0105130210802345
"sensitivity_dense_wide",500,100,"n=500, p=100","ar1_rho_0.9","equal_width_4","A_set_2s",100,0.952011104837192,0.0581390497799965,0.00581390497799965,0.940615851080312,0.963406358594071,0.981576479076479,0.0310912051885375,0.00310912051885375,0.975482602859526,0.987670355293432,0.0295653742392873,0.0647272544918541,0.00647272544918541,0.0168788323588839,0.0422519161196907
"sensitivity_dense_wide",500,100,"n=500, p=100","ar1_rho_0.9","equal_width_4","F1",100,0.67172582972583,0.107327464801486,0.0107327464801486,0.650689646624738,0.692762012826921,0.362507936507937,0.0969654637867552,0.00969654637867552,0.343502705605733,0.381513167410141,-0.309217893217893,0.131589925463864,0.0131589925463864,-0.335009518608811,-0.283426267826976
"sensitivity_dense_wide",500,100,"n=500, p=100","ar1_rho_0.9","equal_width_4","RMSE",100,2.44622026823347,0.521296007691758,0.0521296007691758,2.34404625072588,2.54839428574105,3.21401833312903,0.660222818233824,0.0660222818233824,3.0846146607552,3.34342200550286,0.767798064895558,0.281844963237686,0.0281844963237686,0.712556452100971,0.823039677690144
"sensitivity_dense_wide",500,100,"n=500, p=100","block","quantile_2","A_entry",100,0.992320110955476,0.00901476334849702,0.000901476334849702,0.99055321733917,0.994087004571781,0.987552120363347,0.00928102024082258,0.000928102024082258,0.985733040396146,0.989371200330548,-0.0047679905921283,0.0121318471533261,0.00121318471533261,-0.00714583263418022,-0.00239014855007638
"sensitivity_dense_wide",500,100,"n=500, p=100","block","quantile_2","A_set_s",100,0.991616161616162,0.025442809252387,0.0025442809252387,0.986629371002694,0.996602952229629,0.996363636363636,0.0144656519136935,0.00144656519136935,0.993528368588552,0.99919890413872,0.00474747474747475,0.0277447838111274,0.00277447838111274,-0.000690502879506224,0.0101854523744557
"sensitivity_dense_wide",500,100,"n=500, p=100","block","quantile_2","A_set_2s",100,0.978722943722944,0.0346462271595172,0.00346462271595172,0.971932283199678,0.985513604246209,0.985956458999937,0.0308356775753087,0.00308356775753087,0.979912666195177,0.992000251804698,0.00723351527699354,0.0435251044136583,0.00435251044136583,-0.00129740518808348,0.0157644357420706
"sensitivity_dense_wide",500,100,"n=500, p=100","block","quantile_2","F1",100,0.740883116883117,0.0965370980303991,0.00965370980303991,0.721961845669159,0.759804388097075,0.647031746031746,0.108775857046049,0.0108775857046049,0.62571167805072,0.668351814012772,-0.0938513708513709,0.0800401116367627,0.00800401116367627,-0.109539232732176,-0.0781635089705654
"sensitivity_dense_wide",500,100,"n=500, p=100","block","quantile_2","RMSE",100,2.3673254182713,0.525105309445455,0.0525105309445455,2.26440477761999,2.47024605892261,2.69362834178156,0.582278078473547,0.0582278078473547,2.57950183840075,2.80775484516238,0.326302923510262,0.167052175523549,0.0167052175523549,0.293560697107647,0.359045149912878
"sensitivity_dense_wide",500,100,"n=500, p=100","block","quantile_4","A_entry",100,0.992320110955476,0.00901476334849702,0.000901476334849702,0.99055321733917,0.994087004571781,0.983151768159877,0.00889517491159517,0.000889517491159517,0.981408313877204,0.98489522244255,-0.00916834279559868,0.0127197931756077,0.00127197931756076,-0.0116614222580178,-0.00667526333317958
"sensitivity_dense_wide",500,100,"n=500, p=100","block","quantile_4","A_set_s",100,0.991616161616162,0.025442809252387,0.0025442809252387,0.986629371002694,0.996602952229629,0.98969696969697,0.0244481627904505,0.00244481627904505,0.984905129790041,0.994488809603898,-0.00191919191919192,0.0356531100401298,0.00356531100401298,-0.00890720148705736,0.00506881764867352
"sensitivity_dense_wide",500,100,"n=500, p=100","block","quantile_4","A_set_2s",100,0.978722943722944,0.0346462271595172,0.00346462271595172,0.971932283199678,0.985513604246209,0.986374615722442,0.0314436998603105,0.00314436998603105,0.980211650549821,0.992537580895063,0.00765167199949809,0.0436028806765786,0.00436028806765786,-0.000894492613111327,0.0161978366121075
"sensitivity_dense_wide",500,100,"n=500, p=100","block","quantile_4","F1",100,0.740883116883117,0.0965370980303991,0.00965370980303991,0.721961845669159,0.759804388097075,0.528349206349206,0.112827400570253,0.0112827400570253,0.506235035837437,0.550463376860976,-0.212533910533911,0.107992884732259,0.0107992884732259,-0.233700515941433,-0.191367305126388
"sensitivity_dense_wide",500,100,"n=500, p=100","block","quantile_4","RMSE",100,2.3673254182713,0.525105309445455,0.0525105309445455,2.26440477761999,2.47024605892261,2.99542325050637,0.603854309747856,0.0603854309747856,2.87706780579579,3.11377869521695,0.62809783223507,0.216307528148359,0.0216307528148359,0.585701556717991,0.670494107752148
"sensitivity_dense_wide",500,100,"n=500, p=100","block","quantile_8","A_entry",100,0.992320110955476,0.00901476334849702,0.000901476334849702,0.99055321733917,0.994087004571781,0.986521830275002,0.00663827286003341,0.000663827286003341,0.985220728794436,0.987822931755569,-0.00579828068047329,0.0125737545975661,0.00125737545975661,-0.00826273658159624,-0.00333382477935033
"sensitivity_dense_wide",500,100,"n=500, p=100","block","quantile_8","A_set_s",100,0.991616161616162,0.025442809252387,0.0025442809252387,0.986629371002694,0.996602952229629,0.989191919191919,0.0245018513528324,0.00245018513528324,0.984389556326764,0.993994282057074,-0.00242424242424243,0.0368311051509107,0.00368311051509107,-0.00964313903382092,0.00479465418533607
"sensitivity_dense_wide",500,100,"n=500, p=100","block","quantile_8","A_set_2s",100,0.978722943722944,0.0346462271595172,0.00346462271595172,0.971932283199678,0.985513604246209,0.98501443001443,0.0258731875625231,0.00258731875625231,0.979943285252175,0.990085574776685,0.00629148629148629,0.0444653046722041,0.00444653046722041,-0.00242371342426571,0.0150066860072383
"sensitivity_dense_wide",500,100,"n=500, p=100","block","quantile_8","F1",100,0.740883116883117,0.0965370980303991,0.00965370980303991,0.721961845669159,0.759804388097075,0.421242424242424,0.0952862765050708,0.00952862765050707,0.40256631404743,0.439918534437418,-0.319640692640693,0.112973863116171,0.0112973863116171,-0.341783569811462,-0.297497815469923
"sensitivity_dense_wide",500,100,"n=500, p=100","block","quantile_8","RMSE",100,2.3673254182713,0.525105309445455,0.0525105309445455,2.26440477761999,2.47024605892261,3.27205750741414,0.620644015546651,0.0620644015546651,3.15041128036699,3.39370373446128,0.904732089142835,0.244201936508597,0.0244201936508597,0.85686850958715,0.952595668698521
"sensitivity_dense_wide",500,100,"n=500, p=100","block","equal_width_4","A_entry",100,0.992320110955476,0.00901476334849702,0.000901476334849702,0.99055321733917,0.994087004571781,0.977273984117347,0.0113222050589402,0.00113222050589402,0.975054831925794,0.979493136308899,-0.0150461268381288,0.0141213143430369,0.00141213143430369,-0.017813904449364,-0.0122783492268935
"sensitivity_dense_wide",500,100,"n=500, p=100","block","equal_width_4","A_set_s",100,0.991616161616162,0.025442809252387,0.0025442809252387,0.986629371002694,0.996602952229629,0.99040404040404,0.0234759191268552,0.00234759191268552,0.985802760255177,0.995005320552904,-0.00121212121212122,0.0326215698377878,0.00326215698377878,-0.00760594890032762,0.00518170647608519
"sensitivity_dense_wide",500,100,"n=500, p=100","block","equal_width_4","A_set_2s",100,0.978722943722944,0.0346462271595172,0.00346462271595172,0.971932283199678,0.985513604246209,0.981613652048435,0.0322179618412496,0.00322179618412496,0.97529893152755,0.98792837256932,0.00289070832549093,0.0507722655027977,0.00507722655027977,-0.00706065571305741,0.0128420723640393
"sensitivity_dense_wide",500,100,"n=500, p=100","block","equal_width_4","F1",100,0.740883116883117,0.0965370980303991,0.00965370980303991,0.721961845669159,0.759804388097075,0.392354978354978,0.095175549010136,0.0095175549010136,0.373700570748992,0.411009385960965,-0.348528138528139,0.109153689275407,0.0109153689275407,-0.369922261626118,-0.327134015430159
"sensitivity_dense_wide",500,100,"n=500, p=100","block","equal_width_4","RMSE",100,2.3673254182713,0.525105309445455,0.0525105309445455,2.26440477761999,2.47024605892261,3.2857205664073,0.632152957905371,0.0632152957905371,3.16181858665785,3.40962254615675,0.918395148136,0.25461133571965,0.025461133571965,0.868491326334949,0.968298969937051
