"path_specification","n","p","dimension","correlation","scheme","metric","replications","mean","sd","se","ci_lower","ci_upper"
"primary_controlled",100,20,"n=100, p=20","independent","quantile_2","delta_mean_entry_tau",100,0.000883892610690311,0.00348946509200021,0.000348946509200021,0.00019995745265827,0.00156782776872235
"primary_controlled",100,20,"n=100, p=20","independent","quantile_2","delta_mean_jaccard_s",100,0,0.0157926456559711,0.00157926456559711,-0.00309535854857034,0.00309535854857034
"primary_controlled",100,20,"n=100, p=20","independent","quantile_2","delta_mean_jaccard_2s",100,0.00303030303030303,0.0217497140171295,0.00217497140171295,-0.00123264091705435,0.00729324697766042
"primary_controlled",100,20,"n=100, p=20","independent","quantile_2","delta_mean_support_f1",100,-0.02,0.066805654155788,0.0066805654155788,-0.0330939082145344,-0.00690609178546554
"primary_controlled",100,20,"n=100, p=20","independent","quantile_2","delta_mean_rmse",100,0.293042656107239,0.165209274370368,0.0165209274370368,0.260661638330646,0.325423673883831
"primary_controlled",100,20,"n=100, p=20","independent","quantile_4","delta_mean_entry_tau",100,0.000247769886217235,0.00397703374401856,0.000397703374401856,-0.000531728727610402,0.00102726850004487
"primary_controlled",100,20,"n=100, p=20","independent","quantile_4","delta_mean_jaccard_s",100,-0.00222222222222222,0.0222222222222222,0.00222222222222222,-0.00657777777777777,0.00213333333333333
"primary_controlled",100,20,"n=100, p=20","independent","quantile_4","delta_mean_jaccard_2s",100,-0.00333333333333333,0.0321048831059249,0.00321048831059249,-0.0096258904220946,0.00295922375542794
"primary_controlled",100,20,"n=100, p=20","independent","quantile_4","delta_mean_support_f1",100,-0.0978181818181817,0.108213387270325,0.0108213387270325,-0.119028005723165,-0.076608357913198
"primary_controlled",100,20,"n=100, p=20","independent","quantile_4","delta_mean_rmse",100,0.452839398718561,0.165897560589627,0.0165897560589627,0.420323476842995,0.485355320594128
"primary_controlled",100,20,"n=100, p=20","independent","quantile_8","delta_mean_entry_tau",100,-0.00154789595479542,0.00494934301135442,0.000494934301135442,-0.00251796718502089,-0.000577824724569955
"primary_controlled",100,20,"n=100, p=20","independent","quantile_8","delta_mean_jaccard_s",100,-0.013015873015873,0.0411314758494625,0.00411314758494625,-0.0210776422823677,-0.00495410374937836
"primary_controlled",100,20,"n=100, p=20","independent","quantile_8","delta_mean_jaccard_2s",100,-0.00242424242424243,0.0309631198026925,0.00309631198026925,-0.00849301390557016,0.00364452905708531
"primary_controlled",100,20,"n=100, p=20","independent","quantile_8","delta_mean_support_f1",100,-0.230313131313131,0.154035193376572,0.0154035193376572,-0.260504029214939,-0.200122233411323
"primary_controlled",100,20,"n=100, p=20","independent","quantile_8","delta_mean_rmse",100,0.722512637163652,0.201692736348936,0.0201692736348936,0.682980860839261,0.762044413488044
"primary_controlled",100,20,"n=100, p=20","independent","equal_width_4","delta_mean_entry_tau",100,-0.000102523983340371,0.00450872621705583,0.000450872621705583,-0.000986234321883315,0.000781186355202572
"primary_controlled",100,20,"n=100, p=20","independent","equal_width_4","delta_mean_jaccard_s",100,-0.00444444444444444,0.026986484726618,0.0026986484726618,-0.00973379545086157,0.000844906561972687
"primary_controlled",100,20,"n=100, p=20","independent","equal_width_4","delta_mean_jaccard_2s",100,0.000101010101010104,0.0294403266258789,0.00294403266258789,-0.00566929391766216,0.00587131411968237
"primary_controlled",100,20,"n=100, p=20","independent","equal_width_4","delta_mean_support_f1",100,-0.160848484848485,0.124624212755883,0.0124624212755883,-0.185274830548638,-0.136422139148332
"primary_controlled",100,20,"n=100, p=20","independent","equal_width_4","delta_mean_rmse",100,0.604784149464241,0.170068183412456,0.0170068183412456,0.5714507855154,0.638117513413082
"primary_controlled",100,20,"n=100, p=20","ar1_rho_0.5","quantile_2","delta_mean_entry_tau",100,0.0016678280710261,0.00753403958117736,0.000753403958117736,0.000191156313115336,0.00314449982893686
"primary_controlled",100,20,"n=100, p=20","ar1_rho_0.5","quantile_2","delta_mean_jaccard_s",100,0,0.0273536646620739,0.00273536646620739,-0.00536131827376649,0.00536131827376649
"primary_controlled",100,20,"n=100, p=20","ar1_rho_0.5","quantile_2","delta_mean_jaccard_2s",100,-0.00424242424242424,0.0387685519649357,0.00387685519649357,-0.0118410604275516,0.00335621194270316
"primary_controlled",100,20,"n=100, p=20","ar1_rho_0.5","quantile_2","delta_mean_support_f1",100,-0.0653333333333333,0.101243367019133,0.0101243367019133,-0.0851770332690834,-0.0454896333975832
"primary_controlled",100,20,"n=100, p=20","ar1_rho_0.5","quantile_2","delta_mean_rmse",100,0.247471706734825,0.17897719561023,0.017897719561023,0.21239217639522,0.28255123707443
"primary_controlled",100,20,"n=100, p=20","ar1_rho_0.5","quantile_4","delta_mean_entry_tau",100,0.00119148950304607,0.00669656534910508,0.000669656534910508,-0.000121037305378521,0.00250401631147067
"primary_controlled",100,20,"n=100, p=20","ar1_rho_0.5","quantile_4","delta_mean_jaccard_s",100,-0.00111111111111111,0.0295242232847648,0.00295242232847648,-0.00689785887492501,0.00467563665270279
"primary_controlled",100,20,"n=100, p=20","ar1_rho_0.5","quantile_4","delta_mean_jaccard_2s",100,-0.00121212121212122,0.0298154841117806,0.00298154841117806,-0.00705595609803022,0.00463171367378779
"primary_controlled",100,20,"n=100, p=20","ar1_rho_0.5","quantile_4","delta_mean_support_f1",100,-0.138242424242424,0.144589035492934,0.0144589035492934,-0.166581875199039,-0.109902973285809
"primary_controlled",100,20,"n=100, p=20","ar1_rho_0.5","quantile_4","delta_mean_rmse",100,0.424556094050403,0.188443439316196,0.0188443439316196,0.387621179944428,0.461491008156377
"primary_controlled",100,20,"n=100, p=20","ar1_rho_0.5","quantile_8","delta_mean_entry_tau",100,0.000308356094524259,0.00930437802400445,0.000930437802400445,-0.00151530199818061,0.00213201418722913
"primary_controlled",100,20,"n=100, p=20","ar1_rho_0.5","quantile_8","delta_mean_jaccard_s",100,-0.00694444444444444,0.0356156111078115,0.00356156111078115,-0.0139251042215755,3.62153326866075e-05
"primary_controlled",100,20,"n=100, p=20","ar1_rho_0.5","quantile_8","delta_mean_jaccard_2s",100,-0.00292929292929293,0.0345252573610994,0.00345252573610994,-0.00969624337206841,0.00383765751348254
"primary_controlled",100,20,"n=100, p=20","ar1_rho_0.5","quantile_8","delta_mean_support_f1",100,-0.245375291375291,0.163922409933601,0.0163922409933601,-0.277504083722277,-0.213246499028306
"primary_controlled",100,20,"n=100, p=20","ar1_rho_0.5","quantile_8","delta_mean_rmse",100,0.648031246336655,0.211213462769771,0.0211213462769771,0.60663340763378,0.68942908503953
"primary_controlled",100,20,"n=100, p=20","ar1_rho_0.5","equal_width_4","delta_mean_entry_tau",100,0.000450842975124419,0.00960370453728277,0.000960370453728277,-0.001431483114183,0.00233316906443184
"primary_controlled",100,20,"n=100, p=20","ar1_rho_0.5","equal_width_4","delta_mean_jaccard_s",100,-0.00936507936507936,0.0449010535366065,0.00449010535366065,-0.0181656858582542,-0.000564472871904495
"primary_controlled",100,20,"n=100, p=20","ar1_rho_0.5","equal_width_4","delta_mean_jaccard_2s",100,-0.00111111111111112,0.0310553485612415,0.00310553485612415,-0.00719795942911444,0.00497573720689222
"primary_controlled",100,20,"n=100, p=20","ar1_rho_0.5","equal_width_4","delta_mean_support_f1",100,-0.196040404040404,0.149479484194691,0.0149479484194691,-0.225338382942564,-0.166742425138244
"primary_controlled",100,20,"n=100, p=20","ar1_rho_0.5","equal_width_4","delta_mean_rmse",100,0.601845235143345,0.217891305463066,0.0217891305463066,0.559138539272584,0.644551931014106
"primary_controlled",100,20,"n=100, p=20","ar1_rho_0.9","quantile_2","delta_mean_entry_tau",100,0.0120840362533661,0.0269990020541064,0.00269990020541064,0.00679223185076124,0.017375840655971
"primary_controlled",100,20,"n=100, p=20","ar1_rho_0.9","quantile_2","delta_mean_jaccard_s",100,0.00150793650793651,0.0717236436398728,0.00717236436398728,-0.0125498976454786,0.0155657706613516
"primary_controlled",100,20,"n=100, p=20","ar1_rho_0.9","quantile_2","delta_mean_jaccard_2s",100,-0.0045997890997891,0.108785982927389,0.0108785982927389,-0.0259218417535574,0.0167222635539792
"primary_controlled",100,20,"n=100, p=20","ar1_rho_0.9","quantile_2","delta_mean_support_f1",100,-0.0845252525252525,0.158587507960517,0.0158587507960517,-0.115608404085514,-0.0534421009649911
"primary_controlled",100,20,"n=100, p=20","ar1_rho_0.9","quantile_2","delta_mean_rmse",100,0.213586741852547,0.163946076723101,0.0163946076723101,0.181453310814819,0.245720172890274
"primary_controlled",100,20,"n=100, p=20","ar1_rho_0.9","quantile_4","delta_mean_entry_tau",100,0.0157660353390492,0.0279727198520483,0.00279727198520483,0.0102833822480477,0.0212486884300507
"primary_controlled",100,20,"n=100, p=20","ar1_rho_0.9","quantile_4","delta_mean_jaccard_s",100,-0.00071428571428571,0.0699761022308857,0.00699761022308857,-0.0144296017515393,0.0130010303229679
"primary_controlled",100,20,"n=100, p=20","ar1_rho_0.9","quantile_4","delta_mean_jaccard_2s",100,0.0336880341880342,0.0889795213581234,0.00889795213581234,0.016248048001842,0.0511280203742264
"primary_controlled",100,20,"n=100, p=20","ar1_rho_0.9","quantile_4","delta_mean_support_f1",100,-0.166767676767677,0.173281286445183,0.0173281286445183,-0.200730808910933,-0.132804544624421
"primary_controlled",100,20,"n=100, p=20","ar1_rho_0.9","quantile_4","delta_mean_rmse",100,0.389516051180488,0.226086359448216,0.0226086359448216,0.345203124728638,0.433828977632339
"primary_controlled",100,20,"n=100, p=20","ar1_rho_0.9","quantile_8","delta_mean_entry_tau",100,0.0188307021854838,0.0259364454925581,0.00259364454925581,0.0137471588689424,0.0239142455020252
"primary_controlled",100,20,"n=100, p=20","ar1_rho_0.9","quantile_8","delta_mean_jaccard_s",100,-0.00182539682539682,0.0708414309469688,0.00708414309469689,-0.0157103172910027,0.0120595236402091
"primary_controlled",100,20,"n=100, p=20","ar1_rho_0.9","quantile_8","delta_mean_jaccard_2s",100,0.0335870240870241,0.0914191233793027,0.00914191233793027,0.0156688759046807,0.0515051722693674
"primary_controlled",100,20,"n=100, p=20","ar1_rho_0.9","quantile_8","delta_mean_support_f1",100,-0.217252525252525,0.207527110182959,0.0207527110182959,-0.257927838848385,-0.176577211656665
"primary_controlled",100,20,"n=100, p=20","ar1_rho_0.9","quantile_8","delta_mean_rmse",100,0.581541167814344,0.283210445119711,0.0283210445119711,0.526031920570881,0.637050415057808
"primary_controlled",100,20,"n=100, p=20","ar1_rho_0.9","equal_width_4","delta_mean_entry_tau",100,0.0156778037669687,0.0265863964403025,0.00265863964403025,0.0104668700646694,0.020888737469268
"primary_controlled",100,20,"n=100, p=20","ar1_rho_0.9","equal_width_4","delta_mean_jaccard_s",100,-0.000396825396825393,0.072549898256529,0.0072549898256529,-0.0146166054551051,0.0138229546614543
"primary_controlled",100,20,"n=100, p=20","ar1_rho_0.9","equal_width_4","delta_mean_jaccard_2s",100,0.0361122766122766,0.0909167786614207,0.00909167786614207,0.0182925879946381,0.0539319652299151
"primary_controlled",100,20,"n=100, p=20","ar1_rho_0.9","equal_width_4","delta_mean_support_f1",100,-0.23340404040404,0.208380603851469,0.0208380603851469,-0.274246638758928,-0.192561442049153
"primary_controlled",100,20,"n=100, p=20","ar1_rho_0.9","equal_width_4","delta_mean_rmse",100,0.553222617170052,0.272685877542428,0.0272685877542428,0.499776185171736,0.606669049168368
"primary_controlled",100,20,"n=100, p=20","block","quantile_2","delta_mean_entry_tau",100,0.00771885844485981,0.0261074497316572,0.00261074497316572,0.002601798297455,0.0128359185922646
"primary_controlled",100,20,"n=100, p=20","block","quantile_2","delta_mean_jaccard_s",100,-0.00142857142857143,0.0472754963213806,0.00472754963213806,-0.010694568707562,0.00783742585041917
"primary_controlled",100,20,"n=100, p=20","block","quantile_2","delta_mean_jaccard_2s",100,0.00550699300699301,0.0774596171627873,0.00774596171627873,-0.0096750919569133,0.0206890779708993
"primary_controlled",100,20,"n=100, p=20","block","quantile_2","delta_mean_support_f1",100,-0.0961616161616162,0.165087452905856,0.0165087452905856,-0.128518756931164,-0.0638044753920683
"primary_controlled",100,20,"n=100, p=20","block","quantile_2","delta_mean_rmse",100,0.252167247857353,0.243752714299155,0.0243752714299155,0.204391715854719,0.299942779859987
"primary_controlled",100,20,"n=100, p=20","block","quantile_4","delta_mean_entry_tau",100,0.00856243754190324,0.022697869425828,0.0022697869425828,0.00411365513444096,0.0130112199493655
"primary_controlled",100,20,"n=100, p=20","block","quantile_4","delta_mean_jaccard_s",100,-0.00555555555555555,0.0507181878907024,0.00507181878907024,-0.0154963203821332,0.00438520927102212
"primary_controlled",100,20,"n=100, p=20","block","quantile_4","delta_mean_jaccard_2s",100,0.012020202020202,0.0667136073160388,0.00667136073160388,-0.00105566501374158,0.0250960690541456
"primary_controlled",100,20,"n=100, p=20","block","quantile_4","delta_mean_support_f1",100,-0.20740404040404,0.201907940188742,0.0201907940188742,-0.246977996681034,-0.167830084127047
"primary_controlled",100,20,"n=100, p=20","block","quantile_4","delta_mean_rmse",100,0.3973380958755,0.279934356685597,0.0279934356685597,0.342470961965123,0.452205229785877
"primary_controlled",100,20,"n=100, p=20","block","quantile_8","delta_mean_entry_tau",100,0.00962841858258316,0.0215195471863788,0.00215195471863788,0.00541058733405292,0.0138462498311134
"primary_controlled",100,20,"n=100, p=20","block","quantile_8","delta_mean_jaccard_s",100,-0.00476190476190476,0.0385190999432831,0.00385190999432831,-0.0123116483507883,0.00278783882697874
"primary_controlled",100,20,"n=100, p=20","block","quantile_8","delta_mean_jaccard_2s",100,0.0173737373737374,0.0619705345363717,0.00619705345363717,0.00522751260460852,0.0295199621428662
"primary_controlled",100,20,"n=100, p=20","block","quantile_8","delta_mean_support_f1",100,-0.266585858585859,0.200218868409114,0.0200218868409114,-0.305828756794045,-0.227342960377672
"primary_controlled",100,20,"n=100, p=20","block","quantile_8","delta_mean_rmse",100,0.627979494129974,0.297371771533047,0.0297371771533047,0.569694626909497,0.686264361350451
"primary_controlled",100,20,"n=100, p=20","block","equal_width_4","delta_mean_entry_tau",100,0.00303050563171176,0.0261672149982598,0.00261672149982598,-0.00209826850794715,0.00815927977137067
"primary_controlled",100,20,"n=100, p=20","block","equal_width_4","delta_mean_jaccard_s",100,-0.000317460317460315,0.0459589855807828,0.00459589855807828,-0.00932542149129374,0.0086905008563731
"primary_controlled",100,20,"n=100, p=20","block","equal_width_4","delta_mean_jaccard_2s",100,-0.00635392385392385,0.090277754351565,0.0090277754351565,-0.0240483637068306,0.0113405159989829
"primary_controlled",100,20,"n=100, p=20","block","equal_width_4","delta_mean_support_f1",100,-0.285131313131313,0.199237858620449,0.0199237858620449,-0.324181933420921,-0.246080692841705
"primary_controlled",100,20,"n=100, p=20","block","equal_width_4","delta_mean_rmse",100,0.601531174964262,0.331645916749749,0.0331645916749749,0.536528575281311,0.666533774647213
"primary_controlled",100,100,"n=100, p=100","independent","quantile_2","delta_mean_entry_tau",100,-0.0137678348996042,0.0257194621278421,0.00257194621278421,-0.0188088494766613,-0.00872682032254714
"primary_controlled",100,100,"n=100, p=100","independent","quantile_2","delta_mean_jaccard_s",100,-0.0073970473970474,0.0342819942288287,0.00342819942288287,-0.0141163182658978,-0.000677776528196969
"primary_controlled",100,100,"n=100, p=100","independent","quantile_2","delta_mean_jaccard_2s",100,-0.00300897170462388,0.0249987575617499,0.00249987575617499,-0.00790872818672686,0.0018907847774791
"primary_controlled",100,100,"n=100, p=100","independent","quantile_2","delta_mean_support_f1",100,-0.076802371541502,0.0857094577716387,0.00857094577716387,-0.0936014252647432,-0.0600033178182608
"primary_controlled",100,100,"n=100, p=100","independent","quantile_2","delta_mean_rmse",100,0.317218237356626,0.180062042933426,0.0180062042933426,0.281926076941674,0.352510397771577
"primary_controlled",100,100,"n=100, p=100","independent","quantile_4","delta_mean_entry_tau",100,-0.0105608255272016,0.0267361143204944,0.00267361143204944,-0.0158011039340185,-0.00532054712038468
"primary_controlled",100,100,"n=100, p=100","independent","quantile_4","delta_mean_jaccard_s",100,-0.0109324009324009,0.0361760590909301,0.00361760590909301,-0.0180229085142232,-0.00384189335057863
"primary_controlled",100,100,"n=100, p=100","independent","quantile_4","delta_mean_jaccard_2s",100,-0.00594516594516595,0.0242045670842528,0.00242045670842528,-0.0106892610936795,-0.00120107079665239
"primary_controlled",100,100,"n=100, p=100","independent","quantile_4","delta_mean_support_f1",100,-0.225207854946985,0.12896264190604,0.012896264190604,-0.250484532760569,-0.199931177133402
"primary_controlled",100,100,"n=100, p=100","independent","quantile_4","delta_mean_rmse",100,0.588130095273506,0.210484192537572,0.0210484192537572,0.546875193536142,0.629384997010871
"primary_controlled",100,100,"n=100, p=100","independent","quantile_8","delta_mean_entry_tau",100,-0.00393361567928396,0.0238481952104924,0.00238481952104924,-0.00860786194054046,0.000740630581972553
"primary_controlled",100,100,"n=100, p=100","independent","quantile_8","delta_mean_jaccard_s",100,-0.0172183372183372,0.0405235110253415,0.00405235110253415,-0.0251609453793042,-0.00927572905737028
"primary_controlled",100,100,"n=100, p=100","independent","quantile_8","delta_mean_jaccard_2s",100,-0.00799799234581844,0.0269466916684943,0.00269466916684943,-0.0132795439128433,-0.00271644077879355
"primary_controlled",100,100,"n=100, p=100","independent","quantile_8","delta_mean_support_f1",100,-0.377114624505929,0.140243145118234,0.0140243145118234,-0.404602280949103,-0.349626968062755
"primary_controlled",100,100,"n=100, p=100","independent","quantile_8","delta_mean_rmse",100,0.839970333236654,0.232539213493675,0.0232539213493675,0.794392647391893,0.885548019081414
"primary_controlled",100,100,"n=100, p=100","independent","equal_width_4","delta_mean_entry_tau",100,-0.0112628751679151,0.0255265920139531,0.00255265920139531,-0.0162660872026499,-0.00625966313318031
"primary_controlled",100,100,"n=100, p=100","independent","equal_width_4","delta_mean_jaccard_s",100,-0.0142424242424243,0.0368304055927957,0.00368304055927957,-0.0214611837386122,-0.0070236647462363
"primary_controlled",100,100,"n=100, p=100","independent","equal_width_4","delta_mean_jaccard_2s",100,-0.010262877219399,0.0329732428091777,0.00329732428091777,-0.0167256328099978,-0.00380012162880013
"primary_controlled",100,100,"n=100, p=100","independent","equal_width_4","delta_mean_support_f1",100,-0.260083694083694,0.132169676844253,0.0132169676844253,-0.285988950745168,-0.234178437422221
"primary_controlled",100,100,"n=100, p=100","independent","equal_width_4","delta_mean_rmse",100,0.74248840513495,0.224130211566399,0.0224130211566399,0.698558883667936,0.786417926601965
"primary_controlled",100,100,"n=100, p=100","ar1_rho_0.5","quantile_2","delta_mean_entry_tau",100,-0.0104588308332459,0.03377571243465,0.003377571243465,-0.0170788704704373,-0.00383879119605451
"primary_controlled",100,100,"n=100, p=100","ar1_rho_0.5","quantile_2","delta_mean_jaccard_s",100,-0.00404040404040404,0.0425169402336663,0.00425169402336663,-0.0123737243262026,0.00429291624539455
"primary_controlled",100,100,"n=100, p=100","ar1_rho_0.5","quantile_2","delta_mean_jaccard_2s",100,0.000739381391555303,0.0366459442545704,0.00366459442545704,-0.0064432236823405,0.0079219864654511
"primary_controlled",100,100,"n=100, p=100","ar1_rho_0.5","quantile_2","delta_mean_support_f1",100,-0.0771717171717172,0.0868793299200848,0.00868793299200848,-0.0942000658360538,-0.0601433685073806
"primary_controlled",100,100,"n=100, p=100","ar1_rho_0.5","quantile_2","delta_mean_rmse",100,0.290063822327791,0.139467206921257,0.0139467206921257,0.262728249771225,0.317399394884357
"primary_controlled",100,100,"n=100, p=100","ar1_rho_0.5","quantile_4","delta_mean_entry_tau",100,0.00155489699546134,0.028967228772284,0.0028967228772284,-0.00412267984390632,0.007232473834829
"primary_controlled",100,100,"n=100, p=100","ar1_rho_0.5","quantile_4","delta_mean_jaccard_s",100,-0.00535353535353536,0.0370636017930451,0.00370636017930451,-0.0126180013049722,0.00191093059790149
"primary_controlled",100,100,"n=100, p=100","ar1_rho_0.5","quantile_4","delta_mean_jaccard_2s",100,0.00446608946608946,0.031474171590157,0.0031474171590157,-0.00170284816558131,0.0106350270977602
"primary_controlled",100,100,"n=100, p=100","ar1_rho_0.5","quantile_4","delta_mean_support_f1",100,-0.206793650793651,0.112014169191062,0.0112014169191062,-0.228748427955099,-0.184838873632203
"primary_controlled",100,100,"n=100, p=100","ar1_rho_0.5","quantile_4","delta_mean_rmse",100,0.54373170379829,0.176580315515665,0.0176580315515665,0.509121961957219,0.57834144563936
"primary_controlled",100,100,"n=100, p=100","ar1_rho_0.5","quantile_8","delta_mean_entry_tau",100,0.0104204095293273,0.0286031207874151,0.00286031207874151,0.00481419785499394,0.0160266212036607
"primary_controlled",100,100,"n=100, p=100","ar1_rho_0.5","quantile_8","delta_mean_jaccard_s",100,-0.006993006993007,0.0412627769011666,0.00412627769011666,-0.0150805112656357,0.00109449727962166
"primary_controlled",100,100,"n=100, p=100","ar1_rho_0.5","quantile_8","delta_mean_jaccard_2s",100,-0.000169709517535608,0.0340984097278506,0.00340984097278506,-0.00685299782419432,0.00651357878912311
"primary_controlled",100,100,"n=100, p=100","ar1_rho_0.5","quantile_8","delta_mean_support_f1",100,-0.370042599912165,0.145137845626804,0.0145137845626804,-0.398489617655019,-0.341595582169312
"primary_controlled",100,100,"n=100, p=100","ar1_rho_0.5","quantile_8","delta_mean_rmse",100,0.807432786883029,0.204231532853453,0.0204231532853453,0.767403406443752,0.847462167322306
"primary_controlled",100,100,"n=100, p=100","ar1_rho_0.5","equal_width_4","delta_mean_entry_tau",100,0.00103411598744767,0.0292743128925513,0.00292743128925513,-0.00470364933949239,0.00677188131438773
"primary_controlled",100,100,"n=100, p=100","ar1_rho_0.5","equal_width_4","delta_mean_jaccard_s",100,-0.00406371406371407,0.0413469108145457,0.00413469108145457,-0.012167708583365,0.00404028045593689
"primary_controlled",100,100,"n=100, p=100","ar1_rho_0.5","equal_width_4","delta_mean_jaccard_2s",100,0.00445165945165945,0.0324888312115903,0.00324888312115903,-0.00191615146581225,0.0108194703691312
"primary_controlled",100,100,"n=100, p=100","ar1_rho_0.5","equal_width_4","delta_mean_support_f1",100,-0.271451157538114,0.124545133402143,0.0124545133402143,-0.295862003684934,-0.247040311391294
"primary_controlled",100,100,"n=100, p=100","ar1_rho_0.5","equal_width_4","delta_mean_rmse",100,0.712385943039273,0.211885595153066,0.0211885595153066,0.670856366389272,0.753915519689274
"primary_controlled",100,100,"n=100, p=100","ar1_rho_0.9","quantile_2","delta_mean_entry_tau",100,0.0083405356592532,0.0389838260610095,0.00389838260610095,0.000699705751295345,0.015981365567211
"primary_controlled",100,100,"n=100, p=100","ar1_rho_0.9","quantile_2","delta_mean_jaccard_s",100,0.00578671328671328,0.0807037487539692,0.00807037487539692,-0.0100312214690647,0.0216046480424912
"primary_controlled",100,100,"n=100, p=100","ar1_rho_0.9","quantile_2","delta_mean_jaccard_2s",100,0.0309782632826111,0.0851596730962613,0.00851596730962613,0.0142869673557439,0.0476695592094783
"primary_controlled",100,100,"n=100, p=100","ar1_rho_0.9","quantile_2","delta_mean_support_f1",100,-0.0725959595959596,0.107914334301854,0.0107914334301854,-0.093747169119123,-0.0514447500727962
"primary_controlled",100,100,"n=100, p=100","ar1_rho_0.9","quantile_2","delta_mean_rmse",100,0.289761804837173,0.164195696122821,0.0164195696122821,0.2575794483971,0.321944161277246
"primary_controlled",100,100,"n=100, p=100","ar1_rho_0.9","quantile_4","delta_mean_entry_tau",100,0.0338309925247765,0.0396787509745982,0.00396787509745982,0.0260539573337553,0.0416080277157978
"primary_controlled",100,100,"n=100, p=100","ar1_rho_0.9","quantile_4","delta_mean_jaccard_s",100,0.0146406371406371,0.072541389896183,0.0072541389896183,0.000422524720985269,0.028858749560289
"primary_controlled",100,100,"n=100, p=100","ar1_rho_0.9","quantile_4","delta_mean_jaccard_2s",100,0.06195244610462,0.0821573915935631,0.00821573915935631,0.0458495973522816,0.0780552948569584
"primary_controlled",100,100,"n=100, p=100","ar1_rho_0.9","quantile_4","delta_mean_support_f1",100,-0.134378066378066,0.115162603748177,0.0115162603748177,-0.156949936712709,-0.111806196043424
"primary_controlled",100,100,"n=100, p=100","ar1_rho_0.9","quantile_4","delta_mean_rmse",100,0.469056758667087,0.184535389277748,0.0184535389277748,0.432887822368649,0.505225694965526
"primary_controlled",100,100,"n=100, p=100","ar1_rho_0.9","quantile_8","delta_mean_entry_tau",100,0.0565262995362108,0.0387326138070633,0.00387326138070633,0.0489347072300264,0.0641178918423952
"primary_controlled",100,100,"n=100, p=100","ar1_rho_0.9","quantile_8","delta_mean_jaccard_s",100,0.0149436674436674,0.0726777465018633,0.00726777465018633,0.00069882912930223,0.0291885057580327
"primary_controlled",100,100,"n=100, p=100","ar1_rho_0.9","quantile_8","delta_mean_jaccard_2s",100,0.0694331393244437,0.0910936716373832,0.00910936716373832,0.0515787796835166,0.0872874989653708
"primary_controlled",100,100,"n=100, p=100","ar1_rho_0.9","quantile_8","delta_mean_support_f1",100,-0.201580086580087,0.137605882974833,0.0137605882974833,-0.228550839643154,-0.174609333517019
"primary_controlled",100,100,"n=100, p=100","ar1_rho_0.9","quantile_8","delta_mean_rmse",100,0.695602141388327,0.242081756778761,0.0242081756778761,0.648154117059689,0.743050165716964
"primary_controlled",100,100,"n=100, p=100","ar1_rho_0.9","equal_width_4","delta_mean_entry_tau",100,0.0372148036442525,0.0445763725566067,0.00445763725566066,0.0284778346231576,0.0459517726653474
"primary_controlled",100,100,"n=100, p=100","ar1_rho_0.9","equal_width_4","delta_mean_jaccard_s",100,0.0154234654234654,0.0676547903562161,0.00676547903562161,0.00216312651364706,0.0286838043332838
"primary_controlled",100,100,"n=100, p=100","ar1_rho_0.9","equal_width_4","delta_mean_jaccard_2s",100,0.0663899892378153,0.0907213896173533,0.00907213896173533,0.0486085968728141,0.0841713816028166
"primary_controlled",100,100,"n=100, p=100","ar1_rho_0.9","equal_width_4","delta_mean_support_f1",100,-0.189428571428571,0.132629768195071,0.0132629768195071,-0.215424005994805,-0.163433136862337
"primary_controlled",100,100,"n=100, p=100","ar1_rho_0.9","equal_width_4","delta_mean_rmse",100,0.629135025365889,0.227033675599612,0.0227033675599612,0.584636424948365,0.673633625783413
"primary_controlled",100,100,"n=100, p=100","block","quantile_2","delta_mean_entry_tau",100,-0.00819968937665736,0.0401629019517671,0.00401629019517671,-0.0160716181592037,-0.000327760594111015
"primary_controlled",100,100,"n=100, p=100","block","quantile_2","delta_mean_jaccard_s",100,0.000580808080808073,0.0610327198213381,0.00610327198213381,-0.0113816050041742,0.0125432211657903
"primary_controlled",100,100,"n=100, p=100","block","quantile_2","delta_mean_jaccard_2s",100,0.025740076348772,0.0885611729996281,0.00885611729996281,0.0083820864408449,0.0430980662566991
"primary_controlled",100,100,"n=100, p=100","block","quantile_2","delta_mean_support_f1",100,-0.0783275613275613,0.095611722717786,0.0095611722717786,-0.0970674589802474,-0.0595876636748753
"primary_controlled",100,100,"n=100, p=100","block","quantile_2","delta_mean_rmse",100,0.274687919363769,0.151839034111379,0.0151839034111379,0.244927468677939,0.3044483700496
"primary_controlled",100,100,"n=100, p=100","block","quantile_4","delta_mean_entry_tau",100,0.0112349648861923,0.0393650477468253,0.00393650477468253,0.00351941552781458,0.0189505142445701
"primary_controlled",100,100,"n=100, p=100","block","quantile_4","delta_mean_jaccard_s",100,0.00982323232323232,0.0550171654126488,0.00550171654126488,-0.000960132097646844,0.0206065967441115
"primary_controlled",100,100,"n=100, p=100","block","quantile_4","delta_mean_jaccard_2s",100,0.0385115802072324,0.0876222173765838,0.00876222173765838,0.0213376256014219,0.0556855348130428
"primary_controlled",100,100,"n=100, p=100","block","quantile_4","delta_mean_support_f1",100,-0.143494949494949,0.11501184858293,0.011501184858293,-0.166037271817204,-0.120952627172695
"primary_controlled",100,100,"n=100, p=100","block","quantile_4","delta_mean_rmse",100,0.457620442019892,0.173249988532541,0.0173249988532541,0.423663444267514,0.49157743977227
"primary_controlled",100,100,"n=100, p=100","block","quantile_8","delta_mean_entry_tau",100,0.0315620409033334,0.0391711754201407,0.00391711754201407,0.0238844905209858,0.0392395912856809
"primary_controlled",100,100,"n=100, p=100","block","quantile_8","delta_mean_jaccard_s",100,0.00945415695415695,0.0633892224183942,0.00633892224183942,-0.00297013063984831,0.0218784445481622
"primary_controlled",100,100,"n=100, p=100","block","quantile_8","delta_mean_jaccard_2s",100,0.0457544310761702,0.083433273369569,0.0083433273369569,0.0294015094957347,0.0621073526566057
"primary_controlled",100,100,"n=100, p=100","block","quantile_8","delta_mean_support_f1",100,-0.229388167388167,0.146430794766365,0.0146430794766365,-0.258088603162375,-0.20068773161396
"primary_controlled",100,100,"n=100, p=100","block","quantile_8","delta_mean_rmse",100,0.691379075579947,0.21107730872385,0.021107730872385,0.650007923070072,0.732750228089821
"primary_controlled",100,100,"n=100, p=100","block","equal_width_4","delta_mean_entry_tau",100,0.00362383218397068,0.0387399571224405,0.00387399571224405,-0.00396919941202765,0.011216863779969
"primary_controlled",100,100,"n=100, p=100","block","equal_width_4","delta_mean_jaccard_s",100,0.0163888888888889,0.0587523175799822,0.00587523175799822,0.00487343464321237,0.0279043431345654
"primary_controlled",100,100,"n=100, p=100","block","equal_width_4","delta_mean_jaccard_2s",100,0.0486147861800036,0.0836831514850446,0.00836831514850446,0.0322128884889348,0.0650166838710723
"primary_controlled",100,100,"n=100, p=100","block","equal_width_4","delta_mean_support_f1",100,-0.219871572871573,0.130037283002737,0.0130037283002737,-0.245358880340109,-0.194384265403036
"primary_controlled",100,100,"n=100, p=100","block","equal_width_4","delta_mean_rmse",100,0.623987675903843,0.196016622012542,0.0196016622012542,0.585568417989384,0.662406933818301
"primary_controlled",100,200,"n=100, p=200","independent","quantile_2","delta_mean_entry_tau",100,0.00250802161844787,0.0300911305321203,0.00300911305321203,-0.00338983996584771,0.00840588320274344
"primary_controlled",100,200,"n=100, p=200","independent","quantile_2","delta_mean_jaccard_s",100,-0.00390708325490934,0.0277464665744948,0.00277464665744948,-0.00934539070351033,0.00153122419369164
"primary_controlled",100,200,"n=100, p=200","independent","quantile_2","delta_mean_jaccard_2s",100,-0.0095116262699927,0.0324193803099844,0.00324193803099844,-0.0158658248107496,-0.00315742772923575
"primary_controlled",100,200,"n=100, p=200","independent","quantile_2","delta_mean_support_f1",100,-0.0528590605839613,0.0711920637219795,0.00711920637219795,-0.0668127050734693,-0.0389054160944533
"primary_controlled",100,200,"n=100, p=200","independent","quantile_2","delta_mean_rmse",100,0.288857421168197,0.144516062310294,0.0144516062310294,0.26053227295538,0.317182569381015
"primary_controlled",100,200,"n=100, p=200","independent","quantile_4","delta_mean_entry_tau",100,0.0134035874692367,0.028472989071708,0.0028472989071708,0.00782288161118194,0.0189842933272915
"primary_controlled",100,200,"n=100, p=200","independent","quantile_4","delta_mean_jaccard_s",100,-0.0064508438421482,0.029422826132264,0.0029422826132264,-0.0122177177640719,-0.000683969920224448
"primary_controlled",100,200,"n=100, p=200","independent","quantile_4","delta_mean_jaccard_2s",100,-0.0102993468160797,0.0348880550052744,0.00348880550052744,-0.0171374055971134,-0.00346128803504588
"primary_controlled",100,200,"n=100, p=200","independent","quantile_4","delta_mean_support_f1",100,-0.212092766658564,0.105541417351096,0.0105541417351096,-0.232778884459378,-0.191406648857749
"primary_controlled",100,200,"n=100, p=200","independent","quantile_4","delta_mean_rmse",100,0.583442887323326,0.201927543309582,0.0201927543309582,0.543865088834648,0.623020685812004
"primary_controlled",100,200,"n=100, p=200","independent","quantile_8","delta_mean_entry_tau",100,0.0147114876321508,0.0312636027155981,0.00312636027155981,0.00858382149989353,0.020839153764408
"primary_controlled",100,200,"n=100, p=200","independent","quantile_8","delta_mean_jaccard_s",100,-0.00591191417278374,0.0297268985060665,0.00297268985060665,-0.0117383862799728,-8.54420655947152e-05
"primary_controlled",100,200,"n=100, p=200","independent","quantile_8","delta_mean_jaccard_2s",100,-0.014106358400743,0.0406438168813007,0.00406438168813007,-0.0220725465094779,-0.00614017029200804
"primary_controlled",100,200,"n=100, p=200","independent","quantile_8","delta_mean_support_f1",100,-0.316922939794182,0.11752227402559,0.011752227402559,-0.339957305503198,-0.293888574085166
"primary_controlled",100,200,"n=100, p=200","independent","quantile_8","delta_mean_rmse",100,0.791788429142082,0.23957025638892,0.023957025638892,0.744832658889853,0.83874419939431
"primary_controlled",100,200,"n=100, p=200","independent","equal_width_4","delta_mean_entry_tau",100,0.0112474319848053,0.0284648172120494,0.00284648172120494,0.0056683278112436,0.016826536158367
"primary_controlled",100,200,"n=100, p=200","independent","equal_width_4","delta_mean_jaccard_s",100,-0.00966630591630592,0.0342705779578308,0.00342705779578308,-0.0163833391960408,-0.00294927263657109
"primary_controlled",100,200,"n=100, p=200","independent","equal_width_4","delta_mean_jaccard_2s",100,-0.0117134475784504,0.0378551113508954,0.00378551113508954,-0.0191330494032259,-0.00429384575367492
"primary_controlled",100,200,"n=100, p=200","independent","equal_width_4","delta_mean_support_f1",100,-0.222525241066364,0.11486925524396,0.011486925524396,-0.24503961509418,-0.200010867038548
"primary_controlled",100,200,"n=100, p=200","independent","equal_width_4","delta_mean_rmse",100,0.700274592691745,0.210606169605793,0.0210606169605793,0.658995783449009,0.74155340193448
"primary_controlled",100,200,"n=100, p=200","ar1_rho_0.5","quantile_2","delta_mean_entry_tau",100,0.0102271397528395,0.0297163107961816,0.00297163107961816,0.00440274283678786,0.0160515366688911
"primary_controlled",100,200,"n=100, p=200","ar1_rho_0.5","quantile_2","delta_mean_jaccard_s",100,0.00123031557814166,0.0308823801221782,0.00308823801221782,-0.00482263092580527,0.0072832620820886
"primary_controlled",100,200,"n=100, p=200","ar1_rho_0.5","quantile_2","delta_mean_jaccard_2s",100,-0.000558433373521294,0.0438639730762236,0.00438639730762236,-0.00915577209646111,0.00803890534941852
"primary_controlled",100,200,"n=100, p=200","ar1_rho_0.5","quantile_2","delta_mean_support_f1",100,-0.0856274928197787,0.0851357717463218,0.00851357717463218,-0.102314104082058,-0.0689408815574996
"primary_controlled",100,200,"n=100, p=200","ar1_rho_0.5","quantile_2","delta_mean_rmse",100,0.313820596449459,0.15041162701512,0.015041162701512,0.284339917554495,0.343301275344422
"primary_controlled",100,200,"n=100, p=200","ar1_rho_0.5","quantile_4","delta_mean_entry_tau",100,0.0292579565174496,0.0336737595762444,0.00336737595762444,0.0226578996405057,0.0358580133943936
"primary_controlled",100,200,"n=100, p=200","ar1_rho_0.5","quantile_4","delta_mean_jaccard_s",100,-0.00319825585042977,0.0340491280740177,0.00340491280740177,-0.00987188495293724,0.0034753732520777
"primary_controlled",100,200,"n=100, p=200","ar1_rho_0.5","quantile_4","delta_mean_jaccard_2s",100,0.00787261672173754,0.0423414065049168,0.00423414065049168,-0.000426298953226156,0.0161715323967012
"primary_controlled",100,200,"n=100, p=200","ar1_rho_0.5","quantile_4","delta_mean_support_f1",100,-0.202058231069575,0.101316005469402,0.0101316005469402,-0.221916168141578,-0.182200293997573
"primary_controlled",100,200,"n=100, p=200","ar1_rho_0.5","quantile_4","delta_mean_rmse",100,0.615746195771821,0.191040261603764,0.0191040261603764,0.578302304497483,0.653190087046158
"primary_controlled",100,200,"n=100, p=200","ar1_rho_0.5","quantile_8","delta_mean_entry_tau",100,0.0296775781321156,0.0302299935735952,0.00302299935735952,0.0237524993916909,0.0356026568725403
"primary_controlled",100,200,"n=100, p=200","ar1_rho_0.5","quantile_8","delta_mean_jaccard_s",100,-0.00162337662337663,0.0357541386010061,0.00357541386010061,-0.00863118778917382,0.00538443454242056
"primary_controlled",100,200,"n=100, p=200","ar1_rho_0.5","quantile_8","delta_mean_jaccard_2s",100,0.00258275322710944,0.0441963649678318,0.00441963649678318,-0.00607973430658559,0.0112452407608045
"primary_controlled",100,200,"n=100, p=200","ar1_rho_0.5","quantile_8","delta_mean_support_f1",100,-0.293195848362893,0.117873498510688,0.0117873498510688,-0.316299054070988,-0.270092642654798
"primary_controlled",100,200,"n=100, p=200","ar1_rho_0.5","quantile_8","delta_mean_rmse",100,0.815810138762187,0.234833063770772,0.0234833063770772,0.769782858263116,0.861837419261258
"primary_controlled",100,200,"n=100, p=200","ar1_rho_0.5","equal_width_4","delta_mean_entry_tau",100,0.0249088497552446,0.0293246833455869,0.00293246833455869,0.0191612118195096,0.0306564876909797
"primary_controlled",100,200,"n=100, p=200","ar1_rho_0.5","equal_width_4","delta_mean_jaccard_s",100,-0.00238471673254282,0.0303743556995354,0.00303743556995354,-0.00833809044965177,0.00356865698456612
"primary_controlled",100,200,"n=100, p=200","ar1_rho_0.5","equal_width_4","delta_mean_jaccard_2s",100,0.00404868336008439,0.0417400828287557,0.00417400828287557,-0.00413237287435172,0.0122297395945205
"primary_controlled",100,200,"n=100, p=200","ar1_rho_0.5","equal_width_4","delta_mean_support_f1",100,-0.233081296311302,0.0980674097939482,0.00980674097939482,-0.252302508630916,-0.213860083991688
"primary_controlled",100,200,"n=100, p=200","ar1_rho_0.5","equal_width_4","delta_mean_rmse",100,0.719986255894914,0.211336922726925,0.0211336922726925,0.678564219040437,0.761408292749392
"primary_controlled",100,200,"n=100, p=200","ar1_rho_0.9","quantile_2","delta_mean_entry_tau",100,0.0243642299904322,0.0429863211544313,0.00429863211544313,0.0159389110441636,0.0327895489367007
"primary_controlled",100,200,"n=100, p=200","ar1_rho_0.9","quantile_2","delta_mean_jaccard_s",100,0.0344002055915099,0.0798472484848046,0.00798472484848046,0.0187501448884882,0.0500502662945316
"primary_controlled",100,200,"n=100, p=200","ar1_rho_0.9","quantile_2","delta_mean_jaccard_2s",100,0.0400525218374966,0.0793481555928665,0.00793481555928665,0.0245002833412947,0.0556047603336984
"primary_controlled",100,200,"n=100, p=200","ar1_rho_0.9","quantile_2","delta_mean_support_f1",100,-0.0486641502129307,0.0773873473156988,0.00773873473156988,-0.0638320702868077,-0.0334962301390538
"primary_controlled",100,200,"n=100, p=200","ar1_rho_0.9","quantile_2","delta_mean_rmse",100,0.397640739280017,0.163138466804076,0.0163138466804076,0.365665599786418,0.429615878773616
"primary_controlled",100,200,"n=100, p=200","ar1_rho_0.9","quantile_4","delta_mean_entry_tau",100,0.0730538563854475,0.0460178553189076,0.00460178553189076,0.0640343567429416,0.0820733560279534
"primary_controlled",100,200,"n=100, p=200","ar1_rho_0.9","quantile_4","delta_mean_jaccard_s",100,0.0525487720009459,0.0787815778472685,0.00787815778472685,0.0371075827428813,0.0679899612590105
"primary_controlled",100,200,"n=100, p=200","ar1_rho_0.9","quantile_4","delta_mean_jaccard_2s",100,0.100667395977892,0.0812137243927503,0.00812137243927503,0.0847495059969129,0.116585285958871
"primary_controlled",100,200,"n=100, p=200","ar1_rho_0.9","quantile_4","delta_mean_support_f1",100,-0.111489335458139,0.0936411548853966,0.00936411548853966,-0.129843001815676,-0.0931356691006009
"primary_controlled",100,200,"n=100, p=200","ar1_rho_0.9","quantile_4","delta_mean_rmse",100,0.71078677795828,0.212387250122713,0.0212387250122713,0.669158876934228,0.752414678982332
"primary_controlled",100,200,"n=100, p=200","ar1_rho_0.9","quantile_8","delta_mean_entry_tau",100,0.0937219023854167,0.0391966443517114,0.00391966443517114,0.0860393600924813,0.101404444678352
"primary_controlled",100,200,"n=100, p=200","ar1_rho_0.9","quantile_8","delta_mean_jaccard_s",100,0.0583486967139141,0.0785595912331258,0.00785595912331258,0.0429510168322215,0.0737463765956067
"primary_controlled",100,200,"n=100, p=200","ar1_rho_0.9","quantile_8","delta_mean_jaccard_2s",100,0.123369887309309,0.0792954778717529,0.00792954778717529,0.107827973646446,0.138911800972173
"primary_controlled",100,200,"n=100, p=200","ar1_rho_0.9","quantile_8","delta_mean_support_f1",100,-0.149907138805607,0.0940620394276651,0.00940620394276651,-0.16834329853343,-0.131470979077785
"primary_controlled",100,200,"n=100, p=200","ar1_rho_0.9","quantile_8","delta_mean_rmse",100,1.07429429382716,0.268106534712699,0.0268106534712699,1.02174541302347,1.12684317463085
"primary_controlled",100,200,"n=100, p=200","ar1_rho_0.9","equal_width_4","delta_mean_entry_tau",100,0.0677976800686012,0.0396176309900107,0.00396176309900107,0.0600326243945591,0.0755627357426433
"primary_controlled",100,200,"n=100, p=200","ar1_rho_0.9","equal_width_4","delta_mean_jaccard_s",100,0.0603801917888874,0.0770760246575806,0.00770760246575806,0.0452732909560016,0.0754870926217732
"primary_controlled",100,200,"n=100, p=200","ar1_rho_0.9","equal_width_4","delta_mean_jaccard_2s",100,0.112219378668267,0.0813352162198964,0.00813352162198964,0.0962776762891671,0.128161081047367
"primary_controlled",100,200,"n=100, p=200","ar1_rho_0.9","equal_width_4","delta_mean_support_f1",100,-0.129181045116099,0.0967321700644833,0.00967321700644833,-0.148140550448738,-0.11022153978346
"primary_controlled",100,200,"n=100, p=200","ar1_rho_0.9","equal_width_4","delta_mean_rmse",100,0.931263904915725,0.264173231583458,0.0264173231583458,0.879485951525367,0.983041858306082
"primary_controlled",100,200,"n=100, p=200","block","quantile_2","delta_mean_entry_tau",100,0.00667805916225043,0.038504762186678,0.0038504762186678,-0.000868874226338463,0.0142249925508393
"primary_controlled",100,200,"n=100, p=200","block","quantile_2","delta_mean_jaccard_s",100,0.0034883869753435,0.0724675293995244,0.00724675293995244,-0.0107152487869633,0.0176920227376503
"primary_controlled",100,200,"n=100, p=200","block","quantile_2","delta_mean_jaccard_2s",100,0.0111631469274095,0.08664385809819,0.008664385809819,-0.00581904925983572,0.0281453431146548
"primary_controlled",100,200,"n=100, p=200","block","quantile_2","delta_mean_support_f1",100,-0.0629151068254869,0.0722587092623906,0.00722587092623906,-0.0770778138409154,-0.0487523998100583
"primary_controlled",100,200,"n=100, p=200","block","quantile_2","delta_mean_rmse",100,0.402655056809459,0.165563297936965,0.0165563297936965,0.370204650413814,0.435105463205104
"primary_controlled",100,200,"n=100, p=200","block","quantile_4","delta_mean_entry_tau",100,0.0486036546574888,0.0394236371968171,0.00394236371968171,0.0408766217669127,0.056330687548065
"primary_controlled",100,200,"n=100, p=200","block","quantile_4","delta_mean_jaccard_s",100,0.0163045140849489,0.0643720726115171,0.00643720726115171,0.00368758785309151,0.0289214403168062
"primary_controlled",100,200,"n=100, p=200","block","quantile_4","delta_mean_jaccard_2s",100,0.0600868895900779,0.0755724136630887,0.00755724136630887,0.0452746965121125,0.0748990826680433
"primary_controlled",100,200,"n=100, p=200","block","quantile_4","delta_mean_support_f1",100,-0.123325353445319,0.0784063043716319,0.00784063043716319,-0.138692989102159,-0.10795771778848
"primary_controlled",100,200,"n=100, p=200","block","quantile_4","delta_mean_rmse",100,0.727241951061399,0.21132409157093,0.021132409157093,0.685822429113497,0.768661473009301
"primary_controlled",100,200,"n=100, p=200","block","quantile_8","delta_mean_entry_tau",100,0.0709835247959101,0.0390176074016691,0.00390176074016691,0.063336073745183,0.0786309758466373
"primary_controlled",100,200,"n=100, p=200","block","quantile_8","delta_mean_jaccard_s",100,0.0289238753999624,0.0566705085766552,0.00566705085766552,0.0178164557189379,0.0400312950809868
"primary_controlled",100,200,"n=100, p=200","block","quantile_8","delta_mean_jaccard_2s",100,0.088563840059808,0.0661034511710202,0.00661034511710202,0.075607563630288,0.101520116489328
"primary_controlled",100,200,"n=100, p=200","block","quantile_8","delta_mean_support_f1",100,-0.181565900476281,0.10113006267017,0.010113006267017,-0.201387392759634,-0.161744408192927
"primary_controlled",100,200,"n=100, p=200","block","quantile_8","delta_mean_rmse",100,1.05558473064633,0.27003084219865,0.027003084219865,1.00265868557539,1.10851077571726
"primary_controlled",100,200,"n=100, p=200","block","equal_width_4","delta_mean_entry_tau",100,0.0483675791610062,0.0419482540764373,0.00419482540764373,0.0401457213620245,0.0565894369599879
"primary_controlled",100,200,"n=100, p=200","block","equal_width_4","delta_mean_jaccard_s",100,0.0178585638998682,0.0625090545414335,0.00625090545414335,0.00560678920974727,0.0301103385899892
"primary_controlled",100,200,"n=100, p=200","block","equal_width_4","delta_mean_jaccard_2s",100,0.067953631488079,0.074427487283409,0.0074427487283409,0.0533658439805308,0.0825414189956272
"primary_controlled",100,200,"n=100, p=200","block","equal_width_4","delta_mean_support_f1",100,-0.151536112686708,0.090158466885193,0.0090158466885193,-0.169207172196206,-0.13386505317721
"primary_controlled",100,200,"n=100, p=200","block","equal_width_4","delta_mean_rmse",100,0.915343044999701,0.263466164557536,0.0263466164557536,0.863703676746424,0.966982413252978
"primary_controlled",500,100,"n=500, p=100","independent","quantile_2","delta_mean_entry_tau",100,0.00510914947199271,0.00294513896556033,0.000294513896556033,0.00453190223474289,0.00568639670924254
"primary_controlled",500,100,"n=500, p=100","independent","quantile_2","delta_mean_jaccard_s",100,0,0,0,0,0
"primary_controlled",500,100,"n=500, p=100","independent","quantile_2","delta_mean_jaccard_2s",100,-0.0019298575820315,0.0265574017580137,0.00265574017580137,-0.00713510832660219,0.0032753931625392
"primary_controlled",500,100,"n=500, p=100","independent","quantile_2","delta_mean_support_f1",100,-0.005,0.021904291355759,0.0021904291355759,-0.00929324110572877,-0.00070675889427123
"primary_controlled",500,100,"n=500, p=100","independent","quantile_2","delta_mean_rmse",100,0.366170572590758,0.165588497736548,0.0165588497736548,0.333715227034394,0.398625918147121
"primary_controlled",500,100,"n=500, p=100","independent","quantile_4","delta_mean_entry_tau",100,0.00432775585393827,0.00300117762706937,0.000300117762706937,0.00373952503903267,0.00491598666884387
"primary_controlled",500,100,"n=500, p=100","independent","quantile_4","delta_mean_jaccard_s",100,-0.00121212121212121,0.00852759358401757,0.000852759358401757,-0.00288352955458866,0.00045928713034623
"primary_controlled",500,100,"n=500, p=100","independent","quantile_4","delta_mean_jaccard_2s",100,-0.00147562582345191,0.0267265488991321,0.00267265488991321,-0.0067140294076818,0.00376277776077798
"primary_controlled",500,100,"n=500, p=100","independent","quantile_4","delta_mean_support_f1",100,-0.0156349206349206,0.0382854099699385,0.00382854099699385,-0.0231388609890286,-0.00813098028081268
"primary_controlled",500,100,"n=500, p=100","independent","quantile_4","delta_mean_rmse",100,0.528681233821886,0.145492043629368,0.0145492043629368,0.50016479327053,0.557197674373242
"primary_controlled",500,100,"n=500, p=100","independent","quantile_8","delta_mean_entry_tau",100,0.00347326742689833,0.00345350806202282,0.000345350806202282,0.00279637984674186,0.00415015500705481
"primary_controlled",500,100,"n=500, p=100","independent","quantile_8","delta_mean_jaccard_s",100,-0.00717171717171718,0.0210658592372814,0.00210658592372814,-0.0113006255822243,-0.00304280876121003
"primary_controlled",500,100,"n=500, p=100","independent","quantile_8","delta_mean_jaccard_2s",100,-0.000735930735930737,0.03037746093104,0.003037746093104,-0.00668991307841457,0.0052180516065531
"primary_controlled",500,100,"n=500, p=100","independent","quantile_8","delta_mean_support_f1",100,-0.0944617604617604,0.0716118769363875,0.00716118769363875,-0.108497688341292,-0.0804258325822285
"primary_controlled",500,100,"n=500, p=100","independent","quantile_8","delta_mean_rmse",100,0.884697342912935,0.153481900008327,0.0153481900008327,0.854614890511303,0.914779795314568
"primary_controlled",500,100,"n=500, p=100","independent","equal_width_4","delta_mean_entry_tau",100,0.00411429012199768,0.00338766169329954,0.000338766169329954,0.00345030843011097,0.00477827181388439
"primary_controlled",500,100,"n=500, p=100","independent","equal_width_4","delta_mean_jaccard_s",100,-0.00525252525252525,0.020175474856484,0.0020175474856484,-0.00920691832439612,-0.00129813218065439
"primary_controlled",500,100,"n=500, p=100","independent","equal_width_4","delta_mean_jaccard_2s",100,-0.000981240981240981,0.0269986188935218,0.00269986188935218,-0.00627297028437125,0.00431048832188929
"primary_controlled",500,100,"n=500, p=100","independent","equal_width_4","delta_mean_support_f1",100,-0.0523535353535353,0.059348562139923,0.0059348562139923,-0.0639858535329603,-0.0407212171741104
"primary_controlled",500,100,"n=500, p=100","independent","equal_width_4","delta_mean_rmse",100,0.739134611660929,0.191040975954286,0.0191040975954286,0.701690580373889,0.776578642947969
"primary_controlled",500,100,"n=500, p=100","ar1_rho_0.5","quantile_2","delta_mean_entry_tau",100,0.00944589741244136,0.00603424178730336,0.000603424178730336,0.0082631860221299,0.0106286088027528
"primary_controlled",500,100,"n=500, p=100","ar1_rho_0.5","quantile_2","delta_mean_jaccard_s",100,-0.00171717171717172,0.0175281257540841,0.00175281257540841,-0.0051526843649722,0.00171834093062877
"primary_controlled",500,100,"n=500, p=100","ar1_rho_0.5","quantile_2","delta_mean_jaccard_2s",100,0.000205784553610642,0.0227398327286272,0.00227398327286272,-0.00425122266120028,0.00466279176842157
"primary_controlled",500,100,"n=500, p=100","ar1_rho_0.5","quantile_2","delta_mean_support_f1",100,-0.0257489177489177,0.0472005416634856,0.00472005416634856,-0.0350002239149609,-0.0164976115828746
"primary_controlled",500,100,"n=500, p=100","ar1_rho_0.5","quantile_2","delta_mean_rmse",100,0.31272779093015,0.192179400894087,0.0192179400894087,0.275060628354909,0.350394953505391
"primary_controlled",500,100,"n=500, p=100","ar1_rho_0.5","quantile_4","delta_mean_entry_tau",100,0.00719832672877263,0.00860094983811374,0.000860094983811374,0.00551254056050233,0.00888411289704292
"primary_controlled",500,100,"n=500, p=100","ar1_rho_0.5","quantile_4","delta_mean_jaccard_s",100,-0.00353535353535354,0.0202211418534397,0.00202211418534397,-0.00749869733862771,0.000427990267920635
"primary_controlled",500,100,"n=500, p=100","ar1_rho_0.5","quantile_4","delta_mean_jaccard_2s",100,-0.00554112554112554,0.0273191123561381,0.00273191123561381,-0.0108956715629286,-0.000186579519322474
"primary_controlled",500,100,"n=500, p=100","ar1_rho_0.5","quantile_4","delta_mean_support_f1",100,-0.0844935064935065,0.0702335556442086,0.00702335556442086,-0.0982592833997713,-0.0707277295872416
"primary_controlled",500,100,"n=500, p=100","ar1_rho_0.5","quantile_4","delta_mean_rmse",100,0.522693895078889,0.190821378659731,0.0190821378659731,0.485292904861582,0.560094885296197
"primary_controlled",500,100,"n=500, p=100","ar1_rho_0.5","quantile_8","delta_mean_entry_tau",100,0.00667888009770231,0.00829583538668064,0.000829583538668064,0.0050528963619129,0.00830486383349171
"primary_controlled",500,100,"n=500, p=100","ar1_rho_0.5","quantile_8","delta_mean_jaccard_s",100,-0.0123232323232323,0.030032462115795,0.0030032462115795,-0.0182095948979281,-0.00643686974853651
"primary_controlled",500,100,"n=500, p=100","ar1_rho_0.5","quantile_8","delta_mean_jaccard_2s",100,-0.00158353723571115,0.0261722561094625,0.00261722561094625,-0.0067132994331658,0.0035462249617435
"primary_controlled",500,100,"n=500, p=100","ar1_rho_0.5","quantile_8","delta_mean_support_f1",100,-0.172619047619048,0.0850172976468734,0.00850172976468734,-0.189282437957835,-0.15595565728026
"primary_controlled",500,100,"n=500, p=100","ar1_rho_0.5","quantile_8","delta_mean_rmse",100,0.899924237770087,0.216504467005955,0.0216504467005955,0.85748936223692,0.942359113303254
"primary_controlled",500,100,"n=500, p=100","ar1_rho_0.5","equal_width_4","delta_mean_entry_tau",100,0.00699921926139526,0.00720630097301665,0.000720630097301665,0.005586784270684,0.00841165425210653
"primary_controlled",500,100,"n=500, p=100","ar1_rho_0.5","equal_width_4","delta_mean_jaccard_s",100,-0.00474747474747475,0.0217475815876899,0.00217475815876899,-0.00901000073866197,-0.000484948756287532
"primary_controlled",500,100,"n=500, p=100","ar1_rho_0.5","equal_width_4","delta_mean_jaccard_2s",100,-0.00129493694711086,0.0263849067292556,0.00263849067292556,-0.00646637866604495,0.00387650477182323
"primary_controlled",500,100,"n=500, p=100","ar1_rho_0.5","equal_width_4","delta_mean_support_f1",100,-0.165699855699856,0.0862803453437603,0.00862803453437603,-0.182610803387233,-0.148788908012479
"primary_controlled",500,100,"n=500, p=100","ar1_rho_0.5","equal_width_4","delta_mean_rmse",100,0.862509577201243,0.24571528510468,0.024571528510468,0.814349381320725,0.91066977308176
"primary_controlled",500,100,"n=500, p=100","ar1_rho_0.9","quantile_2","delta_mean_entry_tau",100,0.05278652748084,0.024005554195435,0.0024005554195435,0.0480814388585347,0.0574916161031452
"primary_controlled",500,100,"n=500, p=100","ar1_rho_0.9","quantile_2","delta_mean_jaccard_s",100,0.000258352758352759,0.057512858055873,0.0057512858055873,-0.0110141674205984,0.0115308729373039
"primary_controlled",500,100,"n=500, p=100","ar1_rho_0.9","quantile_2","delta_mean_jaccard_2s",100,0.0140306794654621,0.0678651630123586,0.00678651630123586,0.000729107515039781,0.0273322514158844
"primary_controlled",500,100,"n=500, p=100","ar1_rho_0.9","quantile_2","delta_mean_support_f1",100,-0.114243867243867,0.0919583614985917,0.00919583614985917,-0.132267706097591,-0.0962200283901433
"primary_controlled",500,100,"n=500, p=100","ar1_rho_0.9","quantile_2","delta_mean_rmse",100,0.307235047383531,0.21250201341286,0.021250201341286,0.26558465275461,0.348885442012451
"primary_controlled",500,100,"n=500, p=100","ar1_rho_0.9","quantile_4","delta_mean_entry_tau",100,0.0604250624383058,0.0248246552460679,0.00248246552460679,0.0555594300100765,0.0652906948665351
"primary_controlled",500,100,"n=500, p=100","ar1_rho_0.9","quantile_4","delta_mean_jaccard_s",100,0.000330225330225329,0.0578479511030312,0.00578479511030312,-0.0110079730859688,0.0116684237464194
"primary_controlled",500,100,"n=500, p=100","ar1_rho_0.9","quantile_4","delta_mean_jaccard_2s",100,0.0257986699291047,0.0666796982043239,0.00666796982043239,0.0127294490810572,0.0388678907771522
"primary_controlled",500,100,"n=500, p=100","ar1_rho_0.9","quantile_4","delta_mean_support_f1",100,-0.190524750611707,0.106717499109399,0.0106717499109399,-0.211441380437149,-0.169608120786265
"primary_controlled",500,100,"n=500, p=100","ar1_rho_0.9","quantile_4","delta_mean_rmse",100,0.529121343748527,0.233040144227404,0.0233040144227404,0.483445475479956,0.574797212017098
"primary_controlled",500,100,"n=500, p=100","ar1_rho_0.9","quantile_8","delta_mean_entry_tau",100,0.0667851300546484,0.0218923108643438,0.00218923108643438,0.062494237125237,0.0710760229840598
"primary_controlled",500,100,"n=500, p=100","ar1_rho_0.9","quantile_8","delta_mean_jaccard_s",100,0.00598484848484848,0.0534262032857072,0.00534262032857072,-0.00448668735915013,0.0164563843288471
"primary_controlled",500,100,"n=500, p=100","ar1_rho_0.9","quantile_8","delta_mean_jaccard_2s",100,0.0360697032436163,0.0637243484121061,0.00637243484121061,0.0235797309548435,0.0485596755323891
"primary_controlled",500,100,"n=500, p=100","ar1_rho_0.9","quantile_8","delta_mean_support_f1",100,-0.293883116883117,0.115164027890795,0.0115164027890795,-0.316455266349713,-0.271310967416521
"primary_controlled",500,100,"n=500, p=100","ar1_rho_0.9","quantile_8","delta_mean_rmse",100,0.76294424060724,0.272972580114336,0.0272972580114336,0.70944161490483,0.81644686630965
"primary_controlled",500,100,"n=500, p=100","ar1_rho_0.9","equal_width_4","delta_mean_entry_tau",100,0.0555975270966661,0.0229349203306331,0.00229349203306331,0.051102282711862,0.0600927714814702
"primary_controlled",500,100,"n=500, p=100","ar1_rho_0.9","equal_width_4","delta_mean_jaccard_s",100,0.00648989898989899,0.0468794216457853,0.00468794216457853,-0.00269846765267493,0.0156782656324729
"primary_controlled",500,100,"n=500, p=100","ar1_rho_0.9","equal_width_4","delta_mean_jaccard_2s",100,0.0284459501850806,0.0653821876356916,0.00653821876356916,0.0156310414084851,0.0412608589616762
"primary_controlled",500,100,"n=500, p=100","ar1_rho_0.9","equal_width_4","delta_mean_support_f1",100,-0.308571428571429,0.130197641007815,0.0130197641007815,-0.33409016620896,-0.283052690933897
"primary_controlled",500,100,"n=500, p=100","ar1_rho_0.9","equal_width_4","delta_mean_rmse",100,0.768472567351124,0.282578816847155,0.0282578816847155,0.713087119249082,0.823858015453166
"primary_controlled",500,100,"n=500, p=100","block","quantile_2","delta_mean_entry_tau",100,0.0335586128851313,0.0176516007826862,0.00176516007826862,0.0300988991317248,0.0370183266385378
"primary_controlled",500,100,"n=500, p=100","block","quantile_2","delta_mean_jaccard_s",100,0.000101010101010101,0.0306746925460008,0.00306746925460008,-0.00591122963800605,0.00611324984002626
"primary_controlled",500,100,"n=500, p=100","block","quantile_2","delta_mean_jaccard_2s",100,0.00684296379948554,0.0423793257208802,0.00423793257208802,-0.00146338404180698,0.0151493116407781
"primary_controlled",500,100,"n=500, p=100","block","quantile_2","delta_mean_support_f1",100,-0.0936753246753247,0.0808280915293089,0.00808280915293089,-0.109517630615069,-0.0778330187355802
"primary_controlled",500,100,"n=500, p=100","block","quantile_2","delta_mean_rmse",100,0.3259225631006,0.167377606541552,0.0167377606541552,0.293116552218456,0.358728573982745
"primary_controlled",500,100,"n=500, p=100","block","quantile_4","delta_mean_entry_tau",100,0.0325150508666873,0.0178634219720111,0.00178634219720111,0.0290138201601731,0.0360162815732015
"primary_controlled",500,100,"n=500, p=100","block","quantile_4","delta_mean_jaccard_s",100,-0.00707070707070708,0.0341109786103085,0.00341109786103085,-0.0137564588783275,-0.000384955263086609
"primary_controlled",500,100,"n=500, p=100","block","quantile_4","delta_mean_jaccard_2s",100,0.00787031808770939,0.0471530248131739,0.00471530248131739,-0.00137167477567269,0.0171123109510915
"primary_controlled",500,100,"n=500, p=100","block","quantile_4","delta_mean_support_f1",100,-0.211604617604618,0.10753222636302,0.010753222636302,-0.23268093397177,-0.190528301237466
"primary_controlled",500,100,"n=500, p=100","block","quantile_4","delta_mean_rmse",100,0.627899526327347,0.216625819828911,0.0216625819828911,0.585440865640881,0.670358187013814
"primary_controlled",500,100,"n=500, p=100","block","quantile_8","delta_mean_entry_tau",100,0.036120015157334,0.0178222191716921,0.00178222191716921,0.0326268601996824,0.0396131701149857
"primary_controlled",500,100,"n=500, p=100","block","quantile_8","delta_mean_jaccard_s",100,-0.0122455322455323,0.0390420283396132,0.00390420283396132,-0.0198977698000964,-0.00459329469096807
"primary_controlled",500,100,"n=500, p=100","block","quantile_8","delta_mean_jaccard_2s",100,0.0077119016249451,0.0444375888423538,0.00444375888423538,-0.000997865788156251,0.0164216690380465
"primary_controlled",500,100,"n=500, p=100","block","quantile_8","delta_mean_support_f1",100,-0.318549469853818,0.11223004078874,0.011223004078874,-0.340546557848411,-0.296552381859225
"primary_controlled",500,100,"n=500, p=100","block","quantile_8","delta_mean_rmse",100,0.904291665430685,0.243947132232159,0.0243947132232159,0.856478027513182,0.952105303348188
"primary_controlled",500,100,"n=500, p=100","block","equal_width_4","delta_mean_entry_tau",100,0.027009492907177,0.0191423890063229,0.00191423890063229,0.0232575846619377,0.0307614011524163
"primary_controlled",500,100,"n=500, p=100","block","equal_width_4","delta_mean_jaccard_s",100,-0.0123232323232323,0.0386727323622549,0.00386727323622549,-0.0199030878662343,-0.00474337678023037
"primary_controlled",500,100,"n=500, p=100","block","equal_width_4","delta_mean_jaccard_2s",100,-0.000744400527009227,0.0538714124858581,0.00538714124858581,-0.0113031973742374,0.00981439632021896
"primary_controlled",500,100,"n=500, p=100","block","equal_width_4","delta_mean_support_f1",100,-0.348627705627706,0.109326559387347,0.0109326559387347,-0.370055711267626,-0.327199699987786
"primary_controlled",500,100,"n=500, p=100","block","equal_width_4","delta_mean_rmse",100,0.918201018589523,0.254987319734722,0.0254987319734722,0.868223503921517,0.968178533257528
"sensitivity_dense_wide",100,20,"n=100, p=20","independent","quantile_2","delta_mean_entry_tau",100,-0.000439176341805572,0.00233560530847074,0.000233560530847074,-0.000896954982265838,1.86022986546942e-05
"sensitivity_dense_wide",100,20,"n=100, p=20","independent","quantile_2","delta_mean_jaccard_s",100,-0.00111111111111111,0.0111111111111111,0.00111111111111111,-0.00328888888888889,0.00106666666666667
"sensitivity_dense_wide",100,20,"n=100, p=20","independent","quantile_2","delta_mean_jaccard_2s",100,0.00181818181818182,0.020119205832983,0.0020119205832983,-0.00212518252508285,0.00576154616144649
"sensitivity_dense_wide",100,20,"n=100, p=20","independent","quantile_2","delta_mean_support_f1",100,-0.0203030303030303,0.0666437058715421,0.00666437058715421,-0.0333651966538525,-0.00724086395220803
"sensitivity_dense_wide",100,20,"n=100, p=20","independent","quantile_2","delta_mean_rmse",100,0.292920695173558,0.164571957314517,0.0164571957314517,0.260664591539912,0.325176798807203
"sensitivity_dense_wide",100,20,"n=100, p=20","independent","quantile_4","delta_mean_entry_tau",100,-0.000897974731751515,0.0028146002890113,0.00028146002890113,-0.00144963638839773,-0.0003463130751053
"sensitivity_dense_wide",100,20,"n=100, p=20","independent","quantile_4","delta_mean_jaccard_s",100,-0.00666666666666666,0.0265203618417713,0.00265203618417713,-0.0118646575876538,-0.00146867574567948
"sensitivity_dense_wide",100,20,"n=100, p=20","independent","quantile_4","delta_mean_jaccard_2s",100,-0.00111111111111111,0.0238470202717847,0.00238470202717847,-0.00578512708438091,0.00356290486215869
"sensitivity_dense_wide",100,20,"n=100, p=20","independent","quantile_4","delta_mean_support_f1",100,-0.0982424242424242,0.108689855595416,0.0108689855595416,-0.119545635939126,-0.0769392125457226
"sensitivity_dense_wide",100,20,"n=100, p=20","independent","quantile_4","delta_mean_rmse",100,0.452583687442718,0.165179297219876,0.0165179297219876,0.420208545187622,0.484958829697813
"sensitivity_dense_wide",100,20,"n=100, p=20","independent","quantile_8","delta_mean_entry_tau",100,-0.0024110333857216,0.00428462657229363,0.000428462657229363,-0.00325082019389115,-0.00157124657755205
"sensitivity_dense_wide",100,20,"n=100, p=20","independent","quantile_8","delta_mean_jaccard_s",100,-0.00888888888888888,0.0302955471493656,0.00302955471493656,-0.0148268161301645,-0.00295096164761322
"sensitivity_dense_wide",100,20,"n=100, p=20","independent","quantile_8","delta_mean_jaccard_2s",100,1.10928518974596e-18,0.024364553097193,0.0024364553097193,-0.00477545240704983,0.00477545240704984
"sensitivity_dense_wide",100,20,"n=100, p=20","independent","quantile_8","delta_mean_support_f1",100,-0.229878787878788,0.155232643982443,0.0155232643982443,-0.260304386099347,-0.199453189658229
"sensitivity_dense_wide",100,20,"n=100, p=20","independent","quantile_8","delta_mean_rmse",100,0.722013622747482,0.201016447369267,0.0201016447369267,0.682614399063106,0.761412846431858
"sensitivity_dense_wide",100,20,"n=100, p=20","independent","equal_width_4","delta_mean_entry_tau",100,-0.00153095329459653,0.00355167669275777,0.000355167669275777,-0.00222708192637705,-0.000834824662816007
"sensitivity_dense_wide",100,20,"n=100, p=20","independent","equal_width_4","delta_mean_jaccard_s",100,-0.00666666666666666,0.0265203618417713,0.00265203618417713,-0.0118646575876538,-0.00146867574567948
"sensitivity_dense_wide",100,20,"n=100, p=20","independent","equal_width_4","delta_mean_jaccard_2s",100,0.000606060606060608,0.0235830121590638,0.00235830121590638,-0.0040162097771159,0.00522833098923711
"sensitivity_dense_wide",100,20,"n=100, p=20","independent","equal_width_4","delta_mean_support_f1",100,-0.159575757575758,0.123330298706188,0.0123330298706188,-0.18374849612217,-0.135403019029345
"sensitivity_dense_wide",100,20,"n=100, p=20","independent","equal_width_4","delta_mean_rmse",100,0.604202873396498,0.169567518229684,0.0169567518229684,0.57096763982348,0.637438106969517
"sensitivity_dense_wide",100,20,"n=100, p=20","ar1_rho_0.5","quantile_2","delta_mean_entry_tau",100,-0.00079229087119832,0.00739953419673663,0.000739953419673663,-0.0022425995737587,0.000658017831362059
"sensitivity_dense_wide",100,20,"n=100, p=20","ar1_rho_0.5","quantile_2","delta_mean_jaccard_s",100,0,0.0273536646620739,0.00273536646620739,-0.00536131827376649,0.00536131827376649
"sensitivity_dense_wide",100,20,"n=100, p=20","ar1_rho_0.5","quantile_2","delta_mean_jaccard_2s",100,-0.00545454545454546,0.0376420517712858,0.00376420517712858,-0.0128323876017175,0.00192329669262656
"sensitivity_dense_wide",100,20,"n=100, p=20","ar1_rho_0.5","quantile_2","delta_mean_support_f1",100,-0.0652727272727272,0.101346931511753,0.0101346931511753,-0.0851367258490308,-0.0454087286964237
"sensitivity_dense_wide",100,20,"n=100, p=20","ar1_rho_0.5","quantile_2","delta_mean_rmse",100,0.2477541635404,0.178360379069978,0.0178360379069978,0.212795529242684,0.282712797838116
"sensitivity_dense_wide",100,20,"n=100, p=20","ar1_rho_0.5","quantile_4","delta_mean_entry_tau",100,-0.000879897179383594,0.00560601067934452,0.000560601067934452,-0.00197867527253512,0.000218880913767932
"sensitivity_dense_wide",100,20,"n=100, p=20","ar1_rho_0.5","quantile_4","delta_mean_jaccard_s",100,-0.00111111111111111,0.0295242232847648,0.00295242232847648,-0.00689785887492501,0.00467563665270279
"sensitivity_dense_wide",100,20,"n=100, p=20","ar1_rho_0.5","quantile_4","delta_mean_jaccard_2s",100,-3.33032755019114e-18,0.0272403984833633,0.00272403984833633,-0.00533911810273922,0.00533911810273921
"sensitivity_dense_wide",100,20,"n=100, p=20","ar1_rho_0.5","quantile_4","delta_mean_support_f1",100,-0.136848484848485,0.144336021776265,0.0144336021776265,-0.165138345116633,-0.108558624580337
"sensitivity_dense_wide",100,20,"n=100, p=20","ar1_rho_0.5","quantile_4","delta_mean_rmse",100,0.424184202046321,0.187290641281254,0.0187290641281254,0.387475236355196,0.460893167737447
"sensitivity_dense_wide",100,20,"n=100, p=20","ar1_rho_0.5","quantile_8","delta_mean_entry_tau",100,-0.00119801634210224,0.00853023776550125,0.000853023776550125,-0.00286994294414049,0.000473910259936001
"sensitivity_dense_wide",100,20,"n=100, p=20","ar1_rho_0.5","quantile_8","delta_mean_jaccard_s",100,-0.00634920634920635,0.0396584823661833,0.00396584823661833,-0.0141222688929783,0.00142385619456558
"sensitivity_dense_wide",100,20,"n=100, p=20","ar1_rho_0.5","quantile_8","delta_mean_jaccard_2s",100,-0.00171717171717172,0.0335183298052969,0.00335183298052969,-0.00828676435900991,0.00485242092466646
"sensitivity_dense_wide",100,20,"n=100, p=20","ar1_rho_0.5","quantile_8","delta_mean_support_f1",100,-0.244989898989899,0.163903529440867,0.0163903529440867,-0.277114990760309,-0.212864807219489
"sensitivity_dense_wide",100,20,"n=100, p=20","ar1_rho_0.5","quantile_8","delta_mean_rmse",100,0.647859136515322,0.210341590605314,0.0210341590605314,0.606632184756681,0.689086088273964
"sensitivity_dense_wide",100,20,"n=100, p=20","ar1_rho_0.5","equal_width_4","delta_mean_entry_tau",100,-0.00102154708770019,0.00855579239869375,0.000855579239869375,-0.00269848239784416,0.000655388222443787
"sensitivity_dense_wide",100,20,"n=100, p=20","ar1_rho_0.5","equal_width_4","delta_mean_jaccard_s",100,-0.00666666666666666,0.0346719613787367,0.00346719613787367,-0.0134623710968991,0.000129037763565727
"sensitivity_dense_wide",100,20,"n=100, p=20","ar1_rho_0.5","equal_width_4","delta_mean_jaccard_2s",100,-4.44084330940286e-18,0.0272403984833633,0.00272403984833633,-0.00533911810273922,0.00533911810273921
"sensitivity_dense_wide",100,20,"n=100, p=20","ar1_rho_0.5","equal_width_4","delta_mean_support_f1",100,-0.195333333333333,0.14871824388495,0.014871824388495,-0.224482109134784,-0.166184557531883
"sensitivity_dense_wide",100,20,"n=100, p=20","ar1_rho_0.5","equal_width_4","delta_mean_rmse",100,0.601625218611927,0.217418446820887,0.0217418446820887,0.559011203035033,0.644239234188821
"sensitivity_dense_wide",100,20,"n=100, p=20","ar1_rho_0.9","quantile_2","delta_mean_entry_tau",100,-0.00426881642153587,0.0258176221646054,0.00258176221646054,-0.00932907036579853,0.000791437522726799
"sensitivity_dense_wide",100,20,"n=100, p=20","ar1_rho_0.9","quantile_2","delta_mean_jaccard_s",100,-0.00182539682539682,0.0708414309469689,0.00708414309469689,-0.0157103172910027,0.0120595236402091
"sensitivity_dense_wide",100,20,"n=100, p=20","ar1_rho_0.9","quantile_2","delta_mean_jaccard_2s",100,-0.00546536796536797,0.108157745998852,0.0108157745998852,-0.026664286181143,0.0157335502504071
"sensitivity_dense_wide",100,20,"n=100, p=20","ar1_rho_0.9","quantile_2","delta_mean_support_f1",100,-0.0837373737373738,0.159338965397534,0.0159338965397534,-0.11496781095529,-0.0525069365194572
"sensitivity_dense_wide",100,20,"n=100, p=20","ar1_rho_0.9","quantile_2","delta_mean_rmse",100,0.213780376298881,0.164207328964268,0.0164207328964268,0.181595739821885,0.245965012775878
"sensitivity_dense_wide",100,20,"n=100, p=20","ar1_rho_0.9","quantile_4","delta_mean_entry_tau",100,-0.00118030173732858,0.0248805085452786,0.00248805085452786,-0.00605688141220319,0.00369627793754603
"sensitivity_dense_wide",100,20,"n=100, p=20","ar1_rho_0.9","quantile_4","delta_mean_jaccard_s",100,0.00373015873015873,0.062333658511021,0.0062333658511021,-0.00848723833800138,0.0159475557983188
"sensitivity_dense_wide",100,20,"n=100, p=20","ar1_rho_0.9","quantile_4","delta_mean_jaccard_2s",100,0.0328982128982129,0.087691676931591,0.0087691676931591,0.0157106442196211,0.0500857815768047
"sensitivity_dense_wide",100,20,"n=100, p=20","ar1_rho_0.9","quantile_4","delta_mean_support_f1",100,-0.16549494949495,0.174103983188115,0.0174103983188115,-0.19961933019982,-0.131370568790079
"sensitivity_dense_wide",100,20,"n=100, p=20","ar1_rho_0.9","quantile_4","delta_mean_rmse",100,0.390102840257994,0.226478167747241,0.0226478167747241,0.345713119379535,0.434492561136453
"sensitivity_dense_wide",100,20,"n=100, p=20","ar1_rho_0.9","quantile_8","delta_mean_entry_tau",100,0.00195991991443016,0.0222520461676037,0.00222520461676037,-0.00240148113442016,0.00632132096328048
"sensitivity_dense_wide",100,20,"n=100, p=20","ar1_rho_0.9","quantile_8","delta_mean_jaccard_s",100,-0.00373015873015872,0.0680152411268528,0.00680152411268528,-0.0170611459910219,0.00960082853070442
"sensitivity_dense_wide",100,20,"n=100, p=20","ar1_rho_0.9","quantile_8","delta_mean_jaccard_2s",100,0.0327719502719503,0.0904411667206412,0.00904411667206412,0.0150454815947046,0.0504984189491959
"sensitivity_dense_wide",100,20,"n=100, p=20","ar1_rho_0.9","quantile_8","delta_mean_support_f1",100,-0.217585858585859,0.208330637301567,0.0208330637301567,-0.258418663496966,-0.176753053674751
"sensitivity_dense_wide",100,20,"n=100, p=20","ar1_rho_0.9","quantile_8","delta_mean_rmse",100,0.581793114337033,0.283677956793402,0.0283677956793402,0.526192234805526,0.637393993868539
"sensitivity_dense_wide",100,20,"n=100, p=20","ar1_rho_0.9","equal_width_4","delta_mean_entry_tau",100,-0.00167488931818039,0.0231744284516366,0.00231744284516366,-0.00621707729470116,0.00286729865834038
"sensitivity_dense_wide",100,20,"n=100, p=20","ar1_rho_0.9","equal_width_4","delta_mean_jaccard_s",100,-0.00293650793650793,0.0681105895114898,0.00681105895114898,-0.0162861834807599,0.0104131676077441
"sensitivity_dense_wide",100,20,"n=100, p=20","ar1_rho_0.9","equal_width_4","delta_mean_jaccard_2s",100,0.0353224553224553,0.0896783348521683,0.00896783348521683,0.0177455016914303,0.0528994089534803
"sensitivity_dense_wide",100,20,"n=100, p=20","ar1_rho_0.9","equal_width_4","delta_mean_support_f1",100,-0.233676767676768,0.2098275191313,0.02098275191313,-0.274802961426503,-0.192550573927033
"sensitivity_dense_wide",100,20,"n=100, p=20","ar1_rho_0.9","equal_width_4","delta_mean_rmse",100,0.553375347271813,0.272974734406101,0.0272974734406101,0.499872299328217,0.606878395215408
"sensitivity_dense_wide",100,20,"n=100, p=20","block","quantile_2","delta_mean_entry_tau",100,-0.00319306863589834,0.0211035470069987,0.00211035470069987,-0.0073293638492701,0.000943226577473413
"sensitivity_dense_wide",100,20,"n=100, p=20","block","quantile_2","delta_mean_jaccard_s",100,0.00301587301587302,0.0384658764223021,0.00384658764223021,-0.0045234387628982,0.0105551847946442
"sensitivity_dense_wide",100,20,"n=100, p=20","block","quantile_2","delta_mean_jaccard_2s",100,0.00603729603729604,0.0773560163908883,0.00773560163908883,-0.00912448317531806,0.0211990752499101
"sensitivity_dense_wide",100,20,"n=100, p=20","block","quantile_2","delta_mean_support_f1",100,-0.0962222222222222,0.166351566044785,0.0166351566044785,-0.128827129167,-0.0636173152774444
"sensitivity_dense_wide",100,20,"n=100, p=20","block","quantile_2","delta_mean_rmse",100,0.252621955296008,0.244226796644329,0.0244226796644329,0.204753503153719,0.300490407438296
"sensitivity_dense_wide",100,20,"n=100, p=20","block","quantile_4","delta_mean_entry_tau",100,-0.00270440673715471,0.0159280202882925,0.00159280202882925,-0.00582629871366005,0.00041748523935062
"sensitivity_dense_wide",100,20,"n=100, p=20","block","quantile_4","delta_mean_jaccard_s",100,-0.00555555555555555,0.0481967522360328,0.00481967522360328,-0.015002118993818,0.00389100788270687
"sensitivity_dense_wide",100,20,"n=100, p=20","block","quantile_4","delta_mean_jaccard_2s",100,0.0125252525252525,0.0659589389305146,0.00659589389305146,-0.000402699505128333,0.0254532045556334
"sensitivity_dense_wide",100,20,"n=100, p=20","block","quantile_4","delta_mean_support_f1",100,-0.207646464646465,0.20336179645566,0.020336179645566,-0.247505376751774,-0.167787552541155
"sensitivity_dense_wide",100,20,"n=100, p=20","block","quantile_4","delta_mean_rmse",100,0.397102794875317,0.280426236882381,0.0280426236882381,0.34213925244637,0.452066337304264
"sensitivity_dense_wide",100,20,"n=100, p=20","block","quantile_8","delta_mean_entry_tau",100,-0.00184893727991848,0.0147507598741829,0.00147507598741829,-0.00474008621525832,0.00104221165542137
"sensitivity_dense_wide",100,20,"n=100, p=20","block","quantile_8","delta_mean_jaccard_s",100,-0.00365079365079365,0.0334522261817021,0.00334522261817021,-0.0102074299824073,0.00290584268081996
"sensitivity_dense_wide",100,20,"n=100, p=20","block","quantile_8","delta_mean_jaccard_2s",100,0.0172727272727273,0.0626851081691026,0.00626851081691026,0.00498644607158316,0.0295590084738714
"sensitivity_dense_wide",100,20,"n=100, p=20","block","quantile_8","delta_mean_support_f1",100,-0.266585858585859,0.200441113507608,0.0200441113507608,-0.30587231683335,-0.227299400338367
"sensitivity_dense_wide",100,20,"n=100, p=20","block","quantile_8","delta_mean_rmse",100,0.627720153364082,0.29790368063802,0.029790368063802,0.56933103195903,0.686109274769134
"sensitivity_dense_wide",100,20,"n=100, p=20","block","equal_width_4","delta_mean_entry_tau",100,-0.00777238467059409,0.0183786944874967,0.00183786944874967,-0.0113746087901434,-0.00417016055104474
"sensitivity_dense_wide",100,20,"n=100, p=20","block","equal_width_4","delta_mean_jaccard_s",100,-0.000317460317460315,0.0431604066106835,0.00431604066106835,-0.00877690001315428,0.00814197937823365
"sensitivity_dense_wide",100,20,"n=100, p=20","block","equal_width_4","delta_mean_jaccard_2s",100,-0.00722222222222222,0.0889066699665604,0.00889066699665604,-0.0246479295356681,0.0102034850912236
"sensitivity_dense_wide",100,20,"n=100, p=20","block","equal_width_4","delta_mean_support_f1",100,-0.285191919191919,0.199126930951208,0.0199126930951208,-0.324220797658356,-0.246163040725482
"sensitivity_dense_wide",100,20,"n=100, p=20","block","equal_width_4","delta_mean_rmse",100,0.601128439335652,0.331908647179108,0.0331908647179108,0.536074344488547,0.666182534182757
"sensitivity_dense_wide",100,100,"n=100, p=100","independent","quantile_2","delta_mean_entry_tau",100,-0.0139366124603697,0.0262442411098733,0.00262442411098733,-0.0190804837179049,-0.00879274120283458
"sensitivity_dense_wide",100,100,"n=100, p=100","independent","quantile_2","delta_mean_jaccard_s",100,-0.00595959595959596,0.0288247740415145,0.00288247740415145,-0.0116092516717328,-0.000309940247459123
"sensitivity_dense_wide",100,100,"n=100, p=100","independent","quantile_2","delta_mean_jaccard_2s",100,-0.000981240981240981,0.0234503756077624,0.00234503756077624,-0.00557751460036241,0.00361503263788045
"sensitivity_dense_wide",100,100,"n=100, p=100","independent","quantile_2","delta_mean_support_f1",100,-0.0764805194805195,0.0861599298373931,0.00861599298373931,-0.0933678657286486,-0.0595931732323905
"sensitivity_dense_wide",100,100,"n=100, p=100","independent","quantile_2","delta_mean_rmse",100,0.31704827498328,0.18059524948718,0.018059524948718,0.281651606083793,0.352444943882768
"sensitivity_dense_wide",100,100,"n=100, p=100","independent","quantile_4","delta_mean_entry_tau",100,-0.0123795367987441,0.0265761269996348,0.00265761269996348,-0.0175884576906725,-0.0071706159068157
"sensitivity_dense_wide",100,100,"n=100, p=100","independent","quantile_4","delta_mean_jaccard_s",100,-0.00525252525252525,0.0278938961145773,0.00278938961145773,-0.0107197288909824,0.000214678385931898
"sensitivity_dense_wide",100,100,"n=100, p=100","independent","quantile_4","delta_mean_jaccard_2s",100,-0.00246031746031746,0.022426999411198,0.0022426999411198,-0.00685600934491227,0.00193537442427735
"sensitivity_dense_wide",100,100,"n=100, p=100","independent","quantile_4","delta_mean_support_f1",100,-0.22620202020202,0.129328480797515,0.0129328480797515,-0.251550402438333,-0.200853637965707
"sensitivity_dense_wide",100,100,"n=100, p=100","independent","quantile_4","delta_mean_rmse",100,0.587771441277426,0.210515422416548,0.0210515422416548,0.546510418483783,0.629032464071069
"sensitivity_dense_wide",100,100,"n=100, p=100","independent","quantile_8","delta_mean_entry_tau",100,-0.00617547219019873,0.0240256622866672,0.00240256622866672,-0.0108845019983855,-0.00146644238201196
"sensitivity_dense_wide",100,100,"n=100, p=100","independent","quantile_8","delta_mean_jaccard_s",100,-0.013962703962704,0.0366580334808898,0.00366580334808898,-0.0211476785249584,-0.00677772940044956
"sensitivity_dense_wide",100,100,"n=100, p=100","independent","quantile_8","delta_mean_jaccard_2s",100,-0.00126984126984127,0.0214338869999825,0.00214338869999825,-0.00547088312183784,0.0029312005821553
"sensitivity_dense_wide",100,100,"n=100, p=100","independent","quantile_8","delta_mean_support_f1",100,-0.376607691825083,0.141380410134939,0.0141380410134939,-0.404318252211531,-0.348897131438635
"sensitivity_dense_wide",100,100,"n=100, p=100","independent","quantile_8","delta_mean_rmse",100,0.839140953531602,0.23271824988439,0.023271824988439,0.793528176554261,0.884753730508942
"sensitivity_dense_wide",100,100,"n=100, p=100","independent","equal_width_4","delta_mean_entry_tau",100,-0.0126468348881958,0.0254403257438521,0.00254403257438521,-0.0176331387339908,-0.00766053104240077
"sensitivity_dense_wide",100,100,"n=100, p=100","independent","equal_width_4","delta_mean_jaccard_s",100,-0.008989898989899,0.0299401804306476,0.00299401804306476,-0.0148581743543059,-0.00312162362549207
"sensitivity_dense_wide",100,100,"n=100, p=100","independent","equal_width_4","delta_mean_jaccard_2s",100,-0.00646715603237343,0.0294151821396568,0.00294151821396568,-0.0122325317317462,-0.000701780333000691
"sensitivity_dense_wide",100,100,"n=100, p=100","independent","equal_width_4","delta_mean_support_f1",100,-0.260262626262626,0.133233573091424,0.0133233573091424,-0.286376406588545,-0.234148845936707
"sensitivity_dense_wide",100,100,"n=100, p=100","independent","equal_width_4","delta_mean_rmse",100,0.742163704597263,0.224208629166244,0.0224208629166244,0.698218813280679,0.786108595913847
"sensitivity_dense_wide",100,100,"n=100, p=100","ar1_rho_0.5","quantile_2","delta_mean_entry_tau",100,-0.0116261727800018,0.0343249029933758,0.00343249029933758,-0.0183538537667034,-0.00489849179330013
"sensitivity_dense_wide",100,100,"n=100, p=100","ar1_rho_0.5","quantile_2","delta_mean_jaccard_s",100,-1.10928247924053e-18,0.0302860204614975,0.00302860204614975,-0.00593606001045351,0.00593606001045351
"sensitivity_dense_wide",100,100,"n=100, p=100","ar1_rho_0.5","quantile_2","delta_mean_jaccard_2s",100,0.00316738816738817,0.0339965451598549,0.00339965451598549,-0.0034959346839434,0.00983071101871973
"sensitivity_dense_wide",100,100,"n=100, p=100","ar1_rho_0.5","quantile_2","delta_mean_support_f1",100,-0.0760937950937951,0.0873910260195387,0.00873910260195387,-0.0932224361936247,-0.0589651539939655
"sensitivity_dense_wide",100,100,"n=100, p=100","ar1_rho_0.5","quantile_2","delta_mean_rmse",100,0.290079725444887,0.138662463856942,0.0138662463856942,0.262901882528926,0.317257568360847
"sensitivity_dense_wide",100,100,"n=100, p=100","ar1_rho_0.5","quantile_4","delta_mean_entry_tau",100,-0.000952853712422805,0.0296325071248772,0.00296325071248772,-0.00676082510889874,0.00485511768405312
"sensitivity_dense_wide",100,100,"n=100, p=100","ar1_rho_0.5","quantile_4","delta_mean_jaccard_s",100,-0.0088888888888889,0.0346142476223065,0.00346142476223065,-0.015673281422861,-0.00210449635491682
"sensitivity_dense_wide",100,100,"n=100, p=100","ar1_rho_0.5","quantile_4","delta_mean_jaccard_2s",100,0.00354256854256854,0.031251085026987,0.0031251085026987,-0.00258264412272092,0.009667781207858
"sensitivity_dense_wide",100,100,"n=100, p=100","ar1_rho_0.5","quantile_4","delta_mean_support_f1",100,-0.206873015873016,0.112647737255574,0.0112647737255574,-0.228951972375108,-0.184794059370923
"sensitivity_dense_wide",100,100,"n=100, p=100","ar1_rho_0.5","quantile_4","delta_mean_rmse",100,0.543427680702755,0.176018754537363,0.0176018754537363,0.508928004813432,0.577927356592078
"sensitivity_dense_wide",100,100,"n=100, p=100","ar1_rho_0.5","quantile_8","delta_mean_entry_tau",100,0.00729586463898353,0.0291432701832307,0.00291432701832307,0.00158378368307031,0.0130079455948967
"sensitivity_dense_wide",100,100,"n=100, p=100","ar1_rho_0.5","quantile_8","delta_mean_jaccard_s",100,-0.00595959595959597,0.0360955267064931,0.00360955267064931,-0.0130343191940686,0.00111512727487669
"sensitivity_dense_wide",100,100,"n=100, p=100","ar1_rho_0.5","quantile_8","delta_mean_jaccard_2s",100,0.00265135830353221,0.0331340978121234,0.00331340978121234,-0.00384292486764397,0.0091456414747084
"sensitivity_dense_wide",100,100,"n=100, p=100","ar1_rho_0.5","quantile_8","delta_mean_support_f1",100,-0.369282828282828,0.146568865869581,0.0146568865869581,-0.398010325993266,-0.340555330572391
"sensitivity_dense_wide",100,100,"n=100, p=100","ar1_rho_0.5","quantile_8","delta_mean_rmse",100,0.806758522446187,0.204005169737863,0.0204005169737863,0.766773509177566,0.846743535714808
"sensitivity_dense_wide",100,100,"n=100, p=100","ar1_rho_0.5","equal_width_4","delta_mean_entry_tau",100,-0.000795878378209145,0.0294223136120357,0.00294223136120357,-0.00656265184616815,0.00497089508974986
"sensitivity_dense_wide",100,100,"n=100, p=100","ar1_rho_0.5","equal_width_4","delta_mean_jaccard_s",100,-0.00353535353535354,0.0311044254136048,0.00311044254136048,-0.00963182091642007,0.002561113845713
"sensitivity_dense_wide",100,100,"n=100, p=100","ar1_rho_0.5","equal_width_4","delta_mean_jaccard_2s",100,0.00513708513708513,0.0314640767727375,0.00314640767727375,-0.00102987391037141,0.0113040441845417
"sensitivity_dense_wide",100,100,"n=100, p=100","ar1_rho_0.5","equal_width_4","delta_mean_support_f1",100,-0.271486291486291,0.125390145355539,0.0125390145355539,-0.296062759975977,-0.246909822996606
"sensitivity_dense_wide",100,100,"n=100, p=100","ar1_rho_0.5","equal_width_4","delta_mean_rmse",100,0.711939994134273,0.211534817557452,0.0211534817557452,0.670479169893013,0.753400818375534
"sensitivity_dense_wide",100,100,"n=100, p=100","ar1_rho_0.9","quantile_2","delta_mean_entry_tau",100,-0.00696773427904085,0.0408681195949453,0.00408681195949453,-0.0149778857196501,0.00104241716156842
"sensitivity_dense_wide",100,100,"n=100, p=100","ar1_rho_0.9","quantile_2","delta_mean_jaccard_s",100,0.00777777777777778,0.0748411392627247,0.00748411392627247,-0.00689108551771627,0.0224466410732718
"sensitivity_dense_wide",100,100,"n=100, p=100","ar1_rho_0.9","quantile_2","delta_mean_jaccard_2s",100,0.0312214121627165,0.0875554030116079,0.00875554030116079,0.0140605531724414,0.0483822711529917
"sensitivity_dense_wide",100,100,"n=100, p=100","ar1_rho_0.9","quantile_2","delta_mean_support_f1",100,-0.0732496392496392,0.107640599545345,0.0107640599545345,-0.0943471967605269,-0.0521520817387516
"sensitivity_dense_wide",100,100,"n=100, p=100","ar1_rho_0.9","quantile_2","delta_mean_rmse",100,0.289887693878439,0.164577843264628,0.0164577843264628,0.257630436598572,0.322144951158307
"sensitivity_dense_wide",100,100,"n=100, p=100","ar1_rho_0.9","quantile_4","delta_mean_entry_tau",100,0.0170590354406517,0.0409469539019618,0.00409469539019618,0.00903343247586723,0.0250846384054363
"sensitivity_dense_wide",100,100,"n=100, p=100","ar1_rho_0.9","quantile_4","delta_mean_jaccard_s",100,0.0203593628593629,0.0676286040399424,0.00676286040399424,0.00710415646753415,0.0336145692511916
"sensitivity_dense_wide",100,100,"n=100, p=100","ar1_rho_0.9","quantile_4","delta_mean_jaccard_2s",100,0.0619838502077632,0.081828288653187,0.00818282886531871,0.0459455056317386,0.0780221947837879
"sensitivity_dense_wide",100,100,"n=100, p=100","ar1_rho_0.9","quantile_4","delta_mean_support_f1",100,-0.134916305916306,0.114231678132397,0.0114231678132397,-0.157305714830256,-0.112526897002356
"sensitivity_dense_wide",100,100,"n=100, p=100","ar1_rho_0.9","quantile_4","delta_mean_rmse",100,0.469350916582916,0.185142132313602,0.0185142132313602,0.43306305864945,0.505638774516382
"sensitivity_dense_wide",100,100,"n=100, p=100","ar1_rho_0.9","quantile_8","delta_mean_entry_tau",100,0.0385773479838104,0.0406101917777833,0.00406101917777833,0.0306177503953649,0.0465369455722559
"sensitivity_dense_wide",100,100,"n=100, p=100","ar1_rho_0.9","quantile_8","delta_mean_jaccard_s",100,0.0207323232323232,0.0679061519813168,0.00679061519813168,0.00742271744398514,0.0340419290206613
"sensitivity_dense_wide",100,100,"n=100, p=100","ar1_rho_0.9","quantile_8","delta_mean_jaccard_2s",100,0.0694680085614868,0.0870591730348256,0.00870591730348256,0.052404410646661,0.0865316064763126
"sensitivity_dense_wide",100,100,"n=100, p=100","ar1_rho_0.9","quantile_8","delta_mean_support_f1",100,-0.202816738816739,0.138661267478102,0.0138661267478102,-0.229994347242447,-0.175639130391031
"sensitivity_dense_wide",100,100,"n=100, p=100","ar1_rho_0.9","quantile_8","delta_mean_rmse",100,0.695616324609403,0.242107691441416,0.0242107691441416,0.648163217086886,0.743069432131921
"sensitivity_dense_wide",100,100,"n=100, p=100","ar1_rho_0.9","equal_width_4","delta_mean_entry_tau",100,0.0195977115249323,0.0459730159221399,0.00459730159221399,0.0105870004041929,0.0286084226456717
"sensitivity_dense_wide",100,100,"n=100, p=100","ar1_rho_0.9","equal_width_4","delta_mean_jaccard_s",100,0.020530303030303,0.0660611401969778,0.00660611401969778,0.00758231955169539,0.0334782865089107
"sensitivity_dense_wide",100,100,"n=100, p=100","ar1_rho_0.9","equal_width_4","delta_mean_jaccard_2s",100,0.0685357041509215,0.0916184772163986,0.00916184772163986,0.0505784826165074,0.0864929256853357
"sensitivity_dense_wide",100,100,"n=100, p=100","ar1_rho_0.9","equal_width_4","delta_mean_support_f1",100,-0.190492063492063,0.132211527757422,0.0132211527757422,-0.216405522932518,-0.164578604051609
"sensitivity_dense_wide",100,100,"n=100, p=100","ar1_rho_0.9","equal_width_4","delta_mean_rmse",100,0.629255534587236,0.226842611170494,0.0226842611170494,0.584794382797819,0.673716686376653
"sensitivity_dense_wide",100,100,"n=100, p=100","block","quantile_2","delta_mean_entry_tau",100,-0.0181524095188522,0.0400721424431457,0.00400721424431457,-0.0260065494377088,-0.0102982695999957
"sensitivity_dense_wide",100,100,"n=100, p=100","block","quantile_2","delta_mean_jaccard_s",100,-0.00111111111111112,0.0639159685929417,0.00639159685929417,-0.0136386409553277,0.0114164187331055
"sensitivity_dense_wide",100,100,"n=100, p=100","block","quantile_2","delta_mean_jaccard_2s",100,0.0262153257370649,0.0885568581364452,0.00885568581364452,0.0088581815423216,0.0435724699318081
"sensitivity_dense_wide",100,100,"n=100, p=100","block","quantile_2","delta_mean_support_f1",100,-0.0788369408369408,0.0947942251144322,0.00947942251144322,-0.0974166089593695,-0.0602572727145121
"sensitivity_dense_wide",100,100,"n=100, p=100","block","quantile_2","delta_mean_rmse",100,0.274414659689462,0.152487479381091,0.0152487479381091,0.244527113730769,0.304302205648156
"sensitivity_dense_wide",100,100,"n=100, p=100","block","quantile_4","delta_mean_entry_tau",100,-0.000829510833850609,0.0399513045055552,0.00399513045055552,-0.00865996651693943,0.00700094484923821
"sensitivity_dense_wide",100,100,"n=100, p=100","block","quantile_4","delta_mean_jaccard_s",100,0.0139646464646465,0.0526866039372546,0.00526866039372546,0.00363807209294455,0.0242912208363484
"sensitivity_dense_wide",100,100,"n=100, p=100","block","quantile_4","delta_mean_jaccard_2s",100,0.042203468029555,0.0850677996888014,0.00850677996888014,0.0255301792905499,0.0588767567685601
"sensitivity_dense_wide",100,100,"n=100, p=100","block","quantile_4","delta_mean_support_f1",100,-0.143818181818182,0.113968413124206,0.0113968413124206,-0.166155990790526,-0.121480372845837
"sensitivity_dense_wide",100,100,"n=100, p=100","block","quantile_4","delta_mean_rmse",100,0.457498900693377,0.172999985370803,0.0172999985370803,0.4235909035607,0.491406897826054
"sensitivity_dense_wide",100,100,"n=100, p=100","block","quantile_8","delta_mean_entry_tau",100,0.0189909682258034,0.039133052900651,0.0039133052900651,0.0113208898572758,0.026661046594331
"sensitivity_dense_wide",100,100,"n=100, p=100","block","quantile_8","delta_mean_jaccard_s",100,0.00755050505050505,0.0590977488744551,0.00590977488744551,-0.00403265372888815,0.0191336638298982
"sensitivity_dense_wide",100,100,"n=100, p=100","block","quantile_8","delta_mean_jaccard_2s",100,0.0522969494273842,0.0830787966151932,0.00830787966151932,0.0360135052908063,0.0685803935639621
"sensitivity_dense_wide",100,100,"n=100, p=100","block","quantile_8","delta_mean_support_f1",100,-0.228991341991342,0.147127722604878,0.0147127722604878,-0.257828375621898,-0.200154308360786
"sensitivity_dense_wide",100,100,"n=100, p=100","block","quantile_8","delta_mean_rmse",100,0.691079407788998,0.211083040260443,0.0211083040260443,0.649707131897951,0.732451683680045
"sensitivity_dense_wide",100,100,"n=100, p=100","block","equal_width_4","delta_mean_entry_tau",100,-0.00849477256954956,0.0392674576104007,0.00392674576104007,-0.0161911942611881,-0.000798350877911022
"sensitivity_dense_wide",100,100,"n=100, p=100","block","equal_width_4","delta_mean_jaccard_s",100,0.0145707070707071,0.0567642842007219,0.00567642842007219,0.00344490736736558,0.0256965067740486
"sensitivity_dense_wide",100,100,"n=100, p=100","block","equal_width_4","delta_mean_jaccard_2s",100,0.0496775881123707,0.0844286132663251,0.00844286132663251,0.033129579912171,0.0662255963125704
"sensitivity_dense_wide",100,100,"n=100, p=100","block","equal_width_4","delta_mean_support_f1",100,-0.219838383838384,0.130085967474246,0.0130085967474246,-0.245335233463336,-0.194341534213432
"sensitivity_dense_wide",100,100,"n=100, p=100","block","equal_width_4","delta_mean_rmse",100,0.623799758294769,0.195846268636104,0.0195846268636104,0.585413889642092,0.662185626947445
"sensitivity_dense_wide",100,200,"n=100, p=200","independent","quantile_2","delta_mean_entry_tau",100,-3.89215106950047e-05,0.029616847210227,0.0029616847210227,-0.00584382356389949,0.00576598054250948
"sensitivity_dense_wide",100,200,"n=100, p=200","independent","quantile_2","delta_mean_jaccard_s",100,-0.00277777777777778,0.0251352040641429,0.00251352040641429,-0.0077042777743498,0.00214872221879424
"sensitivity_dense_wide",100,200,"n=100, p=200","independent","quantile_2","delta_mean_jaccard_2s",100,-0.00759185731392199,0.0294085897285256,0.00294085897285256,-0.013355940900713,-0.00182777372713096
"sensitivity_dense_wide",100,200,"n=100, p=200","independent","quantile_2","delta_mean_support_f1",100,-0.0536453735965931,0.0716037551755923,0.00716037551755923,-0.0676797096110092,-0.039611037582177
"sensitivity_dense_wide",100,200,"n=100, p=200","independent","quantile_2","delta_mean_rmse",100,0.288298386636016,0.144603590542174,0.0144603590542174,0.259956082889749,0.316640690382282
"sensitivity_dense_wide",100,200,"n=100, p=200","independent","quantile_4","delta_mean_entry_tau",100,0.00972109452874992,0.0280848655365468,0.00280848655365468,0.00421646088358674,0.0152257281739131
"sensitivity_dense_wide",100,200,"n=100, p=200","independent","quantile_4","delta_mean_jaccard_s",100,-0.00242424242424243,0.0214746698670926,0.00214746698670926,-0.00663327771819257,0.00178479286970771
"sensitivity_dense_wide",100,200,"n=100, p=200","independent","quantile_4","delta_mean_jaccard_2s",100,-0.00969485389508079,0.0333197697566471,0.00333197697566471,-0.0162255287673836,-0.00316417902277796
"sensitivity_dense_wide",100,200,"n=100, p=200","independent","quantile_4","delta_mean_support_f1",100,-0.212425861401471,0.105931798175874,0.0105931798175874,-0.233188493843942,-0.191663228959
"sensitivity_dense_wide",100,200,"n=100, p=200","independent","quantile_4","delta_mean_rmse",100,0.582437641901532,0.201966921001706,0.0201966921001706,0.542852125385198,0.622023158417866
"sensitivity_dense_wide",100,200,"n=100, p=200","independent","quantile_8","delta_mean_entry_tau",100,0.0119285730023557,0.0310518304088143,0.00310518304088143,0.00584241424222806,0.0180147317624833
"sensitivity_dense_wide",100,200,"n=100, p=200","independent","quantile_8","delta_mean_jaccard_s",100,-0.00246031746031746,0.0257322169457489,0.00257322169457489,-0.00750383198168425,0.00258319706104933
"sensitivity_dense_wide",100,200,"n=100, p=200","independent","quantile_8","delta_mean_jaccard_2s",100,-0.0136553432387238,0.0410672532744235,0.00410672532744235,-0.0217045248805108,-0.00560616159693684
"sensitivity_dense_wide",100,200,"n=100, p=200","independent","quantile_8","delta_mean_support_f1",100,-0.316828106852497,0.117874639641498,0.0117874639641498,-0.339931536222231,-0.293724677482764
"sensitivity_dense_wide",100,200,"n=100, p=200","independent","quantile_8","delta_mean_rmse",100,0.79046460849854,0.239469625644499,0.0239469625644499,0.743528561872219,0.837400655124862
"sensitivity_dense_wide",100,200,"n=100, p=200","independent","equal_width_4","delta_mean_entry_tau",100,0.00701537874316381,0.0285350377485619,0.00285350377485619,0.00142251134444569,0.0126082461418819
"sensitivity_dense_wide",100,200,"n=100, p=200","independent","equal_width_4","delta_mean_jaccard_s",100,-0.0085638998682477,0.0323988638667746,0.00323988638667746,-0.0149140771861355,-0.00221372255035988
"sensitivity_dense_wide",100,200,"n=100, p=200","independent","equal_width_4","delta_mean_jaccard_2s",100,-0.0118542241145758,0.0389077635883083,0.00389077635883083,-0.0194801457778842,-0.00422830245126736
"sensitivity_dense_wide",100,200,"n=100, p=200","independent","equal_width_4","delta_mean_support_f1",100,-0.222563780172685,0.115441234345454,0.0115441234345454,-0.245190262104394,-0.199937298240977
"sensitivity_dense_wide",100,200,"n=100, p=200","independent","equal_width_4","delta_mean_rmse",100,0.699050648260162,0.210472468359085,0.0210472468359085,0.657798044461781,0.740303252058543
"sensitivity_dense_wide",100,200,"n=100, p=200","ar1_rho_0.5","quantile_2","delta_mean_entry_tau",100,0.00742814409811145,0.0297412673781523,0.00297412673781523,0.0015988556919936,0.0132574325042293
"sensitivity_dense_wide",100,200,"n=100, p=200","ar1_rho_0.5","quantile_2","delta_mean_jaccard_s",100,-0.00366051822573562,0.0287809429230044,0.00287809429230044,-0.00930158303864449,0.00198054658717324
"sensitivity_dense_wide",100,200,"n=100, p=200","ar1_rho_0.5","quantile_2","delta_mean_jaccard_2s",100,-0.00117815556641422,0.0416569498128472,0.00416569498128472,-0.00934291772973226,0.00698660659690383
"sensitivity_dense_wide",100,200,"n=100, p=200","ar1_rho_0.5","quantile_2","delta_mean_support_f1",100,-0.0854842170182499,0.08563707182917,0.008563707182917,-0.102269083096767,-0.0686993509397326
"sensitivity_dense_wide",100,200,"n=100, p=200","ar1_rho_0.5","quantile_2","delta_mean_rmse",100,0.312934992616752,0.150751181932955,0.0150751181932955,0.283387760957893,0.342482224275612
"sensitivity_dense_wide",100,200,"n=100, p=200","ar1_rho_0.5","quantile_4","delta_mean_entry_tau",100,0.0246569224650561,0.0335614502932511,0.00335614502932511,0.0180788782075789,0.0312349667225334
"sensitivity_dense_wide",100,200,"n=100, p=200","ar1_rho_0.5","quantile_4","delta_mean_jaccard_s",100,-0.00422297509254031,0.0326960763129048,0.00326960763129048,-0.0106314060498697,0.00218545586478904
"sensitivity_dense_wide",100,200,"n=100, p=200","ar1_rho_0.5","quantile_4","delta_mean_jaccard_2s",100,0.00526592628606242,0.0401577724605046,0.00401577724605046,-0.00260499711619648,0.0131368496883213
"sensitivity_dense_wide",100,200,"n=100, p=200","ar1_rho_0.5","quantile_4","delta_mean_support_f1",100,-0.201176926054975,0.101334970217693,0.0101334970217693,-0.221038580217643,-0.181315271892307
"sensitivity_dense_wide",100,200,"n=100, p=200","ar1_rho_0.5","quantile_4","delta_mean_rmse",100,0.615164233156534,0.191253398520491,0.0191253398520491,0.577678567046518,0.65264989926655
"sensitivity_dense_wide",100,200,"n=100, p=200","ar1_rho_0.5","quantile_8","delta_mean_entry_tau",100,0.0253748922518214,0.03021755650033,0.003021755650033,0.0194522511777568,0.0312975333258861
"sensitivity_dense_wide",100,200,"n=100, p=200","ar1_rho_0.5","quantile_8","delta_mean_jaccard_s",100,-0.00548591505113245,0.0308489444339099,0.00308489444339099,-0.0115323081601788,0.000560478057913889
"sensitivity_dense_wide",100,200,"n=100, p=200","ar1_rho_0.5","quantile_8","delta_mean_jaccard_2s",100,0.00243151431665329,0.0429840077901551,0.00429840077901551,-0.0059933512102171,0.0108563798435237
"sensitivity_dense_wide",100,200,"n=100, p=200","ar1_rho_0.5","quantile_8","delta_mean_support_f1",100,-0.292343961861546,0.117534231128829,0.0117534231128829,-0.315380671162796,-0.269307252560295
"sensitivity_dense_wide",100,200,"n=100, p=200","ar1_rho_0.5","quantile_8","delta_mean_rmse",100,0.814858529189059,0.234772492136559,0.0234772492136559,0.768843120730293,0.860873937647824
"sensitivity_dense_wide",100,200,"n=100, p=200","ar1_rho_0.5","equal_width_4","delta_mean_entry_tau",100,0.0211792021374052,0.0292538752466609,0.00292538752466609,0.0154454425890596,0.0269129616857507
"sensitivity_dense_wide",100,200,"n=100, p=200","ar1_rho_0.5","equal_width_4","delta_mean_jaccard_s",100,-0.00320942342681473,0.0297211508144813,0.00297211508144813,-0.00903476898645307,0.0026159221328236
"sensitivity_dense_wide",100,200,"n=100, p=200","ar1_rho_0.5","equal_width_4","delta_mean_jaccard_2s",100,0.00267610087859663,0.0401088294763287,0.00401088294763287,-0.0051852296987638,0.0105374314559571
"sensitivity_dense_wide",100,200,"n=100, p=200","ar1_rho_0.5","equal_width_4","delta_mean_support_f1",100,-0.232044839857943,0.0984724378705489,0.00984724378705489,-0.25134543768057,-0.212744242035315
"sensitivity_dense_wide",100,200,"n=100, p=200","ar1_rho_0.5","equal_width_4","delta_mean_rmse",100,0.71925211058809,0.211335918232875,0.0211335918232875,0.677830270614446,0.760673950561733
"sensitivity_dense_wide",100,200,"n=100, p=200","ar1_rho_0.9","quantile_2","delta_mean_entry_tau",100,0.0182992873399671,0.0409969058050282,0.00409969058050282,0.0102638938021815,0.0263346808777526
"sensitivity_dense_wide",100,200,"n=100, p=200","ar1_rho_0.9","quantile_2","delta_mean_jaccard_s",100,0.0315164424947034,0.0801766930957644,0.00801766930957644,0.0158018106479335,0.0472310743414732
"sensitivity_dense_wide",100,200,"n=100, p=200","ar1_rho_0.9","quantile_2","delta_mean_jaccard_2s",100,0.0397492002816736,0.0787312626851635,0.00787312626851635,0.0243178727953815,0.0551805277679656
"sensitivity_dense_wide",100,200,"n=100, p=200","ar1_rho_0.9","quantile_2","delta_mean_support_f1",100,-0.0476633759194735,0.0778672516364071,0.00778672516364072,-0.0629253572402093,-0.0324013945987377
"sensitivity_dense_wide",100,200,"n=100, p=200","ar1_rho_0.9","quantile_2","delta_mean_rmse",100,0.39737970245195,0.162758944099223,0.0162758944099223,0.365478949408503,0.429280455495398
"sensitivity_dense_wide",100,200,"n=100, p=200","ar1_rho_0.9","quantile_4","delta_mean_entry_tau",100,0.0635521283311439,0.0447233532346144,0.00447233532346144,0.0547863510971595,0.0723179055651283
"sensitivity_dense_wide",100,200,"n=100, p=200","ar1_rho_0.9","quantile_4","delta_mean_jaccard_s",100,0.0533891854522289,0.0818249830118292,0.00818249830118293,0.0373514887819104,0.0694268821225475
"sensitivity_dense_wide",100,200,"n=100, p=200","ar1_rho_0.9","quantile_4","delta_mean_jaccard_2s",100,0.101124880380819,0.0800654950044441,0.00800654950044441,0.0854320433599482,0.11681771740169
"sensitivity_dense_wide",100,200,"n=100, p=200","ar1_rho_0.9","quantile_4","delta_mean_support_f1",100,-0.110991757376046,0.0931374564798415,0.00931374564798415,-0.129246698846094,-0.0927368159059966
"sensitivity_dense_wide",100,200,"n=100, p=200","ar1_rho_0.9","quantile_4","delta_mean_rmse",100,0.710893454242848,0.212271728917664,0.0212271728917664,0.669288195374985,0.75249871311071
"sensitivity_dense_wide",100,200,"n=100, p=200","ar1_rho_0.9","quantile_8","delta_mean_entry_tau",100,0.0825518965689612,0.0384281628111904,0.00384281628111904,0.0750199766579679,0.0900838164799545
"sensitivity_dense_wide",100,200,"n=100, p=200","ar1_rho_0.9","quantile_8","delta_mean_jaccard_s",100,0.0604078409513192,0.08154371186474,0.008154371186474,0.0444252734258302,0.0763904084768083
"sensitivity_dense_wide",100,200,"n=100, p=200","ar1_rho_0.9","quantile_8","delta_mean_jaccard_2s",100,0.122701333028309,0.0791963228978483,0.00791963228978483,0.107178853740331,0.138223812316288
"sensitivity_dense_wide",100,200,"n=100, p=200","ar1_rho_0.9","quantile_8","delta_mean_support_f1",100,-0.149271610440357,0.0939230656290727,0.00939230656290727,-0.167680531303655,-0.130862689577059
"sensitivity_dense_wide",100,200,"n=100, p=200","ar1_rho_0.9","quantile_8","delta_mean_rmse",100,1.07422767449191,0.26875316826686,0.026875316826686,1.02155205351161,1.12690329547221
"sensitivity_dense_wide",100,200,"n=100, p=200","ar1_rho_0.9","equal_width_4","delta_mean_entry_tau",100,0.0578835494118183,0.0388648392579278,0.00388648392579278,0.0502660409172644,0.0655010579063721
"sensitivity_dense_wide",100,200,"n=100, p=200","ar1_rho_0.9","equal_width_4","delta_mean_jaccard_s",100,0.0576291220856438,0.0766912266704545,0.00766912266704545,0.0425976416582347,0.0726606025130529
"sensitivity_dense_wide",100,200,"n=100, p=200","ar1_rho_0.9","equal_width_4","delta_mean_jaccard_2s",100,0.111564551592527,0.0799741444079388,0.00799741444079388,0.0958896192885706,0.127239483896483
"sensitivity_dense_wide",100,200,"n=100, p=200","ar1_rho_0.9","equal_width_4","delta_mean_support_f1",100,-0.129292102206736,0.0973461561031755,0.00973461561031755,-0.148371948802959,-0.110212255610514
"sensitivity_dense_wide",100,200,"n=100, p=200","ar1_rho_0.9","equal_width_4","delta_mean_rmse",100,0.931073131639685,0.26462375452,0.026462375452,0.879206875753765,0.982939387525605
"sensitivity_dense_wide",100,200,"n=100, p=200","block","quantile_2","delta_mean_entry_tau",100,0.000223848274337931,0.0385355556974616,0.00385355556974616,-0.00732912064236454,0.0077768171910404
"sensitivity_dense_wide",100,200,"n=100, p=200","block","quantile_2","delta_mean_jaccard_s",100,0.00550113871635611,0.0745330100220936,0.00745330100220936,-0.00910733124797423,0.0201096086806864
"sensitivity_dense_wide",100,200,"n=100, p=200","block","quantile_2","delta_mean_jaccard_2s",100,0.0109333432189092,0.0843769421510921,0.00843769421510921,-0.00560453744270485,0.0274712238805232
"sensitivity_dense_wide",100,200,"n=100, p=200","block","quantile_2","delta_mean_support_f1",100,-0.0629633065931988,0.0727405296264834,0.00727405296264834,-0.0772204503999896,-0.0487061627864081
"sensitivity_dense_wide",100,200,"n=100, p=200","block","quantile_2","delta_mean_rmse",100,0.403136757985026,0.165752862111111,0.0165752862111111,0.370649197011248,0.435624318958804
"sensitivity_dense_wide",100,200,"n=100, p=200","block","quantile_4","delta_mean_entry_tau",100,0.0393114060461485,0.039735472576997,0.0039735472576997,0.0315232534210571,0.0470995586712399
"sensitivity_dense_wide",100,200,"n=100, p=200","block","quantile_4","delta_mean_jaccard_s",100,0.0217920760399021,0.0687745525045828,0.00687745525045828,0.0083122637490039,0.0352718883308003
"sensitivity_dense_wide",100,200,"n=100, p=200","block","quantile_4","delta_mean_jaccard_2s",100,0.0602877926108203,0.0755741465964853,0.00755741465964853,0.0454752598779092,0.0751003253437314
"sensitivity_dense_wide",100,200,"n=100, p=200","block","quantile_4","delta_mean_support_f1",100,-0.122803108878265,0.0787764218892324,0.00787764218892324,-0.138243287568554,-0.107362930187975
"sensitivity_dense_wide",100,200,"n=100, p=200","block","quantile_4","delta_mean_rmse",100,0.727282301388912,0.211199216036363,0.0211199216036363,0.685887255045784,0.768677347732039
"sensitivity_dense_wide",100,200,"n=100, p=200","block","quantile_8","delta_mean_entry_tau",100,0.0613707486810828,0.0399261697984794,0.00399261697984794,0.0535452194005808,0.0691962779615847
"sensitivity_dense_wide",100,200,"n=100, p=200","block","quantile_8","delta_mean_jaccard_s",100,0.0318560700169396,0.0579695676038638,0.00579695676038638,0.0204940347665823,0.0432181052672969
"sensitivity_dense_wide",100,200,"n=100, p=200","block","quantile_8","delta_mean_jaccard_2s",100,0.0899795424787293,0.0648511294218548,0.00648511294218548,0.0772687211120458,0.102690363845413
"sensitivity_dense_wide",100,200,"n=100, p=200","block","quantile_8","delta_mean_support_f1",100,-0.180898265942792,0.101716858730411,0.0101716858730411,-0.200834770253953,-0.160961761631632
"sensitivity_dense_wide",100,200,"n=100, p=200","block","quantile_8","delta_mean_rmse",100,1.05537630903105,0.269484325284263,0.0269484325284263,1.00255738127534,1.10819523678677
"sensitivity_dense_wide",100,200,"n=100, p=200","block","equal_width_4","delta_mean_entry_tau",100,0.0395668355479312,0.0436563198062013,0.00436563198062013,0.0310101968659157,0.0481234742299466
"sensitivity_dense_wide",100,200,"n=100, p=200","block","equal_width_4","delta_mean_jaccard_s",100,0.0193424242424242,0.064240499060406,0.0064240499060406,0.00675128642658466,0.0319335620582638
"sensitivity_dense_wide",100,200,"n=100, p=200","block","equal_width_4","delta_mean_jaccard_2s",100,0.0709161797705305,0.0743688016356479,0.00743688016356479,0.0563398946499436,0.0854924648911175
"sensitivity_dense_wide",100,200,"n=100, p=200","block","equal_width_4","delta_mean_support_f1",100,-0.151540542365557,0.090184518826666,0.0090184518826666,-0.169216708055583,-0.13386437667553
"sensitivity_dense_wide",100,200,"n=100, p=200","block","equal_width_4","delta_mean_rmse",100,0.914874823586176,0.262904281531062,0.0262904281531062,0.863345584406088,0.966404062766264
"sensitivity_dense_wide",500,100,"n=500, p=100","independent","quantile_2","delta_mean_entry_tau",100,-0.000867037361870965,0.00105502268097336,0.000105502268097336,-0.00107382180734174,-0.000660252916400186
"sensitivity_dense_wide",500,100,"n=500, p=100","independent","quantile_2","delta_mean_jaccard_s",100,0,0,0,0,0
"sensitivity_dense_wide",500,100,"n=500, p=100","independent","quantile_2","delta_mean_jaccard_2s",100,0.00242800677583286,0.0239062804760523,0.00239062804760523,-0.00225762419747338,0.00711363774913911
"sensitivity_dense_wide",500,100,"n=500, p=100","independent","quantile_2","delta_mean_support_f1",100,-0.005,0.021904291355759,0.0021904291355759,-0.00929324110572877,-0.00070675889427123
"sensitivity_dense_wide",500,100,"n=500, p=100","independent","quantile_2","delta_mean_rmse",100,0.366925349416424,0.167065593523523,0.0167065593523523,0.334180493085814,0.399670205747035
"sensitivity_dense_wide",500,100,"n=500, p=100","independent","quantile_4","delta_mean_entry_tau",100,-0.00175402080159424,0.0011351598188717,0.00011351598188717,-0.0019765121260931,-0.00153152947709539
"sensitivity_dense_wide",500,100,"n=500, p=100","independent","quantile_4","delta_mean_jaccard_s",100,-0.00121212121212121,0.00852759358401757,0.000852759358401757,-0.00288352955458866,0.00045928713034623
"sensitivity_dense_wide",500,100,"n=500, p=100","independent","quantile_4","delta_mean_jaccard_2s",100,0.000288600288600289,0.0273892982548674,0.00273892982548674,-0.00507970216935373,0.00565690274655431
"sensitivity_dense_wide",500,100,"n=500, p=100","independent","quantile_4","delta_mean_support_f1",100,-0.0163015873015873,0.0397897253713444,0.00397897253713444,-0.0241003734743708,-0.0085028011288038
"sensitivity_dense_wide",500,100,"n=500, p=100","independent","quantile_4","delta_mean_rmse",100,0.52962880609185,0.145960004839589,0.0145960004839589,0.501020645143291,0.558236967040409
"sensitivity_dense_wide",500,100,"n=500, p=100","independent","quantile_8","delta_mean_entry_tau",100,-0.00251116910663485,0.00211059250872795,0.000211059250872795,-0.00292484523834553,-0.00209749297492417
"sensitivity_dense_wide",500,100,"n=500, p=100","independent","quantile_8","delta_mean_jaccard_s",100,-0.00545454545454546,0.0174317267433128,0.00174317267433128,-0.00887116389623477,-0.00203792701285615
"sensitivity_dense_wide",500,100,"n=500, p=100","independent","quantile_8","delta_mean_jaccard_2s",100,0.000350084697910783,0.0278034340545043,0.00278034340545043,-0.00509938837677205,0.00579955777259362
"sensitivity_dense_wide",500,100,"n=500, p=100","independent","quantile_8","delta_mean_support_f1",100,-0.095031746031746,0.0719769995688334,0.00719769995688334,-0.109139237947237,-0.0809242541162546
"sensitivity_dense_wide",500,100,"n=500, p=100","independent","quantile_8","delta_mean_rmse",100,0.88532823174068,0.154223665370416,0.0154223665370416,0.855100393328079,0.915556070153282
"sensitivity_dense_wide",500,100,"n=500, p=100","independent","equal_width_4","delta_mean_entry_tau",100,-0.00191986660019315,0.00171257557100822,0.000171257557100822,-0.00225553141211076,-0.00158420178827554
"sensitivity_dense_wide",500,100,"n=500, p=100","independent","equal_width_4","delta_mean_jaccard_s",100,-0.00464646464646465,0.0193909207595336,0.00193909207595336,-0.00844708511533324,-0.000845844177596055
"sensitivity_dense_wide",500,100,"n=500, p=100","independent","equal_width_4","delta_mean_jaccard_2s",100,0.00115816550599159,0.0234992932916117,0.00234992932916117,-0.0034476959791643,0.00576402699114748
"sensitivity_dense_wide",500,100,"n=500, p=100","independent","equal_width_4","delta_mean_support_f1",100,-0.0521948051948052,0.05946822220887,0.005946822220887,-0.0638505767477437,-0.0405390336418667
"sensitivity_dense_wide",500,100,"n=500, p=100","independent","equal_width_4","delta_mean_rmse",100,0.740073383515562,0.191190932435807,0.0191190932435807,0.702599960758144,0.77754680627298
"sensitivity_dense_wide",500,100,"n=500, p=100","ar1_rho_0.5","quantile_2","delta_mean_entry_tau",100,-0.000924872812095993,0.00246760300084607,0.000246760300084607,-0.00140852300026182,-0.000441222623930164
"sensitivity_dense_wide",500,100,"n=500, p=100","ar1_rho_0.5","quantile_2","delta_mean_jaccard_s",100,-0.00111111111111111,0.0186029186684021,0.00186029186684021,-0.00475728317011792,0.0025350609478957
"sensitivity_dense_wide",500,100,"n=500, p=100","ar1_rho_0.5","quantile_2","delta_mean_jaccard_2s",100,-0.000288600288600289,0.0186335841148723,0.00186335841148723,-0.00394078277511526,0.00336358219791468
"sensitivity_dense_wide",500,100,"n=500, p=100","ar1_rho_0.5","quantile_2","delta_mean_support_f1",100,-0.0259076479076479,0.0467417755629092,0.00467417755629092,-0.0350690359179781,-0.0167462598973177
"sensitivity_dense_wide",500,100,"n=500, p=100","ar1_rho_0.5","quantile_2","delta_mean_rmse",100,0.312869212236536,0.192726232839716,0.0192726232839716,0.275094870599952,0.35064355387312
"sensitivity_dense_wide",500,100,"n=500, p=100","ar1_rho_0.5","quantile_4","delta_mean_entry_tau",100,-0.00348369363127473,0.0062723679626547,0.00062723679626547,-0.00471307775195505,-0.00225430951059441
"sensitivity_dense_wide",500,100,"n=500, p=100","ar1_rho_0.5","quantile_4","delta_mean_jaccard_s",100,-0.00181818181818182,0.0181818181818182,0.00181818181818182,-0.00538181818181819,0.00174545454545455
"sensitivity_dense_wide",500,100,"n=500, p=100","ar1_rho_0.5","quantile_4","delta_mean_jaccard_2s",100,-0.00435786435786436,0.0217192115031121,0.00217192115031121,-0.00861482981247433,-0.000100898903254391
"sensitivity_dense_wide",500,100,"n=500, p=100","ar1_rho_0.5","quantile_4","delta_mean_support_f1",100,-0.0846984126984127,0.0700488555810716,0.00700488555810716,-0.0984279883923027,-0.0709688370045226
"sensitivity_dense_wide",500,100,"n=500, p=100","ar1_rho_0.5","quantile_4","delta_mean_rmse",100,0.523196443540797,0.191115198710375,0.0191115198710375,0.485737864593563,0.56065502248803
"sensitivity_dense_wide",500,100,"n=500, p=100","ar1_rho_0.5","quantile_8","delta_mean_entry_tau",100,-0.00395089988007739,0.00609365734552102,0.000609365734552101,-0.00514525671979951,-0.00275654304035527
"sensitivity_dense_wide",500,100,"n=500, p=100","ar1_rho_0.5","quantile_8","delta_mean_jaccard_s",100,-0.00787878787878789,0.025342356291401,0.0025342356291401,-0.0128458897119025,-0.00291168604567329
"sensitivity_dense_wide",500,100,"n=500, p=100","ar1_rho_0.5","quantile_8","delta_mean_jaccard_2s",100,-0.00375180375180375,0.0214894736928222,0.00214894736928222,-0.00796374059559691,0.000460133091989399
"sensitivity_dense_wide",500,100,"n=500, p=100","ar1_rho_0.5","quantile_8","delta_mean_support_f1",100,-0.172222222222222,0.0851582927146405,0.00851582927146404,-0.188913247594292,-0.155531196850153
"sensitivity_dense_wide",500,100,"n=500, p=100","ar1_rho_0.5","quantile_8","delta_mean_rmse",100,0.900410699197292,0.217008244993482,0.0217008244993482,0.857877083178569,0.942944315216014
"sensitivity_dense_wide",500,100,"n=500, p=100","ar1_rho_0.5","equal_width_4","delta_mean_entry_tau",100,-0.00364224784613175,0.00455906486646658,0.000455906486646658,-0.0045358245599592,-0.0027486711323043
"sensitivity_dense_wide",500,100,"n=500, p=100","ar1_rho_0.5","equal_width_4","delta_mean_jaccard_s",100,0,0.0149201807247676,0.00149201807247676,-0.00292435542205445,0.00292435542205445
"sensitivity_dense_wide",500,100,"n=500, p=100","ar1_rho_0.5","equal_width_4","delta_mean_jaccard_2s",100,-0.00318181818181818,0.0217376456264609,0.00217376456264609,-0.00744239672460451,0.00107876036096815
"sensitivity_dense_wide",500,100,"n=500, p=100","ar1_rho_0.5","equal_width_4","delta_mean_support_f1",100,-0.165904761904762,0.08592468195016,0.008592468195016,-0.182745999566993,-0.14906352424253
"sensitivity_dense_wide",500,100,"n=500, p=100","ar1_rho_0.5","equal_width_4","delta_mean_rmse",100,0.862894236854639,0.246016566368896,0.0246016566368896,0.814674989846335,0.911113483862943
"sensitivity_dense_wide",500,100,"n=500, p=100","ar1_rho_0.9","quantile_2","delta_mean_entry_tau",100,-0.00664681480851977,0.0179225803802265,0.00179225803802265,-0.0101596405630442,-0.00313398905399539
"sensitivity_dense_wide",500,100,"n=500, p=100","ar1_rho_0.9","quantile_2","delta_mean_jaccard_s",100,0.000914918414918416,0.0518999890588115,0.00518999890588115,-0.00925747944060863,0.0110873162704455
"sensitivity_dense_wide",500,100,"n=500, p=100","ar1_rho_0.9","quantile_2","delta_mean_jaccard_2s",100,0.0131256666039275,0.0672794946769946,0.00672794946769946,-6.11143527634757e-05,0.0263124475606184
"sensitivity_dense_wide",500,100,"n=500, p=100","ar1_rho_0.9","quantile_2","delta_mean_support_f1",100,-0.114868686868687,0.0924080097670673,0.00924080097670673,-0.132980656783032,-0.0967567169543417
"sensitivity_dense_wide",500,100,"n=500, p=100","ar1_rho_0.9","quantile_2","delta_mean_rmse",100,0.306758121413098,0.212015514683479,0.0212015514683479,0.265203080535137,0.34831316229106
"sensitivity_dense_wide",500,100,"n=500, p=100","ar1_rho_0.9","quantile_4","delta_mean_entry_tau",100,-0.00707422389551823,0.0169034025982631,0.00169034025982631,-0.0103872908047778,-0.00376115698625867
"sensitivity_dense_wide",500,100,"n=500, p=100","ar1_rho_0.9","quantile_4","delta_mean_jaccard_s",100,-0.00393939393939394,0.0523171495393336,0.00523171495393336,-0.0141935552491033,0.00631476737031544
"sensitivity_dense_wide",500,100,"n=500, p=100","ar1_rho_0.9","quantile_4","delta_mean_jaccard_2s",100,0.0261820063993977,0.0670012218406531,0.00670012218406531,0.0130497669186297,0.0393142458801657
"sensitivity_dense_wide",500,100,"n=500, p=100","ar1_rho_0.9","quantile_4","delta_mean_support_f1",100,-0.190219336219336,0.10694400474948,0.010694400474948,-0.211180361150234,-0.169258311288438
"sensitivity_dense_wide",500,100,"n=500, p=100","ar1_rho_0.9","quantile_4","delta_mean_rmse",100,0.527996893413042,0.231629361715995,0.0231629361715995,0.482597538516707,0.573396248309377
"sensitivity_dense_wide",500,100,"n=500, p=100","ar1_rho_0.9","quantile_8","delta_mean_entry_tau",100,-0.000791240172035524,0.0152545334778202,0.00152545334778202,-0.00378112873368829,0.00219864838961724
"sensitivity_dense_wide",500,100,"n=500, p=100","ar1_rho_0.9","quantile_8","delta_mean_jaccard_s",100,0.0031060606060606,0.0482413502087769,0.00482413502087769,-0.00634924403485966,0.0125613652469809
"sensitivity_dense_wide",500,100,"n=500, p=100","ar1_rho_0.9","quantile_8","delta_mean_jaccard_2s",100,0.0343741765480896,0.0636996135247363,0.00636996135247363,0.0218890522972413,0.0468593007989379
"sensitivity_dense_wide",500,100,"n=500, p=100","ar1_rho_0.9","quantile_8","delta_mean_support_f1",100,-0.29478354978355,0.115977665271596,0.0115977665271596,-0.317515172176783,-0.272051927390317
"sensitivity_dense_wide",500,100,"n=500, p=100","ar1_rho_0.9","quantile_8","delta_mean_rmse",100,0.761721323686623,0.271916568455242,0.0271916568455242,0.708425676269395,0.81501697110385
"sensitivity_dense_wide",500,100,"n=500, p=100","ar1_rho_0.9","equal_width_4","delta_mean_entry_tau",100,-0.0116648140823555,0.0180056439590997,0.00180056439590997,-0.015193920298339,-0.00813570786637195
"sensitivity_dense_wide",500,100,"n=500, p=100","ar1_rho_0.9","equal_width_4","delta_mean_jaccard_s",100,0.00171717171717171,0.0448767824646059,0.00448767824646059,-0.00707867764589104,0.0105130210802345
"sensitivity_dense_wide",500,100,"n=500, p=100","ar1_rho_0.9","equal_width_4","delta_mean_jaccard_2s",100,0.0295653742392873,0.0647272544918541,0.00647272544918541,0.0168788323588839,0.0422519161196907
"sensitivity_dense_wide",500,100,"n=500, p=100","ar1_rho_0.9","equal_width_4","delta_mean_support_f1",100,-0.309217893217893,0.131589925463864,0.0131589925463864,-0.335009518608811,-0.283426267826976
"sensitivity_dense_wide",500,100,"n=500, p=100","ar1_rho_0.9","equal_width_4","delta_mean_rmse",100,0.767798064895558,0.281844963237686,0.0281844963237686,0.712556452100971,0.823039677690144
"sensitivity_dense_wide",500,100,"n=500, p=100","block","quantile_2","delta_mean_entry_tau",100,-0.0047679905921283,0.0121318471533261,0.00121318471533261,-0.00714583263418022,-0.00239014855007638
"sensitivity_dense_wide",500,100,"n=500, p=100","block","quantile_2","delta_mean_jaccard_s",100,0.00474747474747475,0.0277447838111274,0.00277447838111274,-0.000690502879506224,0.0101854523744557
"sensitivity_dense_wide",500,100,"n=500, p=100","block","quantile_2","delta_mean_jaccard_2s",100,0.00723351527699354,0.0435251044136583,0.00435251044136583,-0.00129740518808348,0.0157644357420706
"sensitivity_dense_wide",500,100,"n=500, p=100","block","quantile_2","delta_mean_support_f1",100,-0.0938513708513709,0.0800401116367627,0.00800401116367627,-0.109539232732176,-0.0781635089705654
"sensitivity_dense_wide",500,100,"n=500, p=100","block","quantile_2","delta_mean_rmse",100,0.326302923510262,0.167052175523549,0.0167052175523549,0.293560697107647,0.359045149912878
"sensitivity_dense_wide",500,100,"n=500, p=100","block","quantile_4","delta_mean_entry_tau",100,-0.00916834279559868,0.0127197931756077,0.00127197931756076,-0.0116614222580178,-0.00667526333317958
"sensitivity_dense_wide",500,100,"n=500, p=100","block","quantile_4","delta_mean_jaccard_s",100,-0.00191919191919192,0.0356531100401298,0.00356531100401298,-0.00890720148705736,0.00506881764867352
"sensitivity_dense_wide",500,100,"n=500, p=100","block","quantile_4","delta_mean_jaccard_2s",100,0.00765167199949809,0.0436028806765786,0.00436028806765786,-0.000894492613111327,0.0161978366121075
"sensitivity_dense_wide",500,100,"n=500, p=100","block","quantile_4","delta_mean_support_f1",100,-0.212533910533911,0.107992884732259,0.0107992884732259,-0.233700515941433,-0.191367305126388
"sensitivity_dense_wide",500,100,"n=500, p=100","block","quantile_4","delta_mean_rmse",100,0.62809783223507,0.216307528148359,0.0216307528148359,0.585701556717991,0.670494107752148
"sensitivity_dense_wide",500,100,"n=500, p=100","block","quantile_8","delta_mean_entry_tau",100,-0.00579828068047329,0.0125737545975661,0.00125737545975661,-0.00826273658159624,-0.00333382477935033
"sensitivity_dense_wide",500,100,"n=500, p=100","block","quantile_8","delta_mean_jaccard_s",100,-0.00242424242424243,0.0368311051509107,0.00368311051509107,-0.00964313903382092,0.00479465418533607
"sensitivity_dense_wide",500,100,"n=500, p=100","block","quantile_8","delta_mean_jaccard_2s",100,0.00629148629148629,0.0444653046722041,0.00444653046722041,-0.00242371342426571,0.0150066860072383
"sensitivity_dense_wide",500,100,"n=500, p=100","block","quantile_8","delta_mean_support_f1",100,-0.319640692640693,0.112973863116171,0.0112973863116171,-0.341783569811462,-0.297497815469923
"sensitivity_dense_wide",500,100,"n=500, p=100","block","quantile_8","delta_mean_rmse",100,0.904732089142835,0.244201936508597,0.0244201936508597,0.85686850958715,0.952595668698521
"sensitivity_dense_wide",500,100,"n=500, p=100","block","equal_width_4","delta_mean_entry_tau",100,-0.0150461268381288,0.0141213143430369,0.00141213143430369,-0.017813904449364,-0.0122783492268935
"sensitivity_dense_wide",500,100,"n=500, p=100","block","equal_width_4","delta_mean_jaccard_s",100,-0.00121212121212122,0.0326215698377878,0.00326215698377878,-0.00760594890032762,0.00518170647608519
"sensitivity_dense_wide",500,100,"n=500, p=100","block","equal_width_4","delta_mean_jaccard_2s",100,0.00289070832549093,0.0507722655027977,0.00507722655027977,-0.00706065571305741,0.0128420723640393
"sensitivity_dense_wide",500,100,"n=500, p=100","block","equal_width_4","delta_mean_support_f1",100,-0.348528138528139,0.109153689275407,0.0109153689275407,-0.369922261626118,-0.327134015430159
"sensitivity_dense_wide",500,100,"n=500, p=100","block","equal_width_4","delta_mean_rmse",100,0.918395148136,0.25461133571965,0.025461133571965,0.868491326334949,0.968298969937051
