"path_specification","n","p","dimension","correlation","scheme","metric","replications","mean","sd","se","ci_lower","ci_upper"
"primary_controlled",100,20,"n=100, p=20","independent","original","mean_entry_tau",100,0.996970269125406,0.0026723583364932,0.00026723583364932,0.996446486891453,0.997494051359358
"primary_controlled",100,20,"n=100, p=20","independent","original","mean_jaccard_s",100,0.998888888888889,0.0111111111111111,0.00111111111111111,0.996711111111111,1.00106666666667
"primary_controlled",100,20,"n=100, p=20","independent","original","mean_jaccard_2s",100,0.993333333333333,0.0190585477415285,0.00190585477415285,0.989597857975994,0.997068808690673
"primary_controlled",100,20,"n=100, p=20","independent","original","mean_support_f1",100,0.98769696969697,0.0477558836802228,0.00477558836802228,0.978336816495646,0.997057122898293
"primary_controlled",100,20,"n=100, p=20","independent","original","mean_rmse",100,1.68971215633222,0.271432180320484,0.0271432180320484,1.6365114489894,1.74291286367503
"primary_controlled",100,20,"n=100, p=20","independent","original","f1_lasso",100,0.988,0.0477366513151884,0.00477366513151884,0.978643616342223,0.997356383657777
"primary_controlled",100,20,"n=100, p=20","independent","original","f1_lar",100,0.988,0.0477366513151884,0.00477366513151884,0.978643616342223,0.997356383657777
"primary_controlled",100,20,"n=100, p=20","independent","original","f1_glmnet",100,0.987090909090909,0.0483672817035849,0.00483672817035849,0.977610921877006,0.996570896304812
"primary_controlled",100,20,"n=100, p=20","independent","original","rmse_lasso",100,1.56433363530486,0.272835533580644,0.0272835533580644,1.51085787072306,1.61780939988667
"primary_controlled",100,20,"n=100, p=20","independent","original","rmse_lar",100,1.56433363530486,0.272835533580644,0.0272835533580644,1.51085787072306,1.61780939988667
"primary_controlled",100,20,"n=100, p=20","independent","original","rmse_glmnet",100,1.94046919838693,0.335200252165786,0.0335200252165786,1.87476994896244,2.00616844781143
"primary_controlled",100,20,"n=100, p=20","independent","original","elapsed_seconds",100,0.0106999999999997,0.013872070625337,0.0013872070625337,0.00798107415743369,0.0134189258425658
"primary_controlled",100,20,"n=100, p=20","independent","quantile_2","mean_entry_tau",100,0.997854161736096,0.00244656508126399,0.000244656508126399,0.997374634980168,0.998333688492024
"primary_controlled",100,20,"n=100, p=20","independent","quantile_2","mean_jaccard_s",100,0.998888888888889,0.0111111111111111,0.00111111111111111,0.996711111111111,1.00106666666667
"primary_controlled",100,20,"n=100, p=20","independent","quantile_2","mean_jaccard_2s",100,0.996363636363636,0.0144656519136935,0.00144656519136935,0.993528368588552,0.99919890413872
"primary_controlled",100,20,"n=100, p=20","independent","quantile_2","mean_support_f1",100,0.96769696969697,0.0736199424679674,0.00736199424679674,0.953267460973248,0.982126478420691
"primary_controlled",100,20,"n=100, p=20","independent","quantile_2","mean_rmse",100,1.98275481243946,0.332389984267244,0.0332389984267244,1.91760637552308,2.04790324935584
"primary_controlled",100,20,"n=100, p=20","independent","quantile_2","f1_lasso",100,0.968,0.0736905898354941,0.00736905898354941,0.953556644392243,0.982443355607757
"primary_controlled",100,20,"n=100, p=20","independent","quantile_2","f1_lar",100,0.968,0.0736905898354941,0.00736905898354941,0.953556644392243,0.982443355607757
"primary_controlled",100,20,"n=100, p=20","independent","quantile_2","f1_glmnet",100,0.967090909090909,0.0738524078489471,0.00738524078489471,0.952615837152516,0.981565981029303
"primary_controlled",100,20,"n=100, p=20","independent","quantile_2","rmse_lasso",100,1.94685808233087,0.335349922962479,0.0335349922962479,1.88112949743023,2.01258666723152
"primary_controlled",100,20,"n=100, p=20","independent","quantile_2","rmse_lar",100,1.94685808233087,0.335349922962479,0.0335349922962479,1.88112949743023,2.01258666723152
"primary_controlled",100,20,"n=100, p=20","independent","quantile_2","rmse_glmnet",100,2.05454827265663,0.341187117097899,0.0341187117097899,1.98767559770544,2.12142094760782
"primary_controlled",100,20,"n=100, p=20","independent","quantile_2","elapsed_seconds",100,0.0233999999999998,0.0188679622641133,0.00188679622641133,0.0197018793962336,0.027098120603766
"primary_controlled",100,20,"n=100, p=20","independent","quantile_4","mean_entry_tau",100,0.997218039011623,0.00299083454868137,0.000299083454868137,0.996631835440081,0.997804242583164
"primary_controlled",100,20,"n=100, p=20","independent","quantile_4","mean_jaccard_s",100,0.996666666666667,0.0190496231108628,0.00190496231108628,0.992932940536938,1.0004003927964
"primary_controlled",100,20,"n=100, p=20","independent","quantile_4","mean_jaccard_2s",100,0.99,0.0261002491263077,0.00261002491263077,0.984884351171244,0.995115648828756
"primary_controlled",100,20,"n=100, p=20","independent","quantile_4","mean_support_f1",100,0.889878787878788,0.107997290148377,0.0107997290148377,0.868711319009706,0.91104625674787
"primary_controlled",100,20,"n=100, p=20","independent","quantile_4","mean_rmse",100,2.14255155505078,0.3350863410847,0.03350863410847,2.07687463219818,2.20822847790338
"primary_controlled",100,20,"n=100, p=20","independent","quantile_4","f1_lasso",100,0.89,0.107778298447144,0.0107778298447144,0.86887545350436,0.91112454649564
"primary_controlled",100,20,"n=100, p=20","independent","quantile_4","f1_lar",100,0.89,0.107778298447144,0.0107778298447144,0.86887545350436,0.91112454649564
"primary_controlled",100,20,"n=100, p=20","independent","quantile_4","f1_glmnet",100,0.889636363636364,0.109129316777308,0.0109129316777308,0.868247017548011,0.911025709724716
"primary_controlled",100,20,"n=100, p=20","independent","quantile_4","rmse_lasso",100,2.12162840356385,0.33293337362391,0.033293337362391,2.05637346233356,2.18688334479414
"primary_controlled",100,20,"n=100, p=20","independent","quantile_4","rmse_lar",100,2.12162840356385,0.33293337362391,0.033293337362391,2.05637346233356,2.18688334479414
"primary_controlled",100,20,"n=100, p=20","independent","quantile_4","rmse_glmnet",100,2.18439785802464,0.344898283393943,0.0344898283393943,2.11679779447943,2.25199792156985
"primary_controlled",100,20,"n=100, p=20","independent","quantile_4","elapsed_seconds",100,0.0627999999999996,0.0198519774859087,0.00198519774859087,0.0589090124127615,0.0666909875872377
"primary_controlled",100,20,"n=100, p=20","independent","quantile_8","mean_entry_tau",100,0.99542237317061,0.0045330369815619,0.00045330369815619,0.994533897922224,0.996310848418996
"primary_controlled",100,20,"n=100, p=20","independent","quantile_8","mean_jaccard_s",100,0.985873015873016,0.0391998866497174,0.00391998866497173,0.978189838089671,0.99355619365636
"primary_controlled",100,20,"n=100, p=20","independent","quantile_8","mean_jaccard_2s",100,0.990909090909091,0.0233934604276529,0.00233934604276529,0.986323972665271,0.995494209152911
"primary_controlled",100,20,"n=100, p=20","independent","quantile_8","mean_support_f1",100,0.757383838383838,0.153127138644417,0.0153127138644417,0.727370919209533,0.787396757558144
"primary_controlled",100,20,"n=100, p=20","independent","quantile_8","mean_rmse",100,2.41222479349587,0.370734400636308,0.0370734400636308,2.33956085097115,2.48488873602059
"primary_controlled",100,20,"n=100, p=20","independent","quantile_8","f1_lasso",100,0.758,0.156463440077253,0.0156463440077253,0.727333165744859,0.788666834255142
"primary_controlled",100,20,"n=100, p=20","independent","quantile_8","f1_lar",100,0.758,0.156463440077253,0.0156463440077253,0.727333165744859,0.788666834255142
"primary_controlled",100,20,"n=100, p=20","independent","quantile_8","f1_glmnet",100,0.756151515151515,0.1492698370875,0.01492698370875,0.726894627082365,0.785408403220665
"primary_controlled",100,20,"n=100, p=20","independent","quantile_8","rmse_lasso",100,2.40695924020432,0.370322498780053,0.0370322498780053,2.33437603044343,2.47954244996521
"primary_controlled",100,20,"n=100, p=20","independent","quantile_8","rmse_lar",100,2.40695924020432,0.370322498780053,0.0370322498780053,2.33437603044343,2.47954244996521
"primary_controlled",100,20,"n=100, p=20","independent","quantile_8","rmse_glmnet",100,2.42275590007897,0.372032081642261,0.0372032081642261,2.34983761207709,2.49567418808085
"primary_controlled",100,20,"n=100, p=20","independent","quantile_8","elapsed_seconds",100,0.1265,0.0302305952453624,0.00302305952453624,0.120574803331909,0.132425196668091
"primary_controlled",100,20,"n=100, p=20","independent","equal_width_4","mean_entry_tau",100,0.996867745142065,0.00376575015093641,0.000376575015093641,0.996129658112482,0.997605832171649
"primary_controlled",100,20,"n=100, p=20","independent","equal_width_4","mean_jaccard_s",100,0.994444444444444,0.0243381015063989,0.00243381015063989,0.98967417654919,0.999214712339699
"primary_controlled",100,20,"n=100, p=20","independent","equal_width_4","mean_jaccard_2s",100,0.993434343434343,0.0221197235453552,0.00221197235453552,0.989098877619454,0.997769809249233
"primary_controlled",100,20,"n=100, p=20","independent","equal_width_4","mean_support_f1",100,0.826848484848485,0.127836305226084,0.0127836305226084,0.801792569024173,0.851904400672797
"primary_controlled",100,20,"n=100, p=20","independent","equal_width_4","mean_rmse",100,2.29449630579646,0.34223761359232,0.034223761359232,2.22741773353236,2.36157487806055
"primary_controlled",100,20,"n=100, p=20","independent","equal_width_4","f1_lasso",100,0.828,0.127191893522259,0.0127191893522259,0.803070388869637,0.852929611130363
"primary_controlled",100,20,"n=100, p=20","independent","equal_width_4","f1_lar",100,0.828,0.127191893522259,0.0127191893522259,0.803070388869637,0.852929611130363
"primary_controlled",100,20,"n=100, p=20","independent","equal_width_4","f1_glmnet",100,0.824545454545455,0.129712287656487,0.0129712287656487,0.799121846164783,0.849969062926126
"primary_controlled",100,20,"n=100, p=20","independent","equal_width_4","rmse_lasso",100,2.28322196385199,0.344609231305727,0.0344609231305727,2.21567855451607,2.35076537318792
"primary_controlled",100,20,"n=100, p=20","independent","equal_width_4","rmse_lar",100,2.28322196385199,0.344609231305727,0.0344609231305727,2.21567855451607,2.35076537318792
"primary_controlled",100,20,"n=100, p=20","independent","equal_width_4","rmse_glmnet",100,2.31704498968539,0.339163083720748,0.0339163083720748,2.25056902527612,2.38352095409466
"primary_controlled",100,20,"n=100, p=20","independent","equal_width_4","elapsed_seconds",100,0.0695999999999989,0.0302487999595008,0.00302487999595008,0.0636712352079368,0.0755287647920611
"primary_controlled",100,20,"n=100, p=20","ar1_rho_0.5","original","mean_entry_tau",100,0.995343532979227,0.00861488652569396,0.000861488652569396,0.993655015220191,0.997032050738263
"primary_controlled",100,20,"n=100, p=20","ar1_rho_0.5","original","mean_jaccard_s",100,0.996666666666667,0.0190496231108628,0.00190496231108628,0.992932940536938,1.0004003927964
"primary_controlled",100,20,"n=100, p=20","ar1_rho_0.5","original","mean_jaccard_2s",100,0.992727272727273,0.0262414267761128,0.00262414267761128,0.987583953079155,0.997870592375391
"primary_controlled",100,20,"n=100, p=20","ar1_rho_0.5","original","mean_support_f1",100,0.922484848484849,0.105551869215642,0.0105551869215642,0.901796682118583,0.943173014851114
"primary_controlled",100,20,"n=100, p=20","ar1_rho_0.5","original","mean_rmse",100,1.74743840814662,0.321944996000791,0.0321944996000791,1.68433718893046,1.81053962736277
"primary_controlled",100,20,"n=100, p=20","ar1_rho_0.5","original","f1_lasso",100,0.922,0.105963591994056,0.0105963591994056,0.901231135969165,0.942768864030835
"primary_controlled",100,20,"n=100, p=20","ar1_rho_0.5","original","f1_lar",100,0.922,0.105963591994056,0.0105963591994056,0.901231135969165,0.942768864030835
"primary_controlled",100,20,"n=100, p=20","ar1_rho_0.5","original","f1_glmnet",100,0.923454545454546,0.105647997096135,0.0105647997096135,0.902747538023703,0.944161552885388
"primary_controlled",100,20,"n=100, p=20","ar1_rho_0.5","original","rmse_lasso",100,1.66207853849333,0.311267796578686,0.0311267796578686,1.60107005036391,1.72308702662275
"primary_controlled",100,20,"n=100, p=20","ar1_rho_0.5","original","rmse_lar",100,1.66207853849333,0.311267796578686,0.0311267796578686,1.60107005036391,1.72308702662275
"primary_controlled",100,20,"n=100, p=20","ar1_rho_0.5","original","rmse_glmnet",100,1.9181581474532,0.39687179709187,0.039687179709187,1.84037127522319,1.9959450196832
"primary_controlled",100,20,"n=100, p=20","ar1_rho_0.5","original","elapsed_seconds",100,0.0135999999999984,0.00797977240757869,0.000797977240757869,0.012035964608113,0.0151640353918839
"primary_controlled",100,20,"n=100, p=20","ar1_rho_0.5","quantile_2","mean_entry_tau",100,0.997011361050253,0.00539664771175796,0.000539664771175796,0.995953618098748,0.998069104001757
"primary_controlled",100,20,"n=100, p=20","ar1_rho_0.5","quantile_2","mean_jaccard_s",100,0.996666666666667,0.0190496231108628,0.00190496231108628,0.992932940536938,1.0004003927964
"primary_controlled",100,20,"n=100, p=20","ar1_rho_0.5","quantile_2","mean_jaccard_2s",100,0.988484848484849,0.031878250177898,0.0031878250177898,0.98223671144998,0.994732985519717
"primary_controlled",100,20,"n=100, p=20","ar1_rho_0.5","quantile_2","mean_support_f1",100,0.857151515151515,0.123126164212857,0.0123126164212857,0.833018786965795,0.881284243337235
"primary_controlled",100,20,"n=100, p=20","ar1_rho_0.5","quantile_2","mean_rmse",100,1.99491011488144,0.383427638073516,0.0383427638073516,1.91975829781903,2.07006193194385
"primary_controlled",100,20,"n=100, p=20","ar1_rho_0.5","quantile_2","f1_lasso",100,0.856,0.124169971483374,0.0124169971483374,0.831662685589259,0.880337314410741
"primary_controlled",100,20,"n=100, p=20","ar1_rho_0.5","quantile_2","f1_lar",100,0.856,0.124169971483374,0.0124169971483374,0.831662685589259,0.880337314410741
"primary_controlled",100,20,"n=100, p=20","ar1_rho_0.5","quantile_2","f1_glmnet",100,0.859454545454546,0.122086515588694,0.0122086515588694,0.835525588399162,0.88338350250993
"primary_controlled",100,20,"n=100, p=20","ar1_rho_0.5","quantile_2","rmse_lasso",100,1.96626715273063,0.3854619091133,0.03854619091133,1.89071661854442,2.04181768691684
"primary_controlled",100,20,"n=100, p=20","ar1_rho_0.5","quantile_2","rmse_lar",100,1.96626715273063,0.3854619091133,0.03854619091133,1.89071661854442,2.04181768691684
"primary_controlled",100,20,"n=100, p=20","ar1_rho_0.5","quantile_2","rmse_glmnet",100,2.05219603918307,0.387080543605423,0.0387080543605424,1.9763282526364,2.12806382572973
"primary_controlled",100,20,"n=100, p=20","ar1_rho_0.5","quantile_2","elapsed_seconds",100,0.0216000000000003,0.00950491632490492,0.000950491632490492,0.0197370364003189,0.0234629635996816
"primary_controlled",100,20,"n=100, p=20","ar1_rho_0.5","quantile_4","mean_entry_tau",100,0.996535022482273,0.0050063417175242,0.00050063417175242,0.995553779505638,0.997516265458907
"primary_controlled",100,20,"n=100, p=20","ar1_rho_0.5","quantile_4","mean_jaccard_s",100,0.995555555555556,0.0218829317296591,0.00218829317296591,0.991266500936542,0.999844610174569
"primary_controlled",100,20,"n=100, p=20","ar1_rho_0.5","quantile_4","mean_jaccard_2s",100,0.991515151515151,0.0228234877985763,0.00228234877985763,0.98704174790663,0.995988555123672
"primary_controlled",100,20,"n=100, p=20","ar1_rho_0.5","quantile_4","mean_support_f1",100,0.784242424242424,0.130361743877993,0.0130361743877993,0.758691522442338,0.809793326042511
"primary_controlled",100,20,"n=100, p=20","ar1_rho_0.5","quantile_4","mean_rmse",100,2.17199450219702,0.376469914991668,0.0376469914991668,2.09820639885865,2.24578260553539
"primary_controlled",100,20,"n=100, p=20","ar1_rho_0.5","quantile_4","f1_lasso",100,0.784,0.132360084312424,0.0132360084312424,0.758057423474765,0.809942576525235
"primary_controlled",100,20,"n=100, p=20","ar1_rho_0.5","quantile_4","f1_lar",100,0.784,0.132360084312424,0.0132360084312424,0.758057423474765,0.809942576525235
"primary_controlled",100,20,"n=100, p=20","ar1_rho_0.5","quantile_4","f1_glmnet",100,0.784727272727273,0.127566759921676,0.0127566759921676,0.759724187782624,0.809730357671921
"primary_controlled",100,20,"n=100, p=20","ar1_rho_0.5","quantile_4","rmse_lasso",100,2.15489346992791,0.372537934484197,0.0372537934484197,2.08187603476901,2.22791090508681
"primary_controlled",100,20,"n=100, p=20","ar1_rho_0.5","quantile_4","rmse_lar",100,2.15489346992791,0.372537934484197,0.0372537934484197,2.08187603476901,2.22791090508681
"primary_controlled",100,20,"n=100, p=20","ar1_rho_0.5","quantile_4","rmse_glmnet",100,2.20619656673525,0.387960540626934,0.0387960540626934,2.13015630077237,2.28223683269812
"primary_controlled",100,20,"n=100, p=20","ar1_rho_0.5","quantile_4","elapsed_seconds",100,0.0606999999999999,0.0142314916131577,0.00142314916131577,0.057910627643821,0.0634893723561788
"primary_controlled",100,20,"n=100, p=20","ar1_rho_0.5","quantile_8","mean_entry_tau",100,0.995651889073751,0.00353904941441516,0.000353904941441516,0.994958235388525,0.996345542758976
"primary_controlled",100,20,"n=100, p=20","ar1_rho_0.5","quantile_8","mean_jaccard_s",100,0.989722222222222,0.0373836891837157,0.00373836891837157,0.982395019142214,0.997049425302231
"primary_controlled",100,20,"n=100, p=20","ar1_rho_0.5","quantile_8","mean_jaccard_2s",100,0.98979797979798,0.0240020992610695,0.00240020992610695,0.98509356834281,0.994502391253149
"primary_controlled",100,20,"n=100, p=20","ar1_rho_0.5","quantile_8","mean_support_f1",100,0.677109557109557,0.151946694286175,0.0151946694286175,0.647328005029467,0.706891109189648
"primary_controlled",100,20,"n=100, p=20","ar1_rho_0.5","quantile_8","mean_rmse",100,2.39546965448327,0.389951686602619,0.0389951686602619,2.31903912390916,2.47190018505739
"primary_controlled",100,20,"n=100, p=20","ar1_rho_0.5","quantile_8","f1_lasso",100,0.676,0.155127839102614,0.0155127839102614,0.645594943535888,0.706405056464112
"primary_controlled",100,20,"n=100, p=20","ar1_rho_0.5","quantile_8","f1_lar",100,0.676,0.155127839102614,0.0155127839102614,0.645594943535888,0.706405056464112
"primary_controlled",100,20,"n=100, p=20","ar1_rho_0.5","quantile_8","f1_glmnet",100,0.679328671328671,0.147912983360889,0.0147912983360889,0.650337726589937,0.708319616067406
"primary_controlled",100,20,"n=100, p=20","ar1_rho_0.5","quantile_8","rmse_lasso",100,2.38740231008066,0.388892065379062,0.0388892065379062,2.31117946526637,2.46362515489496
"primary_controlled",100,20,"n=100, p=20","ar1_rho_0.5","quantile_8","rmse_lar",100,2.38740231008066,0.388892065379062,0.0388892065379062,2.31117946526637,2.46362515489496
"primary_controlled",100,20,"n=100, p=20","ar1_rho_0.5","quantile_8","rmse_glmnet",100,2.41160434328849,0.393689182072854,0.0393689182072854,2.33444126360221,2.48876742297477
"primary_controlled",100,20,"n=100, p=20","ar1_rho_0.5","quantile_8","elapsed_seconds",100,0.1352,0.0345382235919699,0.00345382235919699,0.128430508175974,0.141969491824026
"primary_controlled",100,20,"n=100, p=20","ar1_rho_0.5","equal_width_4","mean_entry_tau",100,0.995794375954351,0.00545538746659051,0.000545538746659051,0.994725120010899,0.996863631897803
"primary_controlled",100,20,"n=100, p=20","ar1_rho_0.5","equal_width_4","mean_jaccard_s",100,0.987301587301587,0.0395942580610999,0.00395942580610999,0.979541112721612,0.995062061881563
"primary_controlled",100,20,"n=100, p=20","ar1_rho_0.5","equal_width_4","mean_jaccard_2s",100,0.991616161616162,0.0223367115025212,0.00223367115025212,0.987238166161667,0.995994157070656
"primary_controlled",100,20,"n=100, p=20","ar1_rho_0.5","equal_width_4","mean_support_f1",100,0.726444444444445,0.131587414953482,0.0131587414953482,0.700653311113562,0.752235577775327
"primary_controlled",100,20,"n=100, p=20","ar1_rho_0.5","equal_width_4","mean_rmse",100,2.34928364328996,0.396016604869842,0.0396016604869842,2.27166438873547,2.42690289784445
"primary_controlled",100,20,"n=100, p=20","ar1_rho_0.5","equal_width_4","f1_lasso",100,0.726,0.132283747675177,0.0132283747675177,0.700072385455665,0.751927614544335
"primary_controlled",100,20,"n=100, p=20","ar1_rho_0.5","equal_width_4","f1_lar",100,0.726,0.132283747675177,0.0132283747675177,0.700072385455665,0.751927614544335
"primary_controlled",100,20,"n=100, p=20","ar1_rho_0.5","equal_width_4","f1_glmnet",100,0.727333333333333,0.132670794568991,0.0132670794568991,0.701329857597811,0.753336809068856
"primary_controlled",100,20,"n=100, p=20","ar1_rho_0.5","equal_width_4","rmse_lasso",100,2.34145268115049,0.396492982441865,0.0396492982441865,2.26374005659188,2.41916530570909
"primary_controlled",100,20,"n=100, p=20","ar1_rho_0.5","equal_width_4","rmse_lar",100,2.34145268115049,0.396492982441865,0.0396492982441865,2.26374005659188,2.41916530570909
"primary_controlled",100,20,"n=100, p=20","ar1_rho_0.5","equal_width_4","rmse_glmnet",100,2.36494556756892,0.395962595906989,0.0395962595906989,2.28733689877115,2.44255423636669
"primary_controlled",100,20,"n=100, p=20","ar1_rho_0.5","equal_width_4","elapsed_seconds",100,0.0591999999999997,0.0146114663704569,0.00146114663704569,0.0563361525913902,0.0620638474086093
"primary_controlled",100,20,"n=100, p=20","ar1_rho_0.9","original","mean_entry_tau",100,0.973302234449967,0.022982778388618,0.0022982778388618,0.968797609885798,0.977806859014136
"primary_controlled",100,20,"n=100, p=20","ar1_rho_0.9","original","mean_jaccard_s",100,0.986269841269841,0.0555481682713068,0.00555481682713068,0.975382400288665,0.997157282251017
"primary_controlled",100,20,"n=100, p=20","ar1_rho_0.9","original","mean_jaccard_2s",100,0.943483682983683,0.0778415466810741,0.00778415466810741,0.928226739834192,0.958740626133174
"primary_controlled",100,20,"n=100, p=20","ar1_rho_0.9","original","mean_support_f1",100,0.655737373737374,0.170676089291276,0.0170676089291276,0.622284860236284,0.689189887238464
"primary_controlled",100,20,"n=100, p=20","ar1_rho_0.9","original","mean_rmse",100,1.56023436353897,0.543533775823623,0.0543533775823623,1.45370174347754,1.6667669836004
"primary_controlled",100,20,"n=100, p=20","ar1_rho_0.9","original","f1_lasso",100,0.66,0.176383420737639,0.0176383420737639,0.625428849535423,0.694571150464577
"primary_controlled",100,20,"n=100, p=20","ar1_rho_0.9","original","f1_lar",100,0.652,0.169658004184413,0.0169658004184413,0.618747031179855,0.685252968820145
"primary_controlled",100,20,"n=100, p=20","ar1_rho_0.9","original","f1_glmnet",100,0.655212121212121,0.169414463784168,0.0169414463784168,0.622006886310424,0.688417356113818
"primary_controlled",100,20,"n=100, p=20","ar1_rho_0.9","original","rmse_lasso",100,1.52606171256316,0.530263367352548,0.0530263367352548,1.42213009256206,1.62999333256426
"primary_controlled",100,20,"n=100, p=20","ar1_rho_0.9","original","rmse_lar",100,1.52630152485837,0.530086069111218,0.0530086069111218,1.42240465531257,1.63019839440417
"primary_controlled",100,20,"n=100, p=20","ar1_rho_0.9","original","rmse_glmnet",100,1.62833985319539,0.581010588796389,0.0581010588796389,1.5144617777913,1.74221792859948
"primary_controlled",100,20,"n=100, p=20","ar1_rho_0.9","original","elapsed_seconds",100,0.015500000000001,0.0191946436131107,0.00191946436131107,0.0117378498518313,0.0192621501481707
"primary_controlled",100,20,"n=100, p=20","ar1_rho_0.9","quantile_2","mean_entry_tau",100,0.985386270703333,0.0243486541728845,0.00243486541728845,0.980613934485448,0.990158606921218
"primary_controlled",100,20,"n=100, p=20","ar1_rho_0.9","quantile_2","mean_jaccard_s",100,0.987777777777778,0.0443742430983891,0.00443742430983891,0.979080426130494,0.996475129425062
"primary_controlled",100,20,"n=100, p=20","ar1_rho_0.9","quantile_2","mean_jaccard_2s",100,0.938883893883894,0.0816027061622712,0.00816027061622712,0.922889763476089,0.954878024291699
"primary_controlled",100,20,"n=100, p=20","ar1_rho_0.9","quantile_2","mean_support_f1",100,0.571212121212121,0.163699553603195,0.0163699553603195,0.539127008705895,0.603297233718348
"primary_controlled",100,20,"n=100, p=20","ar1_rho_0.9","quantile_2","mean_rmse",100,1.77382110539152,0.629757774764856,0.0629757774764856,1.65038858153761,1.89725362924543
"primary_controlled",100,20,"n=100, p=20","ar1_rho_0.9","quantile_2","f1_lasso",100,0.57,0.164224532179869,0.0164224532179869,0.537811991692746,0.602188008307254
"primary_controlled",100,20,"n=100, p=20","ar1_rho_0.9","quantile_2","f1_lar",100,0.57,0.164224532179869,0.0164224532179869,0.537811991692746,0.602188008307254
"primary_controlled",100,20,"n=100, p=20","ar1_rho_0.9","quantile_2","f1_glmnet",100,0.573636363636364,0.164873904214228,0.0164873904214228,0.541321078410375,0.605951648862352
"primary_controlled",100,20,"n=100, p=20","ar1_rho_0.9","quantile_2","rmse_lasso",100,1.74973802725631,0.619857986848292,0.0619857986848292,1.62824586183405,1.87123019267858
"primary_controlled",100,20,"n=100, p=20","ar1_rho_0.9","quantile_2","rmse_lar",100,1.74940350160147,0.620276319957738,0.0620276319957738,1.62782934288975,1.87097766031318
"primary_controlled",100,20,"n=100, p=20","ar1_rho_0.9","quantile_2","rmse_glmnet",100,1.82232178731678,0.653086432450764,0.0653086432450764,1.69431684655643,1.95032672807713
"primary_controlled",100,20,"n=100, p=20","ar1_rho_0.9","quantile_2","elapsed_seconds",100,0.0255000000000004,0.00967919772950473,0.000967919772950473,0.0236028772450175,0.0273971227549833
"primary_controlled",100,20,"n=100, p=20","ar1_rho_0.9","quantile_4","mean_entry_tau",100,0.989068269789016,0.0149221355804879,0.00149221355804879,0.98614353121524,0.991993008362792
"primary_controlled",100,20,"n=100, p=20","ar1_rho_0.9","quantile_4","mean_jaccard_s",100,0.985555555555556,0.0407407407407407,0.00407407407407407,0.97757037037037,0.993540740740741
"primary_controlled",100,20,"n=100, p=20","ar1_rho_0.9","quantile_4","mean_jaccard_2s",100,0.977171717171717,0.0476732915989609,0.00476732915989609,0.967827752018321,0.986515682325113
"primary_controlled",100,20,"n=100, p=20","ar1_rho_0.9","quantile_4","mean_support_f1",100,0.488969696969697,0.142730018423547,0.0142730018423547,0.460994613358682,0.516944780580712
"primary_controlled",100,20,"n=100, p=20","ar1_rho_0.9","quantile_4","mean_rmse",100,1.94975041471946,0.671848329907625,0.0671848329907625,1.81806814205757,2.08143268738136
"primary_controlled",100,20,"n=100, p=20","ar1_rho_0.9","quantile_4","f1_lasso",100,0.49,0.143195846675281,0.0143195846675281,0.461933614051645,0.518066385948355
"primary_controlled",100,20,"n=100, p=20","ar1_rho_0.9","quantile_4","f1_lar",100,0.49,0.143195846675281,0.0143195846675281,0.461933614051645,0.518066385948355
"primary_controlled",100,20,"n=100, p=20","ar1_rho_0.9","quantile_4","f1_glmnet",100,0.486909090909091,0.142780282950526,0.0142780282950526,0.458924155450788,0.514894026367394
"primary_controlled",100,20,"n=100, p=20","ar1_rho_0.9","quantile_4","rmse_lasso",100,1.92973018764022,0.661022189236901,0.0661022189236901,1.80016983854978,2.05929053673065
"primary_controlled",100,20,"n=100, p=20","ar1_rho_0.9","quantile_4","rmse_lar",100,1.9298393928982,0.660961010614591,0.0660961010614591,1.80029103481774,2.05938775097866
"primary_controlled",100,20,"n=100, p=20","ar1_rho_0.9","quantile_4","rmse_glmnet",100,1.98968166361997,0.695831879807521,0.0695831879807521,1.85329861517769,2.12606471206224
"primary_controlled",100,20,"n=100, p=20","ar1_rho_0.9","quantile_4","elapsed_seconds",100,0.0733999999999992,0.0217988972012806,0.00217988972012806,0.0691274161485482,0.0776725838514502
"primary_controlled",100,20,"n=100, p=20","ar1_rho_0.9","quantile_8","mean_entry_tau",100,0.992132936635451,0.00953719193053045,0.000953719193053045,0.990263647017067,0.994002226253835
"primary_controlled",100,20,"n=100, p=20","ar1_rho_0.9","quantile_8","mean_jaccard_s",100,0.984444444444444,0.0387483431133085,0.00387483431133085,0.976849769194236,0.992039119694653
"primary_controlled",100,20,"n=100, p=20","ar1_rho_0.9","quantile_8","mean_jaccard_2s",100,0.977070707070707,0.0435196804063152,0.00435196804063152,0.968540849711069,0.985600564430345
"primary_controlled",100,20,"n=100, p=20","ar1_rho_0.9","quantile_8","mean_support_f1",100,0.438484848484849,0.15534761243532,0.015534761243532,0.408036716447526,0.468932980522171
"primary_controlled",100,20,"n=100, p=20","ar1_rho_0.9","quantile_8","mean_rmse",100,2.14177553135332,0.739207060204621,0.0739207060204621,1.99689094755321,2.28666011515342
"primary_controlled",100,20,"n=100, p=20","ar1_rho_0.9","quantile_8","f1_lasso",100,0.436,0.159240622196649,0.0159240622196649,0.404788838049457,0.467211161950543
"primary_controlled",100,20,"n=100, p=20","ar1_rho_0.9","quantile_8","f1_lar",100,0.436,0.159240622196649,0.0159240622196649,0.404788838049457,0.467211161950543
"primary_controlled",100,20,"n=100, p=20","ar1_rho_0.9","quantile_8","f1_glmnet",100,0.443454545454545,0.151369516785594,0.0151369516785594,0.413786120164569,0.473122970744522
"primary_controlled",100,20,"n=100, p=20","ar1_rho_0.9","quantile_8","rmse_lasso",100,2.13171810801617,0.736761712682819,0.0736761712682819,1.98731281233033,2.276123403702
"primary_controlled",100,20,"n=100, p=20","ar1_rho_0.9","quantile_8","rmse_lar",100,2.13262009634509,0.73564243548627,0.073564243548627,1.98843417898978,2.2768060137004
"primary_controlled",100,20,"n=100, p=20","ar1_rho_0.9","quantile_8","rmse_glmnet",100,2.1609883896987,0.746020632324787,0.0746020632324787,2.01476834576304,2.30720843363436
"primary_controlled",100,20,"n=100, p=20","ar1_rho_0.9","quantile_8","elapsed_seconds",100,0.151800000000001,0.0380690494398352,0.00380690494398352,0.144338466309793,0.159261533690209
"primary_controlled",100,20,"n=100, p=20","ar1_rho_0.9","equal_width_4","mean_entry_tau",100,0.988980038216935,0.0125689230588897,0.00125689230588897,0.986516529297393,0.991443547136478
"primary_controlled",100,20,"n=100, p=20","ar1_rho_0.9","equal_width_4","mean_jaccard_s",100,0.985873015873016,0.0422615519138348,0.00422615519138348,0.977589751697904,0.994156280048128
"primary_controlled",100,20,"n=100, p=20","ar1_rho_0.9","equal_width_4","mean_jaccard_2s",100,0.97959595959596,0.0464326955263902,0.00464326955263902,0.970495151272787,0.988696767919132
"primary_controlled",100,20,"n=100, p=20","ar1_rho_0.9","equal_width_4","mean_support_f1",100,0.422333333333333,0.174344219077258,0.0174344219077258,0.388161866394191,0.456504800272476
"primary_controlled",100,20,"n=100, p=20","ar1_rho_0.9","equal_width_4","mean_rmse",100,2.11345698070902,0.705251121553088,0.0705251121553088,1.97522776088462,2.25168620053343
"primary_controlled",100,20,"n=100, p=20","ar1_rho_0.9","equal_width_4","f1_lasso",100,0.422,0.174992063312089,0.0174992063312089,0.387701555590831,0.45629844440917
"primary_controlled",100,20,"n=100, p=20","ar1_rho_0.9","equal_width_4","f1_lar",100,0.422,0.174992063312089,0.0174992063312089,0.387701555590831,0.45629844440917
"primary_controlled",100,20,"n=100, p=20","ar1_rho_0.9","equal_width_4","f1_glmnet",100,0.423,0.174673463734859,0.0174673463734859,0.388764001107968,0.457235998892032
"primary_controlled",100,20,"n=100, p=20","ar1_rho_0.9","equal_width_4","rmse_lasso",100,2.10225057157043,0.696905151154371,0.0696905151154371,1.96565716194418,2.23884398119669
"primary_controlled",100,20,"n=100, p=20","ar1_rho_0.9","equal_width_4","rmse_lar",100,2.10205408015812,0.697066320842891,0.0697066320842891,1.96542908127291,2.23867907904332
"primary_controlled",100,20,"n=100, p=20","ar1_rho_0.9","equal_width_4","rmse_glmnet",100,2.13606629039852,0.723195923698663,0.0723195923698663,1.99431988935359,2.27781269144346
"primary_controlled",100,20,"n=100, p=20","ar1_rho_0.9","equal_width_4","elapsed_seconds",100,0.0682000000000022,0.0163534199308368,0.00163534199308368,0.0649947296935582,0.0714052703064462
"primary_controlled",100,20,"n=100, p=20","block","original","mean_entry_tau",100,0.984073311193026,0.0203785310443485,0.00203785310443485,0.980079119108334,0.988067503277719
"primary_controlled",100,20,"n=100, p=20","block","original","mean_jaccard_s",100,0.992539682539682,0.0343974538880203,0.00343974538880203,0.985797781577631,0.999281583501734
"primary_controlled",100,20,"n=100, p=20","block","original","mean_jaccard_2s",100,0.971388888888889,0.0537500232037032,0.00537500232037032,0.960853884340963,0.981923893436815
"primary_controlled",100,20,"n=100, p=20","block","original","mean_support_f1",100,0.70810101010101,0.168899378411605,0.0168899378411605,0.674996731932336,0.741205288269685
"primary_controlled",100,20,"n=100, p=20","block","original","mean_rmse",100,1.73149004593706,0.657469860892846,0.0657469860892846,1.60262595320207,1.86035413867206
"primary_controlled",100,20,"n=100, p=20","block","original","f1_lasso",100,0.708,0.16918103387266,0.016918103387266,0.674840517360959,0.741159482639042
"primary_controlled",100,20,"n=100, p=20","block","original","f1_lar",100,0.708,0.16918103387266,0.016918103387266,0.674840517360959,0.741159482639042
"primary_controlled",100,20,"n=100, p=20","block","original","f1_glmnet",100,0.70830303030303,0.169354797358933,0.0169354797358933,0.675109490020679,0.741496570585381
"primary_controlled",100,20,"n=100, p=20","block","original","rmse_lasso",100,1.68940793968789,0.646896522630941,0.0646896522630941,1.56261622125223,1.81619965812356
"primary_controlled",100,20,"n=100, p=20","block","original","rmse_lar",100,1.69035510000382,0.646012750749455,0.0646012750749455,1.56373660085693,1.81697359915072
"primary_controlled",100,20,"n=100, p=20","block","original","rmse_glmnet",100,1.81470709811948,0.688682331202711,0.0688682331202711,1.67972536120375,1.94968883503521
"primary_controlled",100,20,"n=100, p=20","block","original","elapsed_seconds",100,0.0312000000000006,0.0173659367030897,0.00173659367030897,0.027796276406195,0.0346037235938062
"primary_controlled",100,20,"n=100, p=20","block","quantile_2","mean_entry_tau",100,0.991792169637886,0.0168768801035864,0.00168768801035864,0.988484301137583,0.995100038138189
"primary_controlled",100,20,"n=100, p=20","block","quantile_2","mean_jaccard_s",100,0.991111111111111,0.0302955471493656,0.00302955471493656,0.985173183869836,0.997049038352387
"primary_controlled",100,20,"n=100, p=20","block","quantile_2","mean_jaccard_2s",100,0.976895881895882,0.0544313051408031,0.00544313051408031,0.966227346088285,0.987564417703479
"primary_controlled",100,20,"n=100, p=20","block","quantile_2","mean_support_f1",100,0.611939393939394,0.149647392059684,0.0149647392059684,0.582608505095696,0.641270282783092
"primary_controlled",100,20,"n=100, p=20","block","quantile_2","mean_rmse",100,1.98365729379442,0.774970022565745,0.0774970022565745,1.83176316937153,2.1355514182173
"primary_controlled",100,20,"n=100, p=20","block","quantile_2","f1_lasso",100,0.612,0.149936013288363,0.0149936013288363,0.582612541395481,0.641387458604519
"primary_controlled",100,20,"n=100, p=20","block","quantile_2","f1_lar",100,0.612,0.149936013288363,0.0149936013288363,0.582612541395481,0.641387458604519
"primary_controlled",100,20,"n=100, p=20","block","quantile_2","f1_glmnet",100,0.611818181818182,0.150250924052553,0.0150250924052553,0.582369000703882,0.641267362932482
"primary_controlled",100,20,"n=100, p=20","block","quantile_2","rmse_lasso",100,1.96211353713957,0.765309343762756,0.0765309343762756,1.81211290576207,2.11211416851707
"primary_controlled",100,20,"n=100, p=20","block","quantile_2","rmse_lar",100,1.96211353713957,0.765309343762756,0.0765309343762756,1.81211290576207,2.11211416851707
"primary_controlled",100,20,"n=100, p=20","block","quantile_2","rmse_glmnet",100,2.02674480710411,0.796626818043953,0.0796626818043953,1.8706059507675,2.18288366344073
"primary_controlled",100,20,"n=100, p=20","block","quantile_2","elapsed_seconds",100,0.0655000000000007,0.0309569593683452,0.00309569593683452,0.059432435963805,0.0715675640361964
"primary_controlled",100,20,"n=100, p=20","block","quantile_4","mean_entry_tau",100,0.99263574873493,0.00802086670034517,0.000802086670034517,0.991063658861662,0.994207838608197
"primary_controlled",100,20,"n=100, p=20","block","quantile_4","mean_jaccard_s",100,0.986984126984127,0.0379788184221133,0.00379788184221133,0.979540278573393,0.994427975394861
"primary_controlled",100,20,"n=100, p=20","block","quantile_4","mean_jaccard_2s",100,0.983409090909091,0.0433187752041343,0.00433187752041343,0.974918610969081,0.991899570849101
"primary_controlled",100,20,"n=100, p=20","block","quantile_4","mean_support_f1",100,0.50069696969697,0.157458489834622,0.0157458489834622,0.469835105689384,0.531558833704556
"primary_controlled",100,20,"n=100, p=20","block","quantile_4","mean_rmse",100,2.12882814181256,0.780757034295172,0.0780757034295172,1.97579976309071,2.28185652053442
"primary_controlled",100,20,"n=100, p=20","block","quantile_4","f1_lasso",100,0.5,0.159544807043493,0.0159544807043493,0.468729217819475,0.531270782180525
"primary_controlled",100,20,"n=100, p=20","block","quantile_4","f1_lar",100,0.5,0.159544807043493,0.0159544807043493,0.468729217819475,0.531270782180525
"primary_controlled",100,20,"n=100, p=20","block","quantile_4","f1_glmnet",100,0.502090909090909,0.155693649721667,0.0155693649721667,0.471574953745462,0.532606864436356
"primary_controlled",100,20,"n=100, p=20","block","quantile_4","rmse_lasso",100,2.10986141621262,0.77458616592546,0.077458616592546,1.95804252769123,2.26168030473401
"primary_controlled",100,20,"n=100, p=20","block","quantile_4","rmse_lar",100,2.10986141621262,0.77458616592546,0.077458616592546,1.95804252769123,2.26168030473401
"primary_controlled",100,20,"n=100, p=20","block","quantile_4","rmse_glmnet",100,2.16676159301244,0.795492133757108,0.0795492133757108,2.01084513479605,2.32267805122884
"primary_controlled",100,20,"n=100, p=20","block","quantile_4","elapsed_seconds",100,0.172899999999999,0.0754152812529706,0.00754152812529706,0.158118604874417,0.187681395125581
"primary_controlled",100,20,"n=100, p=20","block","quantile_8","mean_entry_tau",100,0.99370172977561,0.00701811631335668,0.000701811631335668,0.992326178978192,0.995077280573028
"primary_controlled",100,20,"n=100, p=20","block","quantile_8","mean_jaccard_s",100,0.987777777777778,0.0383439452446511,0.00383439452446511,0.980262364509826,0.995293191045729
"primary_controlled",100,20,"n=100, p=20","block","quantile_8","mean_jaccard_2s",100,0.988762626262626,0.0352812658656675,0.00352812658656675,0.981847498152955,0.995677754372297
"primary_controlled",100,20,"n=100, p=20","block","quantile_8","mean_support_f1",100,0.441515151515152,0.131470908955859,0.0131470908955859,0.415746853359803,0.4672834496705
"primary_controlled",100,20,"n=100, p=20","block","quantile_8","mean_rmse",100,2.35946954006704,0.806145103484872,0.0806145103484872,2.201465099784,2.51747398035007
"primary_controlled",100,20,"n=100, p=20","block","quantile_8","f1_lasso",100,0.442,0.13117957466039,0.013117957466039,0.416288803366564,0.467711196633436
"primary_controlled",100,20,"n=100, p=20","block","quantile_8","f1_lar",100,0.442,0.13117957466039,0.013117957466039,0.416288803366564,0.467711196633436
"primary_controlled",100,20,"n=100, p=20","block","quantile_8","f1_glmnet",100,0.440545454545455,0.132853004085526,0.0132853004085526,0.414506265744691,0.466584643346218
"primary_controlled",100,20,"n=100, p=20","block","quantile_8","rmse_lasso",100,2.34430552550105,0.799204739145693,0.0799204739145693,2.18766139662849,2.50094965437361
"primary_controlled",100,20,"n=100, p=20","block","quantile_8","rmse_lar",100,2.34462984803776,0.798877502112378,0.0798877502112378,2.18804985762373,2.50120983845179
"primary_controlled",100,20,"n=100, p=20","block","quantile_8","rmse_glmnet",100,2.3894732466623,0.821863523941976,0.0821863523941976,2.22838799596968,2.55055849735493
"primary_controlled",100,20,"n=100, p=20","block","quantile_8","elapsed_seconds",100,0.3646,0.168914657789551,0.0168914657789551,0.331492727073248,0.397707272926752
"primary_controlled",100,20,"n=100, p=20","block","equal_width_4","mean_entry_tau",100,0.987103816824738,0.0151847807705434,0.00151847807705434,0.984127599793712,0.990080033855765
"primary_controlled",100,20,"n=100, p=20","block","equal_width_4","mean_jaccard_s",100,0.992222222222222,0.0284924888862492,0.00284924888862492,0.986637694400517,0.997806750043927
"primary_controlled",100,20,"n=100, p=20","block","equal_width_4","mean_jaccard_2s",100,0.965034965034965,0.0660247203106728,0.00660247203106728,0.952094119854073,0.977975810215857
"primary_controlled",100,20,"n=100, p=20","block","equal_width_4","mean_support_f1",100,0.422969696969697,0.128779095471029,0.0128779095471029,0.397728994257375,0.448210399682019
"primary_controlled",100,20,"n=100, p=20","block","equal_width_4","mean_rmse",100,2.33302122090133,0.811442228487952,0.0811442228487952,2.17397854411769,2.49206389768496
"primary_controlled",100,20,"n=100, p=20","block","equal_width_4","f1_lasso",100,0.422,0.129941711874396,0.0129941711874396,0.396531424472618,0.447468575527382
"primary_controlled",100,20,"n=100, p=20","block","equal_width_4","f1_lar",100,0.422,0.129941711874396,0.0129941711874396,0.396531424472618,0.447468575527382
"primary_controlled",100,20,"n=100, p=20","block","equal_width_4","f1_glmnet",100,0.424909090909091,0.128425970188469,0.0128425970188469,0.399737600752151,0.450080581066031
"primary_controlled",100,20,"n=100, p=20","block","equal_width_4","rmse_lasso",100,2.31676335424265,0.803562890441397,0.0803562890441397,2.15926502771614,2.47426168076916
"primary_controlled",100,20,"n=100, p=20","block","equal_width_4","rmse_lar",100,2.31676335424265,0.803562890441397,0.0803562890441397,2.15926502771614,2.47426168076916
"primary_controlled",100,20,"n=100, p=20","block","equal_width_4","rmse_glmnet",100,2.36553695421868,0.829012649232013,0.0829012649232014,2.2030504749692,2.52802343346815
"primary_controlled",100,20,"n=100, p=20","block","equal_width_4","elapsed_seconds",100,0.185699999999999,0.0903780499855566,0.00903780499855565,0.16798590220283,0.203414097797168
"primary_controlled",100,100,"n=100, p=100","independent","original","mean_entry_tau",100,0.957099963177878,0.0182123604825403,0.00182123604825403,0.9535303405233,0.960669585832456
"primary_controlled",100,100,"n=100, p=100","independent","original","mean_jaccard_s",100,0.995757575757576,0.0155413575743178,0.00155413575743178,0.992711469673009,0.998803681842142
"primary_controlled",100,100,"n=100, p=100","independent","original","mean_jaccard_2s",100,0.992756132756133,0.0166041528181974,0.00166041528181974,0.989501718803766,0.996010546708499
"primary_controlled",100,100,"n=100, p=100","independent","original","mean_support_f1",100,0.801730158730159,0.093049267552349,0.0093049267552349,0.783492502289898,0.819967815170419
"primary_controlled",100,100,"n=100, p=100","independent","original","mean_rmse",100,2.79043547287547,0.377703629981116,0.0377703629981116,2.71640556139917,2.86446538435176
"primary_controlled",100,100,"n=100, p=100","independent","original","f1_lasso",100,0.802,0.0931816949986868,0.00931816949986868,0.783736387780257,0.820263612219743
"primary_controlled",100,100,"n=100, p=100","independent","original","f1_lar",100,0.802,0.0931816949986868,0.00931816949986868,0.783736387780257,0.820263612219743
"primary_controlled",100,100,"n=100, p=100","independent","original","f1_glmnet",100,0.801190476190476,0.0932976318521002,0.00932976318521002,0.782904140347465,0.819476812033488
"primary_controlled",100,100,"n=100, p=100","independent","original","rmse_lasso",100,2.76492819098449,0.377746738395737,0.0377746738395737,2.69088983025893,2.83896655171006
"primary_controlled",100,100,"n=100, p=100","independent","original","rmse_lar",100,2.76492819098449,0.377746738395737,0.0377746738395737,2.69088983025893,2.83896655171006
"primary_controlled",100,100,"n=100, p=100","independent","original","rmse_glmnet",100,2.84145003665741,0.382847488165471,0.0382847488165471,2.76641192897698,2.91648814433785
"primary_controlled",100,100,"n=100, p=100","independent","original","elapsed_seconds",100,0.441400000000002,0.0930517397076771,0.00930517397076771,0.423161859017297,0.459638140982707
"primary_controlled",100,100,"n=100, p=100","independent","quantile_2","mean_entry_tau",100,0.943332128278274,0.0179264747090095,0.00179264747090095,0.939818539235308,0.94684571732124
"primary_controlled",100,100,"n=100, p=100","independent","quantile_2","mean_jaccard_s",100,0.988360528360528,0.0288784454661766,0.00288784454661766,0.982700353049158,0.994020703671899
"primary_controlled",100,100,"n=100, p=100","independent","quantile_2","mean_jaccard_2s",100,0.989747161051509,0.0208891055507093,0.00208891055507093,0.98565289636357,0.993841425739448
"primary_controlled",100,100,"n=100, p=100","independent","quantile_2","mean_support_f1",100,0.724927787188657,0.0928921247952082,0.00928921247952082,0.706720930728796,0.743134643648518
"primary_controlled",100,100,"n=100, p=100","independent","quantile_2","mean_rmse",100,3.10765371023209,0.384940932905111,0.0384940932905111,3.03220528738269,3.18310213308149
"primary_controlled",100,100,"n=100, p=100","independent","quantile_2","f1_lasso",100,0.724,0.0933333333333334,0.00933333333333334,0.705706666666667,0.742293333333333
"primary_controlled",100,100,"n=100, p=100","independent","quantile_2","f1_lar",100,0.724,0.0933333333333334,0.00933333333333334,0.705706666666667,0.742293333333333
"primary_controlled",100,100,"n=100, p=100","independent","quantile_2","f1_glmnet",100,0.72678336156597,0.0934974597498646,0.00934974597498646,0.708457859454997,0.745108863676944
"primary_controlled",100,100,"n=100, p=100","independent","quantile_2","rmse_lasso",100,3.09698782083461,0.385959838546406,0.0385959838546406,3.02133969247951,3.1726359491897
"primary_controlled",100,100,"n=100, p=100","independent","quantile_2","rmse_lar",100,3.09698782083461,0.385959838546406,0.0385959838546406,3.02133969247951,3.1726359491897
"primary_controlled",100,100,"n=100, p=100","independent","quantile_2","rmse_glmnet",100,3.12898548902706,0.384513121583474,0.0384513121583474,3.0536209171967,3.20435006085742
"primary_controlled",100,100,"n=100, p=100","independent","quantile_2","elapsed_seconds",100,0.465900000000001,0.0838359991141822,0.00838359991141822,0.449468144173621,0.482331855826381
"primary_controlled",100,100,"n=100, p=100","independent","quantile_4","mean_entry_tau",100,0.946539137650677,0.0166620337040258,0.00166620337040258,0.943273379044688,0.949804896256666
"primary_controlled",100,100,"n=100, p=100","independent","quantile_4","mean_jaccard_s",100,0.984825174825175,0.0318012692839237,0.00318012692839237,0.978592126045526,0.991058223604824
"primary_controlled",100,100,"n=100, p=100","independent","quantile_4","mean_jaccard_2s",100,0.986810966810967,0.0199157856953246,0.00199157856953246,0.982907472814683,0.99071446080725
"primary_controlled",100,100,"n=100, p=100","independent","quantile_4","mean_support_f1",100,0.576522303783173,0.101688672334774,0.0101688672334774,0.556591324005558,0.596453283560789
"primary_controlled",100,100,"n=100, p=100","independent","quantile_4","mean_rmse",100,3.37856556814897,0.379789312674887,0.0379789312674887,3.30412686286469,3.45300427343325
"primary_controlled",100,100,"n=100, p=100","independent","quantile_4","f1_lasso",100,0.575,0.101876336206147,0.0101876336206147,0.555032238103595,0.594967761896405
"primary_controlled",100,100,"n=100, p=100","independent","quantile_4","f1_lar",100,0.575,0.101876336206147,0.0101876336206147,0.555032238103595,0.594967761896405
"primary_controlled",100,100,"n=100, p=100","independent","quantile_4","f1_glmnet",100,0.57956691134952,0.103034590056623,0.0103034590056623,0.559372131698422,0.599761691000618
"primary_controlled",100,100,"n=100, p=100","independent","quantile_4","rmse_lasso",100,3.37311033249405,0.380852414352289,0.0380852414352289,3.298463259281,3.4477574057071
"primary_controlled",100,100,"n=100, p=100","independent","quantile_4","rmse_lar",100,3.37311033249405,0.380852414352289,0.0380852414352289,3.298463259281,3.4477574057071
"primary_controlled",100,100,"n=100, p=100","independent","quantile_4","rmse_glmnet",100,3.38947603945882,0.378350975087379,0.0378350975087379,3.31531924834169,3.46363283057595
"primary_controlled",100,100,"n=100, p=100","independent","quantile_4","elapsed_seconds",100,0.622799999999993,0.085387766729603,0.0085387766729603,0.606063997720991,0.639536002278996
"primary_controlled",100,100,"n=100, p=100","independent","quantile_8","mean_entry_tau",100,0.953166347498594,0.0157306899963093,0.00157306899963093,0.950083132259318,0.956249562737871
"primary_controlled",100,100,"n=100, p=100","independent","quantile_8","mean_jaccard_s",100,0.978539238539239,0.0369472380152486,0.00369472380152486,0.97129757988825,0.985780897190227
"primary_controlled",100,100,"n=100, p=100","independent","quantile_8","mean_jaccard_2s",100,0.984758140410314,0.0215473877502551,0.0021547387750255,0.980534852411264,0.988981428409364
"primary_controlled",100,100,"n=100, p=100","independent","quantile_8","mean_support_f1",100,0.42461553422423,0.113622742017227,0.0113622742017227,0.402345476788853,0.446885591659606
"primary_controlled",100,100,"n=100, p=100","independent","quantile_8","mean_rmse",100,3.63040580611212,0.379394619185145,0.0379394619185145,3.55604446075183,3.70476715147241
"primary_controlled",100,100,"n=100, p=100","independent","quantile_8","f1_lasso",100,0.424,0.114697670227235,0.0114697670227235,0.401519256635462,0.446480743364538
"primary_controlled",100,100,"n=100, p=100","independent","quantile_8","f1_lar",100,0.424,0.114697670227235,0.0114697670227235,0.401519256635462,0.446480743364538
"primary_controlled",100,100,"n=100, p=100","independent","quantile_8","f1_glmnet",100,0.42584660267269,0.113592367556177,0.0113592367556177,0.403582498631679,0.4481107067137
"primary_controlled",100,100,"n=100, p=100","independent","quantile_8","rmse_lasso",100,3.62916835991749,0.379517423343165,0.0379517423343165,3.55478294494223,3.70355377489275
"primary_controlled",100,100,"n=100, p=100","independent","quantile_8","rmse_lar",100,3.62916835991749,0.379517423343165,0.0379517423343165,3.55478294494223,3.70355377489275
"primary_controlled",100,100,"n=100, p=100","independent","quantile_8","rmse_glmnet",100,3.63288069850138,0.379222738011846,0.0379222738011846,3.55855304185105,3.7072083551517
"primary_controlled",100,100,"n=100, p=100","independent","quantile_8","elapsed_seconds",100,0.967200000000005,0.129716707645648,0.0129716707645648,0.941775525301458,0.992624474698552
"primary_controlled",100,100,"n=100, p=100","independent","equal_width_4","mean_entry_tau",100,0.945837088009963,0.0175915674287004,0.00175915674287004,0.942389140793938,0.949285035225989
"primary_controlled",100,100,"n=100, p=100","independent","equal_width_4","mean_jaccard_s",100,0.981515151515151,0.0309276508692765,0.00309276508692765,0.975453331944773,0.98757697108553
"primary_controlled",100,100,"n=100, p=100","independent","equal_width_4","mean_jaccard_2s",100,0.982493255536734,0.0282341080853113,0.00282341080853113,0.976959370352013,0.988027140721455
"primary_controlled",100,100,"n=100, p=100","independent","equal_width_4","mean_support_f1",100,0.541646464646465,0.117990245819662,0.0117990245819662,0.518520376465811,0.564772552827118
"primary_controlled",100,100,"n=100, p=100","independent","equal_width_4","mean_rmse",100,3.53292387801042,0.37876328776446,0.037876328776446,3.45868627360858,3.60716148241225
"primary_controlled",100,100,"n=100, p=100","independent","equal_width_4","f1_lasso",100,0.541,0.119844174921547,0.0119844174921547,0.517510541715377,0.564489458284623
"primary_controlled",100,100,"n=100, p=100","independent","equal_width_4","f1_lar",100,0.541,0.119844174921547,0.0119844174921547,0.517510541715377,0.564489458284623
"primary_controlled",100,100,"n=100, p=100","independent","equal_width_4","f1_glmnet",100,0.542939393939394,0.116129707595716,0.0116129707595716,0.520177971250634,0.565700816628154
"primary_controlled",100,100,"n=100, p=100","independent","equal_width_4","rmse_lasso",100,3.5303266593019,0.377972046482588,0.0377972046482588,3.45624413819132,3.60440918041249
"primary_controlled",100,100,"n=100, p=100","independent","equal_width_4","rmse_lar",100,3.5303266593019,0.377972046482588,0.0377972046482588,3.45624413819132,3.60440918041249
"primary_controlled",100,100,"n=100, p=100","independent","equal_width_4","rmse_glmnet",100,3.53811831542744,0.380497531046016,0.0380497531046016,3.46354079934242,3.61269583151246
"primary_controlled",100,100,"n=100, p=100","independent","equal_width_4","elapsed_seconds",100,0.65779999999999,0.106302218303101,0.0106302218303101,0.636964765212582,0.678635234787398
"primary_controlled",100,100,"n=100, p=100","ar1_rho_0.5","original","mean_entry_tau",100,0.942641475103897,0.0229985908995717,0.00229985908995717,0.93813375128758,0.947149198920213
"primary_controlled",100,100,"n=100, p=100","ar1_rho_0.5","original","mean_jaccard_s",100,0.990505050505051,0.0260340250527209,0.00260340250527209,0.985402381594717,0.995607719415384
"primary_controlled",100,100,"n=100, p=100","ar1_rho_0.5","original","mean_jaccard_2s",100,0.98487012987013,0.0265897323372366,0.00265897323372366,0.979658542332032,0.990081717408228
"primary_controlled",100,100,"n=100, p=100","ar1_rho_0.5","original","mean_support_f1",100,0.732608946608947,0.101012095747292,0.0101012095747292,0.712810575842477,0.752407317375416
"primary_controlled",100,100,"n=100, p=100","ar1_rho_0.5","original","mean_rmse",100,2.84829998625393,0.354270526358506,0.0354270526358506,2.77886296308766,2.9177370094202
"primary_controlled",100,100,"n=100, p=100","ar1_rho_0.5","original","f1_lasso",100,0.732,0.102375817851718,0.0102375817851718,0.711934339701063,0.752065660298937
"primary_controlled",100,100,"n=100, p=100","ar1_rho_0.5","original","f1_lar",100,0.732,0.102375817851718,0.0102375817851718,0.711934339701063,0.752065660298937
"primary_controlled",100,100,"n=100, p=100","ar1_rho_0.5","original","f1_glmnet",100,0.73382683982684,0.0994628412657714,0.00994628412657714,0.714332122938749,0.753321556714931
"primary_controlled",100,100,"n=100, p=100","ar1_rho_0.5","original","rmse_lasso",100,2.82485237113212,0.353558207906317,0.0353558207906317,2.75555496238249,2.89414977988176
"primary_controlled",100,100,"n=100, p=100","ar1_rho_0.5","original","rmse_lar",100,2.82511719746572,0.35371464493499,0.0353714644934991,2.75578912705846,2.89444526787298
"primary_controlled",100,100,"n=100, p=100","ar1_rho_0.5","original","rmse_glmnet",100,2.89493039016395,0.361339287035834,0.0361339287035834,2.82410788990493,2.96575289042297
"primary_controlled",100,100,"n=100, p=100","ar1_rho_0.5","original","elapsed_seconds",100,0.340400000000016,0.170518638455164,0.0170518638455164,0.306978346862803,0.373821653137228
"primary_controlled",100,100,"n=100, p=100","ar1_rho_0.5","quantile_2","mean_entry_tau",100,0.932182644270651,0.0270580415523549,0.00270580415523549,0.926879268126389,0.937486020414912
"primary_controlled",100,100,"n=100, p=100","ar1_rho_0.5","quantile_2","mean_jaccard_s",100,0.986464646464646,0.0307325945506805,0.00307325945506805,0.980441057932713,0.99248823499658
"primary_controlled",100,100,"n=100, p=100","ar1_rho_0.5","quantile_2","mean_jaccard_2s",100,0.985609511261685,0.0255406602572811,0.00255406602572811,0.980603541851258,0.990615480672112
"primary_controlled",100,100,"n=100, p=100","ar1_rho_0.5","quantile_2","mean_support_f1",100,0.655437229437229,0.0948878056149898,0.00948878056149898,0.636839219536691,0.674035239337768
"primary_controlled",100,100,"n=100, p=100","ar1_rho_0.5","quantile_2","mean_rmse",100,3.13836380858172,0.35151844295713,0.035151844295713,3.06946619376213,3.20726142340132
"primary_controlled",100,100,"n=100, p=100","ar1_rho_0.5","quantile_2","f1_lasso",100,0.655,0.0957427107756338,0.00957427107756339,0.636234428687976,0.673765571312024
"primary_controlled",100,100,"n=100, p=100","ar1_rho_0.5","quantile_2","f1_lar",100,0.655,0.0957427107756338,0.00957427107756339,0.636234428687976,0.673765571312024
"primary_controlled",100,100,"n=100, p=100","ar1_rho_0.5","quantile_2","f1_glmnet",100,0.656311688311688,0.0953773579419023,0.00953773579419023,0.637617726155075,0.675005650468301
"primary_controlled",100,100,"n=100, p=100","ar1_rho_0.5","quantile_2","rmse_lasso",100,3.12884429275478,0.349620170779571,0.0349620170779571,3.06031873928198,3.19736984622757
"primary_controlled",100,100,"n=100, p=100","ar1_rho_0.5","quantile_2","rmse_lar",100,3.12884429275478,0.349620170779571,0.0349620170779571,3.06031873928198,3.19736984622757
"primary_controlled",100,100,"n=100, p=100","ar1_rho_0.5","quantile_2","rmse_glmnet",100,3.15740284023561,0.356820209103035,0.0356820209103035,3.08746607925142,3.22733960121981
"primary_controlled",100,100,"n=100, p=100","ar1_rho_0.5","quantile_2","elapsed_seconds",100,0.346699999999992,0.170673384100761,0.0170673384100761,0.313248016716242,0.380151983283741
"primary_controlled",100,100,"n=100, p=100","ar1_rho_0.5","quantile_4","mean_entry_tau",100,0.944196372099358,0.0167692103255962,0.00167692103255962,0.940909606875541,0.947483137323175
"primary_controlled",100,100,"n=100, p=100","ar1_rho_0.5","quantile_4","mean_jaccard_s",100,0.985151515151515,0.0292633607349699,0.00292633607349699,0.979415896447461,0.990887133855569
"primary_controlled",100,100,"n=100, p=100","ar1_rho_0.5","quantile_4","mean_jaccard_2s",100,0.989336219336219,0.0218367139057356,0.00218367139057356,0.985056223410695,0.993616215261743
"primary_controlled",100,100,"n=100, p=100","ar1_rho_0.5","quantile_4","mean_support_f1",100,0.525815295815296,0.109276423746208,0.0109276423746208,0.504397116761039,0.547233474869553
"primary_controlled",100,100,"n=100, p=100","ar1_rho_0.5","quantile_4","mean_rmse",100,3.39203169005222,0.34218678979118,0.034218678979118,3.32496307925315,3.45910030085129
"primary_controlled",100,100,"n=100, p=100","ar1_rho_0.5","quantile_4","f1_lasso",100,0.525,0.109521456778795,0.0109521456778795,0.503533794471356,0.546466205528644
"primary_controlled",100,100,"n=100, p=100","ar1_rho_0.5","quantile_4","f1_lar",100,0.525,0.109521456778795,0.0109521456778795,0.503533794471356,0.546466205528644
"primary_controlled",100,100,"n=100, p=100","ar1_rho_0.5","quantile_4","f1_glmnet",100,0.527445887445887,0.110407297100926,0.0110407297100926,0.505806057214106,0.549085717677669
"primary_controlled",100,100,"n=100, p=100","ar1_rho_0.5","quantile_4","rmse_lasso",100,3.38677292659943,0.340835555972225,0.0340835555972225,3.31996915762887,3.45357669556998
"primary_controlled",100,100,"n=100, p=100","ar1_rho_0.5","quantile_4","rmse_lar",100,3.38677292659943,0.340835555972225,0.0340835555972225,3.31996915762887,3.45357669556998
"primary_controlled",100,100,"n=100, p=100","ar1_rho_0.5","quantile_4","rmse_glmnet",100,3.40254921695781,0.345539707669372,0.0345539707669372,3.33482343425462,3.47027499966101
"primary_controlled",100,100,"n=100, p=100","ar1_rho_0.5","quantile_4","elapsed_seconds",100,0.483599999999992,0.219321819721751,0.0219321819721751,0.440612923334529,0.526587076665455
"primary_controlled",100,100,"n=100, p=100","ar1_rho_0.5","quantile_8","mean_entry_tau",100,0.953061884633224,0.0154013222851759,0.00154013222851759,0.950043225465329,0.956080543801118
"primary_controlled",100,100,"n=100, p=100","ar1_rho_0.5","quantile_8","mean_jaccard_s",100,0.983512043512043,0.0315123372327149,0.00315123372327149,0.977335625414431,0.989688461609656
"primary_controlled",100,100,"n=100, p=100","ar1_rho_0.5","quantile_8","mean_jaccard_2s",100,0.984700420352594,0.0225934543615221,0.00225934543615221,0.980272103297736,0.989128737407453
"primary_controlled",100,100,"n=100, p=100","ar1_rho_0.5","quantile_8","mean_support_f1",100,0.362566346696782,0.119530958070944,0.0119530958070944,0.339138278914876,0.385994414478687
"primary_controlled",100,100,"n=100, p=100","ar1_rho_0.5","quantile_8","mean_rmse",100,3.65573277313696,0.332120521134925,0.0332120521134925,3.59063715099452,3.72082839527941
"primary_controlled",100,100,"n=100, p=100","ar1_rho_0.5","quantile_8","f1_lasso",100,0.363,0.120315242491372,0.0120315242491372,0.339418212471691,0.386581787528309
"primary_controlled",100,100,"n=100, p=100","ar1_rho_0.5","quantile_8","f1_lar",100,0.363,0.120315242491372,0.0120315242491372,0.339418212471691,0.386581787528309
"primary_controlled",100,100,"n=100, p=100","ar1_rho_0.5","quantile_8","f1_glmnet",100,0.361699040090344,0.118979679852339,0.0118979679852339,0.338379022839286,0.385019057341403
"primary_controlled",100,100,"n=100, p=100","ar1_rho_0.5","quantile_8","rmse_lasso",100,3.65422057138619,0.332990700266674,0.0332990700266674,3.58895439413392,3.71948674863846
"primary_controlled",100,100,"n=100, p=100","ar1_rho_0.5","quantile_8","rmse_lar",100,3.65422057138619,0.332990700266674,0.0332990700266674,3.58895439413392,3.71948674863846
"primary_controlled",100,100,"n=100, p=100","ar1_rho_0.5","quantile_8","rmse_glmnet",100,3.65875717663851,0.330484451994084,0.0330484451994084,3.59398222404767,3.72353212922935
"primary_controlled",100,100,"n=100, p=100","ar1_rho_0.5","quantile_8","elapsed_seconds",100,0.747200000000009,0.345841325208853,0.0345841325208853,0.679415100259074,0.814984899740945
"primary_controlled",100,100,"n=100, p=100","ar1_rho_0.5","equal_width_4","mean_entry_tau",100,0.943675591091344,0.018128010662842,0.0018128010662842,0.940122501001427,0.947228681181261
"primary_controlled",100,100,"n=100, p=100","ar1_rho_0.5","equal_width_4","mean_jaccard_s",100,0.986441336441336,0.0290847394459491,0.00290847394459491,0.98074072750993,0.992141945372742
"primary_controlled",100,100,"n=100, p=100","ar1_rho_0.5","equal_width_4","mean_jaccard_2s",100,0.989321789321789,0.018401876262627,0.0018401876262627,0.985715021574314,0.992928557069264
"primary_controlled",100,100,"n=100, p=100","ar1_rho_0.5","equal_width_4","mean_support_f1",100,0.461157789070833,0.10603819874074,0.010603819874074,0.440374302117648,0.481941276024018
"primary_controlled",100,100,"n=100, p=100","ar1_rho_0.5","equal_width_4","mean_rmse",100,3.5606859292932,0.350397952131751,0.0350397952131751,3.49200793067538,3.62936392791103
"primary_controlled",100,100,"n=100, p=100","ar1_rho_0.5","equal_width_4","f1_lasso",100,0.461,0.106263442405745,0.0106263442405745,0.440172365288474,0.481827634711526
"primary_controlled",100,100,"n=100, p=100","ar1_rho_0.5","equal_width_4","f1_lar",100,0.461,0.106263442405745,0.0106263442405745,0.440172365288474,0.481827634711526
"primary_controlled",100,100,"n=100, p=100","ar1_rho_0.5","equal_width_4","f1_glmnet",100,0.461473367212498,0.107028524200689,0.0107028524200689,0.440495776469163,0.482450957955833
"primary_controlled",100,100,"n=100, p=100","ar1_rho_0.5","equal_width_4","rmse_lasso",100,3.55852946190634,0.350427027163514,0.0350427027163514,3.48984576458229,3.62721315923039
"primary_controlled",100,100,"n=100, p=100","ar1_rho_0.5","equal_width_4","rmse_lar",100,3.55852946190634,0.350427027163514,0.0350427027163514,3.48984576458229,3.62721315923039
"primary_controlled",100,100,"n=100, p=100","ar1_rho_0.5","equal_width_4","rmse_glmnet",100,3.56499886406693,0.350472269947524,0.0350472269947524,3.49630629915721,3.63369142897664
"primary_controlled",100,100,"n=100, p=100","ar1_rho_0.5","equal_width_4","elapsed_seconds",100,0.475099999999995,0.214953577323195,0.0214953577323195,0.432969098844649,0.517230901155342
"primary_controlled",100,100,"n=100, p=100","ar1_rho_0.9","original","mean_entry_tau",100,0.875528197929518,0.0324546286293188,0.00324546286293188,0.869167090718171,0.881889305140864
"primary_controlled",100,100,"n=100, p=100","ar1_rho_0.9","original","mean_jaccard_s",100,0.968086635586636,0.0600581152044877,0.00600581152044877,0.956315245006556,0.979858026166715
"primary_controlled",100,100,"n=100, p=100","ar1_rho_0.9","original","mean_jaccard_2s",100,0.901714032344467,0.0766978752507507,0.00766978752507507,0.88668124879532,0.916746815893614
"primary_controlled",100,100,"n=100, p=100","ar1_rho_0.9","original","mean_support_f1",100,0.442126984126984,0.11684802866855,0.011684802866855,0.419224770507948,0.46502919774602
"primary_controlled",100,100,"n=100, p=100","ar1_rho_0.9","original","mean_rmse",100,2.67298741445413,0.521668793551496,0.0521668793551496,2.57074033091804,2.77523449799022
"primary_controlled",100,100,"n=100, p=100","ar1_rho_0.9","original","f1_lasso",100,0.444,0.115749642755301,0.0115749642755301,0.421313070019961,0.466686929980039
"primary_controlled",100,100,"n=100, p=100","ar1_rho_0.9","original","f1_lar",100,0.439,0.119675487140108,0.0119675487140108,0.415543604520539,0.462456395479461
"primary_controlled",100,100,"n=100, p=100","ar1_rho_0.9","original","f1_glmnet",100,0.443380952380952,0.11771723199994,0.011771723199994,0.420308374908964,0.466453529852941
"primary_controlled",100,100,"n=100, p=100","ar1_rho_0.9","original","rmse_lasso",100,2.64387897237919,0.518562863795584,0.0518562863795584,2.54224065107526,2.74551729368313
"primary_controlled",100,100,"n=100, p=100","ar1_rho_0.9","original","rmse_lar",100,2.65999116346917,0.525565195435926,0.0525565195435926,2.55698038516373,2.76300194177461
"primary_controlled",100,100,"n=100, p=100","ar1_rho_0.9","original","rmse_glmnet",100,2.71509210751403,0.526773076539578,0.0526773076539577,2.61184458451228,2.81833963051579
"primary_controlled",100,100,"n=100, p=100","ar1_rho_0.9","original","elapsed_seconds",100,0.280900000000013,0.126547751198231,0.0126547751198231,0.256096640765159,0.305703359234866
"primary_controlled",100,100,"n=100, p=100","ar1_rho_0.9","quantile_2","mean_entry_tau",100,0.883868733588771,0.0307368617339455,0.00307368617339455,0.877844308688917,0.889893158488624
"primary_controlled",100,100,"n=100, p=100","ar1_rho_0.9","quantile_2","mean_jaccard_s",100,0.973873348873349,0.050814371551459,0.0050814371551459,0.963913732049263,0.983832965697435
"primary_controlled",100,100,"n=100, p=100","ar1_rho_0.9","quantile_2","mean_jaccard_2s",100,0.932692295627078,0.0606679499544877,0.00606679499544877,0.920801377435999,0.944583213818158
"primary_controlled",100,100,"n=100, p=100","ar1_rho_0.9","quantile_2","mean_support_f1",100,0.369531024531025,0.108601006647397,0.0108601006647397,0.348245227228135,0.390816821833914
"primary_controlled",100,100,"n=100, p=100","ar1_rho_0.9","quantile_2","mean_rmse",100,2.9627492192913,0.567420759062924,0.0567420759062924,2.85153475051497,3.07396368806764
"primary_controlled",100,100,"n=100, p=100","ar1_rho_0.9","quantile_2","f1_lasso",100,0.37,0.107778298447144,0.0107778298447144,0.34887545350436,0.39112454649564
"primary_controlled",100,100,"n=100, p=100","ar1_rho_0.9","quantile_2","f1_lar",100,0.367,0.109225926548155,0.0109225926548155,0.345591718396562,0.388408281603438
"primary_controlled",100,100,"n=100, p=100","ar1_rho_0.9","quantile_2","f1_glmnet",100,0.371593073593074,0.110671716040484,0.0110671716040484,0.349901417249139,0.393284729937009
"primary_controlled",100,100,"n=100, p=100","ar1_rho_0.9","quantile_2","rmse_lasso",100,2.94689892206228,0.560277331547663,0.0560277331547663,2.83708456507894,3.05671327904562
"primary_controlled",100,100,"n=100, p=100","ar1_rho_0.9","quantile_2","rmse_lar",100,2.95351036653129,0.564493931306445,0.0564493931306445,2.84286955599523,3.06415117706736
"primary_controlled",100,100,"n=100, p=100","ar1_rho_0.9","quantile_2","rmse_glmnet",100,2.98783836928034,0.579186684290384,0.0579186684290384,2.87431777915942,3.10135895940125
"primary_controlled",100,100,"n=100, p=100","ar1_rho_0.9","quantile_2","elapsed_seconds",100,0.334100000000003,0.172761849277154,0.0172761849277154,0.300238677541681,0.367961322458325
"primary_controlled",100,100,"n=100, p=100","ar1_rho_0.9","quantile_4","mean_entry_tau",100,0.909359190454294,0.0252071430752086,0.00252071430752086,0.904418590411553,0.914299790497035
"primary_controlled",100,100,"n=100, p=100","ar1_rho_0.9","quantile_4","mean_jaccard_s",100,0.982727272727273,0.0373913817112422,0.00373913817112422,0.975398561911869,0.990055983542676
"primary_controlled",100,100,"n=100, p=100","ar1_rho_0.9","quantile_4","mean_jaccard_2s",100,0.963666478449087,0.0428610911534499,0.00428610911534499,0.955265704583011,0.972067252315163
"primary_controlled",100,100,"n=100, p=100","ar1_rho_0.9","quantile_4","mean_support_f1",100,0.307748917748918,0.104567435848721,0.0104567435848721,0.287253700322568,0.328244135175267
"primary_controlled",100,100,"n=100, p=100","ar1_rho_0.9","quantile_4","mean_rmse",100,3.14204417312122,0.566298314575565,0.0566298314575565,3.03104970346441,3.25303864277803
"primary_controlled",100,100,"n=100, p=100","ar1_rho_0.9","quantile_4","f1_lasso",100,0.308,0.105102162900982,0.0105102162900982,0.287399976071407,0.328600023928593
"primary_controlled",100,100,"n=100, p=100","ar1_rho_0.9","quantile_4","f1_lar",100,0.306,0.106192126246571,0.0106192126246571,0.285186343255672,0.326813656744328
"primary_controlled",100,100,"n=100, p=100","ar1_rho_0.9","quantile_4","f1_glmnet",100,0.309246753246753,0.104020152015784,0.0104020152015784,0.28885880345166,0.329634703041847
"primary_controlled",100,100,"n=100, p=100","ar1_rho_0.9","quantile_4","rmse_lasso",100,3.13176979297115,0.56198650972315,0.056198650972315,3.02162043706541,3.24191914887689
"primary_controlled",100,100,"n=100, p=100","ar1_rho_0.9","quantile_4","rmse_lar",100,3.13375559076801,0.56241284244773,0.056241284244773,3.02352267364826,3.24398850788777
"primary_controlled",100,100,"n=100, p=100","ar1_rho_0.9","quantile_4","rmse_glmnet",100,3.16060713562449,0.57539087364839,0.057539087364839,3.04783052438941,3.27338374685958
"primary_controlled",100,100,"n=100, p=100","ar1_rho_0.9","quantile_4","elapsed_seconds",100,0.429000000000003,0.198211701944878,0.0198211701944878,0.390150506418807,0.467849493581199
"primary_controlled",100,100,"n=100, p=100","ar1_rho_0.9","quantile_8","mean_entry_tau",100,0.932054497465728,0.0223138855896865,0.00223138855896865,0.92768097589015,0.936428019041307
"primary_controlled",100,100,"n=100, p=100","ar1_rho_0.9","quantile_8","mean_jaccard_s",100,0.983030303030303,0.0340922411285073,0.00340922411285073,0.976348223769116,0.98971238229149
"primary_controlled",100,100,"n=100, p=100","ar1_rho_0.9","quantile_8","mean_jaccard_2s",100,0.971147171668911,0.0412399860239848,0.00412399860239848,0.96306413440821,0.979230208929612
"primary_controlled",100,100,"n=100, p=100","ar1_rho_0.9","quantile_8","mean_support_f1",100,0.240546897546898,0.0994381799989326,0.00994381799989326,0.221057014267107,0.260036780826688
"primary_controlled",100,100,"n=100, p=100","ar1_rho_0.9","quantile_8","mean_rmse",100,3.36858955584246,0.630213275822113,0.0630213275822113,3.24506775378132,3.49211135790359
"primary_controlled",100,100,"n=100, p=100","ar1_rho_0.9","quantile_8","f1_lasso",100,0.238,0.100282429450855,0.0100282429450855,0.218344643827632,0.257655356172368
"primary_controlled",100,100,"n=100, p=100","ar1_rho_0.9","quantile_8","f1_lar",100,0.239,0.10039819709436,0.010039819709436,0.219321953369505,0.258678046630495
"primary_controlled",100,100,"n=100, p=100","ar1_rho_0.9","quantile_8","f1_glmnet",100,0.244640692640693,0.100782455196344,0.0100782455196344,0.224887331422209,0.264394053859176
"primary_controlled",100,100,"n=100, p=100","ar1_rho_0.9","quantile_8","rmse_lasso",100,3.36335135420134,0.628404280969389,0.0628404280969389,3.24018411513134,3.48651859327134
"primary_controlled",100,100,"n=100, p=100","ar1_rho_0.9","quantile_8","rmse_lar",100,3.36364252790338,0.629094370784608,0.0629094370784608,3.24034003122959,3.48694502457716
"primary_controlled",100,100,"n=100, p=100","ar1_rho_0.9","quantile_8","rmse_glmnet",100,3.37877478542265,0.633856049736735,0.0633856049736735,3.25453899967425,3.50301057117105
"primary_controlled",100,100,"n=100, p=100","ar1_rho_0.9","quantile_8","elapsed_seconds",100,0.617999999999981,0.274620031345419,0.0274620031345419,0.564174473856279,0.671825526143684
"primary_controlled",100,100,"n=100, p=100","ar1_rho_0.9","equal_width_4","mean_entry_tau",100,0.91274300157377,0.0265901796139349,0.00265901796139349,0.907531326369439,0.917954676778101
"primary_controlled",100,100,"n=100, p=100","ar1_rho_0.9","equal_width_4","mean_jaccard_s",100,0.983510101010101,0.0361934264654171,0.00361934264654171,0.976416189422879,0.990604012597323
"primary_controlled",100,100,"n=100, p=100","ar1_rho_0.9","equal_width_4","mean_jaccard_2s",100,0.968104021582282,0.0436088704692469,0.00436088704692469,0.95955668297031,0.976651360194255
"primary_controlled",100,100,"n=100, p=100","ar1_rho_0.9","equal_width_4","mean_support_f1",100,0.252698412698413,0.109492217406408,0.0109492217406408,0.231237938086757,0.274158887310069
"primary_controlled",100,100,"n=100, p=100","ar1_rho_0.9","equal_width_4","mean_rmse",100,3.30212243982002,0.614552909528525,0.0614552909528525,3.18167006955243,3.42257481008761
"primary_controlled",100,100,"n=100, p=100","ar1_rho_0.9","equal_width_4","f1_lasso",100,0.252,0.109618254028066,0.0109618254028066,0.230514822210499,0.273485177789501
"primary_controlled",100,100,"n=100, p=100","ar1_rho_0.9","equal_width_4","f1_lar",100,0.252,0.109618254028066,0.0109618254028066,0.230514822210499,0.273485177789501
"primary_controlled",100,100,"n=100, p=100","ar1_rho_0.9","equal_width_4","f1_glmnet",100,0.254095238095238,0.110314775644913,0.0110314775644913,0.232473542068835,0.275716934121641
"primary_controlled",100,100,"n=100, p=100","ar1_rho_0.9","equal_width_4","rmse_lasso",100,3.29477574325599,0.611874456160131,0.0611874456160131,3.1748483498486,3.41470313666337
"primary_controlled",100,100,"n=100, p=100","ar1_rho_0.9","equal_width_4","rmse_lar",100,3.29519299635179,0.611903345432967,0.0611903345432967,3.17525994064693,3.41512605205665
"primary_controlled",100,100,"n=100, p=100","ar1_rho_0.9","equal_width_4","rmse_glmnet",100,3.31639857985228,0.620348758764426,0.0620348758764426,3.19481022313445,3.43798693657011
"primary_controlled",100,100,"n=100, p=100","ar1_rho_0.9","equal_width_4","elapsed_seconds",100,0.462500000000011,0.234810798540263,0.0234810798540263,0.41647708348612,0.508522916513903
"primary_controlled",100,100,"n=100, p=100","block","original","mean_entry_tau",100,0.905956545314847,0.029646987500226,0.0029646987500226,0.900145735764803,0.911767354864891
"primary_controlled",100,100,"n=100, p=100","block","original","mean_jaccard_s",100,0.971085858585859,0.0494343383369925,0.00494343383369925,0.961396728271808,0.980774988899909
"primary_controlled",100,100,"n=100, p=100","block","original","mean_jaccard_2s",100,0.924538799364886,0.0731091920133945,0.00731091920133945,0.910209397730261,0.938868200999512
"primary_controlled",100,100,"n=100, p=100","block","original","mean_support_f1",100,0.500470418470419,0.112248723804914,0.0112248723804914,0.478469668604655,0.522471168336182
"primary_controlled",100,100,"n=100, p=100","block","original","mean_rmse",100,2.69068165585543,0.548624194135243,0.0548624194135243,2.58315131380492,2.79821199790594
"primary_controlled",100,100,"n=100, p=100","block","original","f1_lasso",100,0.501,0.114145928220383,0.0114145928220383,0.478627398068805,0.523372601931195
"primary_controlled",100,100,"n=100, p=100","block","original","f1_lar",100,0.496,0.110022954446109,0.0110022954446109,0.474435500928563,0.517564499071437
"primary_controlled",100,100,"n=100, p=100","block","original","f1_glmnet",100,0.504411255411255,0.115652626366575,0.0115652626366575,0.481743340643407,0.527079170179104
"primary_controlled",100,100,"n=100, p=100","block","original","rmse_lasso",100,2.66801834747338,0.546986476793584,0.0546986476793584,2.56080899802183,2.77522769692492
"primary_controlled",100,100,"n=100, p=100","block","original","rmse_lar",100,2.67656193052957,0.548077873513069,0.0548077873513069,2.56913866732101,2.78398519373813
"primary_controlled",100,100,"n=100, p=100","block","original","rmse_glmnet",100,2.72746468956334,0.553870179437444,0.0553870179437444,2.61890613439361,2.83602324473308
"primary_controlled",100,100,"n=100, p=100","block","original","elapsed_seconds",100,0.360099999999961,0.079321555020736,0.0079321555020736,0.344552975215897,0.375647024784025
"primary_controlled",100,100,"n=100, p=100","block","quantile_2","mean_entry_tau",100,0.89775685593819,0.0263272339628016,0.00263272339628016,0.89259671808148,0.902916993794899
"primary_controlled",100,100,"n=100, p=100","block","quantile_2","mean_jaccard_s",100,0.971666666666667,0.0446259026316114,0.00446259026316114,0.962919989750871,0.980413343582462
"primary_controlled",100,100,"n=100, p=100","block","quantile_2","mean_jaccard_2s",100,0.950278875713658,0.0517254051787695,0.00517254051787695,0.94014069629862,0.960417055128697
"primary_controlled",100,100,"n=100, p=100","block","quantile_2","mean_support_f1",100,0.422142857142857,0.108874012617299,0.0108874012617299,0.400803550669866,0.443482163615848
"primary_controlled",100,100,"n=100, p=100","block","quantile_2","mean_rmse",100,2.9653695752192,0.573791580591303,0.0573791580591303,2.8529064254233,3.07783272501509
"primary_controlled",100,100,"n=100, p=100","block","quantile_2","f1_lasso",100,0.421,0.110366698241852,0.0110366698241852,0.399368127144597,0.442631872855403
"primary_controlled",100,100,"n=100, p=100","block","quantile_2","f1_lar",100,0.421,0.110366698241852,0.0110366698241852,0.399368127144597,0.442631872855403
"primary_controlled",100,100,"n=100, p=100","block","quantile_2","f1_glmnet",100,0.424428571428571,0.108346676310691,0.0108346676310691,0.403192622871676,0.445664519985467
"primary_controlled",100,100,"n=100, p=100","block","quantile_2","rmse_lasso",100,2.94891804760395,0.563789415721588,0.0563789415721588,2.83841532212252,3.05942077308538
"primary_controlled",100,100,"n=100, p=100","block","quantile_2","rmse_lar",100,2.95924037267298,0.575999328381277,0.0575999328381277,2.84634450431025,3.07213624103571
"primary_controlled",100,100,"n=100, p=100","block","quantile_2","rmse_glmnet",100,2.98795030538067,0.585675384831394,0.0585675384831394,2.87315792995372,3.10274268080763
"primary_controlled",100,100,"n=100, p=100","block","quantile_2","elapsed_seconds",100,0.404200000000028,0.0773837348817207,0.00773837348817207,0.389032787963211,0.419367212036845
"primary_controlled",100,100,"n=100, p=100","block","quantile_4","mean_entry_tau",100,0.917191510201039,0.0233187347201169,0.00233187347201169,0.912621038195896,0.921761982206182
"primary_controlled",100,100,"n=100, p=100","block","quantile_4","mean_jaccard_s",100,0.980909090909091,0.0376276749333842,0.00376276749333842,0.973534066622148,0.988284115196034
"primary_controlled",100,100,"n=100, p=100","block","quantile_4","mean_jaccard_2s",100,0.963050379572119,0.0515546128270308,0.00515546128270308,0.952945675458021,0.973155083686217
"primary_controlled",100,100,"n=100, p=100","block","quantile_4","mean_support_f1",100,0.356975468975469,0.104100546024217,0.0104100546024217,0.336571761954723,0.377379175996215
"primary_controlled",100,100,"n=100, p=100","block","quantile_4","mean_rmse",100,3.14830209787532,0.571182953952651,0.0571182953952651,3.0363502389006,3.26025395685004
"primary_controlled",100,100,"n=100, p=100","block","quantile_4","f1_lasso",100,0.356,0.104755607839091,0.0104755607839091,0.335467900863538,0.376532099136462
"primary_controlled",100,100,"n=100, p=100","block","quantile_4","f1_lar",100,0.353,0.104885700174095,0.0104885700174095,0.332442402765877,0.373557597234123
"primary_controlled",100,100,"n=100, p=100","block","quantile_4","f1_glmnet",100,0.361926406926407,0.106127904697574,0.0106127904697574,0.341125337605682,0.382727476247131
"primary_controlled",100,100,"n=100, p=100","block","quantile_4","rmse_lasso",100,3.13947904497689,0.56715210294779,0.056715210294779,3.02831723279912,3.25064085715465
"primary_controlled",100,100,"n=100, p=100","block","quantile_4","rmse_lar",100,3.14093774964024,0.567363449830868,0.0567363449830868,3.02973451347339,3.25214098580709
"primary_controlled",100,100,"n=100, p=100","block","quantile_4","rmse_glmnet",100,3.16448949900884,0.580381420306728,0.0580381420306728,3.05073474062872,3.27824425738895
"primary_controlled",100,100,"n=100, p=100","block","quantile_4","elapsed_seconds",100,0.539700000000012,0.0843328542326731,0.00843328542326731,0.523170760570408,0.556229239429616
"primary_controlled",100,100,"n=100, p=100","block","quantile_8","mean_entry_tau",100,0.93751858621818,0.0211984385354921,0.00211984385354921,0.933363692265224,0.941673480171137
"primary_controlled",100,100,"n=100, p=100","block","quantile_8","mean_jaccard_s",100,0.980540015540016,0.0384264259962712,0.00384264259962712,0.973008436044746,0.988071595035285
"primary_controlled",100,100,"n=100, p=100","block","quantile_8","mean_jaccard_2s",100,0.970293230441057,0.0378607299253762,0.00378607299253762,0.962872527375683,0.97771393350643
"primary_controlled",100,100,"n=100, p=100","block","quantile_8","mean_support_f1",100,0.271082251082251,0.0999447577086513,0.00999447577086513,0.251493078571355,0.290671423593147
"primary_controlled",100,100,"n=100, p=100","block","quantile_8","mean_rmse",100,3.38206073143538,0.609216159299204,0.0609216159299204,3.26265436421273,3.50146709865802
"primary_controlled",100,100,"n=100, p=100","block","quantile_8","f1_lasso",100,0.272,0.100584152415635,0.0100584152415635,0.252285506126536,0.291714493873464
"primary_controlled",100,100,"n=100, p=100","block","quantile_8","f1_lar",100,0.27,0.1,0.01,0.2504,0.2896
"primary_controlled",100,100,"n=100, p=100","block","quantile_8","f1_glmnet",100,0.271246753246753,0.100684661175179,0.0100684661175179,0.251512559656418,0.290980946837088
"primary_controlled",100,100,"n=100, p=100","block","quantile_8","rmse_lasso",100,3.37815961102907,0.606660706425064,0.0606660706425064,3.25925411256976,3.49706510948838
"primary_controlled",100,100,"n=100, p=100","block","quantile_8","rmse_lar",100,3.37828688730674,0.606721389342954,0.0606721389342954,3.25936949499552,3.49720427961796
"primary_controlled",100,100,"n=100, p=100","block","quantile_8","rmse_glmnet",100,3.38973569597032,0.614538088753527,0.0614538088753527,3.26928623057463,3.51018516136601
"primary_controlled",100,100,"n=100, p=100","block","quantile_8","elapsed_seconds",100,0.801699999999987,0.126483559837193,0.0126483559837193,0.776909222271897,0.826490777728077
"primary_controlled",100,100,"n=100, p=100","block","equal_width_4","mean_entry_tau",100,0.909580377498818,0.0257208286159229,0.00257208286159229,0.904539095090097,0.914621659907539
"primary_controlled",100,100,"n=100, p=100","block","equal_width_4","mean_jaccard_s",100,0.987474747474748,0.0307292408917971,0.00307292408917971,0.981451816259955,0.99349767868954
"primary_controlled",100,100,"n=100, p=100","block","equal_width_4","mean_jaccard_2s",100,0.97315358554489,0.0406942603083042,0.00406942603083042,0.965177510524462,0.981129660565317
"primary_controlled",100,100,"n=100, p=100","block","equal_width_4","mean_support_f1",100,0.280598845598846,0.0959349890656229,0.00959349890656229,0.261795587741984,0.299402103455708
"primary_controlled",100,100,"n=100, p=100","block","equal_width_4","mean_rmse",100,3.31466933175927,0.611944883330656,0.0611944883330656,3.19472813462646,3.43461052889208
"primary_controlled",100,100,"n=100, p=100","block","equal_width_4","f1_lasso",100,0.281,0.0960797227895311,0.00960797227895311,0.262168374333252,0.299831625666748
"primary_controlled",100,100,"n=100, p=100","block","equal_width_4","f1_lar",100,0.28,0.0942809041582063,0.00942809041582063,0.261520942784992,0.298479057215008
"primary_controlled",100,100,"n=100, p=100","block","equal_width_4","f1_glmnet",100,0.280796536796537,0.0985761653915254,0.00985761653915255,0.261475608379798,0.300117465213276
"primary_controlled",100,100,"n=100, p=100","block","equal_width_4","rmse_lasso",100,3.30859351800155,0.609931246633385,0.0609931246633385,3.1890469936614,3.42814004234169
"primary_controlled",100,100,"n=100, p=100","block","equal_width_4","rmse_lar",100,3.30843008526106,0.609329119698008,0.0609329119698008,3.18900157780025,3.42785859272187
"primary_controlled",100,100,"n=100, p=100","block","equal_width_4","rmse_glmnet",100,3.32698439201521,0.616913956712844,0.0616913956712844,3.20606925649949,3.44789952753093
"primary_controlled",100,100,"n=100, p=100","block","equal_width_4","elapsed_seconds",100,0.578300000000022,0.0939165221423751,0.00939165221423751,0.559892361660116,0.596707638339928
"primary_controlled",100,200,"n=100, p=200","independent","original","mean_entry_tau",100,0.913577497845525,0.0226289965254629,0.00226289965254629,0.909142214526535,0.918012781164516
"primary_controlled",100,200,"n=100, p=200","independent","original","mean_jaccard_s",100,0.98958152958153,0.0161176990347484,0.00161176990347484,0.986422460570719,0.99274059859234
"primary_controlled",100,200,"n=100, p=200","independent","original","mean_jaccard_2s",100,0.98269341580459,0.022701735576258,0.0022701735576258,0.978243875631643,0.987142955977536
"primary_controlled",100,200,"n=100, p=200","independent","original","mean_support_f1",100,0.560276616337592,0.0926283271310393,0.00926283271310393,0.542121464219908,0.578431768455276
"primary_controlled",100,200,"n=100, p=200","independent","original","mean_rmse",100,4.57854405185123,0.441135735249425,0.0441135735249425,4.49208144774234,4.66500665596011
"primary_controlled",100,200,"n=100, p=200","independent","original","f1_lasso",100,0.5605,0.0930121638618446,0.00930121638618446,0.542269615883078,0.578730384116922
"primary_controlled",100,200,"n=100, p=200","independent","original","f1_lar",100,0.5605,0.0930121638618446,0.00930121638618446,0.542269615883078,0.578730384116922
"primary_controlled",100,200,"n=100, p=200","independent","original","f1_glmnet",100,0.559829849012776,0.092428411754638,0.0092428411754638,0.541713880308867,0.577945817716685
"primary_controlled",100,200,"n=100, p=200","independent","original","rmse_lasso",100,4.57239444595267,0.441587840341992,0.0441587840341992,4.48584322924564,4.6589456626597
"primary_controlled",100,200,"n=100, p=200","independent","original","rmse_lar",100,4.57239444595267,0.441587840341992,0.0441587840341992,4.48584322924564,4.6589456626597
"primary_controlled",100,200,"n=100, p=200","independent","original","rmse_glmnet",100,4.59084326364834,0.441192010897431,0.0441192010897431,4.50436962951244,4.67731689778423
"primary_controlled",100,200,"n=100, p=200","independent","original","elapsed_seconds",100,0.401300000000006,0.107427729994265,0.0107427729994265,0.38024416492113,0.422355835078882
"primary_controlled",100,200,"n=100, p=200","independent","quantile_2","mean_entry_tau",100,0.916085519463973,0.0217199385375819,0.00217199385375819,0.911828411510607,0.920342627417339
"primary_controlled",100,200,"n=100, p=200","independent","quantile_2","mean_jaccard_s",100,0.98567444632662,0.0220135094053085,0.00220135094053085,0.98135979848318,0.989989094170061
"primary_controlled",100,200,"n=100, p=200","independent","quantile_2","mean_jaccard_2s",100,0.973181789534597,0.0264936539225343,0.00264936539225343,0.96798903336578,0.978374545703414
"primary_controlled",100,200,"n=100, p=200","independent","quantile_2","mean_support_f1",100,0.507417555753631,0.085819402031113,0.0085819402031113,0.490596952955533,0.524238158551729
"primary_controlled",100,200,"n=100, p=200","independent","quantile_2","mean_rmse",100,4.86740147301942,0.426492668322522,0.0426492668322522,4.78380891002821,4.95099403601064
"primary_controlled",100,200,"n=100, p=200","independent","quantile_2","f1_lasso",100,0.5065,0.0869386757049665,0.00869386757049665,0.489460019561827,0.523539980438174
"primary_controlled",100,200,"n=100, p=200","independent","quantile_2","f1_lar",100,0.5065,0.0869386757049665,0.00869386757049665,0.489460019561827,0.523539980438174
"primary_controlled",100,200,"n=100, p=200","independent","quantile_2","f1_glmnet",100,0.509252667260892,0.0842997132840645,0.00842997132840645,0.492729923457215,0.525775411064569
"primary_controlled",100,200,"n=100, p=200","independent","quantile_2","rmse_lasso",100,4.86466151286648,0.426636161747772,0.0426636161747772,4.78104082516392,4.94828220056905
"primary_controlled",100,200,"n=100, p=200","independent","quantile_2","rmse_lar",100,4.86470250309933,0.426700035508882,0.0426700035508882,4.78106929613959,4.94833571005907
"primary_controlled",100,200,"n=100, p=200","independent","quantile_2","rmse_glmnet",100,4.87284040309245,0.426398830452154,0.0426398830452154,4.78926623232383,4.95641457386108
"primary_controlled",100,200,"n=100, p=200","independent","quantile_2","elapsed_seconds",100,0.543699999999976,0.127498504645624,0.0127498504645624,0.518710293089434,0.568689706910518
"primary_controlled",100,200,"n=100, p=200","independent","quantile_4","mean_entry_tau",100,0.926981085314762,0.0193375897161867,0.00193375897161867,0.923190917730389,0.930771252899134
"primary_controlled",100,200,"n=100, p=200","independent","quantile_4","mean_jaccard_s",100,0.983130685739381,0.0261267607153505,0.00261267607153505,0.978009840639173,0.98825153083959
"primary_controlled",100,200,"n=100, p=200","independent","quantile_4","mean_jaccard_2s",100,0.97239406898851,0.0261907436488465,0.00261907436488465,0.967260683233336,0.977527454743684
"primary_controlled",100,200,"n=100, p=200","independent","quantile_4","mean_support_f1",100,0.348183849679028,0.0801491062238453,0.00801491062238453,0.332474624859155,0.363893074498902
"primary_controlled",100,200,"n=100, p=200","independent","quantile_4","mean_rmse",100,5.16198693917455,0.423105685628851,0.0423105685628851,5.0790582247913,5.24491565355781
"primary_controlled",100,200,"n=100, p=200","independent","quantile_4","f1_lasso",100,0.347,0.0812838895911773,0.00812838895911773,0.331068357640129,0.362931642359871
"primary_controlled",100,200,"n=100, p=200","independent","quantile_4","f1_lar",100,0.3465,0.0807962270346227,0.00807962270346227,0.330663939501214,0.362336060498786
"primary_controlled",100,200,"n=100, p=200","independent","quantile_4","f1_glmnet",100,0.351051549037085,0.0797233265675704,0.00797233265675704,0.335425777029841,0.366677321044329
"primary_controlled",100,200,"n=100, p=200","independent","quantile_4","rmse_lasso",100,5.16142324055313,0.423238931907002,0.0423238931907002,5.07846840989936,5.2443780712069
"primary_controlled",100,200,"n=100, p=200","independent","quantile_4","rmse_lar",100,5.16142354912207,0.423135271266331,0.0423135271266331,5.07848903595387,5.24435806229027
"primary_controlled",100,200,"n=100, p=200","independent","quantile_4","rmse_glmnet",100,5.16311402784846,0.422970402217386,0.0422970402217386,5.08021182901385,5.24601622668307
"primary_controlled",100,200,"n=100, p=200","independent","quantile_4","elapsed_seconds",100,0.798800000000015,0.134557111152126,0.0134557111152126,0.772426806214198,0.825173193785831
"primary_controlled",100,200,"n=100, p=200","independent","quantile_8","mean_entry_tau",100,0.928288985477676,0.0191024248746692,0.00191024248746692,0.924544910202241,0.932033060753111
"primary_controlled",100,200,"n=100, p=200","independent","quantile_8","mean_jaccard_s",100,0.983669615408746,0.0252519189435085,0.00252519189435085,0.978720239295818,0.988618991521674
"primary_controlled",100,200,"n=100, p=200","independent","quantile_8","mean_jaccard_2s",100,0.968587057403847,0.0324902816807308,0.00324902816807308,0.962218962194424,0.97495515261327
"primary_controlled",100,200,"n=100, p=200","independent","quantile_8","mean_support_f1",100,0.24335367654341,0.0742692424471215,0.00742692424471215,0.228796905023774,0.257910448063046
"primary_controlled",100,200,"n=100, p=200","independent","quantile_8","mean_rmse",100,5.37033248099331,0.425168084768291,0.0425168084768291,5.28699953637872,5.45366542560789
"primary_controlled",100,200,"n=100, p=200","independent","quantile_8","f1_lasso",100,0.2435,0.0740785141766913,0.00740785141766913,0.228980611221368,0.258019388778632
"primary_controlled",100,200,"n=100, p=200","independent","quantile_8","f1_lar",100,0.243,0.0745423749055908,0.00745423749055908,0.228389694518504,0.257610305481496
"primary_controlled",100,200,"n=100, p=200","independent","quantile_8","f1_glmnet",100,0.24356102963023,0.074757655424098,0.0074757655424098,0.228908529167107,0.258213530093353
"primary_controlled",100,200,"n=100, p=200","independent","quantile_8","rmse_lasso",100,5.37080251152502,0.424999296735318,0.0424999296735318,5.2875026493649,5.45410237368515
"primary_controlled",100,200,"n=100, p=200","independent","quantile_8","rmse_lar",100,5.37081440057957,0.425024289814512,0.0425024289814512,5.28750963977593,5.45411916138322
"primary_controlled",100,200,"n=100, p=200","independent","quantile_8","rmse_glmnet",100,5.36938053087533,0.42550115137763,0.042550115137763,5.28598230520531,5.45277875654534
"primary_controlled",100,200,"n=100, p=200","independent","quantile_8","elapsed_seconds",100,1.34819999999999,0.193293517321185,0.0193293517321185,1.31031447060504,1.38608552939494
"primary_controlled",100,200,"n=100, p=200","independent","equal_width_4","mean_entry_tau",100,0.92482492983033,0.0190582205103167,0.00190582205103167,0.921089518610308,0.928560341050353
"primary_controlled",100,200,"n=100, p=200","independent","equal_width_4","mean_jaccard_s",100,0.979915223665224,0.0332302230033945,0.00332302230033945,0.973402099956558,0.986428347373889
"primary_controlled",100,200,"n=100, p=200","independent","equal_width_4","mean_jaccard_2s",100,0.97097996822614,0.0272488427076849,0.00272488427076849,0.965639195055433,0.976320741396846
"primary_controlled",100,200,"n=100, p=200","independent","equal_width_4","mean_support_f1",100,0.337751375271228,0.082987607026489,0.0082987607026489,0.321485804294036,0.35401694624842
"primary_controlled",100,200,"n=100, p=200","independent","equal_width_4","mean_rmse",100,5.27881864454297,0.432152563474233,0.0432152563474233,5.19411674210202,5.36352054698392
"primary_controlled",100,200,"n=100, p=200","independent","equal_width_4","f1_lasso",100,0.338,0.0844231764817738,0.00844231764817738,0.321453057409572,0.354546942590428
"primary_controlled",100,200,"n=100, p=200","independent","equal_width_4","f1_lar",100,0.338,0.0832181021488265,0.00832181021488265,0.32168925197883,0.35431074802117
"primary_controlled",100,200,"n=100, p=200","independent","equal_width_4","f1_glmnet",100,0.337254125813683,0.0820537965675582,0.00820537965675582,0.321171581686442,0.353336669940925
"primary_controlled",100,200,"n=100, p=200","independent","equal_width_4","rmse_lasso",100,5.27874929068818,0.432240312247523,0.0432240312247523,5.19403018948766,5.36346839188869
"primary_controlled",100,200,"n=100, p=200","independent","equal_width_4","rmse_lar",100,5.27895750329409,0.432146664898608,0.0432146664898608,5.19425675697396,5.36365824961421
"primary_controlled",100,200,"n=100, p=200","independent","equal_width_4","rmse_glmnet",100,5.27874913964665,0.4320965023063,0.04320965023063,5.19405822519462,5.36344005409869
"primary_controlled",100,200,"n=100, p=200","independent","equal_width_4","elapsed_seconds",100,0.843100000000018,0.154512560373356,0.0154512560373356,0.81281553816684,0.873384461833195
"primary_controlled",100,200,"n=100, p=200","ar1_rho_0.5","original","mean_entry_tau",100,0.897528681499518,0.0248123669853904,0.00248123669853904,0.892665457570381,0.902391905428654
"primary_controlled",100,200,"n=100, p=200","ar1_rho_0.5","original","mean_jaccard_s",100,0.986298387602735,0.0238629118247388,0.00238629118247388,0.981621256885087,0.990975518320384
"primary_controlled",100,200,"n=100, p=200","ar1_rho_0.5","original","mean_jaccard_2s",100,0.969550148324397,0.0310567300780169,0.00310567300780169,0.963463029229105,0.975637267419688
"primary_controlled",100,200,"n=100, p=200","ar1_rho_0.5","original","mean_support_f1",100,0.541978513356562,0.0892462534803758,0.00892462534803758,0.524486247674408,0.559470779038716
"primary_controlled",100,200,"n=100, p=200","ar1_rho_0.5","original","mean_rmse",100,4.44895689890715,0.412439869642736,0.0412439869642736,4.36811868445717,4.52979511335712
"primary_controlled",100,200,"n=100, p=200","ar1_rho_0.5","original","f1_lasso",100,0.542,0.090375199959263,0.0090375199959263,0.524286460807984,0.559713539192016
"primary_controlled",100,200,"n=100, p=200","ar1_rho_0.5","original","f1_lar",100,0.542,0.090375199959263,0.0090375199959263,0.524286460807984,0.559713539192016
"primary_controlled",100,200,"n=100, p=200","ar1_rho_0.5","original","f1_glmnet",100,0.541935540069686,0.0875325691913513,0.00875325691913513,0.524779156508182,0.559091923631191
"primary_controlled",100,200,"n=100, p=200","ar1_rho_0.5","original","rmse_lasso",100,4.44164456853418,0.412437595479061,0.0412437595479061,4.36080679982029,4.52248233724808
"primary_controlled",100,200,"n=100, p=200","ar1_rho_0.5","original","rmse_lar",100,4.44293146877317,0.412724021009778,0.0412724021009778,4.36203756065526,4.52382537689109
"primary_controlled",100,200,"n=100, p=200","ar1_rho_0.5","original","rmse_glmnet",100,4.46229465941409,0.412812509869084,0.0412812509869084,4.38138340747974,4.54320591134843
"primary_controlled",100,200,"n=100, p=200","ar1_rho_0.5","original","elapsed_seconds",100,0.386599999999962,0.182032409146831,0.0182032409146831,0.350921647807183,0.422278352192741
"primary_controlled",100,200,"n=100, p=200","ar1_rho_0.5","quantile_2","mean_entry_tau",100,0.907755821252357,0.0191866442591891,0.00191866442591891,0.903995238977556,0.911516403527158
"primary_controlled",100,200,"n=100, p=200","ar1_rho_0.5","quantile_2","mean_jaccard_s",100,0.987528703180877,0.0205027003959421,0.00205027003959421,0.983510173903272,0.991547232458482
"primary_controlled",100,200,"n=100, p=200","ar1_rho_0.5","quantile_2","mean_jaccard_2s",100,0.968991714950875,0.0301062302828102,0.00301062302828102,0.963090893815445,0.974892536086306
"primary_controlled",100,200,"n=100, p=200","ar1_rho_0.5","quantile_2","mean_support_f1",100,0.456351020536783,0.0795381842548684,0.00795381842548684,0.440761536422829,0.471940504650738
"primary_controlled",100,200,"n=100, p=200","ar1_rho_0.5","quantile_2","mean_rmse",100,4.76277749535661,0.38736806266041,0.038736806266041,4.68685335507516,4.83870163563805
"primary_controlled",100,200,"n=100, p=200","ar1_rho_0.5","quantile_2","f1_lasso",100,0.4565,0.0802945964696394,0.00802945964696393,0.440762259091951,0.472237740908049
"primary_controlled",100,200,"n=100, p=200","ar1_rho_0.5","quantile_2","f1_lar",100,0.456,0.0804909179894718,0.00804909179894718,0.440223780074064,0.471776219925936
"primary_controlled",100,200,"n=100, p=200","ar1_rho_0.5","quantile_2","f1_glmnet",100,0.45655306161035,0.0786071064004997,0.00786071064004997,0.441146068755852,0.471960054464848
"primary_controlled",100,200,"n=100, p=200","ar1_rho_0.5","quantile_2","rmse_lasso",100,4.75920666967267,0.387967714336191,0.0387967714336191,4.68316499766277,4.83524834168256
"primary_controlled",100,200,"n=100, p=200","ar1_rho_0.5","quantile_2","rmse_lar",100,4.7594846685816,0.388322964117543,0.0388322964117543,4.68337336761456,4.83559596954864
"primary_controlled",100,200,"n=100, p=200","ar1_rho_0.5","quantile_2","rmse_glmnet",100,4.76964114781555,0.386193181214791,0.0386193181214791,4.69394728429745,4.84533501133365
"primary_controlled",100,200,"n=100, p=200","ar1_rho_0.5","quantile_2","elapsed_seconds",100,0.523899999999994,0.25570617212857,0.025570617212857,0.473781590262794,0.574018409737194
"primary_controlled",100,200,"n=100, p=200","ar1_rho_0.5","quantile_4","mean_entry_tau",100,0.926786638016967,0.0204251461878196,0.00204251461878196,0.922783309364155,0.93078996666978
"primary_controlled",100,200,"n=100, p=200","ar1_rho_0.5","quantile_4","mean_jaccard_s",100,0.983100131752306,0.0257059073605742,0.00257059073605742,0.978061773909633,0.988138489594978
"primary_controlled",100,200,"n=100, p=200","ar1_rho_0.5","quantile_4","mean_jaccard_2s",100,0.977422765046134,0.0243403501168456,0.00243403501168456,0.972652056423232,0.982193473669036
"primary_controlled",100,200,"n=100, p=200","ar1_rho_0.5","quantile_4","mean_support_f1",100,0.339920282286987,0.0834449160658407,0.00834449160658407,0.323565078738082,0.356275485835892
"primary_controlled",100,200,"n=100, p=200","ar1_rho_0.5","quantile_4","mean_rmse",100,5.06470309467897,0.391028592525202,0.0391028592525202,4.98806149054403,5.14134469881391
"primary_controlled",100,200,"n=100, p=200","ar1_rho_0.5","quantile_4","f1_lasso",100,0.34,0.0843872746402686,0.00843872746402686,0.323460094170507,0.356539905829493
"primary_controlled",100,200,"n=100, p=200","ar1_rho_0.5","quantile_4","f1_lar",100,0.34,0.0840874965182522,0.00840874965182522,0.323518850682423,0.356481149317577
"primary_controlled",100,200,"n=100, p=200","ar1_rho_0.5","quantile_4","f1_glmnet",100,0.33976084686096,0.0826175570907777,0.00826175570907777,0.323567805671168,0.355953888050753
"primary_controlled",100,200,"n=100, p=200","ar1_rho_0.5","quantile_4","rmse_lasso",100,5.06367455556266,0.390617038380347,0.0390617038380347,4.98711361604011,5.14023549508521
"primary_controlled",100,200,"n=100, p=200","ar1_rho_0.5","quantile_4","rmse_lar",100,5.06403281939519,0.390921729156222,0.0390921729156222,4.98741216048057,5.14065347830981
"primary_controlled",100,200,"n=100, p=200","ar1_rho_0.5","quantile_4","rmse_glmnet",100,5.06640190907905,0.391606489612049,0.0391606489612049,4.98964703711509,5.14315678104301
"primary_controlled",100,200,"n=100, p=200","ar1_rho_0.5","quantile_4","elapsed_seconds",100,0.765199999999968,0.342042232610114,0.0342042232610114,0.698159722408386,0.83224027759155
"primary_controlled",100,200,"n=100, p=200","ar1_rho_0.5","quantile_8","mean_entry_tau",100,0.927206259631634,0.0206458398857367,0.00206458398857367,0.923159675014029,0.931252844249238
"primary_controlled",100,200,"n=100, p=200","ar1_rho_0.5","quantile_8","mean_jaccard_s",100,0.984675010979359,0.0249316280287422,0.00249316280287422,0.979788411885725,0.989561610072992
"primary_controlled",100,200,"n=100, p=200","ar1_rho_0.5","quantile_8","mean_jaccard_2s",100,0.972132901551506,0.030674916287998,0.0030674916287998,0.966120617959059,0.978145185143954
"primary_controlled",100,200,"n=100, p=200","ar1_rho_0.5","quantile_8","mean_support_f1",100,0.248782664993669,0.0833419793828833,0.00833419793828833,0.232447637034624,0.265117692952714
"primary_controlled",100,200,"n=100, p=200","ar1_rho_0.5","quantile_8","mean_rmse",100,5.26476703766933,0.40224344038066,0.040224344038066,5.18592732335472,5.34360675198394
"primary_controlled",100,200,"n=100, p=200","ar1_rho_0.5","quantile_8","f1_lasso",100,0.249,0.0834786611577286,0.00834786611577286,0.232638182413085,0.265361817586915
"primary_controlled",100,200,"n=100, p=200","ar1_rho_0.5","quantile_8","f1_lar",100,0.249,0.0834786611577286,0.00834786611577286,0.232638182413085,0.265361817586915
"primary_controlled",100,200,"n=100, p=200","ar1_rho_0.5","quantile_8","f1_glmnet",100,0.248347994981007,0.0833377396317137,0.00833377396317137,0.232013798013191,0.264682191948823
"primary_controlled",100,200,"n=100, p=200","ar1_rho_0.5","quantile_8","rmse_lasso",100,5.26479054059271,0.402230123100833,0.0402230123100833,5.18595343646495,5.34362764472048
"primary_controlled",100,200,"n=100, p=200","ar1_rho_0.5","quantile_8","rmse_lar",100,5.26478765971844,0.402225890279398,0.0402225890279398,5.18595138522368,5.3436239342132
"primary_controlled",100,200,"n=100, p=200","ar1_rho_0.5","quantile_8","rmse_glmnet",100,5.26472291269684,0.402283493843301,0.0402283493843301,5.18587534790356,5.34357047749013
"primary_controlled",100,200,"n=100, p=200","ar1_rho_0.5","quantile_8","elapsed_seconds",100,1.30740000000003,0.545098675155804,0.0545098675155804,1.20056065966949,1.41423934033056
"primary_controlled",100,200,"n=100, p=200","ar1_rho_0.5","equal_width_4","mean_entry_tau",100,0.922437531254762,0.019231050105214,0.0019231050105214,0.91866824543414,0.926206817075384
"primary_controlled",100,200,"n=100, p=200","ar1_rho_0.5","equal_width_4","mean_jaccard_s",100,0.983913670870193,0.0229412130948855,0.00229412130948855,0.979417193103595,0.98841014863679
"primary_controlled",100,200,"n=100, p=200","ar1_rho_0.5","equal_width_4","mean_jaccard_2s",100,0.973598831684481,0.0294348755597044,0.00294348755597044,0.967829596074779,0.979368067294183
"primary_controlled",100,200,"n=100, p=200","ar1_rho_0.5","equal_width_4","mean_support_f1",100,0.30889721704526,0.0887570790095221,0.00887570790095222,0.291500829559394,0.326293604531126
"primary_controlled",100,200,"n=100, p=200","ar1_rho_0.5","equal_width_4","mean_rmse",100,5.16894315480206,0.393994492188836,0.0393994492188836,5.09172023433305,5.24616607527107
"primary_controlled",100,200,"n=100, p=200","ar1_rho_0.5","equal_width_4","f1_lasso",100,0.309,0.0891542755479783,0.00891542755479783,0.291525761992596,0.326474238007404
"primary_controlled",100,200,"n=100, p=200","ar1_rho_0.5","equal_width_4","f1_lar",100,0.3095,0.0886757229369112,0.00886757229369112,0.292119558304365,0.326880441695635
"primary_controlled",100,200,"n=100, p=200","ar1_rho_0.5","equal_width_4","f1_glmnet",100,0.30819165113578,0.0890368264792146,0.00890368264792146,0.290740433145854,0.325642869125707
"primary_controlled",100,200,"n=100, p=200","ar1_rho_0.5","equal_width_4","rmse_lasso",100,5.16850391440201,0.39393179564954,0.039393179564954,5.0912932824547,5.24571454634932
"primary_controlled",100,200,"n=100, p=200","ar1_rho_0.5","equal_width_4","rmse_lar",100,5.16873199337817,0.393816242898146,0.0393816242898146,5.09154400977014,5.24591997698621
"primary_controlled",100,200,"n=100, p=200","ar1_rho_0.5","equal_width_4","rmse_glmnet",100,5.169593556626,0.394262796970683,0.0394262796970683,5.09231804841975,5.24686906483226
"primary_controlled",100,200,"n=100, p=200","ar1_rho_0.5","equal_width_4","elapsed_seconds",100,0.770900000000029,0.336533411972367,0.0336533411972367,0.704939451253445,0.836860548746613
"primary_controlled",100,200,"n=100, p=200","ar1_rho_0.9","original","mean_entry_tau",100,0.813646336735134,0.0338706179537111,0.00338706179537111,0.807007695616206,0.820284977854061
"primary_controlled",100,200,"n=100, p=200","ar1_rho_0.9","original","mean_jaccard_s",100,0.914468606755563,0.0684924950864457,0.00684924950864457,0.90104407771862,0.927893135792507
"primary_controlled",100,200,"n=100, p=200","ar1_rho_0.9","original","mean_jaccard_2s",100,0.820007259257235,0.0661095323675866,0.00661095323675866,0.807049790913188,0.832964727601282
"primary_controlled",100,200,"n=100, p=200","ar1_rho_0.9","original","mean_support_f1",100,0.340064459930314,0.0796222238980779,0.00796222238980779,0.32445850404629,0.355670415814337
"primary_controlled",100,200,"n=100, p=200","ar1_rho_0.9","original","mean_rmse",100,3.95282126964305,0.548032292182995,0.0548032292182995,3.84540694037519,4.06023559891092
"primary_controlled",100,200,"n=100, p=200","ar1_rho_0.9","original","f1_lasso",100,0.3405,0.0812450464690468,0.00812450464690468,0.324575970892067,0.356424029107933
"primary_controlled",100,200,"n=100, p=200","ar1_rho_0.9","original","f1_lar",100,0.337,0.0818411864404457,0.00818411864404458,0.320959127457673,0.353040872542327
"primary_controlled",100,200,"n=100, p=200","ar1_rho_0.9","original","f1_glmnet",100,0.342693379790941,0.0820103119969163,0.00820103119969163,0.326619358639545,0.358767400942336
"primary_controlled",100,200,"n=100, p=200","ar1_rho_0.9","original","rmse_lasso",100,3.92457786237766,0.544614191968956,0.0544614191968956,3.81783348075175,4.03132224400358
"primary_controlled",100,200,"n=100, p=200","ar1_rho_0.9","original","rmse_lar",100,3.97180697134211,0.55319888693316,0.055319888693316,3.86337998950321,4.08023395318101
"primary_controlled",100,200,"n=100, p=200","ar1_rho_0.9","original","rmse_glmnet",100,3.96207897520939,0.549180487891142,0.0549180487891142,3.85443959958273,4.06971835083605
"primary_controlled",100,200,"n=100, p=200","ar1_rho_0.9","original","elapsed_seconds",100,0.272499999999982,0.136199311764984,0.0136199311764984,0.245804934894045,0.299195065105919
"primary_controlled",100,200,"n=100, p=200","ar1_rho_0.9","quantile_2","mean_entry_tau",100,0.838010566725566,0.0295601307983517,0.00295601307983517,0.832216781089089,0.843804352362043
"primary_controlled",100,200,"n=100, p=200","ar1_rho_0.9","quantile_2","mean_jaccard_s",100,0.948868812347073,0.0497152935254542,0.00497152935254542,0.939124614816084,0.958613009878062
"primary_controlled",100,200,"n=100, p=200","ar1_rho_0.9","quantile_2","mean_jaccard_2s",100,0.860059781094732,0.06064335551435,0.006064335551435,0.848173683413919,0.871945878775544
"primary_controlled",100,200,"n=100, p=200","ar1_rho_0.9","quantile_2","mean_support_f1",100,0.291400309717383,0.0799147062791006,0.00799147062791006,0.275737027286679,0.307063592148087
"primary_controlled",100,200,"n=100, p=200","ar1_rho_0.9","quantile_2","mean_rmse",100,4.35046200892307,0.56371095253328,0.056371095253328,4.23997466222655,4.46094935561959
"primary_controlled",100,200,"n=100, p=200","ar1_rho_0.9","quantile_2","f1_lasso",100,0.292,0.0812528165789975,0.00812528165789974,0.276074447950516,0.307925552049483
"primary_controlled",100,200,"n=100, p=200","ar1_rho_0.9","quantile_2","f1_lar",100,0.29,0.080403025220737,0.0080403025220737,0.274241007056736,0.305758992943264
"primary_controlled",100,200,"n=100, p=200","ar1_rho_0.9","quantile_2","f1_glmnet",100,0.292200929152149,0.0804389898059052,0.00804389898059052,0.276434887150191,0.307966971154106
"primary_controlled",100,200,"n=100, p=200","ar1_rho_0.9","quantile_2","rmse_lasso",100,4.33479031613287,0.562748870432507,0.0562748870432507,4.2244915375281,4.44508909473764
"primary_controlled",100,200,"n=100, p=200","ar1_rho_0.9","quantile_2","rmse_lar",100,4.36233291255062,0.566169361329717,0.0566169361329717,4.25136371772999,4.47330210737124
"primary_controlled",100,200,"n=100, p=200","ar1_rho_0.9","quantile_2","rmse_glmnet",100,4.35426279808572,0.564357331407977,0.0564357331407977,4.24364876112976,4.46487683504168
"primary_controlled",100,200,"n=100, p=200","ar1_rho_0.9","quantile_2","elapsed_seconds",100,0.383700000000017,0.1949237354102,0.01949237354102,0.345494947859618,0.421905052140416
"primary_controlled",100,200,"n=100, p=200","ar1_rho_0.9","quantile_4","mean_entry_tau",100,0.886700193120581,0.0268774013184527,0.00268774013184527,0.881432222462164,0.891968163778998
"primary_controlled",100,200,"n=100, p=200","ar1_rho_0.9","quantile_4","mean_jaccard_s",100,0.967017378756509,0.0418408580599064,0.00418408580599064,0.958816570576768,0.975218186936251
"primary_controlled",100,200,"n=100, p=200","ar1_rho_0.9","quantile_4","mean_jaccard_2s",100,0.920674655235127,0.0505468249130709,0.00505468249130709,0.910767477552165,0.930581832918089
"primary_controlled",100,200,"n=100, p=200","ar1_rho_0.9","quantile_4","mean_support_f1",100,0.228575124472175,0.0822297989850172,0.00822297989850172,0.212458083871112,0.244692165073238
"primary_controlled",100,200,"n=100, p=200","ar1_rho_0.9","quantile_4","mean_rmse",100,4.66360804760133,0.618619884760122,0.0618619884760122,4.54235855018835,4.78485754501432
"primary_controlled",100,200,"n=100, p=200","ar1_rho_0.9","quantile_4","f1_lasso",100,0.2275,0.0829917240610548,0.00829917240610548,0.211233622084033,0.243766377915967
"primary_controlled",100,200,"n=100, p=200","ar1_rho_0.9","quantile_4","f1_lar",100,0.229,0.082321125337107,0.0082321125337107,0.212865059433927,0.245134940566073
"primary_controlled",100,200,"n=100, p=200","ar1_rho_0.9","quantile_4","f1_glmnet",100,0.229225373416525,0.0832540773231927,0.00832540773231927,0.212907574261179,0.245543172571871
"primary_controlled",100,200,"n=100, p=200","ar1_rho_0.9","quantile_4","rmse_lasso",100,4.6605133469562,0.617964552993606,0.0617964552993606,4.53939229456945,4.78163439934295
"primary_controlled",100,200,"n=100, p=200","ar1_rho_0.9","quantile_4","rmse_lar",100,4.66387808683948,0.619861817730316,0.0619861817730316,4.54238517056434,4.78537100311462
"primary_controlled",100,200,"n=100, p=200","ar1_rho_0.9","quantile_4","rmse_glmnet",100,4.66643270900832,0.618197191318228,0.0618197191318228,4.54526605950994,4.78759935850669
"primary_controlled",100,200,"n=100, p=200","ar1_rho_0.9","quantile_4","elapsed_seconds",100,0.532699999999977,0.2700649192436,0.02700649192436,0.479767275828232,0.585632724171723
"primary_controlled",100,200,"n=100, p=200","ar1_rho_0.9","quantile_8","mean_entry_tau",100,0.90736823912055,0.0197105294090583,0.00197105294090583,0.903504975356375,0.911231502884726
"primary_controlled",100,200,"n=100, p=200","ar1_rho_0.9","quantile_8","mean_jaccard_s",100,0.972817303469477,0.0325971026808653,0.00325971026808653,0.966428271344028,0.979206335594927
"primary_controlled",100,200,"n=100, p=200","ar1_rho_0.9","quantile_8","mean_jaccard_2s",100,0.943377146566545,0.0428398939946403,0.00428398939946403,0.934980527343595,0.951773765789494
"primary_controlled",100,200,"n=100, p=200","ar1_rho_0.9","quantile_8","mean_support_f1",100,0.190157321124706,0.073754050085428,0.0073754050085428,0.175701527307962,0.20461311494145
"primary_controlled",100,200,"n=100, p=200","ar1_rho_0.9","quantile_8","mean_rmse",100,5.02711556347021,0.673432179251562,0.0673432179251562,4.89512285633691,5.15910827060352
"primary_controlled",100,200,"n=100, p=200","ar1_rho_0.9","quantile_8","f1_lasso",100,0.19,0.0748736309127626,0.00748736309127626,0.175324768341099,0.204675231658901
"primary_controlled",100,200,"n=100, p=200","ar1_rho_0.9","quantile_8","f1_lar",100,0.189,0.0740529431139532,0.00740529431139532,0.174485623149665,0.203514376850335
"primary_controlled",100,200,"n=100, p=200","ar1_rho_0.9","quantile_8","f1_glmnet",100,0.191471963374119,0.0739506918324788,0.00739506918324788,0.176977627774953,0.205966298973285
"primary_controlled",100,200,"n=100, p=200","ar1_rho_0.9","quantile_8","rmse_lasso",100,5.02432805322055,0.672579080450329,0.0672579080450329,4.89250255345228,5.15615355298881
"primary_controlled",100,200,"n=100, p=200","ar1_rho_0.9","quantile_8","rmse_lar",100,5.02742806659795,0.673845072601461,0.0673845072601461,4.89535443236806,5.15950170082784
"primary_controlled",100,200,"n=100, p=200","ar1_rho_0.9","quantile_8","rmse_glmnet",100,5.02959057059214,0.673988365943169,0.0673988365943169,4.89748885086728,5.161692290317
"primary_controlled",100,200,"n=100, p=200","ar1_rho_0.9","quantile_8","elapsed_seconds",100,0.858300000000017,0.407805298661168,0.0407805298661168,0.778370161462429,0.938229838537606
"primary_controlled",100,200,"n=100, p=200","ar1_rho_0.9","equal_width_4","mean_entry_tau",100,0.881444016803735,0.0256520545995476,0.00256520545995476,0.876416214102223,0.886471819505246
"primary_controlled",100,200,"n=100, p=200","ar1_rho_0.9","equal_width_4","mean_jaccard_s",100,0.974848798544451,0.0336982010481467,0.00336982010481467,0.968243951139014,0.981453645949887
"primary_controlled",100,200,"n=100, p=200","ar1_rho_0.9","equal_width_4","mean_jaccard_2s",100,0.932226637925502,0.0432123976082543,0.00432123976082543,0.923757007994284,0.94069626785672
"primary_controlled",100,200,"n=100, p=200","ar1_rho_0.9","equal_width_4","mean_support_f1",100,0.210883414814215,0.0817985882435847,0.00817985882435847,0.194850891518472,0.226915938109957
"primary_controlled",100,200,"n=100, p=200","ar1_rho_0.9","equal_width_4","mean_rmse",100,4.88408517455878,0.663296627029076,0.0663296627029076,4.75407903566108,5.01409131345648
"primary_controlled",100,200,"n=100, p=200","ar1_rho_0.9","equal_width_4","f1_lasso",100,0.2085,0.0841040120831631,0.00841040120831631,0.1920156136317,0.2249843863683
"primary_controlled",100,200,"n=100, p=200","ar1_rho_0.9","equal_width_4","f1_lar",100,0.2095,0.0833924033068536,0.00833924033068536,0.193155088951857,0.225844911048143
"primary_controlled",100,200,"n=100, p=200","ar1_rho_0.9","equal_width_4","f1_glmnet",100,0.214650244442644,0.080207264978529,0.0080207264978529,0.198929620506852,0.230370868378435
"primary_controlled",100,200,"n=100, p=200","ar1_rho_0.9","equal_width_4","rmse_lasso",100,4.88062409905604,0.661909483110668,0.0661909483110668,4.75088984036635,5.01035835774573
"primary_controlled",100,200,"n=100, p=200","ar1_rho_0.9","equal_width_4","rmse_lar",100,4.88372897632326,0.663930936146392,0.0663930936146392,4.75359851283857,5.01385943980795
"primary_controlled",100,200,"n=100, p=200","ar1_rho_0.9","equal_width_4","rmse_glmnet",100,4.88790244829703,0.664253247966728,0.0664253247966728,4.75770881169555,5.01809608489851
"primary_controlled",100,200,"n=100, p=200","ar1_rho_0.9","equal_width_4","elapsed_seconds",100,0.544099999999999,0.272137424434366,0.0272137424434366,0.490761064810863,0.597438935189134
"primary_controlled",100,200,"n=100, p=200","block","original","mean_entry_tau",100,0.844029176910329,0.0306327717154052,0.00306327717154052,0.83802515365411,0.850033200166548
"primary_controlled",100,200,"n=100, p=200","block","original","mean_jaccard_s",100,0.955700944224857,0.0529632482710519,0.00529632482710519,0.945320147563731,0.966081740885983
"primary_controlled",100,200,"n=100, p=200","block","original","mean_jaccard_2s",100,0.86865989091605,0.0580161332201811,0.00580161332201811,0.857288728804894,0.880031053027206
"primary_controlled",100,200,"n=100, p=200","block","original","mean_support_f1",100,0.37302854081697,0.0901453945768958,0.00901453945768958,0.355360043479898,0.390697038154041
"primary_controlled",100,200,"n=100, p=200","block","original","mean_rmse",100,3.94923254437725,0.500352688995339,0.0500352688995339,3.85116341733417,4.04730167142034
"primary_controlled",100,200,"n=100, p=200","block","original","f1_lasso",100,0.374,0.0905873092991541,0.00905873092991541,0.356244887377366,0.391755112622634
"primary_controlled",100,200,"n=100, p=200","block","original","f1_lar",100,0.3695,0.0904240850189547,0.00904240850189547,0.351776879336285,0.387223120663715
"primary_controlled",100,200,"n=100, p=200","block","original","f1_glmnet",100,0.375585622450909,0.0912608009324684,0.00912608009324684,0.357698505468145,0.393472739433673
"primary_controlled",100,200,"n=100, p=200","block","original","rmse_lasso",100,3.93523740927025,0.499621006079626,0.0499621006079626,3.83731169207865,4.03316312646186
"primary_controlled",100,200,"n=100, p=200","block","original","rmse_lar",100,3.95309564677228,0.500976297966902,0.0500976297966902,3.85490429237077,4.05128700117379
"primary_controlled",100,200,"n=100, p=200","block","original","rmse_glmnet",100,3.95936457708922,0.502046882127284,0.0502046882127284,3.86096338819228,4.05776576598617
"primary_controlled",100,200,"n=100, p=200","block","original","elapsed_seconds",100,0.192999999999984,0.035689457459275,0.0035689457459275,0.186004866337966,0.199995133662002
"primary_controlled",100,200,"n=100, p=200","block","quantile_2","mean_entry_tau",100,0.850707236072579,0.0288124209123116,0.00288124209123116,0.845060001573766,0.856354470571393
"primary_controlled",100,200,"n=100, p=200","block","quantile_2","mean_jaccard_s",100,0.959189331200201,0.0499437099986646,0.00499437099986646,0.949400364040463,0.968978298359939
"primary_controlled",100,200,"n=100, p=200","block","quantile_2","mean_jaccard_2s",100,0.87982303784346,0.0625865322019807,0.00625865322019807,0.867556077531871,0.892089998155048
"primary_controlled",100,200,"n=100, p=200","block","quantile_2","mean_support_f1",100,0.310113433991483,0.0775921716710433,0.00775921716710433,0.294905368343958,0.325321499639007
"primary_controlled",100,200,"n=100, p=200","block","quantile_2","mean_rmse",100,4.35188760118671,0.547181010288608,0.0547181010288608,4.24464012317014,4.45913507920328
"primary_controlled",100,200,"n=100, p=200","block","quantile_2","f1_lasso",100,0.311,0.0783607302186755,0.00783607302186755,0.29564129687714,0.32635870312286
"primary_controlled",100,200,"n=100, p=200","block","quantile_2","f1_lar",100,0.3075,0.0789370673768706,0.00789370673768706,0.292028334794133,0.322971665205867
"primary_controlled",100,200,"n=100, p=200","block","quantile_2","f1_glmnet",100,0.311840301974448,0.0773723846790363,0.00773723846790363,0.296675314577357,0.327005289371539
"primary_controlled",100,200,"n=100, p=200","block","quantile_2","rmse_lasso",100,4.3427289077076,0.546640996358195,0.0546640996358195,4.23558727242139,4.44987054299381
"primary_controlled",100,200,"n=100, p=200","block","quantile_2","rmse_lar",100,4.3553754693037,0.547502220727447,0.0547502220727447,4.24806503404113,4.46268590456628
"primary_controlled",100,200,"n=100, p=200","block","quantile_2","rmse_glmnet",100,4.35755842654883,0.548091627639587,0.0548091627639587,4.25013246753147,4.46498438556619
"primary_controlled",100,200,"n=100, p=200","block","quantile_2","elapsed_seconds",100,0.276000000000022,0.0439926531974793,0.00439926531974793,0.267377439973316,0.284622560026728
"primary_controlled",100,200,"n=100, p=200","block","quantile_4","mean_entry_tau",100,0.892632831567818,0.0258818486940368,0.00258818486940368,0.887559989223787,0.897705673911849
"primary_controlled",100,200,"n=100, p=200","block","quantile_4","mean_jaccard_s",100,0.972005458309806,0.0356719950049926,0.00356719950049926,0.965013747288828,0.978997169330785
"primary_controlled",100,200,"n=100, p=200","block","quantile_4","mean_jaccard_2s",100,0.928746780506128,0.0483808331587298,0.00483808331587298,0.919264137207017,0.938229423805239
"primary_controlled",100,200,"n=100, p=200","block","quantile_4","mean_support_f1",100,0.24970318737165,0.0789994559983375,0.00789994559983375,0.234219293995976,0.265187080747324
"primary_controlled",100,200,"n=100, p=200","block","quantile_4","mean_rmse",100,4.67647449543865,0.576479383664551,0.0576479383664551,4.5634845362404,4.7894644546369
"primary_controlled",100,200,"n=100, p=200","block","quantile_4","f1_lasso",100,0.2515,0.081170415568952,0.0081170415568952,0.235590598548485,0.267409401451515
"primary_controlled",100,200,"n=100, p=200","block","quantile_4","f1_lar",100,0.2475,0.0792563288108001,0.00792563288108001,0.231965759553083,0.263034240446917
"primary_controlled",100,200,"n=100, p=200","block","quantile_4","f1_glmnet",100,0.250109562114951,0.0779680458182514,0.00779680458182514,0.234827825134573,0.265391299095328
"primary_controlled",100,200,"n=100, p=200","block","quantile_4","rmse_lasso",100,4.67219533279749,0.576044619038234,0.0576044619038234,4.559290587466,4.78510007812899
"primary_controlled",100,200,"n=100, p=200","block","quantile_4","rmse_lar",100,4.67566119890987,0.576223757744,0.0576223757744,4.56272134239204,4.78860105542769
"primary_controlled",100,200,"n=100, p=200","block","quantile_4","rmse_glmnet",100,4.68156695460859,0.577522294443528,0.0577522294443528,4.56837258489766,4.79476132431953
"primary_controlled",100,200,"n=100, p=200","block","quantile_4","elapsed_seconds",100,0.408599999999979,0.0559404445221497,0.00559404445221497,0.397635672873637,0.41956432712632
"primary_controlled",100,200,"n=100, p=200","block","quantile_8","mean_entry_tau",100,0.915012701706239,0.0226587859515605,0.00226587859515605,0.910571579659733,0.919453823752745
"primary_controlled",100,200,"n=100, p=200","block","quantile_8","mean_jaccard_s",100,0.98462481962482,0.0244884810444837,0.00244884810444837,0.979825077340101,0.989424561909538
"primary_controlled",100,200,"n=100, p=200","block","quantile_8","mean_jaccard_2s",100,0.957223730975858,0.0345497784832653,0.00345497784832653,0.950451974393138,0.963995487558578
"primary_controlled",100,200,"n=100, p=200","block","quantile_8","mean_support_f1",100,0.191462640340689,0.0754876647615872,0.00754876647615872,0.176667058047418,0.20625822263396
"primary_controlled",100,200,"n=100, p=200","block","quantile_8","mean_rmse",100,5.00481727502358,0.626784510641472,0.0626784510641472,4.88196751093785,5.12766703910931
"primary_controlled",100,200,"n=100, p=200","block","quantile_8","f1_lasso",100,0.192,0.0757854494176444,0.00757854494176444,0.177146051914142,0.206853948085858
"primary_controlled",100,200,"n=100, p=200","block","quantile_8","f1_lar",100,0.1905,0.0754431353183752,0.00754431353183752,0.175713145477598,0.205286854522402
"primary_controlled",100,200,"n=100, p=200","block","quantile_8","f1_glmnet",100,0.191887921022067,0.0758203080081856,0.00758203080081856,0.177027140652463,0.206748701391672
"primary_controlled",100,200,"n=100, p=200","block","quantile_8","rmse_lasso",100,5.00320904042522,0.626153000652695,0.0626153000652695,4.88048305229729,5.12593502855315
"primary_controlled",100,200,"n=100, p=200","block","quantile_8","rmse_lar",100,5.00413332982162,0.625995593552759,0.0625995593552759,4.88143819348528,5.12682846615796
"primary_controlled",100,200,"n=100, p=200","block","quantile_8","rmse_glmnet",100,5.0071094548239,0.628253529368535,0.0628253529368535,4.88397176306766,5.13024714658013
"primary_controlled",100,200,"n=100, p=200","block","quantile_8","elapsed_seconds",100,0.668799999999974,0.0877355991232587,0.00877355991232587,0.651603822571815,0.685996177428133
"primary_controlled",100,200,"n=100, p=200","block","equal_width_4","mean_entry_tau",100,0.892396756071335,0.0238265987132035,0.00238265987132035,0.887726742723547,0.897066769419123
"primary_controlled",100,200,"n=100, p=200","block","equal_width_4","mean_jaccard_s",100,0.973559508124725,0.0378406366090874,0.00378406366090874,0.966142743349344,0.980976272900107
"primary_controlled",100,200,"n=100, p=200","block","equal_width_4","mean_jaccard_2s",100,0.936613522404129,0.050645347714845,0.0050645347714845,0.926687034252019,0.946540010556239
"primary_controlled",100,200,"n=100, p=200","block","equal_width_4","mean_support_f1",100,0.221492428130261,0.0744772765127122,0.00744772765127122,0.20689488193377,0.236089974326753
"primary_controlled",100,200,"n=100, p=200","block","equal_width_4","mean_rmse",100,4.86457558937695,0.621513159651431,0.0621513159651431,4.74275901008527,4.98639216866863
"primary_controlled",100,200,"n=100, p=200","block","equal_width_4","f1_lasso",100,0.2215,0.0756303477114147,0.00756303477114147,0.206676451848563,0.236323548151437
"primary_controlled",100,200,"n=100, p=200","block","equal_width_4","f1_lar",100,0.222,0.0746439359339871,0.00746439359339871,0.207369788556939,0.236630211443061
"primary_controlled",100,200,"n=100, p=200","block","equal_width_4","f1_glmnet",100,0.220977284390784,0.0744238200915689,0.00744238200915689,0.206390215652837,0.235564353128732
"primary_controlled",100,200,"n=100, p=200","block","equal_width_4","rmse_lasso",100,4.86018256705348,0.62114178356079,0.062114178356079,4.73843877747556,4.98192635663139
"primary_controlled",100,200,"n=100, p=200","block","equal_width_4","rmse_lar",100,4.86466895310818,0.621438304638777,0.0621438304638777,4.74286704539898,4.98647086081738
"primary_controlled",100,200,"n=100, p=200","block","equal_width_4","rmse_glmnet",100,4.8688752479692,0.622247690287564,0.0622247690287564,4.74691470067284,4.99083579526557
"primary_controlled",100,200,"n=100, p=200","block","equal_width_4","elapsed_seconds",100,0.416299999999956,0.0683079036200568,0.00683079036200568,0.402911650890424,0.429688349109487
"primary_controlled",500,100,"n=500, p=100","independent","original","mean_entry_tau",100,0.99165516004036,0.00286570338754166,0.000286570338754166,0.991093482176402,0.992216837904318
"primary_controlled",500,100,"n=500, p=100","independent","original","mean_jaccard_s",100,1,0,0,1,1
"primary_controlled",500,100,"n=500, p=100","independent","original","mean_jaccard_2s",100,0.990991906644081,0.0180571007829777,0.00180571007829777,0.987452714890617,0.994531098397544
"primary_controlled",500,100,"n=500, p=100","independent","original","mean_support_f1",100,1,0,0,1,1
"primary_controlled",500,100,"n=500, p=100","independent","original","mean_rmse",100,2.24524084015143,0.211316506970626,0.0211316506970626,2.20382280478519,2.28665887551767
"primary_controlled",500,100,"n=500, p=100","independent","original","f1_lasso",100,1,0,0,1,1
"primary_controlled",500,100,"n=500, p=100","independent","original","f1_lar",100,1,0,0,1,1
"primary_controlled",500,100,"n=500, p=100","independent","original","f1_glmnet",100,1,0,0,1,1
"primary_controlled",500,100,"n=500, p=100","independent","original","rmse_lasso",100,2.08147639457665,0.202787562616326,0.0202787562616326,2.04173003230385,2.12122275684945
"primary_controlled",500,100,"n=500, p=100","independent","original","rmse_lar",100,2.08147639457665,0.202787562616326,0.0202787562616326,2.04173003230385,2.12122275684945
"primary_controlled",500,100,"n=500, p=100","independent","original","rmse_glmnet",100,2.57276973130099,0.285657235555585,0.0285657235555585,2.51678091313209,2.62875854946988
"primary_controlled",500,100,"n=500, p=100","independent","original","elapsed_seconds",100,0.235199999999995,0.0527904184756387,0.00527904184756387,0.22485307797877,0.24554692202122
"primary_controlled",500,100,"n=500, p=100","independent","quantile_2","mean_entry_tau",100,0.996764309512352,0.000950605923404574,9.50605923404574e-05,0.996577990751365,0.99695062827334
"primary_controlled",500,100,"n=500, p=100","independent","quantile_2","mean_jaccard_s",100,1,0,0,1,1
"primary_controlled",500,100,"n=500, p=100","independent","quantile_2","mean_jaccard_2s",100,0.989062049062049,0.0183276389636676,0.00183276389636676,0.98546983182517,0.992654266298928
"primary_controlled",500,100,"n=500, p=100","independent","quantile_2","mean_support_f1",100,0.995,0.021904291355759,0.0021904291355759,0.990706758894271,0.999293241105729
"primary_controlled",500,100,"n=500, p=100","independent","quantile_2","mean_rmse",100,2.61141141274219,0.294573755568498,0.0294573755568498,2.55367495665076,2.66914786883362
"primary_controlled",500,100,"n=500, p=100","independent","quantile_2","f1_lasso",100,0.995,0.021904291355759,0.0021904291355759,0.990706758894271,0.999293241105729
"primary_controlled",500,100,"n=500, p=100","independent","quantile_2","f1_lar",100,0.995,0.021904291355759,0.0021904291355759,0.990706758894271,0.999293241105729
"primary_controlled",500,100,"n=500, p=100","independent","quantile_2","f1_glmnet",100,0.995,0.021904291355759,0.0021904291355759,0.990706758894271,0.999293241105729
"primary_controlled",500,100,"n=500, p=100","independent","quantile_2","rmse_lasso",100,2.57157910030563,0.297758287984301,0.0297758287984301,2.5132184758607,2.62993972475055
"primary_controlled",500,100,"n=500, p=100","independent","quantile_2","rmse_lar",100,2.57157910030563,0.297758287984301,0.0297758287984301,2.5132184758607,2.62993972475055
"primary_controlled",500,100,"n=500, p=100","independent","quantile_2","rmse_glmnet",100,2.69107603761532,0.3073435488119,0.03073435488119,2.63083670204818,2.75131537318245
"primary_controlled",500,100,"n=500, p=100","independent","quantile_2","elapsed_seconds",100,0.805200000000086,0.155852040685595,0.0155852040685595,0.77465300002571,0.835746999974463
"primary_controlled",500,100,"n=500, p=100","independent","quantile_4","mean_entry_tau",100,0.995982915894298,0.00108750391327209,0.000108750391327209,0.995769765127297,0.996196066661299
"primary_controlled",500,100,"n=500, p=100","independent","quantile_4","mean_jaccard_s",100,0.998787878787879,0.00852759358401757,0.000852759358401757,0.997116470445411,1.00045928713035
"primary_controlled",500,100,"n=500, p=100","independent","quantile_4","mean_jaccard_2s",100,0.989516280820629,0.0202604503631459,0.00202604503631459,0.985545232549452,0.993487329091805
"primary_controlled",500,100,"n=500, p=100","independent","quantile_4","mean_support_f1",100,0.984365079365079,0.0382854099699385,0.00382854099699385,0.976861139010971,0.991869019719187
"primary_controlled",500,100,"n=500, p=100","independent","quantile_4","mean_rmse",100,2.77392207397332,0.300520611707863,0.0300520611707863,2.71502003407858,2.83282411386806
"primary_controlled",500,100,"n=500, p=100","independent","quantile_4","f1_lasso",100,0.984,0.0394917201397452,0.00394917201397452,0.97625962285261,0.99174037714739
"primary_controlled",500,100,"n=500, p=100","independent","quantile_4","f1_lar",100,0.984,0.0394917201397452,0.00394917201397452,0.97625962285261,0.99174037714739
"primary_controlled",500,100,"n=500, p=100","independent","quantile_4","f1_glmnet",100,0.985095238095238,0.0363012847558613,0.00363012847558613,0.977980186283089,0.992210289907387
"primary_controlled",500,100,"n=500, p=100","independent","quantile_4","rmse_lasso",100,2.74817292581739,0.297372633861928,0.0297372633861928,2.68988788958045,2.80645796205433
"primary_controlled",500,100,"n=500, p=100","independent","quantile_4","rmse_lar",100,2.74817292581739,0.297372633861928,0.0297372633861928,2.68988788958045,2.80645796205433
"primary_controlled",500,100,"n=500, p=100","independent","quantile_4","rmse_glmnet",100,2.82542037028517,0.314660404070343,0.0314660404070343,2.76374693108738,2.88709380948296
"primary_controlled",500,100,"n=500, p=100","independent","quantile_4","elapsed_seconds",100,4.03059999999993,0.543369249603055,0.0543369249603055,3.92409962707773,4.13710037292213
"primary_controlled",500,100,"n=500, p=100","independent","quantile_8","mean_entry_tau",100,0.995128427467258,0.00215090496986164,0.000215090496986164,0.994706850093165,0.995550004841351
"primary_controlled",500,100,"n=500, p=100","independent","quantile_8","mean_jaccard_s",100,0.992828282828283,0.0210658592372814,0.00210658592372814,0.988699374417776,0.99695719123879
"primary_controlled",500,100,"n=500, p=100","independent","quantile_8","mean_jaccard_2s",100,0.99025597590815,0.0214505820455588,0.00214505820455588,0.98605166182722,0.994460289989079
"primary_controlled",500,100,"n=500, p=100","independent","quantile_8","mean_support_f1",100,0.90553823953824,0.0716118769363875,0.00716118769363875,0.891502311658708,0.919574167417771
"primary_controlled",500,100,"n=500, p=100","independent","quantile_8","mean_rmse",100,3.12993818306437,0.316330794668693,0.0316330794668693,3.0679373473093,3.19193901881943
"primary_controlled",500,100,"n=500, p=100","independent","quantile_8","f1_lasso",100,0.905,0.0729950876996721,0.00729950876996721,0.890692962810864,0.919307037189136
"primary_controlled",500,100,"n=500, p=100","independent","quantile_8","f1_lar",100,0.905,0.0729950876996721,0.00729950876996721,0.890692962810864,0.919307037189136
"primary_controlled",500,100,"n=500, p=100","independent","quantile_8","f1_glmnet",100,0.906614718614719,0.0700536049306859,0.00700536049306859,0.892884212048304,0.920345225181133
"primary_controlled",500,100,"n=500, p=100","independent","quantile_8","rmse_lasso",100,3.12472923711199,0.316787280428079,0.0316787280428079,3.06263893014809,3.1868195440759
"primary_controlled",500,100,"n=500, p=100","independent","quantile_8","rmse_lar",100,3.12472923711199,0.316787280428079,0.0316787280428079,3.06263893014809,3.1868195440759
"primary_controlled",500,100,"n=500, p=100","independent","quantile_8","rmse_glmnet",100,3.14035607496912,0.316121934360336,0.0316121934360336,3.07839617583449,3.20231597410374
"primary_controlled",500,100,"n=500, p=100","independent","quantile_8","elapsed_seconds",100,11.2132,1.42404735479083,0.142404735479083,10.934086718461,11.492313281539
"primary_controlled",500,100,"n=500, p=100","independent","equal_width_4","mean_entry_tau",100,0.995769450162357,0.00169082683445569,0.000169082683445569,0.995438048102804,0.996100852221911
"primary_controlled",500,100,"n=500, p=100","independent","equal_width_4","mean_jaccard_s",100,0.994747474747475,0.020175474856484,0.0020175474856484,0.990793081675604,0.998701867819346
"primary_controlled",500,100,"n=500, p=100","independent","equal_width_4","mean_jaccard_2s",100,0.99001066566284,0.0179172290529998,0.00179172290529998,0.986498888768452,0.993522442557228
"primary_controlled",500,100,"n=500, p=100","independent","equal_width_4","mean_support_f1",100,0.947646464646465,0.059348562139923,0.0059348562139923,0.93601414646704,0.95927878282589
"primary_controlled",500,100,"n=500, p=100","independent","equal_width_4","mean_rmse",100,2.98437545181236,0.331402826361611,0.0331402826361611,2.91942049784549,3.04933040577924
"primary_controlled",500,100,"n=500, p=100","independent","equal_width_4","f1_lasso",100,0.948,0.0594248528085104,0.00594248528085104,0.936352728849532,0.959647271150468
"primary_controlled",500,100,"n=500, p=100","independent","equal_width_4","f1_lar",100,0.948,0.0594248528085104,0.00594248528085104,0.936352728849532,0.959647271150468
"primary_controlled",500,100,"n=500, p=100","independent","equal_width_4","f1_glmnet",100,0.946939393939394,0.06024009039153,0.006024009039153,0.935132336222654,0.958746451656134
"primary_controlled",500,100,"n=500, p=100","independent","equal_width_4","rmse_lasso",100,2.97726707611329,0.332263693449541,0.0332263693449541,2.91214339219718,3.0423907600294
"primary_controlled",500,100,"n=500, p=100","independent","equal_width_4","rmse_lar",100,2.97726707611329,0.332263693449541,0.0332263693449541,2.91214339219718,3.0423907600294
"primary_controlled",500,100,"n=500, p=100","independent","equal_width_4","rmse_glmnet",100,2.99859220321051,0.331464895537072,0.0331464895537072,2.93362508368524,3.06355932273577
"primary_controlled",500,100,"n=500, p=100","independent","equal_width_4","elapsed_seconds",100,3.97780000000002,0.663659246872731,0.0663659246872731,3.84772278761297,4.10787721238708
"primary_controlled",500,100,"n=500, p=100","ar1_rho_0.5","original","mean_entry_tau",100,0.98664600926946,0.00610925155665539,0.000610925155665539,0.985448595964355,0.987843422574564
"primary_controlled",500,100,"n=500, p=100","ar1_rho_0.5","original","mean_jaccard_s",100,0.998787878787879,0.00852759358401757,0.000852759358401757,0.997116470445411,1.00045928713035
"primary_controlled",500,100,"n=500, p=100","ar1_rho_0.5","original","mean_jaccard_2s",100,0.99029926595144,0.0173160328837065,0.00173160328837065,0.986905323506233,0.993693208396646
"primary_controlled",500,100,"n=500, p=100","ar1_rho_0.5","original","mean_support_f1",100,0.980015873015873,0.0398390979339488,0.00398390979339488,0.972207409820819,0.987824336210927
"primary_controlled",500,100,"n=500, p=100","ar1_rho_0.5","original","mean_rmse",100,2.30374060589114,0.282903289962467,0.0282903289962467,2.24829156105849,2.35918965072378
"primary_controlled",500,100,"n=500, p=100","ar1_rho_0.5","original","f1_lasso",100,0.98,0.0402015126103685,0.00402015126103685,0.972120503528368,0.987879496471632
"primary_controlled",500,100,"n=500, p=100","ar1_rho_0.5","original","f1_lar",100,0.98,0.0402015126103685,0.00402015126103685,0.972120503528368,0.987879496471632
"primary_controlled",500,100,"n=500, p=100","ar1_rho_0.5","original","f1_glmnet",100,0.980047619047619,0.0395333124872699,0.00395333124872699,0.972299089800114,0.987796148295124
"primary_controlled",500,100,"n=500, p=100","ar1_rho_0.5","original","rmse_lasso",100,2.20040875710752,0.276901197310202,0.0276901197310202,2.14613612243472,2.25468139178032
"primary_controlled",500,100,"n=500, p=100","ar1_rho_0.5","original","rmse_lar",100,2.20040875710752,0.276901197310202,0.0276901197310202,2.14613612243472,2.25468139178032
"primary_controlled",500,100,"n=500, p=100","ar1_rho_0.5","original","rmse_glmnet",100,2.51040430345837,0.364749160344325,0.0364749160344325,2.43891346803089,2.58189513888586
"primary_controlled",500,100,"n=500, p=100","ar1_rho_0.5","original","elapsed_seconds",100,0.234800000000068,0.0571632431167515,0.00571632431167515,0.223596004349185,0.246003995650952
"primary_controlled",500,100,"n=500, p=100","ar1_rho_0.5","quantile_2","mean_entry_tau",100,0.996091906681901,0.00195402653407264,0.000195402653407264,0.995708917481223,0.996474895882579
"primary_controlled",500,100,"n=500, p=100","ar1_rho_0.5","quantile_2","mean_jaccard_s",100,0.997070707070707,0.0150778743017043,0.00150778743017043,0.994115443707573,1.00002597043384
"primary_controlled",500,100,"n=500, p=100","ar1_rho_0.5","quantile_2","mean_jaccard_2s",100,0.990505050505051,0.0152011372768263,0.00152011372768263,0.987525627598793,0.993484473411309
"primary_controlled",500,100,"n=500, p=100","ar1_rho_0.5","quantile_2","mean_support_f1",100,0.954266955266955,0.0555185084566091,0.00555185084566091,0.94338532760946,0.965148582924451
"primary_controlled",500,100,"n=500, p=100","ar1_rho_0.5","quantile_2","mean_rmse",100,2.61646839682129,0.378712423366827,0.0378712423366827,2.54224076184139,2.69069603180118
"primary_controlled",500,100,"n=500, p=100","ar1_rho_0.5","quantile_2","f1_lasso",100,0.954,0.0558135423992378,0.00558135423992378,0.943060545689749,0.964939454310251
"primary_controlled",500,100,"n=500, p=100","ar1_rho_0.5","quantile_2","f1_lar",100,0.954,0.0558135423992378,0.00558135423992378,0.943060545689749,0.964939454310251
"primary_controlled",500,100,"n=500, p=100","ar1_rho_0.5","quantile_2","f1_glmnet",100,0.954800865800866,0.0553870667051736,0.00553870667051736,0.943945000726652,0.96565673087508
"primary_controlled",500,100,"n=500, p=100","ar1_rho_0.5","quantile_2","rmse_lasso",100,2.59453832293353,0.380468731645413,0.0380468731645413,2.51996645153103,2.66911019433603
"primary_controlled",500,100,"n=500, p=100","ar1_rho_0.5","quantile_2","rmse_lar",100,2.59453832293353,0.380468731645413,0.0380468731645413,2.51996645153103,2.66911019433603
"primary_controlled",500,100,"n=500, p=100","ar1_rho_0.5","quantile_2","rmse_glmnet",100,2.66032854459679,0.379530041047203,0.0379530041047203,2.58594065655154,2.73471643264205
"primary_controlled",500,100,"n=500, p=100","ar1_rho_0.5","quantile_2","elapsed_seconds",100,0.833899999999994,0.184625720217085,0.0184625720217085,0.797713358837445,0.870086641162543
"primary_controlled",500,100,"n=500, p=100","ar1_rho_0.5","quantile_4","mean_entry_tau",100,0.993844335998232,0.00642598834531501,0.000642598834531501,0.992584842282551,0.995103829713914
"primary_controlled",500,100,"n=500, p=100","ar1_rho_0.5","quantile_4","mean_jaccard_s",100,0.995252525252525,0.0180152558407241,0.00180152558407241,0.991721535107743,0.998783515397307
"primary_controlled",500,100,"n=500, p=100","ar1_rho_0.5","quantile_4","mean_jaccard_2s",100,0.984758140410314,0.0210696490274576,0.00210696490274576,0.980628489200933,0.988887791619696
"primary_controlled",500,100,"n=500, p=100","ar1_rho_0.5","quantile_4","mean_support_f1",100,0.895522366522367,0.074974241151159,0.0074974241151159,0.880827415256739,0.910217317787994
"primary_controlled",500,100,"n=500, p=100","ar1_rho_0.5","quantile_4","mean_rmse",100,2.82643450097003,0.37668591685496,0.037668591685496,2.75260406126645,2.9002649406736
"primary_controlled",500,100,"n=500, p=100","ar1_rho_0.5","quantile_4","f1_lasso",100,0.895,0.0757121075675696,0.00757121075675696,0.880160426916756,0.909839573083244
"primary_controlled",500,100,"n=500, p=100","ar1_rho_0.5","quantile_4","f1_lar",100,0.895,0.0757121075675696,0.00757121075675696,0.880160426916756,0.909839573083244
"primary_controlled",500,100,"n=500, p=100","ar1_rho_0.5","quantile_4","f1_glmnet",100,0.8965670995671,0.0742163586961203,0.00742163586961203,0.88202069326266,0.911113505871539
"primary_controlled",500,100,"n=500, p=100","ar1_rho_0.5","quantile_4","rmse_lasso",100,2.811201344476,0.375494427171234,0.0375494427171234,2.73760443675044,2.88479825220157
"primary_controlled",500,100,"n=500, p=100","ar1_rho_0.5","quantile_4","rmse_lar",100,2.811201344476,0.375494427171234,0.0375494427171234,2.73760443675044,2.88479825220157
"primary_controlled",500,100,"n=500, p=100","ar1_rho_0.5","quantile_4","rmse_glmnet",100,2.85690081395807,0.381614645458806,0.0381614645458806,2.78210434344814,2.93169728446799
"primary_controlled",500,100,"n=500, p=100","ar1_rho_0.5","quantile_4","elapsed_seconds",100,4.04690000000001,0.664236015922368,0.0664236015922368,3.91670974087922,4.17709025912079
"primary_controlled",500,100,"n=500, p=100","ar1_rho_0.5","quantile_8","mean_entry_tau",100,0.993324889367162,0.00677189219102246,0.000677189219102246,0.991997598497722,0.994652180236602
"primary_controlled",500,100,"n=500, p=100","ar1_rho_0.5","quantile_8","mean_jaccard_s",100,0.986464646464646,0.0295006514650656,0.00295006514650656,0.980682518777494,0.992246774151799
"primary_controlled",500,100,"n=500, p=100","ar1_rho_0.5","quantile_8","mean_jaccard_2s",100,0.988715728715729,0.0179322712570895,0.00179322712570895,0.985201003549339,0.992230453882118
"primary_controlled",500,100,"n=500, p=100","ar1_rho_0.5","quantile_8","mean_support_f1",100,0.807396825396825,0.0802449635424823,0.00802449635424823,0.791668812542499,0.823124838251152
"primary_controlled",500,100,"n=500, p=100","ar1_rho_0.5","quantile_8","mean_rmse",100,3.20366484366122,0.372714139565395,0.0372714139565395,3.13061287230641,3.27671681501604
"primary_controlled",500,100,"n=500, p=100","ar1_rho_0.5","quantile_8","f1_lasso",100,0.808,0.0812528165789975,0.00812528165789975,0.792074447950517,0.823925552049484
"primary_controlled",500,100,"n=500, p=100","ar1_rho_0.5","quantile_8","f1_lar",100,0.808,0.0812528165789975,0.00812528165789975,0.792074447950517,0.823925552049484
"primary_controlled",500,100,"n=500, p=100","ar1_rho_0.5","quantile_8","f1_glmnet",100,0.806190476190476,0.080832427789633,0.0080832427789633,0.790347320343708,0.822033632037244
"primary_controlled",500,100,"n=500, p=100","ar1_rho_0.5","quantile_8","rmse_lasso",100,3.19906964537992,0.372333538217312,0.0372333538217312,3.12609227188933,3.27204701887052
"primary_controlled",500,100,"n=500, p=100","ar1_rho_0.5","quantile_8","rmse_lar",100,3.19906964537992,0.372333538217312,0.0372333538217312,3.12609227188933,3.27204701887052
"primary_controlled",500,100,"n=500, p=100","ar1_rho_0.5","quantile_8","rmse_glmnet",100,3.21285524022383,0.374149626382978,0.0374149626382978,3.13952191345276,3.28618856699489
"primary_controlled",500,100,"n=500, p=100","ar1_rho_0.5","quantile_8","elapsed_seconds",100,11.3737000000001,1.85316091142569,0.185316091142569,11.0104804613606,11.7369195386395
"primary_controlled",500,100,"n=500, p=100","ar1_rho_0.5","equal_width_4","mean_entry_tau",100,0.993645228530855,0.00477957067107608,0.000477957067107608,0.992708432679324,0.994582024382386
"primary_controlled",500,100,"n=500, p=100","ar1_rho_0.5","equal_width_4","mean_jaccard_s",100,0.994040404040404,0.0196378209795515,0.00196378209795515,0.990191391128412,0.997889416952396
"primary_controlled",500,100,"n=500, p=100","ar1_rho_0.5","equal_width_4","mean_jaccard_2s",100,0.989004329004329,0.0190320431043081,0.00190320431043081,0.985274048555885,0.992734609452773
"primary_controlled",500,100,"n=500, p=100","ar1_rho_0.5","equal_width_4","mean_support_f1",100,0.814316017316017,0.0827572991146712,0.00827572991146712,0.798095586689542,0.830536447942493
"primary_controlled",500,100,"n=500, p=100","ar1_rho_0.5","equal_width_4","mean_rmse",100,3.16625018309238,0.407163573539695,0.0407163573539695,3.0864461226786,3.24605424350616
"primary_controlled",500,100,"n=500, p=100","ar1_rho_0.5","equal_width_4","f1_lasso",100,0.814,0.0829019135649309,0.00829019135649309,0.797751224941274,0.830248775058727
"primary_controlled",500,100,"n=500, p=100","ar1_rho_0.5","equal_width_4","f1_lar",100,0.814,0.0829019135649309,0.00829019135649309,0.797751224941274,0.830248775058727
"primary_controlled",500,100,"n=500, p=100","ar1_rho_0.5","equal_width_4","f1_glmnet",100,0.814948051948052,0.0836620839955502,0.00836620839955502,0.798550283484924,0.83134582041118
"primary_controlled",500,100,"n=500, p=100","ar1_rho_0.5","equal_width_4","rmse_lasso",100,3.1615559653322,0.407623211462166,0.0407623211462166,3.08166181588562,3.24145011477879
"primary_controlled",500,100,"n=500, p=100","ar1_rho_0.5","equal_width_4","rmse_lar",100,3.1615559653322,0.407623211462166,0.0407623211462166,3.08166181588562,3.24145011477879
"primary_controlled",500,100,"n=500, p=100","ar1_rho_0.5","equal_width_4","rmse_glmnet",100,3.17563861861273,0.406752384738155,0.0406752384738155,3.09591515120405,3.25536208602141
"primary_controlled",500,100,"n=500, p=100","ar1_rho_0.5","equal_width_4","elapsed_seconds",100,4.02329999999987,0.724398817271834,0.0724398817271834,3.88131783181459,4.16528216818515
"primary_controlled",500,100,"n=500, p=100","ar1_rho_0.9","original","mean_entry_tau",100,0.917555510143526,0.0224364008236741,0.00224364008236741,0.913157975582086,0.921953044704966
"primary_controlled",500,100,"n=500, p=100","ar1_rho_0.9","original","mean_jaccard_s",100,0.979747474747475,0.0422387549896755,0.00422387549896755,0.971468678769498,0.988026270725451
"primary_controlled",500,100,"n=500, p=100","ar1_rho_0.9","original","mean_jaccard_2s",100,0.950850429763473,0.0585731850355681,0.00585731850355681,0.939370085496502,0.962330774030445
"primary_controlled",500,100,"n=500, p=100","ar1_rho_0.9","original","mean_support_f1",100,0.671704184704185,0.106934132386841,0.0106934132386841,0.650745094756364,0.692663274652006
"primary_controlled",500,100,"n=500, p=100","ar1_rho_0.9","original","mean_rmse",100,2.44451534946067,0.519745875088472,0.0519745875088472,2.34264515794333,2.54638554097801
"primary_controlled",500,100,"n=500, p=100","ar1_rho_0.9","original","f1_lasso",100,0.674,0.106950380262923,0.0106950380262923,0.653037725468467,0.694962274531533
"primary_controlled",500,100,"n=500, p=100","ar1_rho_0.9","original","f1_lar",100,0.669,0.109816191700477,0.0109816191700477,0.647476026426707,0.690523973573294
"primary_controlled",500,100,"n=500, p=100","ar1_rho_0.9","original","f1_glmnet",100,0.672112554112554,0.106076073337113,0.0106076073337113,0.65132164373848,0.692903464486628
"primary_controlled",500,100,"n=500, p=100","ar1_rho_0.9","original","rmse_lasso",100,2.41858011086737,0.510854781693501,0.0510854781693501,2.31845257365545,2.5187076480793
"primary_controlled",500,100,"n=500, p=100","ar1_rho_0.9","original","rmse_lar",100,2.42409117105548,0.515279574768404,0.0515279574768404,2.32309637440087,2.52508596771009
"primary_controlled",500,100,"n=500, p=100","ar1_rho_0.9","original","rmse_glmnet",100,2.49087476645916,0.539893484740106,0.0539893484740106,2.3850556434501,2.59669388946822
"primary_controlled",500,100,"n=500, p=100","ar1_rho_0.9","original","elapsed_seconds",100,0.25600000000004,0.0571017167920026,0.00571017167920026,0.244808063508808,0.267191936491273
"primary_controlled",500,100,"n=500, p=100","ar1_rho_0.9","quantile_2","mean_entry_tau",100,0.970342037624366,0.0133370904336901,0.00133370904336901,0.967727967899363,0.97295610734937
"primary_controlled",500,100,"n=500, p=100","ar1_rho_0.9","quantile_2","mean_jaccard_s",100,0.980005827505828,0.0463468318468993,0.00463468318468993,0.970921848463835,0.98908980654782
"primary_controlled",500,100,"n=500, p=100","ar1_rho_0.9","quantile_2","mean_jaccard_2s",100,0.964881109228935,0.0437399089202817,0.00437399089202817,0.95630808708056,0.973454131377311
"primary_controlled",500,100,"n=500, p=100","ar1_rho_0.9","quantile_2","mean_support_f1",100,0.557460317460317,0.0956811948701626,0.00956811948701626,0.538706803265766,0.576213831654869
"primary_controlled",500,100,"n=500, p=100","ar1_rho_0.9","quantile_2","mean_rmse",100,2.7517503968442,0.59019479822546,0.059019479822546,2.63607221639201,2.86742857729639
"primary_controlled",500,100,"n=500, p=100","ar1_rho_0.9","quantile_2","f1_lasso",100,0.557,0.0966666666666666,0.00966666666666666,0.538053333333333,0.575946666666667
"primary_controlled",500,100,"n=500, p=100","ar1_rho_0.9","quantile_2","f1_lar",100,0.555,0.0957427107756338,0.00957427107756338,0.536234428687976,0.573765571312024
"primary_controlled",500,100,"n=500, p=100","ar1_rho_0.9","quantile_2","f1_glmnet",100,0.560380952380952,0.0969991006937171,0.00969991006937171,0.541369128644984,0.579392776116921
"primary_controlled",500,100,"n=500, p=100","ar1_rho_0.9","quantile_2","rmse_lasso",100,2.73896712636856,0.590245185042779,0.0590245185042779,2.62327907010018,2.85465518263695
"primary_controlled",500,100,"n=500, p=100","ar1_rho_0.9","quantile_2","rmse_lar",100,2.74404663527234,0.593122019769646,0.0593122019769646,2.62779471939749,2.86029855114719
"primary_controlled",500,100,"n=500, p=100","ar1_rho_0.9","quantile_2","rmse_glmnet",100,2.7722374288917,0.589020424153124,0.0589020424153124,2.65678942575769,2.88768543202572
"primary_controlled",500,100,"n=500, p=100","ar1_rho_0.9","quantile_2","elapsed_seconds",100,0.884700000000048,0.186181485262375,0.0186181485262375,0.848208428888623,0.921191571111473
"primary_controlled",500,100,"n=500, p=100","ar1_rho_0.9","quantile_4","mean_entry_tau",100,0.977980572581832,0.0107162794474388,0.00107162794474388,0.975880181810134,0.98008096335353
"primary_controlled",500,100,"n=500, p=100","ar1_rho_0.9","quantile_4","mean_jaccard_s",100,0.9800777000777,0.0425530009292087,0.00425530009292087,0.971737311895575,0.988418088259825
"primary_controlled",500,100,"n=500, p=100","ar1_rho_0.9","quantile_4","mean_jaccard_2s",100,0.976649099692578,0.0369315592682953,0.00369315592682953,0.969410514075992,0.983887685309164
"primary_controlled",500,100,"n=500, p=100","ar1_rho_0.9","quantile_4","mean_support_f1",100,0.481179434092478,0.0945896764761999,0.00945896764761999,0.462639857503142,0.499719010681813
"primary_controlled",500,100,"n=500, p=100","ar1_rho_0.9","quantile_4","mean_rmse",100,2.9736366932092,0.626943559802926,0.0626943559802926,2.85075575548782,3.09651763093057
"primary_controlled",500,100,"n=500, p=100","ar1_rho_0.9","quantile_4","f1_lasso",100,0.482,0.0957479857108063,0.00957479857108063,0.463233394800682,0.500766605199318
"primary_controlled",500,100,"n=500, p=100","ar1_rho_0.9","quantile_4","f1_lar",100,0.479,0.0945964314785967,0.00945964314785967,0.460459099430195,0.497540900569805
"primary_controlled",500,100,"n=500, p=100","ar1_rho_0.9","quantile_4","f1_glmnet",100,0.482538302277433,0.0954160738147124,0.00954160738147124,0.463836751809749,0.501239852745116
"primary_controlled",500,100,"n=500, p=100","ar1_rho_0.9","quantile_4","rmse_lasso",100,2.96046558285814,0.624904416638499,0.0624904416638499,2.837984317197,3.08294684851929
"primary_controlled",500,100,"n=500, p=100","ar1_rho_0.9","quantile_4","rmse_lar",100,2.96664004643269,0.623931983802716,0.0623931983802716,2.84434937760736,3.08893071525802
"primary_controlled",500,100,"n=500, p=100","ar1_rho_0.9","quantile_4","rmse_glmnet",100,2.99380445033676,0.633187553266823,0.0633187553266823,2.86969968989646,3.11790921077706
"primary_controlled",500,100,"n=500, p=100","ar1_rho_0.9","quantile_4","elapsed_seconds",100,4.30939999999997,0.699162298176773,0.0699162298176773,4.17236418955732,4.44643581044262
"primary_controlled",500,100,"n=500, p=100","ar1_rho_0.9","quantile_8","mean_entry_tau",100,0.984340640198175,0.00853999629865748,0.000853999629865748,0.982666800923638,0.986014479472712
"primary_controlled",500,100,"n=500, p=100","ar1_rho_0.9","quantile_8","mean_jaccard_s",100,0.985732323232323,0.032486814334901,0.0032486814334901,0.979364907622683,0.992099738841964
"primary_controlled",500,100,"n=500, p=100","ar1_rho_0.9","quantile_8","mean_jaccard_2s",100,0.986920133007089,0.0255846601407358,0.00255846601407358,0.981905539619505,0.991934726394674
"primary_controlled",500,100,"n=500, p=100","ar1_rho_0.9","quantile_8","mean_support_f1",100,0.377821067821068,0.095789698086441,0.0095789698086441,0.359046286996125,0.39659584864601
"primary_controlled",500,100,"n=500, p=100","ar1_rho_0.9","quantile_8","mean_rmse",100,3.20745959006791,0.643643429373665,0.0643643429373665,3.08130547791067,3.33361370222515
"primary_controlled",500,100,"n=500, p=100","ar1_rho_0.9","quantile_8","f1_lasso",100,0.378,0.0970056751437822,0.00970056751437822,0.358986887671819,0.397013112328181
"primary_controlled",500,100,"n=500, p=100","ar1_rho_0.9","quantile_8","f1_lar",100,0.377,0.096247786279147,0.0096247786279147,0.358135433889287,0.395864566110713
"primary_controlled",500,100,"n=500, p=100","ar1_rho_0.9","quantile_8","f1_glmnet",100,0.378463203463204,0.0954808377163594,0.00954808377163594,0.359748959270797,0.39717744765561
"primary_controlled",500,100,"n=500, p=100","ar1_rho_0.9","quantile_8","rmse_lasso",100,3.20071373657478,0.641762289704722,0.0641762289704722,3.07492832779266,3.32649914535691
"primary_controlled",500,100,"n=500, p=100","ar1_rho_0.9","quantile_8","rmse_lar",100,3.20099986840387,0.641859262537662,0.0641859262537662,3.07519545294649,3.32680428386125
"primary_controlled",500,100,"n=500, p=100","ar1_rho_0.9","quantile_8","rmse_glmnet",100,3.22066516522508,0.647731313021956,0.0647731313021956,3.09370982787278,3.34762050257738
"primary_controlled",500,100,"n=500, p=100","ar1_rho_0.9","quantile_8","elapsed_seconds",100,11.0818000000001,1.62518087882216,0.162518087882216,10.763264547751,11.4003354522493
"primary_controlled",500,100,"n=500, p=100","ar1_rho_0.9","equal_width_4","mean_entry_tau",100,0.973153037240192,0.0151928488079184,0.00151928488079184,0.97017523887384,0.976130835606544
"primary_controlled",500,100,"n=500, p=100","ar1_rho_0.9","equal_width_4","mean_jaccard_s",100,0.986237373737374,0.031338330500526,0.0031338330500526,0.980095060959271,0.992379686515477
"primary_controlled",500,100,"n=500, p=100","ar1_rho_0.9","equal_width_4","mean_jaccard_2s",100,0.979296379948554,0.0299930053983376,0.00299930053983376,0.97341775089048,0.985175009006628
"primary_controlled",500,100,"n=500, p=100","ar1_rho_0.9","equal_width_4","mean_support_f1",100,0.363132756132756,0.0962683991528112,0.00962683991528112,0.344264149898805,0.382001362366707
"primary_controlled",500,100,"n=500, p=100","ar1_rho_0.9","equal_width_4","mean_rmse",100,3.2129879168118,0.66009991721376,0.066009991721376,3.0836083330379,3.34236750058569
"primary_controlled",500,100,"n=500, p=100","ar1_rho_0.9","equal_width_4","f1_lasso",100,0.362,0.097213708140905,0.0097213708140905,0.342946113204383,0.381053886795617
"primary_controlled",500,100,"n=500, p=100","ar1_rho_0.9","equal_width_4","f1_lar",100,0.361,0.09733312577811,0.009733312577811,0.34192270734749,0.38007729265251
"primary_controlled",500,100,"n=500, p=100","ar1_rho_0.9","equal_width_4","f1_glmnet",100,0.366398268398268,0.0963844990677154,0.00963844990677154,0.347506906580996,0.385289630215541
"primary_controlled",500,100,"n=500, p=100","ar1_rho_0.9","equal_width_4","rmse_lasso",100,3.20834076497245,0.660328102100037,0.0660328102100037,3.07891645696084,3.33776507298405
"primary_controlled",500,100,"n=500, p=100","ar1_rho_0.9","equal_width_4","rmse_lar",100,3.20951994837112,0.661278570743308,0.0661278570743308,3.07990934850543,3.33913054823681
"primary_controlled",500,100,"n=500, p=100","ar1_rho_0.9","equal_width_4","rmse_glmnet",100,3.22110303709182,0.659005188170263,0.0659005188170263,3.09193802021045,3.35026805397319
"primary_controlled",500,100,"n=500, p=100","ar1_rho_0.9","equal_width_4","elapsed_seconds",100,4.38469999999996,0.65355663314461,0.065355663314461,4.25660289990361,4.5127971000963
"primary_controlled",500,100,"n=500, p=100","block","original","mean_entry_tau",100,0.950075498754227,0.0164082078598286,0.00164082078598286,0.946859490013701,0.953291507494754
"primary_controlled",500,100,"n=500, p=100","block","original","mean_jaccard_s",100,0.993333333333333,0.0226193745254506,0.00226193745254507,0.988899935926345,0.997766730740322
"primary_controlled",500,100,"n=500, p=100","block","original","mean_jaccard_2s",100,0.977215948302905,0.0365449762612141,0.00365449762612141,0.970053132955707,0.984378763650103
"primary_controlled",500,100,"n=500, p=100","block","original","mean_support_f1",100,0.740571428571429,0.0966082615669979,0.00966082615669979,0.721636209304297,0.75950664783856
"primary_controlled",500,100,"n=500, p=100","block","original","mean_rmse",100,2.36660221823527,0.524656925399193,0.0524656925399193,2.26376946085703,2.46943497561351
"primary_controlled",500,100,"n=500, p=100","block","original","f1_lasso",100,0.741,0.0964993327029841,0.00964993327029841,0.722086130790215,0.759913869209785
"primary_controlled",500,100,"n=500, p=100","block","original","f1_lar",100,0.74,0.0984731927834662,0.00984731927834662,0.720699254214441,0.75930074578556
"primary_controlled",500,100,"n=500, p=100","block","original","f1_glmnet",100,0.740714285714286,0.0956780961499001,0.00956780961499001,0.721961378868905,0.759467192559666
"primary_controlled",500,100,"n=500, p=100","block","original","rmse_lasso",100,2.34040246645548,0.513794756298784,0.0513794756298784,2.23969869422091,2.44110623869004
"primary_controlled",500,100,"n=500, p=100","block","original","rmse_lar",100,2.34108396892174,0.513445438026604,0.0513445438026604,2.24044866306852,2.44171927477495
"primary_controlled",500,100,"n=500, p=100","block","original","rmse_glmnet",100,2.41832021932859,0.551288057788505,0.0551288057788505,2.31026776000205,2.52637267865514
"primary_controlled",500,100,"n=500, p=100","block","original","elapsed_seconds",100,0.238899999999903,0.0347544052871582,0.00347544052871582,0.23208813656362,0.245711863436186
"primary_controlled",500,100,"n=500, p=100","block","quantile_2","mean_entry_tau",100,0.983634111639358,0.00925738484181437,0.000925738484181437,0.981819664210363,0.985448559068354
"primary_controlled",500,100,"n=500, p=100","block","quantile_2","mean_jaccard_s",100,0.993434343434343,0.0203734689920421,0.00203734689920421,0.989441143511903,0.997427543356784
"primary_controlled",500,100,"n=500, p=100","block","quantile_2","mean_jaccard_2s",100,0.98405891210239,0.0305710026048916,0.00305710026048916,0.978066995591832,0.990050828612949
"primary_controlled",500,100,"n=500, p=100","block","quantile_2","mean_support_f1",100,0.646896103896104,0.108915972341026,0.0108915972341026,0.625548573317263,0.668243634474945
"primary_controlled",500,100,"n=500, p=100","block","quantile_2","mean_rmse",100,2.69252478133587,0.581745383242024,0.0581745383242024,2.57850268622043,2.80654687645131
"primary_controlled",500,100,"n=500, p=100","block","quantile_2","f1_lasso",100,0.647,0.109595214818491,0.0109595214818491,0.625519337895576,0.668480662104424
"primary_controlled",500,100,"n=500, p=100","block","quantile_2","f1_lar",100,0.647,0.109595214818491,0.0109595214818491,0.625519337895576,0.668480662104424
"primary_controlled",500,100,"n=500, p=100","block","quantile_2","f1_glmnet",100,0.646688311688312,0.108266105750831,0.0108266105750831,0.625468154961149,0.667908468415474
"primary_controlled",500,100,"n=500, p=100","block","quantile_2","rmse_lasso",100,2.68103330687852,0.582358729310321,0.0582358729310321,2.5668909959337,2.79517561782334
"primary_controlled",500,100,"n=500, p=100","block","quantile_2","rmse_lar",100,2.68103330687852,0.582358729310321,0.0582358729310321,2.5668909959337,2.79517561782334
"primary_controlled",500,100,"n=500, p=100","block","quantile_2","rmse_glmnet",100,2.71550773025056,0.58155405670142,0.058155405670142,2.60152313513709,2.82949232536404
"primary_controlled",500,100,"n=500, p=100","block","quantile_2","elapsed_seconds",100,0.82139999999994,0.130182622309869,0.0130182622309869,0.795884206027205,0.846915793972674
"primary_controlled",500,100,"n=500, p=100","block","quantile_4","mean_entry_tau",100,0.982590549620914,0.00923380355764328,0.000923380355764328,0.980780724123616,0.984400375118213
"primary_controlled",500,100,"n=500, p=100","block","quantile_4","mean_jaccard_s",100,0.986262626262626,0.0289469735565991,0.00289469735565991,0.980589019445533,0.99193623307972
"primary_controlled",500,100,"n=500, p=100","block","quantile_4","mean_jaccard_2s",100,0.985086266390614,0.0310386181067808,0.00310386181067808,0.979002697241685,0.991169835539543
"primary_controlled",500,100,"n=500, p=100","block","quantile_4","mean_support_f1",100,0.528966810966811,0.112265605228175,0.0112265605228175,0.506962752342089,0.550970869591533
"primary_controlled",500,100,"n=500, p=100","block","quantile_4","mean_rmse",100,2.99450174456262,0.60406070202327,0.060406070202327,2.87610584696605,3.11289764215918
"primary_controlled",500,100,"n=500, p=100","block","quantile_4","f1_lasso",100,0.529,0.113079037344986,0.0113079037344986,0.506836508680383,0.551163491319617
"primary_controlled",500,100,"n=500, p=100","block","quantile_4","f1_lar",100,0.529,0.113079037344986,0.0113079037344986,0.506836508680383,0.551163491319617
"primary_controlled",500,100,"n=500, p=100","block","quantile_4","f1_glmnet",100,0.528900432900433,0.111726339844311,0.0111726339844311,0.507002070290948,0.550798795509918
"primary_controlled",500,100,"n=500, p=100","block","quantile_4","rmse_lasso",100,2.98493690221412,0.602022473959646,0.0602022473959646,2.86694049731803,3.10293330711021
"primary_controlled",500,100,"n=500, p=100","block","quantile_4","rmse_lar",100,2.9850775384975,0.60205198460471,0.060205198460471,2.86707534951498,3.10307972748002
"primary_controlled",500,100,"n=500, p=100","block","quantile_4","rmse_glmnet",100,3.01349079297623,0.608977732158765,0.0608977732158765,2.89413115747311,3.13285042847935
"primary_controlled",500,100,"n=500, p=100","block","quantile_4","elapsed_seconds",100,4.10110000000006,0.561219622471015,0.0561219622471015,3.99110095399574,4.21109904600438
"primary_controlled",500,100,"n=500, p=100","block","quantile_8","mean_entry_tau",100,0.986195513911561,0.00652159923667493,0.000652159923667493,0.984917280461173,0.987473747361949
"primary_controlled",500,100,"n=500, p=100","block","quantile_8","mean_jaccard_s",100,0.981087801087801,0.0324769125241652,0.00324769125241652,0.974722326233065,0.987453275942537
"primary_controlled",500,100,"n=500, p=100","block","quantile_8","mean_jaccard_2s",100,0.98492784992785,0.0248307607112769,0.00248307607112769,0.98006102082844,0.98979467902726
"primary_controlled",500,100,"n=500, p=100","block","quantile_8","mean_support_f1",100,0.422021958717611,0.0947326635726789,0.00947326635726789,0.403454356657366,0.440589560777856
"primary_controlled",500,100,"n=500, p=100","block","quantile_8","mean_rmse",100,3.27089388366595,0.620105959098655,0.0620105959098655,3.14935311568262,3.39243465164929
"primary_controlled",500,100,"n=500, p=100","block","quantile_8","f1_lasso",100,0.421,0.0956582722533971,0.00956582722533971,0.402250978638334,0.439749021361666
"primary_controlled",500,100,"n=500, p=100","block","quantile_8","f1_lar",100,0.421,0.0956582722533971,0.00956582722533971,0.402250978638334,0.439749021361666
"primary_controlled",500,100,"n=500, p=100","block","quantile_8","f1_glmnet",100,0.424065876152833,0.0951863462094061,0.00951863462094061,0.405409352295789,0.442722400009876
"primary_controlled",500,100,"n=500, p=100","block","quantile_8","rmse_lasso",100,3.26733025259618,0.620635805424285,0.0620635805424285,3.14568563473302,3.38897487045934
"primary_controlled",500,100,"n=500, p=100","block","quantile_8","rmse_lar",100,3.26733025259618,0.620635805424285,0.0620635805424285,3.14568563473302,3.38897487045934
"primary_controlled",500,100,"n=500, p=100","block","quantile_8","rmse_glmnet",100,3.27802114580551,0.619367603072069,0.0619367603072069,3.15662509560338,3.39941719600763
"primary_controlled",500,100,"n=500, p=100","block","quantile_8","elapsed_seconds",100,11.0494,1.13604205712464,0.113604205712464,10.8267357568036,11.2720642431964
"primary_controlled",500,100,"n=500, p=100","block","equal_width_4","mean_entry_tau",100,0.977084991661404,0.0113465702020704,0.00113465702020704,0.974861063901798,0.97930891942101
"primary_controlled",500,100,"n=500, p=100","block","equal_width_4","mean_jaccard_s",100,0.981010101010101,0.0320156779234922,0.00320156779234922,0.974735028137097,0.987285173883105
"primary_controlled",500,100,"n=500, p=100","block","equal_width_4","mean_jaccard_2s",100,0.976471547775896,0.0350594396327257,0.00350594396327257,0.969599897607881,0.98334319794391
"primary_controlled",500,100,"n=500, p=100","block","equal_width_4","mean_support_f1",100,0.391943722943723,0.0951395917035592,0.00951395917035592,0.373296362969825,0.410591082917621
"primary_controlled",500,100,"n=500, p=100","block","equal_width_4","mean_rmse",100,3.28480323682479,0.632038833176491,0.0632038833176491,3.1609236255222,3.40868284812738
"primary_controlled",500,100,"n=500, p=100","block","equal_width_4","f1_lasso",100,0.392,0.0960639517627858,0.00960639517627858,0.373171465454494,0.410828534545506
"primary_controlled",500,100,"n=500, p=100","block","equal_width_4","f1_lar",100,0.392,0.0960639517627858,0.00960639517627858,0.373171465454494,0.410828534545506
"primary_controlled",500,100,"n=500, p=100","block","equal_width_4","f1_glmnet",100,0.391831168831169,0.094787266008348,0.0094787266008348,0.373252864693533,0.410409472968805
"primary_controlled",500,100,"n=500, p=100","block","equal_width_4","rmse_lasso",100,3.28046720049104,0.630423913464733,0.0630423913464733,3.15690411345195,3.40403028753013
"primary_controlled",500,100,"n=500, p=100","block","equal_width_4","rmse_lar",100,3.28028419314978,0.630451555724445,0.0630451555724445,3.15671568822779,3.40385269807177
"primary_controlled",500,100,"n=500, p=100","block","equal_width_4","rmse_glmnet",100,3.29365831683355,0.635581177049207,0.0635581177049207,3.16908440613191,3.4182322275352
"primary_controlled",500,100,"n=500, p=100","block","equal_width_4","elapsed_seconds",100,4.07460000000003,0.475012854690451,0.0475012854690451,3.9814974804807,4.16770251951936
"sensitivity_dense_wide",100,20,"n=100, p=20","independent","original","mean_entry_tau",100,0.99887496639485,0.00131159662997056,0.000131159662997056,0.998617893455376,0.999132039334324
"sensitivity_dense_wide",100,20,"n=100, p=20","independent","original","mean_jaccard_s",100,1,0,0,1,1
"sensitivity_dense_wide",100,20,"n=100, p=20","independent","original","mean_jaccard_2s",100,0.995757575757576,0.0155413575743178,0.00155413575743178,0.992711469673009,0.998803681842142
"sensitivity_dense_wide",100,20,"n=100, p=20","independent","original","mean_support_f1",100,0.988,0.0477366513151884,0.00477366513151884,0.978643616342223,0.997356383657777
"sensitivity_dense_wide",100,20,"n=100, p=20","independent","original","mean_rmse",100,1.69069190507617,0.27157988072962,0.027157988072962,1.63746224845316,1.74392156169917
"sensitivity_dense_wide",100,20,"n=100, p=20","independent","original","f1_lasso",100,0.988,0.0477366513151884,0.00477366513151884,0.978643616342223,0.997356383657777
"sensitivity_dense_wide",100,20,"n=100, p=20","independent","original","f1_lar",100,0.988,0.0477366513151884,0.00477366513151884,0.978643616342223,0.997356383657777
"sensitivity_dense_wide",100,20,"n=100, p=20","independent","original","f1_glmnet",100,0.988,0.0477366513151884,0.00477366513151884,0.978643616342223,0.997356383657777
"sensitivity_dense_wide",100,20,"n=100, p=20","independent","original","rmse_lasso",100,1.56433363530486,0.272835533580644,0.0272835533580644,1.51085787072306,1.61780939988667
"sensitivity_dense_wide",100,20,"n=100, p=20","independent","original","rmse_lar",100,1.56433363530486,0.272835533580644,0.0272835533580644,1.51085787072306,1.61780939988667
"sensitivity_dense_wide",100,20,"n=100, p=20","independent","original","rmse_glmnet",100,1.94340844461877,0.336839067766819,0.0336839067766819,1.87738798733648,2.00942890190107
"sensitivity_dense_wide",100,20,"n=100, p=20","independent","original","elapsed_seconds",100,0.0191999999999643,0.00971097473509623,0.000971097473509623,0.0172966489518855,0.0211033510480432
"sensitivity_dense_wide",100,20,"n=100, p=20","independent","quantile_2","mean_entry_tau",100,0.998435790053044,0.00194927918564968,0.000194927918564968,0.998053731332657,0.998817848773431
"sensitivity_dense_wide",100,20,"n=100, p=20","independent","quantile_2","mean_jaccard_s",100,0.998888888888889,0.0111111111111111,0.00111111111111111,0.996711111111111,1.00106666666667
"sensitivity_dense_wide",100,20,"n=100, p=20","independent","quantile_2","mean_jaccard_2s",100,0.997575757575758,0.0119361445798141,0.00119361445798141,0.995236273238114,0.999915241913401
"sensitivity_dense_wide",100,20,"n=100, p=20","independent","quantile_2","mean_support_f1",100,0.96769696969697,0.0736199424679674,0.00736199424679674,0.953267460973248,0.982126478420691
"sensitivity_dense_wide",100,20,"n=100, p=20","independent","quantile_2","mean_rmse",100,1.98361260024972,0.332633519361241,0.0332633519361241,1.91841643045492,2.04880877004453
"sensitivity_dense_wide",100,20,"n=100, p=20","independent","quantile_2","f1_lasso",100,0.968,0.0736905898354941,0.00736905898354941,0.953556644392243,0.982443355607757
"sensitivity_dense_wide",100,20,"n=100, p=20","independent","quantile_2","f1_lar",100,0.968,0.0736905898354941,0.00736905898354941,0.953556644392243,0.982443355607757
"sensitivity_dense_wide",100,20,"n=100, p=20","independent","quantile_2","f1_glmnet",100,0.967090909090909,0.0738524078489471,0.00738524078489471,0.952615837152516,0.981565981029303
"sensitivity_dense_wide",100,20,"n=100, p=20","independent","quantile_2","rmse_lasso",100,1.94685808233087,0.335349922962479,0.0335349922962479,1.88112949743023,2.01258666723152
"sensitivity_dense_wide",100,20,"n=100, p=20","independent","quantile_2","rmse_lar",100,1.94685808233087,0.335349922962479,0.0335349922962479,1.88112949743023,2.01258666723152
"sensitivity_dense_wide",100,20,"n=100, p=20","independent","quantile_2","rmse_glmnet",100,2.05712163608743,0.341737717215893,0.0341737717215893,1.99014104351311,2.12410222866174
"sensitivity_dense_wide",100,20,"n=100, p=20","independent","quantile_2","elapsed_seconds",100,0.0437000000000626,0.0167365202808487,0.00167365202808487,0.0404196420250162,0.0469803579751089
"sensitivity_dense_wide",100,20,"n=100, p=20","independent","quantile_4","mean_entry_tau",100,0.997976991663098,0.00244437439646493,0.000244437439646493,0.997497894281391,0.998456089044805
"sensitivity_dense_wide",100,20,"n=100, p=20","independent","quantile_4","mean_jaccard_s",100,0.993333333333333,0.0265203618417713,0.00265203618417713,0.988135342412346,0.99853132425432
"sensitivity_dense_wide",100,20,"n=100, p=20","independent","quantile_4","mean_jaccard_2s",100,0.994646464646465,0.0188538523270602,0.00188538523270602,0.990951109590361,0.998341819702569
"sensitivity_dense_wide",100,20,"n=100, p=20","independent","quantile_4","mean_support_f1",100,0.889757575757576,0.108215701545807,0.0108215701545807,0.868547298254598,0.910967853260554
"sensitivity_dense_wide",100,20,"n=100, p=20","independent","quantile_4","mean_rmse",100,2.14327559251888,0.335593087525842,0.0335593087525842,2.07749934736382,2.20905183767395
"sensitivity_dense_wide",100,20,"n=100, p=20","independent","quantile_4","f1_lasso",100,0.89,0.107778298447144,0.0107778298447144,0.86887545350436,0.91112454649564
"sensitivity_dense_wide",100,20,"n=100, p=20","independent","quantile_4","f1_lar",100,0.89,0.107778298447144,0.0107778298447144,0.86887545350436,0.91112454649564
"sensitivity_dense_wide",100,20,"n=100, p=20","independent","quantile_4","f1_glmnet",100,0.889272727272727,0.110462603673149,0.0110462603673149,0.86762205695279,0.910923397592665
"sensitivity_dense_wide",100,20,"n=100, p=20","independent","quantile_4","rmse_lasso",100,2.12162840356385,0.33293337362391,0.033293337362391,2.05637346233356,2.18688334479414
"sensitivity_dense_wide",100,20,"n=100, p=20","independent","quantile_4","rmse_lar",100,2.12162840356385,0.33293337362391,0.033293337362391,2.05637346233356,2.18688334479414
"sensitivity_dense_wide",100,20,"n=100, p=20","independent","quantile_4","rmse_glmnet",100,2.18656997042895,0.346590669547882,0.0346590669547882,2.11863819919757,2.25450174166034
"sensitivity_dense_wide",100,20,"n=100, p=20","independent","quantile_4","elapsed_seconds",100,0.18230000000005,0.0544922383500874,0.00544922383500874,0.171619521283433,0.192980478716667
"sensitivity_dense_wide",100,20,"n=100, p=20","independent","quantile_8","mean_entry_tau",100,0.996463933009128,0.00438435657417019,0.000438435657417019,0.995604599120591,0.997323266897665
"sensitivity_dense_wide",100,20,"n=100, p=20","independent","quantile_8","mean_jaccard_s",100,0.991111111111111,0.0302955471493656,0.00302955471493656,0.985173183869836,0.997049038352387
"sensitivity_dense_wide",100,20,"n=100, p=20","independent","quantile_8","mean_jaccard_2s",100,0.995757575757576,0.0177690102764911,0.00177690102764911,0.992274849743383,0.999240301771768
"sensitivity_dense_wide",100,20,"n=100, p=20","independent","quantile_8","mean_support_f1",100,0.758121212121212,0.155033756868622,0.0155033756868622,0.727734595774962,0.788507828467462
"sensitivity_dense_wide",100,20,"n=100, p=20","independent","quantile_8","mean_rmse",100,2.41270552782365,0.370988871590717,0.0370988871590717,2.33999170899187,2.48541934665543
"sensitivity_dense_wide",100,20,"n=100, p=20","independent","quantile_8","f1_lasso",100,0.758,0.156463440077253,0.0156463440077253,0.727333165744859,0.788666834255142
"sensitivity_dense_wide",100,20,"n=100, p=20","independent","quantile_8","f1_lar",100,0.758,0.156463440077253,0.0156463440077253,0.727333165744859,0.788666834255142
"sensitivity_dense_wide",100,20,"n=100, p=20","independent","quantile_8","f1_glmnet",100,0.758363636363636,0.153763918121482,0.0153763918121482,0.728225908411826,0.788501364315447
"sensitivity_dense_wide",100,20,"n=100, p=20","independent","quantile_8","rmse_lasso",100,2.40695924020432,0.370322498780053,0.0370322498780053,2.33437603044343,2.47954244996521
"sensitivity_dense_wide",100,20,"n=100, p=20","independent","quantile_8","rmse_lar",100,2.40695924020432,0.370322498780053,0.0370322498780053,2.33437603044343,2.47954244996521
"sensitivity_dense_wide",100,20,"n=100, p=20","independent","quantile_8","rmse_glmnet",100,2.4241981030623,0.372824666790062,0.0372824666790062,2.35112446837145,2.49727173775316
"sensitivity_dense_wide",100,20,"n=100, p=20","independent","quantile_8","elapsed_seconds",100,0.366800000000021,0.123532844362735,0.0123532844362735,0.342587562504925,0.391012437495117
"sensitivity_dense_wide",100,20,"n=100, p=20","independent","equal_width_4","mean_entry_tau",100,0.997344013100253,0.00338800829038893,0.000338800829038893,0.996679963475337,0.998008062725169
"sensitivity_dense_wide",100,20,"n=100, p=20","independent","equal_width_4","mean_jaccard_s",100,0.993333333333333,0.0265203618417713,0.00265203618417713,0.988135342412346,0.99853132425432
"sensitivity_dense_wide",100,20,"n=100, p=20","independent","equal_width_4","mean_jaccard_2s",100,0.996363636363636,0.0168362411553585,0.00168362411553585,0.993063733097186,0.999663539630087
"sensitivity_dense_wide",100,20,"n=100, p=20","independent","equal_width_4","mean_support_f1",100,0.828424242424243,0.126668424115997,0.0126668424115997,0.803597231297507,0.853251253550978
"sensitivity_dense_wide",100,20,"n=100, p=20","independent","equal_width_4","mean_rmse",100,2.29489477847266,0.342458585223775,0.0342458585223775,2.2277728957688,2.36201666117652
"sensitivity_dense_wide",100,20,"n=100, p=20","independent","equal_width_4","f1_lasso",100,0.828,0.127191893522259,0.0127191893522259,0.803070388869637,0.852929611130363
"sensitivity_dense_wide",100,20,"n=100, p=20","independent","equal_width_4","f1_lar",100,0.828,0.127191893522259,0.0127191893522259,0.803070388869637,0.852929611130363
"sensitivity_dense_wide",100,20,"n=100, p=20","independent","equal_width_4","f1_glmnet",100,0.829272727272727,0.12709931778213,0.012709931778213,0.80436126098743,0.854184193558025
"sensitivity_dense_wide",100,20,"n=100, p=20","independent","equal_width_4","rmse_lasso",100,2.28322196385199,0.344609231305727,0.0344609231305727,2.21567855451607,2.35076537318792
"sensitivity_dense_wide",100,20,"n=100, p=20","independent","equal_width_4","rmse_lar",100,2.28322196385199,0.344609231305727,0.0344609231305727,2.21567855451607,2.35076537318792
"sensitivity_dense_wide",100,20,"n=100, p=20","independent","equal_width_4","rmse_glmnet",100,2.31824040771401,0.339801506390207,0.0339801506390207,2.25163931246153,2.38484150296649
"sensitivity_dense_wide",100,20,"n=100, p=20","independent","equal_width_4","elapsed_seconds",100,0.18520000000015,0.0599744053152795,0.00599744053152795,0.173445016558355,0.196954983441945
"sensitivity_dense_wide",100,20,"n=100, p=20","ar1_rho_0.5","original","mean_entry_tau",100,0.99782154764625,0.00791107077686052,0.000791107077686052,0.996270977773985,0.999372117518515
"sensitivity_dense_wide",100,20,"n=100, p=20","ar1_rho_0.5","original","mean_jaccard_s",100,0.996666666666667,0.0190496231108628,0.00190496231108628,0.992932940536938,1.0004003927964
"sensitivity_dense_wide",100,20,"n=100, p=20","ar1_rho_0.5","original","mean_jaccard_2s",100,0.994545454545455,0.0245087906895974,0.00245087906895974,0.989741731570293,0.999349177520616
"sensitivity_dense_wide",100,20,"n=100, p=20","ar1_rho_0.5","original","mean_support_f1",100,0.921818181818182,0.105731703938604,0.0105731703938604,0.901094767846215,0.942541595790148
"sensitivity_dense_wide",100,20,"n=100, p=20","ar1_rho_0.5","original","mean_rmse",100,1.74818830622775,0.322094498978651,0.0322094498978651,1.68505778442793,1.81131882802757
"sensitivity_dense_wide",100,20,"n=100, p=20","ar1_rho_0.5","original","f1_lasso",100,0.922,0.105963591994056,0.0105963591994056,0.901231135969165,0.942768864030835
"sensitivity_dense_wide",100,20,"n=100, p=20","ar1_rho_0.5","original","f1_lar",100,0.922,0.105963591994056,0.0105963591994056,0.901231135969165,0.942768864030835
"sensitivity_dense_wide",100,20,"n=100, p=20","ar1_rho_0.5","original","f1_glmnet",100,0.921454545454546,0.106076504121341,0.0106076504121341,0.900663550646763,0.942245540262328
"sensitivity_dense_wide",100,20,"n=100, p=20","ar1_rho_0.5","original","rmse_lasso",100,1.66207853849333,0.311267796578686,0.0311267796578686,1.60107005036391,1.72308702662275
"sensitivity_dense_wide",100,20,"n=100, p=20","ar1_rho_0.5","original","rmse_lar",100,1.66207853849333,0.311267796578686,0.0311267796578686,1.60107005036391,1.72308702662275
"sensitivity_dense_wide",100,20,"n=100, p=20","ar1_rho_0.5","original","rmse_glmnet",100,1.92040784169659,0.398886530863849,0.0398886530863849,1.84222608164728,1.99858960174591
"sensitivity_dense_wide",100,20,"n=100, p=20","ar1_rho_0.5","original","elapsed_seconds",100,0.0207000000000335,0.0104692913133995,0.00104692913133995,0.0186480189026072,0.0227519810974598
"sensitivity_dense_wide",100,20,"n=100, p=20","ar1_rho_0.5","quantile_2","mean_entry_tau",100,0.997029256775052,0.00646155681267593,0.000646155681267593,0.995762791639767,0.998295721910336
"sensitivity_dense_wide",100,20,"n=100, p=20","ar1_rho_0.5","quantile_2","mean_jaccard_s",100,0.996666666666667,0.0190496231108628,0.00190496231108628,0.992932940536938,1.0004003927964
"sensitivity_dense_wide",100,20,"n=100, p=20","ar1_rho_0.5","quantile_2","mean_jaccard_2s",100,0.989090909090909,0.0315095000936921,0.00315095000936921,0.982915047072546,0.995266771109273
"sensitivity_dense_wide",100,20,"n=100, p=20","ar1_rho_0.5","quantile_2","mean_support_f1",100,0.856545454545455,0.123378422780931,0.0123378422780931,0.832363283680392,0.880727625410517
"sensitivity_dense_wide",100,20,"n=100, p=20","ar1_rho_0.5","quantile_2","mean_rmse",100,1.99594246976815,0.383788196058713,0.0383788196058713,1.92071998334064,2.07116495619566
"sensitivity_dense_wide",100,20,"n=100, p=20","ar1_rho_0.5","quantile_2","f1_lasso",100,0.856,0.124169971483374,0.0124169971483374,0.831662685589259,0.880337314410741
"sensitivity_dense_wide",100,20,"n=100, p=20","ar1_rho_0.5","quantile_2","f1_lar",100,0.856,0.124169971483374,0.0124169971483374,0.831662685589259,0.880337314410741
"sensitivity_dense_wide",100,20,"n=100, p=20","ar1_rho_0.5","quantile_2","f1_glmnet",100,0.857636363636364,0.122692203267498,0.0122692203267498,0.833588691795934,0.881684035476793
"sensitivity_dense_wide",100,20,"n=100, p=20","ar1_rho_0.5","quantile_2","rmse_lasso",100,1.96626715273063,0.3854619091133,0.03854619091133,1.89071661854442,2.04181768691684
"sensitivity_dense_wide",100,20,"n=100, p=20","ar1_rho_0.5","quantile_2","rmse_lar",100,1.96626715273063,0.3854619091133,0.03854619091133,1.89071661854442,2.04181768691684
"sensitivity_dense_wide",100,20,"n=100, p=20","ar1_rho_0.5","quantile_2","rmse_glmnet",100,2.05529310384319,0.388212407593733,0.0388212407593733,1.97920347195482,2.13138273573156
"sensitivity_dense_wide",100,20,"n=100, p=20","ar1_rho_0.5","quantile_2","elapsed_seconds",100,0.047300000000032,0.0187947445911388,0.00187947445911388,0.0436162300601688,0.0509837699398952
"sensitivity_dense_wide",100,20,"n=100, p=20","ar1_rho_0.5","quantile_4","mean_entry_tau",100,0.996941650466866,0.0047061580642426,0.00047061580642426,0.996019243486275,0.997864057447458
"sensitivity_dense_wide",100,20,"n=100, p=20","ar1_rho_0.5","quantile_4","mean_jaccard_s",100,0.995555555555556,0.0218829317296591,0.00218829317296591,0.991266500936542,0.999844610174569
"sensitivity_dense_wide",100,20,"n=100, p=20","ar1_rho_0.5","quantile_4","mean_jaccard_2s",100,0.994545454545455,0.0194439972281105,0.00194439972281105,0.990734431088745,0.998356478002164
"sensitivity_dense_wide",100,20,"n=100, p=20","ar1_rho_0.5","quantile_4","mean_support_f1",100,0.784969696969697,0.130294786934671,0.0130294786934671,0.759431918730502,0.810507475208893
"sensitivity_dense_wide",100,20,"n=100, p=20","ar1_rho_0.5","quantile_4","mean_rmse",100,2.17237250827407,0.376563172096334,0.0376563172096334,2.09856612654319,2.24617889000495
"sensitivity_dense_wide",100,20,"n=100, p=20","ar1_rho_0.5","quantile_4","f1_lasso",100,0.784,0.132360084312424,0.0132360084312424,0.758057423474765,0.809942576525235
"sensitivity_dense_wide",100,20,"n=100, p=20","ar1_rho_0.5","quantile_4","f1_lar",100,0.784,0.132360084312424,0.0132360084312424,0.758057423474765,0.809942576525235
"sensitivity_dense_wide",100,20,"n=100, p=20","ar1_rho_0.5","quantile_4","f1_glmnet",100,0.786909090909091,0.127550006234777,0.0127550006234777,0.761909289687075,0.811908892131107
"sensitivity_dense_wide",100,20,"n=100, p=20","ar1_rho_0.5","quantile_4","rmse_lasso",100,2.15489346992791,0.372537934484197,0.0372537934484197,2.08187603476901,2.22791090508681
"sensitivity_dense_wide",100,20,"n=100, p=20","ar1_rho_0.5","quantile_4","rmse_lar",100,2.15489346992791,0.372537934484197,0.0372537934484197,2.08187603476901,2.22791090508681
"sensitivity_dense_wide",100,20,"n=100, p=20","ar1_rho_0.5","quantile_4","rmse_glmnet",100,2.2073305849664,0.388200401015458,0.0388200401015458,2.13124330636737,2.28341786356543
"sensitivity_dense_wide",100,20,"n=100, p=20","ar1_rho_0.5","quantile_4","elapsed_seconds",100,0.184300000000021,0.0619425442477499,0.00619425442477499,0.172159261327462,0.19644073867258
"sensitivity_dense_wide",100,20,"n=100, p=20","ar1_rho_0.5","quantile_8","mean_entry_tau",100,0.996623531304148,0.00332250947405499,0.000332250947405499,0.995972319447233,0.997274743161063
"sensitivity_dense_wide",100,20,"n=100, p=20","ar1_rho_0.5","quantile_8","mean_jaccard_s",100,0.99031746031746,0.0338334863042289,0.00338334863042289,0.983686097001832,0.996948823633089
"sensitivity_dense_wide",100,20,"n=100, p=20","ar1_rho_0.5","quantile_8","mean_jaccard_2s",100,0.992828282828283,0.0210658592372814,0.00210658592372814,0.988699374417776,0.99695719123879
"sensitivity_dense_wide",100,20,"n=100, p=20","ar1_rho_0.5","quantile_8","mean_support_f1",100,0.676828282828283,0.152314581144145,0.0152314581144145,0.64697462492403,0.706681940732535
"sensitivity_dense_wide",100,20,"n=100, p=20","ar1_rho_0.5","quantile_8","mean_rmse",100,2.39604744274307,0.390049371443531,0.0390049371443531,2.31959776594014,2.472497119546
"sensitivity_dense_wide",100,20,"n=100, p=20","ar1_rho_0.5","quantile_8","f1_lasso",100,0.676,0.155127839102614,0.0155127839102614,0.645594943535888,0.706405056464112
"sensitivity_dense_wide",100,20,"n=100, p=20","ar1_rho_0.5","quantile_8","f1_lar",100,0.676,0.155127839102614,0.0155127839102614,0.645594943535888,0.706405056464112
"sensitivity_dense_wide",100,20,"n=100, p=20","ar1_rho_0.5","quantile_8","f1_glmnet",100,0.678484848484849,0.148454861011198,0.0148454861011198,0.649387695726654,0.707582001243043
"sensitivity_dense_wide",100,20,"n=100, p=20","ar1_rho_0.5","quantile_8","rmse_lasso",100,2.38740231008066,0.388892065379062,0.0388892065379062,2.31117946526637,2.46362515489496
"sensitivity_dense_wide",100,20,"n=100, p=20","ar1_rho_0.5","quantile_8","rmse_lar",100,2.38740231008066,0.388892065379062,0.0388892065379062,2.31117946526637,2.46362515489496
"sensitivity_dense_wide",100,20,"n=100, p=20","ar1_rho_0.5","quantile_8","rmse_glmnet",100,2.41333770806789,0.394084587450915,0.0394084587450915,2.33609712892751,2.49057828720827
"sensitivity_dense_wide",100,20,"n=100, p=20","ar1_rho_0.5","quantile_8","elapsed_seconds",100,0.370999999999985,0.125089866685862,0.0125089866685862,0.346482386129557,0.395517613870414
"sensitivity_dense_wide",100,20,"n=100, p=20","ar1_rho_0.5","equal_width_4","mean_entry_tau",100,0.99680000055855,0.00347363575993136,0.000347363575993136,0.996119167949603,0.997480833167496
"sensitivity_dense_wide",100,20,"n=100, p=20","ar1_rho_0.5","equal_width_4","mean_jaccard_s",100,0.99,0.0319581656960735,0.00319581656960735,0.98373619952357,0.99626380047643
"sensitivity_dense_wide",100,20,"n=100, p=20","ar1_rho_0.5","equal_width_4","mean_jaccard_2s",100,0.994545454545455,0.0174317267433128,0.00174317267433128,0.991128836103765,0.997962072987144
"sensitivity_dense_wide",100,20,"n=100, p=20","ar1_rho_0.5","equal_width_4","mean_support_f1",100,0.726484848484849,0.131245740989656,0.0131245740989656,0.700760683250876,0.752209013718821
"sensitivity_dense_wide",100,20,"n=100, p=20","ar1_rho_0.5","equal_width_4","mean_rmse",100,2.34981352483968,0.39621133599024,0.039621133599024,2.27215610298559,2.42747094669376
"sensitivity_dense_wide",100,20,"n=100, p=20","ar1_rho_0.5","equal_width_4","f1_lasso",100,0.726,0.132283747675177,0.0132283747675177,0.700072385455665,0.751927614544335
"sensitivity_dense_wide",100,20,"n=100, p=20","ar1_rho_0.5","equal_width_4","f1_lar",100,0.726,0.132283747675177,0.0132283747675177,0.700072385455665,0.751927614544335
"sensitivity_dense_wide",100,20,"n=100, p=20","ar1_rho_0.5","equal_width_4","f1_glmnet",100,0.727454545454546,0.131327130708161,0.0131327130708161,0.701714427835746,0.753194663073345
"sensitivity_dense_wide",100,20,"n=100, p=20","ar1_rho_0.5","equal_width_4","rmse_lasso",100,2.34145268115049,0.396492982441865,0.0396492982441865,2.26374005659188,2.41916530570909
"sensitivity_dense_wide",100,20,"n=100, p=20","ar1_rho_0.5","equal_width_4","rmse_lar",100,2.34145268115049,0.396492982441865,0.0396492982441865,2.26374005659188,2.41916530570909
"sensitivity_dense_wide",100,20,"n=100, p=20","ar1_rho_0.5","equal_width_4","rmse_glmnet",100,2.36653521221806,0.396615683247576,0.0396615683247576,2.28879853830153,2.44427188613458
"sensitivity_dense_wide",100,20,"n=100, p=20","ar1_rho_0.5","equal_width_4","elapsed_seconds",100,0.184199999999964,0.0679896011062223,0.00679896011062223,0.170874038183145,0.197525961816784
"sensitivity_dense_wide",100,20,"n=100, p=20","ar1_rho_0.9","original","mean_entry_tau",100,0.990955501122052,0.0194986685919832,0.00194986685919832,0.987133762078023,0.994777240166081
"sensitivity_dense_wide",100,20,"n=100, p=20","ar1_rho_0.9","original","mean_jaccard_s",100,0.989603174603175,0.052846221717981,0.0052846221717981,0.97924531514645,0.999961034059899
"sensitivity_dense_wide",100,20,"n=100, p=20","ar1_rho_0.9","original","mean_jaccard_2s",100,0.945485625485626,0.0778131487171603,0.00778131487171603,0.930234248337062,0.960737002634189
"sensitivity_dense_wide",100,20,"n=100, p=20","ar1_rho_0.9","original","mean_support_f1",100,0.655555555555556,0.171915116649424,0.0171915116649424,0.621860192692268,0.689250918418843
"sensitivity_dense_wide",100,20,"n=100, p=20","ar1_rho_0.9","original","mean_rmse",100,1.56057729858853,0.543362967883242,0.0543362967883242,1.45407815688342,1.66707644029365
"sensitivity_dense_wide",100,20,"n=100, p=20","ar1_rho_0.9","original","f1_lasso",100,0.66,0.176383420737639,0.0176383420737639,0.625428849535423,0.694571150464577
"sensitivity_dense_wide",100,20,"n=100, p=20","ar1_rho_0.9","original","f1_lar",100,0.652,0.169658004184413,0.0169658004184413,0.618747031179855,0.685252968820145
"sensitivity_dense_wide",100,20,"n=100, p=20","ar1_rho_0.9","original","f1_glmnet",100,0.654666666666667,0.172492131280054,0.0172492131280054,0.620858208935776,0.688475124397557
"sensitivity_dense_wide",100,20,"n=100, p=20","ar1_rho_0.9","original","rmse_lasso",100,1.52606171256316,0.530263367352548,0.0530263367352548,1.42213009256206,1.62999333256426
"sensitivity_dense_wide",100,20,"n=100, p=20","ar1_rho_0.9","original","rmse_lar",100,1.52630152485837,0.530086069111218,0.0530086069111218,1.42240465531257,1.63019839440417
"sensitivity_dense_wide",100,20,"n=100, p=20","ar1_rho_0.9","original","rmse_glmnet",100,1.62936865834407,0.580709406597048,0.0580709406597048,1.51554961465105,1.74318770203709
"sensitivity_dense_wide",100,20,"n=100, p=20","ar1_rho_0.9","original","elapsed_seconds",100,0.0360999999998603,0.00919980236942208,0.000919980236942209,0.0342968387354536,0.037903161264267
"sensitivity_dense_wide",100,20,"n=100, p=20","ar1_rho_0.9","quantile_2","mean_entry_tau",100,0.986686684700516,0.0244194625492937,0.00244194625492937,0.981900470040855,0.991472899360178
"sensitivity_dense_wide",100,20,"n=100, p=20","ar1_rho_0.9","quantile_2","mean_jaccard_s",100,0.987777777777778,0.0443742430983891,0.00443742430983891,0.979080426130494,0.996475129425062
"sensitivity_dense_wide",100,20,"n=100, p=20","ar1_rho_0.9","quantile_2","mean_jaccard_2s",100,0.940020257520258,0.0812566029561994,0.00812566029561994,0.924093963340842,0.955946551699673
"sensitivity_dense_wide",100,20,"n=100, p=20","ar1_rho_0.9","quantile_2","mean_support_f1",100,0.571818181818182,0.16385133653292,0.016385133653292,0.53970331985773,0.603933043778634
"sensitivity_dense_wide",100,20,"n=100, p=20","ar1_rho_0.9","quantile_2","mean_rmse",100,1.77435767488741,0.630108585963114,0.0630108585963114,1.65085639203864,1.89785895773618
"sensitivity_dense_wide",100,20,"n=100, p=20","ar1_rho_0.9","quantile_2","f1_lasso",100,0.57,0.164224532179869,0.0164224532179869,0.537811991692746,0.602188008307254
"sensitivity_dense_wide",100,20,"n=100, p=20","ar1_rho_0.9","quantile_2","f1_lar",100,0.57,0.164224532179869,0.0164224532179869,0.537811991692746,0.602188008307254
"sensitivity_dense_wide",100,20,"n=100, p=20","ar1_rho_0.9","quantile_2","f1_glmnet",100,0.575454545454545,0.165561071268457,0.0165561071268457,0.543004575485928,0.607904515423163
"sensitivity_dense_wide",100,20,"n=100, p=20","ar1_rho_0.9","quantile_2","rmse_lasso",100,1.74973802725631,0.619857986848292,0.0619857986848292,1.62824586183405,1.87123019267858
"sensitivity_dense_wide",100,20,"n=100, p=20","ar1_rho_0.9","quantile_2","rmse_lar",100,1.74940350160147,0.620276319957738,0.0620276319957738,1.62782934288975,1.87097766031318
"sensitivity_dense_wide",100,20,"n=100, p=20","ar1_rho_0.9","quantile_2","rmse_glmnet",100,1.82393149580446,0.654156689152092,0.0654156689152092,1.69571678473065,1.95214620687827
"sensitivity_dense_wide",100,20,"n=100, p=20","ar1_rho_0.9","quantile_2","elapsed_seconds",100,0.0825999999999294,0.0161195032132029,0.00161195032132029,0.0794405773701417,0.0857594226297172
"sensitivity_dense_wide",100,20,"n=100, p=20","ar1_rho_0.9","quantile_4","mean_entry_tau",100,0.989775199384723,0.0150166454930467,0.00150166454930467,0.986831936868086,0.99271846190136
"sensitivity_dense_wide",100,20,"n=100, p=20","ar1_rho_0.9","quantile_4","mean_jaccard_s",100,0.993333333333333,0.0308664421181571,0.00308664421181571,0.987283510678175,0.999383155988492
"sensitivity_dense_wide",100,20,"n=100, p=20","ar1_rho_0.9","quantile_4","mean_jaccard_2s",100,0.978383838383838,0.0474653032957622,0.00474653032957622,0.969080638937869,0.987687037829808
"sensitivity_dense_wide",100,20,"n=100, p=20","ar1_rho_0.9","quantile_4","mean_support_f1",100,0.490060606060606,0.143005657970235,0.0143005657970235,0.46203149709844,0.518089715022772
"sensitivity_dense_wide",100,20,"n=100, p=20","ar1_rho_0.9","quantile_4","mean_rmse",100,1.95068013884653,0.672358784316678,0.0672358784316678,1.81889781712046,2.0824624605726
"sensitivity_dense_wide",100,20,"n=100, p=20","ar1_rho_0.9","quantile_4","f1_lasso",100,0.49,0.143195846675281,0.0143195846675281,0.461933614051645,0.518066385948355
"sensitivity_dense_wide",100,20,"n=100, p=20","ar1_rho_0.9","quantile_4","f1_lar",100,0.49,0.143195846675281,0.0143195846675281,0.461933614051645,0.518066385948355
"sensitivity_dense_wide",100,20,"n=100, p=20","ar1_rho_0.9","quantile_4","f1_glmnet",100,0.490181818181818,0.143255181112012,0.0143255181112012,0.462103802683864,0.518259833679773
"sensitivity_dense_wide",100,20,"n=100, p=20","ar1_rho_0.9","quantile_4","rmse_lasso",100,1.92973018764022,0.661022189236901,0.0661022189236901,1.80016983854978,2.05929053673065
"sensitivity_dense_wide",100,20,"n=100, p=20","ar1_rho_0.9","quantile_4","rmse_lar",100,1.9298393928982,0.660961010614591,0.0660961010614591,1.80029103481774,2.05938775097866
"sensitivity_dense_wide",100,20,"n=100, p=20","ar1_rho_0.9","quantile_4","rmse_glmnet",100,1.99247083600116,0.697357932621099,0.0697357932621099,1.85578868120743,2.1291529907949
"sensitivity_dense_wide",100,20,"n=100, p=20","ar1_rho_0.9","quantile_4","elapsed_seconds",100,0.271299999999992,0.0496991961806162,0.00496991961806162,0.261558957548591,0.281041042451393
"sensitivity_dense_wide",100,20,"n=100, p=20","ar1_rho_0.9","quantile_8","mean_entry_tau",100,0.992915421036482,0.00922841004686021,0.000922841004686022,0.991106652667297,0.994724189405667
"sensitivity_dense_wide",100,20,"n=100, p=20","ar1_rho_0.9","quantile_8","mean_jaccard_s",100,0.985873015873016,0.0391998866497174,0.00391998866497173,0.978189838089671,0.99355619365636
"sensitivity_dense_wide",100,20,"n=100, p=20","ar1_rho_0.9","quantile_8","mean_jaccard_2s",100,0.978257575757576,0.0440905304197384,0.00440905304197384,0.969615831795307,0.986899319719844
"sensitivity_dense_wide",100,20,"n=100, p=20","ar1_rho_0.9","quantile_8","mean_support_f1",100,0.437969696969697,0.156270912468327,0.0156270912468327,0.407340598125905,0.468598795813489
"sensitivity_dense_wide",100,20,"n=100, p=20","ar1_rho_0.9","quantile_8","mean_rmse",100,2.14237041292557,0.739626999345959,0.0739626999345959,1.99740352105376,2.28733730479737
"sensitivity_dense_wide",100,20,"n=100, p=20","ar1_rho_0.9","quantile_8","f1_lasso",100,0.436,0.159240622196649,0.0159240622196649,0.404788838049457,0.467211161950543
"sensitivity_dense_wide",100,20,"n=100, p=20","ar1_rho_0.9","quantile_8","f1_lar",100,0.436,0.159240622196649,0.0159240622196649,0.404788838049457,0.467211161950543
"sensitivity_dense_wide",100,20,"n=100, p=20","ar1_rho_0.9","quantile_8","f1_glmnet",100,0.441909090909091,0.153343758832846,0.0153343758832846,0.411853714177853,0.471964467640329
"sensitivity_dense_wide",100,20,"n=100, p=20","ar1_rho_0.9","quantile_8","rmse_lasso",100,2.13171810801617,0.736761712682819,0.0736761712682819,1.98731281233033,2.276123403702
"sensitivity_dense_wide",100,20,"n=100, p=20","ar1_rho_0.9","quantile_8","rmse_lar",100,2.13262009634509,0.73564243548627,0.073564243548627,1.98843417898978,2.2768060137004
"sensitivity_dense_wide",100,20,"n=100, p=20","ar1_rho_0.9","quantile_8","rmse_glmnet",100,2.16277303441544,0.747240994712259,0.0747240994712259,2.01631379945184,2.30923226937905
"sensitivity_dense_wide",100,20,"n=100, p=20","ar1_rho_0.9","quantile_8","elapsed_seconds",100,0.420399999999954,0.0832656694992707,0.00832656694992707,0.404079928778097,0.436720071221811
"sensitivity_dense_wide",100,20,"n=100, p=20","ar1_rho_0.9","equal_width_4","mean_entry_tau",100,0.989280611803872,0.0126530138514749,0.00126530138514749,0.986800621088982,0.991760602518761
"sensitivity_dense_wide",100,20,"n=100, p=20","ar1_rho_0.9","equal_width_4","mean_jaccard_s",100,0.986666666666667,0.0395762565788959,0.00395762565788959,0.978909720377203,0.99442361295613
"sensitivity_dense_wide",100,20,"n=100, p=20","ar1_rho_0.9","equal_width_4","mean_jaccard_2s",100,0.980808080808081,0.0461548608973023,0.00461548608973023,0.97176172807221,0.989854433543952
"sensitivity_dense_wide",100,20,"n=100, p=20","ar1_rho_0.9","equal_width_4","mean_support_f1",100,0.421878787878788,0.175170578618834,0.0175170578618834,0.387545354469496,0.456212221288079
"sensitivity_dense_wide",100,20,"n=100, p=20","ar1_rho_0.9","equal_width_4","mean_rmse",100,2.11395264586035,0.70550900939947,0.070550900939947,1.97567288001805,2.25223241170264
"sensitivity_dense_wide",100,20,"n=100, p=20","ar1_rho_0.9","equal_width_4","f1_lasso",100,0.422,0.174992063312089,0.0174992063312089,0.387701555590831,0.45629844440917
"sensitivity_dense_wide",100,20,"n=100, p=20","ar1_rho_0.9","equal_width_4","f1_lar",100,0.422,0.174992063312089,0.0174992063312089,0.387701555590831,0.45629844440917
"sensitivity_dense_wide",100,20,"n=100, p=20","ar1_rho_0.9","equal_width_4","f1_glmnet",100,0.421636363636364,0.176500661508149,0.0176500661508149,0.387042233980767,0.456230493291961
"sensitivity_dense_wide",100,20,"n=100, p=20","ar1_rho_0.9","equal_width_4","rmse_lasso",100,2.10225057157043,0.696905151154371,0.0696905151154371,1.96565716194418,2.23884398119669
"sensitivity_dense_wide",100,20,"n=100, p=20","ar1_rho_0.9","equal_width_4","rmse_lar",100,2.10205408015812,0.697066320842891,0.0697066320842891,1.96542908127291,2.23867907904332
"sensitivity_dense_wide",100,20,"n=100, p=20","ar1_rho_0.9","equal_width_4","rmse_glmnet",100,2.13755328585249,0.723967007818933,0.0723967007818933,1.99565575231998,2.279450819385
"sensitivity_dense_wide",100,20,"n=100, p=20","ar1_rho_0.9","equal_width_4","elapsed_seconds",100,0.300100000000002,0.0992038509354448,0.00992038509354448,0.280656045216655,0.319543954783349
"sensitivity_dense_wide",100,20,"n=100, p=20","block","original","mean_entry_tau",100,0.995941401970586,0.0129603726603999,0.00129603726603999,0.993401168929148,0.998481635012025
"sensitivity_dense_wide",100,20,"n=100, p=20","block","original","mean_jaccard_s",100,0.993650793650794,0.0327716327020603,0.00327716327020603,0.98722755364119,1.0000740336604
"sensitivity_dense_wide",100,20,"n=100, p=20","block","original","mean_jaccard_2s",100,0.971388888888889,0.0537500232037032,0.00537500232037032,0.960853884340963,0.981923893436815
"sensitivity_dense_wide",100,20,"n=100, p=20","block","original","mean_support_f1",100,0.708343434343434,0.169014826295781,0.0169014826295781,0.675216528389461,0.741470340297407
"sensitivity_dense_wide",100,20,"n=100, p=20","block","original","mean_rmse",100,1.73217341630434,0.658068712001313,0.0658068712001313,1.60319194875209,1.8611548838566
"sensitivity_dense_wide",100,20,"n=100, p=20","block","original","f1_lasso",100,0.708,0.16918103387266,0.016918103387266,0.674840517360959,0.741159482639042
"sensitivity_dense_wide",100,20,"n=100, p=20","block","original","f1_lar",100,0.708,0.16918103387266,0.016918103387266,0.674840517360959,0.741159482639042
"sensitivity_dense_wide",100,20,"n=100, p=20","block","original","f1_glmnet",100,0.709030303030303,0.169593074584238,0.0169593074584238,0.675790060411792,0.742270545648814
"sensitivity_dense_wide",100,20,"n=100, p=20","block","original","rmse_lasso",100,1.68940793968789,0.646896522630941,0.0646896522630941,1.56261622125223,1.81619965812356
"sensitivity_dense_wide",100,20,"n=100, p=20","block","original","rmse_lar",100,1.69035510000382,0.646012750749455,0.0646012750749455,1.56373660085693,1.81697359915072
"sensitivity_dense_wide",100,20,"n=100, p=20","block","original","rmse_glmnet",100,1.81675720922132,0.690276095609715,0.0690276095609715,1.68146309448181,1.95205132396082
"sensitivity_dense_wide",100,20,"n=100, p=20","block","original","elapsed_seconds",100,0.028700000000008,0.0092828722481024,0.00092828722481024,0.0268805570393799,0.0305194429606361
"sensitivity_dense_wide",100,20,"n=100, p=20","block","quantile_2","mean_entry_tau",100,0.992748333334688,0.0169757903881247,0.00169757903881247,0.989421078418615,0.99607558825076
"sensitivity_dense_wide",100,20,"n=100, p=20","block","quantile_2","mean_jaccard_s",100,0.996666666666667,0.0190496231108628,0.00190496231108628,0.992932940536938,1.0004003927964
"sensitivity_dense_wide",100,20,"n=100, p=20","block","quantile_2","mean_jaccard_2s",100,0.977426184926185,0.0531880788567658,0.00531880788567658,0.967001321470259,0.987851048382111
"sensitivity_dense_wide",100,20,"n=100, p=20","block","quantile_2","mean_support_f1",100,0.612121212121212,0.149373290779612,0.0149373290779612,0.582844047128408,0.641398377114016
"sensitivity_dense_wide",100,20,"n=100, p=20","block","quantile_2","mean_rmse",100,1.98479537160035,0.776207288430465,0.0776207288430465,1.83265874306798,2.13693200013272
"sensitivity_dense_wide",100,20,"n=100, p=20","block","quantile_2","f1_lasso",100,0.612,0.149936013288363,0.0149936013288363,0.582612541395481,0.641387458604519
"sensitivity_dense_wide",100,20,"n=100, p=20","block","quantile_2","f1_lar",100,0.612,0.149936013288363,0.0149936013288363,0.582612541395481,0.641387458604519
"sensitivity_dense_wide",100,20,"n=100, p=20","block","quantile_2","f1_glmnet",100,0.612363636363636,0.148855555686722,0.0148855555686722,0.583187947449039,0.641539325278234
"sensitivity_dense_wide",100,20,"n=100, p=20","block","quantile_2","rmse_lasso",100,1.96211353713957,0.765309343762756,0.0765309343762756,1.81211290576207,2.11211416851707
"sensitivity_dense_wide",100,20,"n=100, p=20","block","quantile_2","rmse_lar",100,1.96211353713957,0.765309343762756,0.0765309343762756,1.81211290576207,2.11211416851707
"sensitivity_dense_wide",100,20,"n=100, p=20","block","quantile_2","rmse_glmnet",100,2.03015904052192,0.800334700208672,0.0800334700208672,1.87329343928102,2.18702464176282
"sensitivity_dense_wide",100,20,"n=100, p=20","block","quantile_2","elapsed_seconds",100,0.066100000000024,0.0214567923837632,0.00214567923837632,0.0618944686928064,0.0703055313072416
"sensitivity_dense_wide",100,20,"n=100, p=20","block","quantile_4","mean_entry_tau",100,0.993236995233432,0.00805759223649841,0.000805759223649841,0.991657707155078,0.994816283311785
"sensitivity_dense_wide",100,20,"n=100, p=20","block","quantile_4","mean_jaccard_s",100,0.988095238095238,0.0366831856244911,0.00366831856244911,0.980905333712838,0.995285142477638
"sensitivity_dense_wide",100,20,"n=100, p=20","block","quantile_4","mean_jaccard_2s",100,0.983914141414141,0.0424921703548558,0.00424921703548558,0.97558567602459,0.992242606803693
"sensitivity_dense_wide",100,20,"n=100, p=20","block","quantile_4","mean_support_f1",100,0.50069696969697,0.158655652495779,0.0158655652495779,0.469600461807797,0.531793477586142
"sensitivity_dense_wide",100,20,"n=100, p=20","block","quantile_4","mean_rmse",100,2.12927621117966,0.780289329060865,0.0780289329060865,1.97633950268373,2.28221291967559
"sensitivity_dense_wide",100,20,"n=100, p=20","block","quantile_4","f1_lasso",100,0.5,0.159544807043493,0.0159544807043493,0.468729217819475,0.531270782180525
"sensitivity_dense_wide",100,20,"n=100, p=20","block","quantile_4","f1_lar",100,0.5,0.159544807043493,0.0159544807043493,0.468729217819475,0.531270782180525
"sensitivity_dense_wide",100,20,"n=100, p=20","block","quantile_4","f1_glmnet",100,0.502090909090909,0.159046195999176,0.0159046195999176,0.470917854675071,0.533263963506748
"sensitivity_dense_wide",100,20,"n=100, p=20","block","quantile_4","rmse_lasso",100,2.10986141621262,0.77458616592546,0.077458616592546,1.95804252769123,2.26168030473401
"sensitivity_dense_wide",100,20,"n=100, p=20","block","quantile_4","rmse_lar",100,2.10986141621262,0.77458616592546,0.077458616592546,1.95804252769123,2.26168030473401
"sensitivity_dense_wide",100,20,"n=100, p=20","block","quantile_4","rmse_glmnet",100,2.16810580111374,0.794225745965987,0.0794225745965987,2.0124375549044,2.32377404732307
"sensitivity_dense_wide",100,20,"n=100, p=20","block","quantile_4","elapsed_seconds",100,0.216200000000044,0.0557552371051499,0.00557552371051499,0.205271973527435,0.227128026472654
"sensitivity_dense_wide",100,20,"n=100, p=20","block","quantile_8","mean_entry_tau",100,0.994092464690668,0.00674235683645196,0.000674235683645196,0.992770962750723,0.995413966630612
"sensitivity_dense_wide",100,20,"n=100, p=20","block","quantile_8","mean_jaccard_s",100,0.99,0.0356473282515359,0.00356473282515359,0.983013123662699,0.996986876337301
"sensitivity_dense_wide",100,20,"n=100, p=20","block","quantile_8","mean_jaccard_2s",100,0.988661616161616,0.0345248375802062,0.00345248375802062,0.981894747995896,0.995428484327337
"sensitivity_dense_wide",100,20,"n=100, p=20","block","quantile_8","mean_support_f1",100,0.441757575757576,0.131382040265082,0.0131382040265082,0.41600669586562,0.467508455649532
"sensitivity_dense_wide",100,20,"n=100, p=20","block","quantile_8","mean_rmse",100,2.35989356966843,0.806281159425353,0.0806281159425353,2.20186246242106,2.51792467691579
"sensitivity_dense_wide",100,20,"n=100, p=20","block","quantile_8","f1_lasso",100,0.442,0.13117957466039,0.013117957466039,0.416288803366564,0.467711196633436
"sensitivity_dense_wide",100,20,"n=100, p=20","block","quantile_8","f1_lar",100,0.442,0.13117957466039,0.013117957466039,0.416288803366564,0.467711196633436
"sensitivity_dense_wide",100,20,"n=100, p=20","block","quantile_8","f1_glmnet",100,0.441272727272727,0.132525854441062,0.0132525854441062,0.415297659802279,0.467247794743175
"sensitivity_dense_wide",100,20,"n=100, p=20","block","quantile_8","rmse_lasso",100,2.34430552550105,0.799204739145693,0.0799204739145693,2.18766139662849,2.50094965437361
"sensitivity_dense_wide",100,20,"n=100, p=20","block","quantile_8","rmse_lar",100,2.34462984803776,0.798877502112378,0.0798877502112378,2.18804985762373,2.50120983845179
"sensitivity_dense_wide",100,20,"n=100, p=20","block","quantile_8","rmse_glmnet",100,2.39074533546647,0.822255096113247,0.0822255096113247,2.22958333662827,2.55190733430466
"sensitivity_dense_wide",100,20,"n=100, p=20","block","quantile_8","elapsed_seconds",100,0.404399999999914,0.111756589754481,0.0111756589754481,0.382495708408036,0.426304291591792
"sensitivity_dense_wide",100,20,"n=100, p=20","block","equal_width_4","mean_entry_tau",100,0.988169017299992,0.0122355965247475,0.00122355965247475,0.985770840381142,0.990567194218843
"sensitivity_dense_wide",100,20,"n=100, p=20","block","equal_width_4","mean_jaccard_s",100,0.993333333333333,0.0265203618417713,0.00265203618417713,0.988135342412346,0.99853132425432
"sensitivity_dense_wide",100,20,"n=100, p=20","block","equal_width_4","mean_jaccard_2s",100,0.964166666666667,0.0639143309320121,0.00639143309320121,0.951639457803992,0.976693875529341
"sensitivity_dense_wide",100,20,"n=100, p=20","block","equal_width_4","mean_support_f1",100,0.423151515151515,0.129018245866114,0.0129018245866114,0.397863938961757,0.448439091341273
"sensitivity_dense_wide",100,20,"n=100, p=20","block","equal_width_4","mean_rmse",100,2.33330185564,0.811119120105013,0.0811119120105013,2.17432250809941,2.49228120318058
"sensitivity_dense_wide",100,20,"n=100, p=20","block","equal_width_4","f1_lasso",100,0.422,0.129941711874396,0.0129941711874396,0.396531424472618,0.447468575527382
"sensitivity_dense_wide",100,20,"n=100, p=20","block","equal_width_4","f1_lar",100,0.422,0.129941711874396,0.0129941711874396,0.396531424472618,0.447468575527382
"sensitivity_dense_wide",100,20,"n=100, p=20","block","equal_width_4","f1_glmnet",100,0.425454545454545,0.129057407155749,0.0129057407155749,0.400159293652019,0.450749797257072
"sensitivity_dense_wide",100,20,"n=100, p=20","block","equal_width_4","rmse_lasso",100,2.31676335424265,0.803562890441397,0.0803562890441397,2.15926502771614,2.47426168076916
"sensitivity_dense_wide",100,20,"n=100, p=20","block","equal_width_4","rmse_lar",100,2.31676335424265,0.803562890441397,0.0803562890441397,2.15926502771614,2.47426168076916
"sensitivity_dense_wide",100,20,"n=100, p=20","block","equal_width_4","rmse_glmnet",100,2.36637885843469,0.828011677207745,0.0828011677207745,2.20408856970197,2.5286691471674
"sensitivity_dense_wide",100,20,"n=100, p=20","block","equal_width_4","elapsed_seconds",100,0.238499999999985,0.0690099539006509,0.00690099539006509,0.224974049035458,0.252025950964513
"sensitivity_dense_wide",100,100,"n=100, p=100","independent","original","mean_entry_tau",100,0.958517430701377,0.018354212202456,0.0018354212202456,0.954920005109695,0.962114856293058
"sensitivity_dense_wide",100,100,"n=100, p=100","independent","original","mean_jaccard_s",100,0.996363636363636,0.0144656519136935,0.00144656519136935,0.993528368588552,0.99919890413872
"sensitivity_dense_wide",100,100,"n=100, p=100","independent","original","mean_jaccard_2s",100,0.993391053391053,0.0162549180945031,0.00162549180945031,0.990205089444531,0.996577017337576
"sensitivity_dense_wide",100,100,"n=100, p=100","independent","original","mean_support_f1",100,0.801857142857143,0.0934106799188916,0.00934106799188916,0.78354864959304,0.820165636121246
"sensitivity_dense_wide",100,100,"n=100, p=100","independent","original","mean_rmse",100,2.79137910867123,0.378324508419425,0.0378324508419425,2.71722750502102,2.86553071232144
"sensitivity_dense_wide",100,100,"n=100, p=100","independent","original","f1_lasso",100,0.802,0.0931816949986868,0.00931816949986868,0.783736387780257,0.820263612219743
"sensitivity_dense_wide",100,100,"n=100, p=100","independent","original","f1_lar",100,0.802,0.0931816949986868,0.00931816949986868,0.783736387780257,0.820263612219743
"sensitivity_dense_wide",100,100,"n=100, p=100","independent","original","f1_glmnet",100,0.801571428571429,0.094290754938843,0.0094290754938843,0.783090440603415,0.820052416539442
"sensitivity_dense_wide",100,100,"n=100, p=100","independent","original","rmse_lasso",100,2.76492819098449,0.377746738395737,0.0377746738395737,2.69088983025893,2.83896655171006
"sensitivity_dense_wide",100,100,"n=100, p=100","independent","original","rmse_lar",100,2.76492819098449,0.377746738395737,0.0377746738395737,2.69088983025893,2.83896655171006
"sensitivity_dense_wide",100,100,"n=100, p=100","independent","original","rmse_glmnet",100,2.8442809440447,0.384743013687213,0.0384743013687213,2.76887131336201,2.9196905747274
"sensitivity_dense_wide",100,100,"n=100, p=100","independent","original","elapsed_seconds",100,0.434900000000125,0.140421407617335,0.0140421407617335,0.407377404107127,0.462422595893123
"sensitivity_dense_wide",100,100,"n=100, p=100","independent","quantile_2","mean_entry_tau",100,0.944580818241007,0.0180089174498368,0.00180089174498368,0.941051070420839,0.948110566061175
"sensitivity_dense_wide",100,100,"n=100, p=100","independent","quantile_2","mean_jaccard_s",100,0.99040404040404,0.0234759191268552,0.00234759191268552,0.985802760255177,0.995005320552904
"sensitivity_dense_wide",100,100,"n=100, p=100","independent","quantile_2","mean_jaccard_2s",100,0.992409812409812,0.0168613825012113,0.00168613825012113,0.989104981439575,0.99571464338005
"sensitivity_dense_wide",100,100,"n=100, p=100","independent","quantile_2","mean_support_f1",100,0.725376623376623,0.0921875995185845,0.00921875995185845,0.707307853870981,0.743445392882266
"sensitivity_dense_wide",100,100,"n=100, p=100","independent","quantile_2","mean_rmse",100,3.10842738365451,0.385227855762562,0.0385227855762562,3.03292272392505,3.18393204338397
"sensitivity_dense_wide",100,100,"n=100, p=100","independent","quantile_2","f1_lasso",100,0.724,0.0933333333333334,0.00933333333333334,0.705706666666667,0.742293333333333
"sensitivity_dense_wide",100,100,"n=100, p=100","independent","quantile_2","f1_lar",100,0.724,0.0933333333333334,0.00933333333333334,0.705706666666667,0.742293333333333
"sensitivity_dense_wide",100,100,"n=100, p=100","independent","quantile_2","f1_glmnet",100,0.72812987012987,0.0913945625599258,0.00913945625599258,0.710216535868125,0.746043204391616
"sensitivity_dense_wide",100,100,"n=100, p=100","independent","quantile_2","rmse_lasso",100,3.09698782083461,0.385959838546406,0.0385959838546406,3.02133969247951,3.1726359491897
"sensitivity_dense_wide",100,100,"n=100, p=100","independent","quantile_2","rmse_lar",100,3.09698782083461,0.385959838546406,0.0385959838546406,3.02133969247951,3.1726359491897
"sensitivity_dense_wide",100,100,"n=100, p=100","independent","quantile_2","rmse_glmnet",100,3.13130650929432,0.385425826168354,0.0385425826168354,3.05576304736532,3.20684997122331
"sensitivity_dense_wide",100,100,"n=100, p=100","independent","quantile_2","elapsed_seconds",100,0.322700000000077,0.0976062487650209,0.00976062487650209,0.303569175242133,0.341830824758021
"sensitivity_dense_wide",100,100,"n=100, p=100","independent","quantile_4","mean_entry_tau",100,0.946137893902633,0.0165379451477033,0.00165379451477032,0.942896456653683,0.949379331151582
"sensitivity_dense_wide",100,100,"n=100, p=100","independent","quantile_4","mean_jaccard_s",100,0.991111111111111,0.0240357822189559,0.00240357822189559,0.986400097796196,0.995822124426026
"sensitivity_dense_wide",100,100,"n=100, p=100","independent","quantile_4","mean_jaccard_2s",100,0.990930735930736,0.0194109592798427,0.00194109592798427,0.987126187911887,0.994735283949585
"sensitivity_dense_wide",100,100,"n=100, p=100","independent","quantile_4","mean_support_f1",100,0.575655122655123,0.101208501673954,0.0101208501673954,0.555818256327028,0.595491988983218
"sensitivity_dense_wide",100,100,"n=100, p=100","independent","quantile_4","mean_rmse",100,3.37915054994865,0.379921064262305,0.0379921064262305,3.30468602135324,3.45361507854407
"sensitivity_dense_wide",100,100,"n=100, p=100","independent","quantile_4","f1_lasso",100,0.575,0.101876336206147,0.0101876336206147,0.555032238103595,0.594967761896405
"sensitivity_dense_wide",100,100,"n=100, p=100","independent","quantile_4","f1_lar",100,0.575,0.101876336206147,0.0101876336206147,0.555032238103595,0.594967761896405
"sensitivity_dense_wide",100,100,"n=100, p=100","independent","quantile_4","f1_glmnet",100,0.576965367965368,0.101192677988899,0.0101192677988899,0.557131603079544,0.596799132851192
"sensitivity_dense_wide",100,100,"n=100, p=100","independent","quantile_4","rmse_lasso",100,3.37311033249405,0.380852414352289,0.0380852414352289,3.298463259281,3.4477574057071
"sensitivity_dense_wide",100,100,"n=100, p=100","independent","quantile_4","rmse_lar",100,3.37311033249405,0.380852414352289,0.0380852414352289,3.298463259281,3.4477574057071
"sensitivity_dense_wide",100,100,"n=100, p=100","independent","quantile_4","rmse_glmnet",100,3.39123098485787,0.378729027077929,0.0378729027077929,3.31700009555059,3.46546187416514
"sensitivity_dense_wide",100,100,"n=100, p=100","independent","quantile_4","elapsed_seconds",100,0.366400000000322,0.110458365482338,0.0110458365482338,0.344750160365783,0.38804983963486
"sensitivity_dense_wide",100,100,"n=100, p=100","independent","quantile_8","mean_entry_tau",100,0.952341958511178,0.0154117685449203,0.00154117685449203,0.949321251876374,0.955362665145982
"sensitivity_dense_wide",100,100,"n=100, p=100","independent","quantile_8","mean_jaccard_s",100,0.982400932400932,0.03285535245058,0.003285535245058,0.975961283320619,0.988840581481246
"sensitivity_dense_wide",100,100,"n=100, p=100","independent","quantile_8","mean_jaccard_2s",100,0.992121212121212,0.0156728877228518,0.00156728877228518,0.989049326127533,0.995193098114891
"sensitivity_dense_wide",100,100,"n=100, p=100","independent","quantile_8","mean_support_f1",100,0.42524945103206,0.11455753633625,0.011455753633625,0.402796173910155,0.447702728153965
"sensitivity_dense_wide",100,100,"n=100, p=100","independent","quantile_8","mean_rmse",100,3.63052006220283,0.379459847916851,0.0379459847916851,3.55614593201113,3.70489419239453
"sensitivity_dense_wide",100,100,"n=100, p=100","independent","quantile_8","f1_lasso",100,0.424,0.114697670227235,0.0114697670227235,0.401519256635462,0.446480743364538
"sensitivity_dense_wide",100,100,"n=100, p=100","independent","quantile_8","f1_lar",100,0.424,0.114697670227235,0.0114697670227235,0.401519256635462,0.446480743364538
"sensitivity_dense_wide",100,100,"n=100, p=100","independent","quantile_8","f1_glmnet",100,0.427748353096179,0.116243550295797,0.0116243550295797,0.404964617238203,0.450532088954155
"sensitivity_dense_wide",100,100,"n=100, p=100","independent","quantile_8","rmse_lasso",100,3.62916835991749,0.379517423343165,0.0379517423343165,3.55478294494223,3.70355377489275
"sensitivity_dense_wide",100,100,"n=100, p=100","independent","quantile_8","rmse_lar",100,3.62916835991749,0.379517423343165,0.0379517423343165,3.55478294494223,3.70355377489275
"sensitivity_dense_wide",100,100,"n=100, p=100","independent","quantile_8","rmse_glmnet",100,3.63322346677351,0.379412660422493,0.0379412660422493,3.5588585853307,3.70758834821632
"sensitivity_dense_wide",100,100,"n=100, p=100","independent","quantile_8","elapsed_seconds",100,0.508999999999905,0.120591974203858,0.0120591974203858,0.485363973055949,0.532636026943861
"sensitivity_dense_wide",100,100,"n=100, p=100","independent","equal_width_4","mean_entry_tau",100,0.945870595813181,0.0170212746433445,0.00170212746433445,0.942534425983085,0.949206765643276
"sensitivity_dense_wide",100,100,"n=100, p=100","independent","equal_width_4","mean_jaccard_s",100,0.987373737373737,0.0258574619054786,0.00258574619054786,0.982305674840264,0.992441799907211
"sensitivity_dense_wide",100,100,"n=100, p=100","independent","equal_width_4","mean_jaccard_2s",100,0.98692389735868,0.0244536888487375,0.00244536888487375,0.982130974344327,0.991716820373032
"sensitivity_dense_wide",100,100,"n=100, p=100","independent","equal_width_4","mean_support_f1",100,0.541594516594517,0.119093157196661,0.0119093157196661,0.518252257783971,0.564936775405062
"sensitivity_dense_wide",100,100,"n=100, p=100","independent","equal_width_4","mean_rmse",100,3.53354281326849,0.378573989994334,0.0378573989994334,3.4593423112296,3.60774331530738
"sensitivity_dense_wide",100,100,"n=100, p=100","independent","equal_width_4","f1_lasso",100,0.541,0.119844174921547,0.0119844174921547,0.517510541715377,0.564489458284623
"sensitivity_dense_wide",100,100,"n=100, p=100","independent","equal_width_4","f1_lar",100,0.541,0.119844174921547,0.0119844174921547,0.517510541715377,0.564489458284623
"sensitivity_dense_wide",100,100,"n=100, p=100","independent","equal_width_4","f1_glmnet",100,0.54278354978355,0.118785579814718,0.0118785579814718,0.519501576139865,0.566065523427234
"sensitivity_dense_wide",100,100,"n=100, p=100","independent","equal_width_4","rmse_lasso",100,3.5303266593019,0.377972046482588,0.0377972046482588,3.45624413819132,3.60440918041249
"sensitivity_dense_wide",100,100,"n=100, p=100","independent","equal_width_4","rmse_lar",100,3.5303266593019,0.377972046482588,0.0377972046482588,3.45624413819132,3.60440918041249
"sensitivity_dense_wide",100,100,"n=100, p=100","independent","equal_width_4","rmse_glmnet",100,3.53997512120167,0.379940720880007,0.0379940720880007,3.46550673990919,3.61444350249415
"sensitivity_dense_wide",100,100,"n=100, p=100","independent","equal_width_4","elapsed_seconds",100,0.367599999999766,0.0894327804681062,0.00894327804681062,0.350071175028017,0.385128824971515
"sensitivity_dense_wide",100,100,"n=100, p=100","ar1_rho_0.5","original","mean_entry_tau",100,0.94497891799837,0.0237369109421412,0.00237369109421412,0.94032648345371,0.949631352543029
"sensitivity_dense_wide",100,100,"n=100, p=100","ar1_rho_0.5","original","mean_jaccard_s",100,0.993434343434343,0.0221197235453552,0.00221197235453552,0.989098877619454,0.997769809249233
"sensitivity_dense_wide",100,100,"n=100, p=100","ar1_rho_0.5","original","mean_jaccard_2s",100,0.986089466089466,0.0254699303086718,0.00254699303086718,0.981097359748967,0.991081572429966
"sensitivity_dense_wide",100,100,"n=100, p=100","ar1_rho_0.5","original","mean_support_f1",100,0.732565656565657,0.101688713829492,0.0101688713829492,0.712634668655076,0.752496644476237
"sensitivity_dense_wide",100,100,"n=100, p=100","ar1_rho_0.5","original","mean_rmse",100,2.84927150068461,0.354349677603888,0.0354349677603888,2.77981896387424,2.91872403749497
"sensitivity_dense_wide",100,100,"n=100, p=100","ar1_rho_0.5","original","f1_lasso",100,0.732,0.102375817851718,0.0102375817851718,0.711934339701063,0.752065660298937
"sensitivity_dense_wide",100,100,"n=100, p=100","ar1_rho_0.5","original","f1_lar",100,0.732,0.102375817851718,0.0102375817851718,0.711934339701063,0.752065660298937
"sensitivity_dense_wide",100,100,"n=100, p=100","ar1_rho_0.5","original","f1_glmnet",100,0.73369696969697,0.100999488207677,0.0100999488207677,0.713901070008265,0.753492869385674
"sensitivity_dense_wide",100,100,"n=100, p=100","ar1_rho_0.5","original","rmse_lasso",100,2.82485237113212,0.353558207906317,0.0353558207906317,2.75555496238249,2.89414977988176
"sensitivity_dense_wide",100,100,"n=100, p=100","ar1_rho_0.5","original","rmse_lar",100,2.82511719746572,0.35371464493499,0.0353714644934991,2.75578912705846,2.89444526787298
"sensitivity_dense_wide",100,100,"n=100, p=100","ar1_rho_0.5","original","rmse_glmnet",100,2.89784493345597,0.361554268818215,0.0361554268818215,2.8269802967676,2.96870957014434
"sensitivity_dense_wide",100,100,"n=100, p=100","ar1_rho_0.5","original","elapsed_seconds",100,0.483199999999888,0.139782515054991,0.0139782515054991,0.45580262704911,0.510597372950666
"sensitivity_dense_wide",100,100,"n=100, p=100","ar1_rho_0.5","quantile_2","mean_entry_tau",100,0.933352745218368,0.0273515297259489,0.00273515297259489,0.927991845392082,0.938713645044654
"sensitivity_dense_wide",100,100,"n=100, p=100","ar1_rho_0.5","quantile_2","mean_jaccard_s",100,0.993434343434343,0.0203734689920421,0.00203734689920421,0.989441143511903,0.997427543356784
"sensitivity_dense_wide",100,100,"n=100, p=100","ar1_rho_0.5","quantile_2","mean_jaccard_2s",100,0.989256854256854,0.0225130683290704,0.00225130683290704,0.984844292864356,0.993669415649352
"sensitivity_dense_wide",100,100,"n=100, p=100","ar1_rho_0.5","quantile_2","mean_support_f1",100,0.656471861471861,0.0949735936947765,0.00949735936947765,0.637857037107685,0.675086685836038
"sensitivity_dense_wide",100,100,"n=100, p=100","ar1_rho_0.5","quantile_2","mean_rmse",100,3.13935122612949,0.351713938829255,0.0351713938829255,3.07041529411896,3.20828715814003
"sensitivity_dense_wide",100,100,"n=100, p=100","ar1_rho_0.5","quantile_2","f1_lasso",100,0.655,0.0957427107756338,0.00957427107756339,0.636234428687976,0.673765571312024
"sensitivity_dense_wide",100,100,"n=100, p=100","ar1_rho_0.5","quantile_2","f1_lar",100,0.655,0.0957427107756338,0.00957427107756339,0.636234428687976,0.673765571312024
"sensitivity_dense_wide",100,100,"n=100, p=100","ar1_rho_0.5","quantile_2","f1_glmnet",100,0.659415584415584,0.0949745193934255,0.00949745193934255,0.640800578614473,0.678030590216696
"sensitivity_dense_wide",100,100,"n=100, p=100","ar1_rho_0.5","quantile_2","rmse_lasso",100,3.12884429275478,0.349620170779571,0.0349620170779571,3.06031873928198,3.19736984622757
"sensitivity_dense_wide",100,100,"n=100, p=100","ar1_rho_0.5","quantile_2","rmse_lar",100,3.12884429275478,0.349620170779571,0.0349620170779571,3.06031873928198,3.19736984622757
"sensitivity_dense_wide",100,100,"n=100, p=100","ar1_rho_0.5","quantile_2","rmse_glmnet",100,3.16036509287892,0.357310926374819,0.0357310926374819,3.09033215130946,3.23039803444839
"sensitivity_dense_wide",100,100,"n=100, p=100","ar1_rho_0.5","quantile_2","elapsed_seconds",100,0.334999999999964,0.0789002694878776,0.00789002694878776,0.31953554718034,0.350464452819588
"sensitivity_dense_wide",100,100,"n=100, p=100","ar1_rho_0.5","quantile_4","mean_entry_tau",100,0.944026064285947,0.0170443554134965,0.00170443554134965,0.940685370624902,0.947366757946992
"sensitivity_dense_wide",100,100,"n=100, p=100","ar1_rho_0.5","quantile_4","mean_jaccard_s",100,0.984545454545455,0.0295786285051097,0.00295786285051097,0.978748043358453,0.990342865732456
"sensitivity_dense_wide",100,100,"n=100, p=100","ar1_rho_0.5","quantile_4","mean_jaccard_2s",100,0.989632034632035,0.0208888508665893,0.00208888508665893,0.985537819862183,0.993726249401886
"sensitivity_dense_wide",100,100,"n=100, p=100","ar1_rho_0.5","quantile_4","mean_support_f1",100,0.525692640692641,0.108408068755271,0.0108408068755271,0.504444659216607,0.546940622168674
"sensitivity_dense_wide",100,100,"n=100, p=100","ar1_rho_0.5","quantile_4","mean_rmse",100,3.39269918138736,0.342235812460573,0.0342235812460573,3.32562096214509,3.45977740062963
"sensitivity_dense_wide",100,100,"n=100, p=100","ar1_rho_0.5","quantile_4","f1_lasso",100,0.525,0.109521456778795,0.0109521456778795,0.503533794471356,0.546466205528644
"sensitivity_dense_wide",100,100,"n=100, p=100","ar1_rho_0.5","quantile_4","f1_lar",100,0.525,0.109521456778795,0.0109521456778795,0.503533794471356,0.546466205528644
"sensitivity_dense_wide",100,100,"n=100, p=100","ar1_rho_0.5","quantile_4","f1_glmnet",100,0.527077922077922,0.107908468098706,0.0107908468098706,0.505927862330576,0.548227981825268
"sensitivity_dense_wide",100,100,"n=100, p=100","ar1_rho_0.5","quantile_4","rmse_lasso",100,3.38677292659943,0.340835555972225,0.0340835555972225,3.31996915762887,3.45357669556998
"sensitivity_dense_wide",100,100,"n=100, p=100","ar1_rho_0.5","quantile_4","rmse_lar",100,3.38677292659943,0.340835555972225,0.0340835555972225,3.31996915762887,3.45357669556998
"sensitivity_dense_wide",100,100,"n=100, p=100","ar1_rho_0.5","quantile_4","rmse_glmnet",100,3.40455169096323,0.345682838403344,0.0345682838403344,3.33679785463618,3.47230552729029
"sensitivity_dense_wide",100,100,"n=100, p=100","ar1_rho_0.5","quantile_4","elapsed_seconds",100,0.371199999999953,0.0900087537829416,0.00900087537829416,0.353558284258497,0.38884171574141
"sensitivity_dense_wide",100,100,"n=100, p=100","ar1_rho_0.5","quantile_8","mean_entry_tau",100,0.952274782637353,0.0151482644602541,0.00151482644602541,0.949305722803144,0.955243842471563
"sensitivity_dense_wide",100,100,"n=100, p=100","ar1_rho_0.5","quantile_8","mean_jaccard_s",100,0.987474747474748,0.0268639991983019,0.00268639991983019,0.98220940363188,0.992740091317615
"sensitivity_dense_wide",100,100,"n=100, p=100","ar1_rho_0.5","quantile_8","mean_jaccard_2s",100,0.988740824392998,0.0208875794504377,0.00208875794504377,0.984646858820712,0.992834789965284
"sensitivity_dense_wide",100,100,"n=100, p=100","ar1_rho_0.5","quantile_8","mean_support_f1",100,0.363282828282828,0.12007820913835,0.012007820913835,0.339747499291712,0.386818157273945
"sensitivity_dense_wide",100,100,"n=100, p=100","ar1_rho_0.5","quantile_8","mean_rmse",100,3.65603002313079,0.33204826370818,0.033204826370818,3.59094856344399,3.7211114828176
"sensitivity_dense_wide",100,100,"n=100, p=100","ar1_rho_0.5","quantile_8","f1_lasso",100,0.363,0.120315242491372,0.0120315242491372,0.339418212471691,0.386581787528309
"sensitivity_dense_wide",100,100,"n=100, p=100","ar1_rho_0.5","quantile_8","f1_lar",100,0.363,0.120315242491372,0.0120315242491372,0.339418212471691,0.386581787528309
"sensitivity_dense_wide",100,100,"n=100, p=100","ar1_rho_0.5","quantile_8","f1_glmnet",100,0.363848484848485,0.120535151204408,0.0120535151204408,0.340223595212421,0.387473374484549
"sensitivity_dense_wide",100,100,"n=100, p=100","ar1_rho_0.5","quantile_8","rmse_lasso",100,3.65422057138619,0.332990700266674,0.0332990700266674,3.58895439413392,3.71948674863846
"sensitivity_dense_wide",100,100,"n=100, p=100","ar1_rho_0.5","quantile_8","rmse_lar",100,3.65422057138619,0.332990700266674,0.0332990700266674,3.58895439413392,3.71948674863846
"sensitivity_dense_wide",100,100,"n=100, p=100","ar1_rho_0.5","quantile_8","rmse_glmnet",100,3.65964892662,0.330285253853986,0.0330285253853986,3.59491301686462,3.72438483637539
"sensitivity_dense_wide",100,100,"n=100, p=100","ar1_rho_0.5","quantile_8","elapsed_seconds",100,0.498400000000147,0.103891162941845,0.0103891162941845,0.478037332063545,0.518762667936749
"sensitivity_dense_wide",100,100,"n=100, p=100","ar1_rho_0.5","equal_width_4","mean_entry_tau",100,0.944183039620161,0.0179296149417617,0.00179296149417617,0.940668835091575,0.947697244148746
"sensitivity_dense_wide",100,100,"n=100, p=100","ar1_rho_0.5","equal_width_4","mean_jaccard_s",100,0.98989898989899,0.0250733362917324,0.00250733362917324,0.98498461598581,0.994813363812169
"sensitivity_dense_wide",100,100,"n=100, p=100","ar1_rho_0.5","equal_width_4","mean_jaccard_2s",100,0.991226551226551,0.0177475252932984,0.00177475252932984,0.987748036269065,0.994705066184038
"sensitivity_dense_wide",100,100,"n=100, p=100","ar1_rho_0.5","equal_width_4","mean_support_f1",100,0.461079365079365,0.105156270472163,0.0105156270472163,0.440468736066821,0.481689994091909
"sensitivity_dense_wide",100,100,"n=100, p=100","ar1_rho_0.5","equal_width_4","mean_rmse",100,3.56121149481888,0.350310806929291,0.0350310806929291,3.49255057666074,3.62987241297702
"sensitivity_dense_wide",100,100,"n=100, p=100","ar1_rho_0.5","equal_width_4","f1_lasso",100,0.461,0.106263442405745,0.0106263442405745,0.440172365288474,0.481827634711526
"sensitivity_dense_wide",100,100,"n=100, p=100","ar1_rho_0.5","equal_width_4","f1_lar",100,0.461,0.106263442405745,0.0106263442405745,0.440172365288474,0.481827634711526
"sensitivity_dense_wide",100,100,"n=100, p=100","ar1_rho_0.5","equal_width_4","f1_glmnet",100,0.461238095238095,0.103883812513568,0.0103883812513568,0.440876867985436,0.481599322490755
"sensitivity_dense_wide",100,100,"n=100, p=100","ar1_rho_0.5","equal_width_4","rmse_lasso",100,3.55852946190634,0.350427027163514,0.0350427027163514,3.48984576458229,3.62721315923039
"sensitivity_dense_wide",100,100,"n=100, p=100","ar1_rho_0.5","equal_width_4","rmse_lar",100,3.55852946190634,0.350427027163514,0.0350427027163514,3.48984576458229,3.62721315923039
"sensitivity_dense_wide",100,100,"n=100, p=100","ar1_rho_0.5","equal_width_4","rmse_glmnet",100,3.56657556064396,0.350223695542392,0.0350223695542392,3.49793171631765,3.63521940497026
"sensitivity_dense_wide",100,100,"n=100, p=100","ar1_rho_0.5","equal_width_4","elapsed_seconds",100,0.380899999999638,0.0901748581948235,0.00901748581948235,0.363225727793452,0.398574272205823
"sensitivity_dense_wide",100,100,"n=100, p=100","ar1_rho_0.9","original","mean_entry_tau",100,0.893346094534296,0.0343208257471624,0.00343208257471624,0.886619212687853,0.90007297638074
"sensitivity_dense_wide",100,100,"n=100, p=100","ar1_rho_0.9","original","mean_jaccard_s",100,0.967954545454545,0.0583101399940734,0.00583101399940734,0.956525758015707,0.979383332893384
"sensitivity_dense_wide",100,100,"n=100, p=100","ar1_rho_0.9","original","mean_jaccard_2s",100,0.902005421390204,0.0772414956341332,0.00772414956341332,0.886866088245914,0.917144754534494
"sensitivity_dense_wide",100,100,"n=100, p=100","ar1_rho_0.9","original","mean_support_f1",100,0.442412698412698,0.116308738618581,0.0116308738618581,0.419616185643457,0.46520921118194
"sensitivity_dense_wide",100,100,"n=100, p=100","ar1_rho_0.9","original","mean_rmse",100,2.67355280028545,0.522022285912528,0.0522022285912528,2.57123643224659,2.7758691683243
"sensitivity_dense_wide",100,100,"n=100, p=100","ar1_rho_0.9","original","f1_lasso",100,0.444,0.115749642755301,0.0115749642755301,0.421313070019961,0.466686929980039
"sensitivity_dense_wide",100,100,"n=100, p=100","ar1_rho_0.9","original","f1_lar",100,0.439,0.119675487140108,0.0119675487140108,0.415543604520539,0.462456395479461
"sensitivity_dense_wide",100,100,"n=100, p=100","ar1_rho_0.9","original","f1_glmnet",100,0.444238095238095,0.116290920477408,0.0116290920477408,0.421445074824523,0.467031115651667
"sensitivity_dense_wide",100,100,"n=100, p=100","ar1_rho_0.9","original","rmse_lasso",100,2.64387897237919,0.518562863795584,0.0518562863795584,2.54224065107526,2.74551729368313
"sensitivity_dense_wide",100,100,"n=100, p=100","ar1_rho_0.9","original","rmse_lar",100,2.65999116346917,0.525565195435926,0.0525565195435926,2.55698038516373,2.76300194177461
"sensitivity_dense_wide",100,100,"n=100, p=100","ar1_rho_0.9","original","rmse_glmnet",100,2.71678826500798,0.527780223428731,0.0527780223428731,2.61334334121595,2.82023318880001
"sensitivity_dense_wide",100,100,"n=100, p=100","ar1_rho_0.9","original","elapsed_seconds",100,0.735400000000118,0.191424326372909,0.0191424326372909,0.697880832031028,0.772919167969208
"sensitivity_dense_wide",100,100,"n=100, p=100","ar1_rho_0.9","quantile_2","mean_entry_tau",100,0.886378360255256,0.030911839347998,0.0030911839347998,0.880319639743048,0.892437080767463
"sensitivity_dense_wide",100,100,"n=100, p=100","ar1_rho_0.9","quantile_2","mean_jaccard_s",100,0.975732323232323,0.0504066164014727,0.00504066164014727,0.965852626417634,0.985612020047012
"sensitivity_dense_wide",100,100,"n=100, p=100","ar1_rho_0.9","quantile_2","mean_jaccard_2s",100,0.93322683355292,0.0611151736011486,0.00611151736011486,0.921248259527095,0.945205407578746
"sensitivity_dense_wide",100,100,"n=100, p=100","ar1_rho_0.9","quantile_2","mean_support_f1",100,0.369163059163059,0.107989150076253,0.0107989150076253,0.347997185748114,0.390328932578005
"sensitivity_dense_wide",100,100,"n=100, p=100","ar1_rho_0.9","quantile_2","mean_rmse",100,2.96344049416389,0.567276136124059,0.0567276136124059,2.85225437148357,3.0746266168442
"sensitivity_dense_wide",100,100,"n=100, p=100","ar1_rho_0.9","quantile_2","f1_lasso",100,0.37,0.107778298447144,0.0107778298447144,0.34887545350436,0.39112454649564
"sensitivity_dense_wide",100,100,"n=100, p=100","ar1_rho_0.9","quantile_2","f1_lar",100,0.367,0.109225926548155,0.0109225926548155,0.345591718396562,0.388408281603438
"sensitivity_dense_wide",100,100,"n=100, p=100","ar1_rho_0.9","quantile_2","f1_glmnet",100,0.370489177489178,0.108371426823335,0.0108371426823335,0.349248377831804,0.391729977146551
"sensitivity_dense_wide",100,100,"n=100, p=100","ar1_rho_0.9","quantile_2","rmse_lasso",100,2.94689892206228,0.560277331547663,0.0560277331547663,2.83708456507894,3.05671327904562
"sensitivity_dense_wide",100,100,"n=100, p=100","ar1_rho_0.9","quantile_2","rmse_lar",100,2.95351036653129,0.564493931306445,0.0564493931306445,2.84286955599523,3.06415117706736
"sensitivity_dense_wide",100,100,"n=100, p=100","ar1_rho_0.9","quantile_2","rmse_glmnet",100,2.98991219389809,0.578744241613293,0.0578744241613293,2.87647832254188,3.10334606525429
"sensitivity_dense_wide",100,100,"n=100, p=100","ar1_rho_0.9","quantile_2","elapsed_seconds",100,0.572599999999911,0.13821093526294,0.013821093526294,0.545510656688375,0.599689343311447
"sensitivity_dense_wide",100,100,"n=100, p=100","ar1_rho_0.9","quantile_4","mean_entry_tau",100,0.910405129974948,0.024965069644326,0.0024965069644326,0.90551197632466,0.915298283625236
"sensitivity_dense_wide",100,100,"n=100, p=100","ar1_rho_0.9","quantile_4","mean_jaccard_s",100,0.988313908313908,0.0377622216130724,0.00377622216130724,0.980912512877746,0.99571530375007
"sensitivity_dense_wide",100,100,"n=100, p=100","ar1_rho_0.9","quantile_4","mean_jaccard_2s",100,0.963989271597967,0.0425079628814591,0.00425079628814591,0.955657710873201,0.972320832322733
"sensitivity_dense_wide",100,100,"n=100, p=100","ar1_rho_0.9","quantile_4","mean_support_f1",100,0.307496392496393,0.105251283397005,0.0105251283397005,0.286867140950579,0.328125644042206
"sensitivity_dense_wide",100,100,"n=100, p=100","ar1_rho_0.9","quantile_4","mean_rmse",100,3.14290371686836,0.566300650867041,0.0566300650867041,3.03190878929842,3.2538986444383
"sensitivity_dense_wide",100,100,"n=100, p=100","ar1_rho_0.9","quantile_4","f1_lasso",100,0.308,0.105102162900982,0.0105102162900982,0.287399976071407,0.328600023928593
"sensitivity_dense_wide",100,100,"n=100, p=100","ar1_rho_0.9","quantile_4","f1_lar",100,0.306,0.106192126246571,0.0106192126246571,0.285186343255672,0.326813656744328
"sensitivity_dense_wide",100,100,"n=100, p=100","ar1_rho_0.9","quantile_4","f1_glmnet",100,0.308489177489178,0.10551892083077,0.010551892083077,0.287807469006347,0.329170885972008
"sensitivity_dense_wide",100,100,"n=100, p=100","ar1_rho_0.9","quantile_4","rmse_lasso",100,3.13176979297115,0.56198650972315,0.056198650972315,3.02162043706541,3.24191914887689
"sensitivity_dense_wide",100,100,"n=100, p=100","ar1_rho_0.9","quantile_4","rmse_lar",100,3.13375559076801,0.56241284244773,0.056241284244773,3.02352267364826,3.24398850788777
"sensitivity_dense_wide",100,100,"n=100, p=100","ar1_rho_0.9","quantile_4","rmse_glmnet",100,3.16318576686593,0.575471177954679,0.0575471177954679,3.05039341598681,3.27597811774505
"sensitivity_dense_wide",100,100,"n=100, p=100","ar1_rho_0.9","quantile_4","elapsed_seconds",100,0.475199999999932,0.0930892913370242,0.00930892913370242,0.456954498897875,0.493445501101988
"sensitivity_dense_wide",100,100,"n=100, p=100","ar1_rho_0.9","quantile_8","mean_entry_tau",100,0.931923442518107,0.0221273871455998,0.00221273871455998,0.927586474637569,0.936260410398644
"sensitivity_dense_wide",100,100,"n=100, p=100","ar1_rho_0.9","quantile_8","mean_jaccard_s",100,0.988686868686869,0.0274018490696274,0.00274018490696274,0.983316106269222,0.994057631104516
"sensitivity_dense_wide",100,100,"n=100, p=100","ar1_rho_0.9","quantile_8","mean_jaccard_2s",100,0.971473429951691,0.0384462681919629,0.00384462681919629,0.963937961386066,0.979008898517316
"sensitivity_dense_wide",100,100,"n=100, p=100","ar1_rho_0.9","quantile_8","mean_support_f1",100,0.23959595959596,0.0997019039136086,0.00997019039136086,0.220054386428892,0.259137532763027
"sensitivity_dense_wide",100,100,"n=100, p=100","ar1_rho_0.9","quantile_8","mean_rmse",100,3.36916912489485,0.630393853364704,0.0630393853364704,3.24561192963537,3.49272632015433
"sensitivity_dense_wide",100,100,"n=100, p=100","ar1_rho_0.9","quantile_8","f1_lasso",100,0.238,0.100282429450855,0.0100282429450855,0.218344643827632,0.257655356172368
"sensitivity_dense_wide",100,100,"n=100, p=100","ar1_rho_0.9","quantile_8","f1_lar",100,0.239,0.10039819709436,0.010039819709436,0.219321953369505,0.258678046630495
"sensitivity_dense_wide",100,100,"n=100, p=100","ar1_rho_0.9","quantile_8","f1_glmnet",100,0.241787878787879,0.100674080909784,0.0100674080909784,0.222055758929561,0.261519998646196
"sensitivity_dense_wide",100,100,"n=100, p=100","ar1_rho_0.9","quantile_8","rmse_lasso",100,3.36335135420134,0.628404280969389,0.0628404280969389,3.24018411513134,3.48651859327134
"sensitivity_dense_wide",100,100,"n=100, p=100","ar1_rho_0.9","quantile_8","rmse_lar",100,3.36364252790338,0.629094370784608,0.0629094370784608,3.24034003122959,3.48694502457716
"sensitivity_dense_wide",100,100,"n=100, p=100","ar1_rho_0.9","quantile_8","rmse_glmnet",100,3.38051349257983,0.634299796684464,0.0634299796684464,3.25619073242968,3.50483625272999
"sensitivity_dense_wide",100,100,"n=100, p=100","ar1_rho_0.9","quantile_8","elapsed_seconds",100,0.556000000000349,0.122044866729191,0.0122044866729191,0.532079206121428,0.579920793879271
"sensitivity_dense_wide",100,100,"n=100, p=100","ar1_rho_0.9","equal_width_4","mean_entry_tau",100,0.912943806059229,0.0273410083080531,0.00273410083080531,0.90758496843085,0.918302643687607
"sensitivity_dense_wide",100,100,"n=100, p=100","ar1_rho_0.9","equal_width_4","mean_jaccard_s",100,0.988484848484849,0.0294586994366379,0.00294586994366379,0.982710943395268,0.994258753574429
"sensitivity_dense_wide",100,100,"n=100, p=100","ar1_rho_0.9","equal_width_4","mean_jaccard_2s",100,0.970541125541126,0.0424795707222552,0.00424795707222552,0.962215129679564,0.978867121402688
"sensitivity_dense_wide",100,100,"n=100, p=100","ar1_rho_0.9","equal_width_4","mean_support_f1",100,0.251920634920635,0.109682354057498,0.0109682354057498,0.230422893525365,0.273418376315905
"sensitivity_dense_wide",100,100,"n=100, p=100","ar1_rho_0.9","equal_width_4","mean_rmse",100,3.30280833487268,0.614944398891341,0.0614944398891341,3.18227923268998,3.42333743705539
"sensitivity_dense_wide",100,100,"n=100, p=100","ar1_rho_0.9","equal_width_4","f1_lasso",100,0.252,0.109618254028066,0.0109618254028066,0.230514822210499,0.273485177789501
"sensitivity_dense_wide",100,100,"n=100, p=100","ar1_rho_0.9","equal_width_4","f1_lar",100,0.252,0.109618254028066,0.0109618254028066,0.230514822210499,0.273485177789501
"sensitivity_dense_wide",100,100,"n=100, p=100","ar1_rho_0.9","equal_width_4","f1_glmnet",100,0.251761904761905,0.110054042016971,0.0110054042016971,0.230191312526579,0.273332496997231
"sensitivity_dense_wide",100,100,"n=100, p=100","ar1_rho_0.9","equal_width_4","rmse_lasso",100,3.29477574325599,0.611874456160131,0.0611874456160131,3.1748483498486,3.41470313666337
"sensitivity_dense_wide",100,100,"n=100, p=100","ar1_rho_0.9","equal_width_4","rmse_lar",100,3.29519299635179,0.611903345432967,0.0611903345432967,3.17525994064693,3.41512605205665
"sensitivity_dense_wide",100,100,"n=100, p=100","ar1_rho_0.9","equal_width_4","rmse_glmnet",100,3.31845626501027,0.621490760311779,0.0621490760311779,3.19664407598916,3.44026845403138
"sensitivity_dense_wide",100,100,"n=100, p=100","ar1_rho_0.9","equal_width_4","elapsed_seconds",100,0.484299999999821,0.100957586854065,0.0100957586854065,0.464512312976424,0.504087687023218
"sensitivity_dense_wide",100,100,"n=100, p=100","block","original","mean_entry_tau",100,0.918727980059872,0.0290249086993407,0.00290249086993407,0.913039097954801,0.924416862164943
"sensitivity_dense_wide",100,100,"n=100, p=100","block","original","mean_jaccard_s",100,0.975227272727273,0.0477903926681234,0.00477903926681234,0.96586035576432,0.984594189690225
"sensitivity_dense_wide",100,100,"n=100, p=100","block","original","mean_jaccard_2s",100,0.924896412765978,0.0738556339452358,0.00738556339452358,0.910420708512712,0.939372117019244
"sensitivity_dense_wide",100,100,"n=100, p=100","block","original","mean_support_f1",100,0.499968253968254,0.112315554426386,0.0112315554426386,0.477954405300682,0.521982102635826
"sensitivity_dense_wide",100,100,"n=100, p=100","block","original","mean_rmse",100,2.69181993144783,0.548988289092588,0.0548988289092588,2.58421822678568,2.79942163610998
"sensitivity_dense_wide",100,100,"n=100, p=100","block","original","f1_lasso",100,0.501,0.114145928220383,0.0114145928220383,0.478627398068805,0.523372601931195
"sensitivity_dense_wide",100,100,"n=100, p=100","block","original","f1_lar",100,0.496,0.110022954446109,0.0110022954446109,0.474435500928563,0.517564499071437
"sensitivity_dense_wide",100,100,"n=100, p=100","block","original","f1_glmnet",100,0.502904761904762,0.115235541136989,0.0115235541136989,0.480318595841912,0.525490927967612
"sensitivity_dense_wide",100,100,"n=100, p=100","block","original","rmse_lasso",100,2.66801834747338,0.546986476793584,0.0546986476793584,2.56080899802183,2.77522769692492
"sensitivity_dense_wide",100,100,"n=100, p=100","block","original","rmse_lar",100,2.67656193052957,0.548077873513069,0.0548077873513069,2.56913866732101,2.78398519373813
"sensitivity_dense_wide",100,100,"n=100, p=100","block","original","rmse_glmnet",100,2.73087951634054,0.554869649930206,0.0554869649930206,2.62212506495422,2.83963396772686
"sensitivity_dense_wide",100,100,"n=100, p=100","block","original","elapsed_seconds",100,0.515000000000182,0.0934685168191301,0.00934685168191301,0.496680170703632,0.533319829296731
"sensitivity_dense_wide",100,100,"n=100, p=100","block","quantile_2","mean_entry_tau",100,0.90057557054102,0.0266539995473437,0.00266539995473437,0.895351386629741,0.905799754452299
"sensitivity_dense_wide",100,100,"n=100, p=100","block","quantile_2","mean_jaccard_s",100,0.974116161616162,0.0436640385788962,0.00436640385788962,0.965558010054698,0.982674313177625
"sensitivity_dense_wide",100,100,"n=100, p=100","block","quantile_2","mean_jaccard_2s",100,0.951111738503043,0.0509781326068538,0.00509781326068538,0.9411200245121,0.961103452493986
"sensitivity_dense_wide",100,100,"n=100, p=100","block","quantile_2","mean_support_f1",100,0.421131313131313,0.108811327081257,0.0108811327081257,0.399804293023387,0.44245833323924
"sensitivity_dense_wide",100,100,"n=100, p=100","block","quantile_2","mean_rmse",100,2.96623459113729,0.573999048090378,0.0573999048090378,2.85373077771158,3.07873840456301
"sensitivity_dense_wide",100,100,"n=100, p=100","block","quantile_2","f1_lasso",100,0.421,0.110366698241852,0.0110366698241852,0.399368127144597,0.442631872855403
"sensitivity_dense_wide",100,100,"n=100, p=100","block","quantile_2","f1_lar",100,0.421,0.110366698241852,0.0110366698241852,0.399368127144597,0.442631872855403
"sensitivity_dense_wide",100,100,"n=100, p=100","block","quantile_2","f1_glmnet",100,0.421393939393939,0.107500485151786,0.0107500485151786,0.400323844304189,0.44246403448369
"sensitivity_dense_wide",100,100,"n=100, p=100","block","quantile_2","rmse_lasso",100,2.94891804760395,0.563789415721588,0.0563789415721588,2.83841532212252,3.05942077308538
"sensitivity_dense_wide",100,100,"n=100, p=100","block","quantile_2","rmse_lar",100,2.95924037267298,0.575999328381277,0.0575999328381277,2.84634450431025,3.07213624103571
"sensitivity_dense_wide",100,100,"n=100, p=100","block","quantile_2","rmse_glmnet",100,2.99054535313495,0.586352290056766,0.0586352290056766,2.87562030428383,3.10547040198608
"sensitivity_dense_wide",100,100,"n=100, p=100","block","quantile_2","elapsed_seconds",100,0.407600000000202,0.0632634383055673,0.00632634383055673,0.395200366092311,0.419999633908093
"sensitivity_dense_wide",100,100,"n=100, p=100","block","quantile_4","mean_entry_tau",100,0.917898469226021,0.0232646414946052,0.00232646414946052,0.913338599493079,0.922458338958964
"sensitivity_dense_wide",100,100,"n=100, p=100","block","quantile_4","mean_jaccard_s",100,0.989191919191919,0.0311666548490932,0.00311666548490932,0.983083254841497,0.995300583542341
"sensitivity_dense_wide",100,100,"n=100, p=100","block","quantile_4","mean_jaccard_2s",100,0.967099880795533,0.0482501250306465,0.00482501250306465,0.957642856289526,0.97655690530154
"sensitivity_dense_wide",100,100,"n=100, p=100","block","quantile_4","mean_support_f1",100,0.356150072150072,0.104225900415354,0.0104225900415354,0.335721795668663,0.376578348631482
"sensitivity_dense_wide",100,100,"n=100, p=100","block","quantile_4","mean_rmse",100,3.14931883214121,0.571673330882273,0.0571673330882273,3.03727085928828,3.26136680499413
"sensitivity_dense_wide",100,100,"n=100, p=100","block","quantile_4","f1_lasso",100,0.356,0.104755607839091,0.0104755607839091,0.335467900863538,0.376532099136462
"sensitivity_dense_wide",100,100,"n=100, p=100","block","quantile_4","f1_lar",100,0.353,0.104885700174095,0.0104885700174095,0.332442402765877,0.373557597234123
"sensitivity_dense_wide",100,100,"n=100, p=100","block","quantile_4","f1_glmnet",100,0.359450216450216,0.105305892291152,0.0105305892291152,0.338810261561151,0.380090171339282
"sensitivity_dense_wide",100,100,"n=100, p=100","block","quantile_4","rmse_lasso",100,3.13947904497689,0.56715210294779,0.056715210294779,3.02831723279912,3.25064085715465
"sensitivity_dense_wide",100,100,"n=100, p=100","block","quantile_4","rmse_lar",100,3.14093774964024,0.567363449830868,0.0567363449830868,3.02973451347339,3.25214098580709
"sensitivity_dense_wide",100,100,"n=100, p=100","block","quantile_4","rmse_glmnet",100,3.16753970180649,0.581805060991214,0.0581805060991214,3.05350590985221,3.28157349376077
"sensitivity_dense_wide",100,100,"n=100, p=100","block","quantile_4","elapsed_seconds",100,0.396700000000346,0.0440398121081366,0.00440398121081366,0.388068196827152,0.405331803173541
"sensitivity_dense_wide",100,100,"n=100, p=100","block","quantile_8","mean_entry_tau",100,0.937718948285675,0.0210267304095385,0.00210267304095385,0.933597709125406,0.941840187445945
"sensitivity_dense_wide",100,100,"n=100, p=100","block","quantile_8","mean_jaccard_s",100,0.982777777777778,0.0366372740642696,0.00366372740642696,0.975596872061181,0.989958683494375
"sensitivity_dense_wide",100,100,"n=100, p=100","block","quantile_8","mean_jaccard_2s",100,0.977193362193362,0.0340321004602202,0.00340321004602202,0.970523070503159,0.983863653883565
"sensitivity_dense_wide",100,100,"n=100, p=100","block","quantile_8","mean_support_f1",100,0.270976911976912,0.100581533806544,0.0100581533806544,0.251262931350829,0.290690892602995
"sensitivity_dense_wide",100,100,"n=100, p=100","block","quantile_8","mean_rmse",100,3.38289933923683,0.609401444007296,0.0609401444007296,3.2634566562114,3.50234202226226
"sensitivity_dense_wide",100,100,"n=100, p=100","block","quantile_8","f1_lasso",100,0.272,0.100584152415635,0.0100584152415635,0.252285506126536,0.291714493873464
"sensitivity_dense_wide",100,100,"n=100, p=100","block","quantile_8","f1_lar",100,0.27,0.1,0.01,0.2504,0.2896
"sensitivity_dense_wide",100,100,"n=100, p=100","block","quantile_8","f1_glmnet",100,0.270930735930736,0.102237929794585,0.0102237929794585,0.250892101690997,0.290969370170475
"sensitivity_dense_wide",100,100,"n=100, p=100","block","quantile_8","rmse_lasso",100,3.37815961102907,0.606660706425064,0.0606660706425064,3.25925411256976,3.49706510948838
"sensitivity_dense_wide",100,100,"n=100, p=100","block","quantile_8","rmse_lar",100,3.37828688730674,0.606721389342954,0.0606721389342954,3.25936949499552,3.49720427961796
"sensitivity_dense_wide",100,100,"n=100, p=100","block","quantile_8","rmse_glmnet",100,3.39225151937467,0.615123829171733,0.0615123829171733,3.27168724885701,3.51281578989233
"sensitivity_dense_wide",100,100,"n=100, p=100","block","quantile_8","elapsed_seconds",100,0.474500000000116,0.0497138275179536,0.00497138275179536,0.464756089806598,0.484243910193635
"sensitivity_dense_wide",100,100,"n=100, p=100","block","equal_width_4","mean_entry_tau",100,0.910233207490323,0.0255613187871236,0.00255613187871236,0.905223189008046,0.915243225972599
"sensitivity_dense_wide",100,100,"n=100, p=100","block","equal_width_4","mean_jaccard_s",100,0.98979797979798,0.0282615031765467,0.00282615031765467,0.984258725175377,0.995337234420583
"sensitivity_dense_wide",100,100,"n=100, p=100","block","equal_width_4","mean_jaccard_2s",100,0.974574000878349,0.0398650547758505,0.00398650547758505,0.966760450142282,0.982387551614415
"sensitivity_dense_wide",100,100,"n=100, p=100","block","equal_width_4","mean_support_f1",100,0.28012987012987,0.0950333406119801,0.00950333406119801,0.261503335369922,0.298756404889818
"sensitivity_dense_wide",100,100,"n=100, p=100","block","equal_width_4","mean_rmse",100,3.3156196897426,0.612258505327104,0.0612258505327104,3.19561702269849,3.43562235678671
"sensitivity_dense_wide",100,100,"n=100, p=100","block","equal_width_4","f1_lasso",100,0.281,0.0960797227895311,0.00960797227895311,0.262168374333252,0.299831625666748
"sensitivity_dense_wide",100,100,"n=100, p=100","block","equal_width_4","f1_lar",100,0.28,0.0942809041582063,0.00942809041582063,0.261520942784992,0.298479057215008
"sensitivity_dense_wide",100,100,"n=100, p=100","block","equal_width_4","f1_glmnet",100,0.27938961038961,0.0951762983295871,0.00951762983295871,0.260735055917011,0.298044164862209
"sensitivity_dense_wide",100,100,"n=100, p=100","block","equal_width_4","rmse_lasso",100,3.30859351800155,0.609931246633385,0.0609931246633385,3.1890469936614,3.42814004234169
"sensitivity_dense_wide",100,100,"n=100, p=100","block","equal_width_4","rmse_lar",100,3.30843008526106,0.609329119698008,0.0609329119698008,3.18900157780025,3.42785859272187
"sensitivity_dense_wide",100,100,"n=100, p=100","block","equal_width_4","rmse_glmnet",100,3.32983546596519,0.617900339613784,0.0617900339613784,3.20872699940089,3.45094393252949
"sensitivity_dense_wide",100,100,"n=100, p=100","block","equal_width_4","elapsed_seconds",100,0.415400000000009,0.0526359711087825,0.00526359711087825,0.405083349662687,0.42571665033733
"sensitivity_dense_wide",100,200,"n=100, p=200","independent","original","mean_entry_tau",100,0.914543589110707,0.0225408679664199,0.00225408679664199,0.910125578989289,0.918961599232125
"sensitivity_dense_wide",100,200,"n=100, p=200","independent","original","mean_jaccard_s",100,0.992121212121212,0.0150093171348174,0.00150093171348174,0.989179385962788,0.995063038279636
"sensitivity_dense_wide",100,200,"n=100, p=200","independent","original","mean_jaccard_2s",100,0.984445794956288,0.022701669644213,0.0022701669644213,0.979996267706023,0.988895322206554
"sensitivity_dense_wide",100,200,"n=100, p=200","independent","original","mean_support_f1",100,0.560397793263647,0.0929142540978348,0.00929142540978348,0.542186599460471,0.578608987066823
"sensitivity_dense_wide",100,200,"n=100, p=200","independent","original","mean_rmse",100,4.57969192585804,0.441225564543978,0.0441225564543978,4.49321171520743,4.66617213650866
"sensitivity_dense_wide",100,200,"n=100, p=200","independent","original","f1_lasso",100,0.5605,0.0930121638618446,0.00930121638618446,0.542269615883078,0.578730384116922
"sensitivity_dense_wide",100,200,"n=100, p=200","independent","original","f1_lar",100,0.5605,0.0930121638618446,0.00930121638618446,0.542269615883078,0.578730384116922
"sensitivity_dense_wide",100,200,"n=100, p=200","independent","original","f1_glmnet",100,0.560193379790941,0.0931322875284362,0.00931322875284362,0.541939451435367,0.578447308146514
"sensitivity_dense_wide",100,200,"n=100, p=200","independent","original","rmse_lasso",100,4.57239444595267,0.441587840341992,0.0441587840341992,4.48584322924564,4.6589456626597
"sensitivity_dense_wide",100,200,"n=100, p=200","independent","original","rmse_lar",100,4.57239444595267,0.441587840341992,0.0441587840341992,4.48584322924564,4.6589456626597
"sensitivity_dense_wide",100,200,"n=100, p=200","independent","original","rmse_glmnet",100,4.59428688566879,0.441458081448129,0.0441458081448129,4.50776110170496,4.68081266963263
"sensitivity_dense_wide",100,200,"n=100, p=200","independent","original","elapsed_seconds",100,0.32169999999991,0.115488029026645,0.0115488029026645,0.299064346310687,0.344335653689132
"sensitivity_dense_wide",100,200,"n=100, p=200","independent","quantile_2","mean_entry_tau",100,0.914504667600012,0.0215997972997663,0.00215997972997663,0.910271107329258,0.918738227870766
"sensitivity_dense_wide",100,200,"n=100, p=200","independent","quantile_2","mean_jaccard_s",100,0.989343434343434,0.0193829291204636,0.00193829291204636,0.985544380235823,0.993142488451045
"sensitivity_dense_wide",100,200,"n=100, p=200","independent","quantile_2","mean_jaccard_2s",100,0.976853937642366,0.0232532393194179,0.00232532393194179,0.972296302735761,0.981411572548972
"sensitivity_dense_wide",100,200,"n=100, p=200","independent","quantile_2","mean_support_f1",100,0.506752419667054,0.0862470442333811,0.00862470442333811,0.489847998997311,0.523656840336797
"sensitivity_dense_wide",100,200,"n=100, p=200","independent","quantile_2","mean_rmse",100,4.86799031249406,0.426573787604503,0.0426573787604503,4.78438185012358,4.95159877486454
"sensitivity_dense_wide",100,200,"n=100, p=200","independent","quantile_2","f1_lasso",100,0.5065,0.0869386757049665,0.00869386757049665,0.489460019561827,0.523539980438174
"sensitivity_dense_wide",100,200,"n=100, p=200","independent","quantile_2","f1_lar",100,0.5065,0.0869386757049665,0.00869386757049665,0.489460019561827,0.523539980438174
"sensitivity_dense_wide",100,200,"n=100, p=200","independent","quantile_2","f1_glmnet",100,0.507257259001161,0.0853854667020423,0.00853854667020422,0.490521707527561,0.523992810474762
"sensitivity_dense_wide",100,200,"n=100, p=200","independent","quantile_2","rmse_lasso",100,4.86466151286648,0.426636161747772,0.0426636161747772,4.78104082516392,4.94828220056905
"sensitivity_dense_wide",100,200,"n=100, p=200","independent","quantile_2","rmse_lar",100,4.86470250309933,0.426700035508882,0.0426700035508882,4.78106929613959,4.94833571005907
"sensitivity_dense_wide",100,200,"n=100, p=200","independent","quantile_2","rmse_glmnet",100,4.87460692151637,0.426624838549901,0.0426624838549901,4.79098845316059,4.95822538987215
"sensitivity_dense_wide",100,200,"n=100, p=200","independent","quantile_2","elapsed_seconds",100,0.378699999999917,0.115807703726921,0.0115807703726921,0.35600169006944,0.401398309930394
"sensitivity_dense_wide",100,200,"n=100, p=200","independent","quantile_4","mean_entry_tau",100,0.924264683639457,0.0183860919220163,0.00183860919220163,0.920661009622742,0.927868357656172
"sensitivity_dense_wide",100,200,"n=100, p=200","independent","quantile_4","mean_jaccard_s",100,0.98969696969697,0.0197077050577958,0.00197077050577958,0.985834259505642,0.993559679888298
"sensitivity_dense_wide",100,200,"n=100, p=200","independent","quantile_4","mean_jaccard_2s",100,0.974750941061208,0.0260401905863942,0.00260401905863942,0.969647063706274,0.979854818416141
"sensitivity_dense_wide",100,200,"n=100, p=200","independent","quantile_4","mean_support_f1",100,0.347971931862176,0.0805930257802682,0.00805930257802682,0.332175698809243,0.363768164915108
"sensitivity_dense_wide",100,200,"n=100, p=200","independent","quantile_4","mean_rmse",100,5.16212956775958,0.423200539800487,0.0423200539800487,5.07918226195868,5.24507687356047
"sensitivity_dense_wide",100,200,"n=100, p=200","independent","quantile_4","f1_lasso",100,0.347,0.0812838895911773,0.00812838895911773,0.331068357640129,0.362931642359871
"sensitivity_dense_wide",100,200,"n=100, p=200","independent","quantile_4","f1_lar",100,0.3465,0.0807962270346227,0.00807962270346227,0.330663939501214,0.362336060498786
"sensitivity_dense_wide",100,200,"n=100, p=200","independent","quantile_4","f1_glmnet",100,0.350415795586527,0.0804636626613454,0.00804636626613454,0.334644917704904,0.366186673468151
"sensitivity_dense_wide",100,200,"n=100, p=200","independent","quantile_4","rmse_lasso",100,5.16142324055313,0.423238931907002,0.0423238931907002,5.07846840989936,5.2443780712069
"sensitivity_dense_wide",100,200,"n=100, p=200","independent","quantile_4","rmse_lar",100,5.16142354912207,0.423135271266331,0.0423135271266331,5.07848903595387,5.24435806229027
"sensitivity_dense_wide",100,200,"n=100, p=200","independent","quantile_4","rmse_glmnet",100,5.16354191360353,0.423256900833163,0.0423256900833163,5.08058356104023,5.24650026616683
"sensitivity_dense_wide",100,200,"n=100, p=200","independent","quantile_4","elapsed_seconds",100,0.510100000000093,0.138698823485922,0.0138698823485922,0.482915030596852,0.537284969403334
"sensitivity_dense_wide",100,200,"n=100, p=200","independent","quantile_8","mean_entry_tau",100,0.926472162113063,0.0189884408598619,0.00189884408598619,0.92275042770453,0.930193896521596
"sensitivity_dense_wide",100,200,"n=100, p=200","independent","quantile_8","mean_jaccard_s",100,0.989660894660895,0.0192937983687595,0.00192937983687595,0.985879310180618,0.993442479141172
"sensitivity_dense_wide",100,200,"n=100, p=200","independent","quantile_8","mean_jaccard_2s",100,0.970790451717565,0.0325320226521962,0.00325320226521962,0.964414175277734,0.977166728157395
"sensitivity_dense_wide",100,200,"n=100, p=200","independent","quantile_8","mean_support_f1",100,0.24356968641115,0.0741571816675548,0.00741571816675548,0.229034878804309,0.258104494017991
"sensitivity_dense_wide",100,200,"n=100, p=200","independent","quantile_8","mean_rmse",100,5.37015653435659,0.425124381214607,0.0425124381214608,5.28683215563852,5.45348091307465
"sensitivity_dense_wide",100,200,"n=100, p=200","independent","quantile_8","f1_lasso",100,0.2435,0.0740785141766913,0.00740785141766913,0.228980611221368,0.258019388778632
"sensitivity_dense_wide",100,200,"n=100, p=200","independent","quantile_8","f1_lar",100,0.243,0.0745423749055908,0.00745423749055908,0.228389694518504,0.257610305481496
"sensitivity_dense_wide",100,200,"n=100, p=200","independent","quantile_8","f1_glmnet",100,0.244209059233449,0.0743181049091956,0.00743181049091956,0.229642710671247,0.258775407795652
"sensitivity_dense_wide",100,200,"n=100, p=200","independent","quantile_8","rmse_lasso",100,5.37080251152502,0.424999296735318,0.0424999296735318,5.2875026493649,5.45410237368515
"sensitivity_dense_wide",100,200,"n=100, p=200","independent","quantile_8","rmse_lar",100,5.37081440057957,0.425024289814512,0.0425024289814512,5.28750963977593,5.45411916138322
"sensitivity_dense_wide",100,200,"n=100, p=200","independent","quantile_8","rmse_glmnet",100,5.36885269096516,0.425367647732883,0.0425367647732883,5.28548063200951,5.45222474992081
"sensitivity_dense_wide",100,200,"n=100, p=200","independent","quantile_8","elapsed_seconds",100,0.823499999999985,0.228713463715707,0.0228713463715707,0.778672161111707,0.868327838888264
"sensitivity_dense_wide",100,200,"n=100, p=200","independent","equal_width_4","mean_entry_tau",100,0.921558967853871,0.0197568303097854,0.00197568303097854,0.917686629113153,0.925431306594589
"sensitivity_dense_wide",100,200,"n=100, p=200","independent","equal_width_4","mean_jaccard_s",100,0.983557312252964,0.0275683494411692,0.00275683494411692,0.978153915762495,0.988960708743434
"sensitivity_dense_wide",100,200,"n=100, p=200","independent","equal_width_4","mean_jaccard_2s",100,0.972591570841713,0.0279443792562754,0.00279443792562754,0.967114472507483,0.978068669175943
"sensitivity_dense_wide",100,200,"n=100, p=200","independent","equal_width_4","mean_support_f1",100,0.337834013090961,0.0835325150445243,0.00835325150445243,0.321461640142235,0.354206386039688
"sensitivity_dense_wide",100,200,"n=100, p=200","independent","equal_width_4","mean_rmse",100,5.27874257411821,0.432114862758376,0.0432114862758376,5.19404806101757,5.36343708721885
"sensitivity_dense_wide",100,200,"n=100, p=200","independent","equal_width_4","f1_lasso",100,0.338,0.0844231764817738,0.00844231764817738,0.321453057409572,0.354546942590428
"sensitivity_dense_wide",100,200,"n=100, p=200","independent","equal_width_4","f1_lar",100,0.338,0.0832181021488265,0.00832181021488265,0.32168925197883,0.35431074802117
"sensitivity_dense_wide",100,200,"n=100, p=200","independent","equal_width_4","f1_glmnet",100,0.337502039272884,0.083553912036403,0.0083553912036403,0.321125472513749,0.353878606032019
"sensitivity_dense_wide",100,200,"n=100, p=200","independent","equal_width_4","rmse_lasso",100,5.27874929068818,0.432240312247523,0.0432240312247523,5.19403018948766,5.36346839188869
"sensitivity_dense_wide",100,200,"n=100, p=200","independent","equal_width_4","rmse_lar",100,5.27895750329409,0.432146664898608,0.0432146664898608,5.19425675697396,5.36365824961421
"sensitivity_dense_wide",100,200,"n=100, p=200","independent","equal_width_4","rmse_glmnet",100,5.27852092837236,0.431982288114782,0.0431982288114782,5.19385239990186,5.36318945684286
"sensitivity_dense_wide",100,200,"n=100, p=200","independent","equal_width_4","elapsed_seconds",100,0.519200000000237,0.139896642944459,0.0139896642944459,0.491780257983123,0.546619742017351
"sensitivity_dense_wide",100,200,"n=100, p=200","ar1_rho_0.5","original","mean_entry_tau",100,0.899376488977385,0.0248081738113132,0.00248081738113132,0.894514086910368,0.904238891044403
"sensitivity_dense_wide",100,200,"n=100, p=200","ar1_rho_0.5","original","mean_jaccard_s",100,0.989973335842901,0.0209120271037481,0.00209120271037481,0.985874578530566,0.994072093155236
"sensitivity_dense_wide",100,200,"n=100, p=200","ar1_rho_0.5","original","mean_jaccard_2s",100,0.971697523543241,0.0302590669003424,0.00302590669003424,0.965766746430774,0.977628300655708
"sensitivity_dense_wide",100,200,"n=100, p=200","ar1_rho_0.5","original","mean_support_f1",100,0.541522841656988,0.0899698259162503,0.00899698259162503,0.523888755777403,0.559156927536573
"sensitivity_dense_wide",100,200,"n=100, p=200","ar1_rho_0.5","original","mean_rmse",100,4.44988855135603,0.41231140375211,0.041231140375211,4.36907551622062,4.53070158649145
"sensitivity_dense_wide",100,200,"n=100, p=200","ar1_rho_0.5","original","f1_lasso",100,0.542,0.090375199959263,0.0090375199959263,0.524286460807984,0.559713539192016
"sensitivity_dense_wide",100,200,"n=100, p=200","ar1_rho_0.5","original","f1_lar",100,0.542,0.090375199959263,0.0090375199959263,0.524286460807984,0.559713539192016
"sensitivity_dense_wide",100,200,"n=100, p=200","ar1_rho_0.5","original","f1_glmnet",100,0.540568524970964,0.0894500865969949,0.00894500865969949,0.523036307997953,0.558100741943975
"sensitivity_dense_wide",100,200,"n=100, p=200","ar1_rho_0.5","original","rmse_lasso",100,4.44164456853418,0.412437595479061,0.0412437595479061,4.36080679982029,4.52248233724808
"sensitivity_dense_wide",100,200,"n=100, p=200","ar1_rho_0.5","original","rmse_lar",100,4.44293146877317,0.412724021009778,0.0412724021009778,4.36203756065526,4.52382537689109
"sensitivity_dense_wide",100,200,"n=100, p=200","ar1_rho_0.5","original","rmse_glmnet",100,4.46508961676075,0.412497366187055,0.0412497366187055,4.38424013298808,4.54593910053341
"sensitivity_dense_wide",100,200,"n=100, p=200","ar1_rho_0.5","original","elapsed_seconds",100,0.381000000000095,0.111232761687914,0.0111232761687914,0.359198378709263,0.402801621290926
"sensitivity_dense_wide",100,200,"n=100, p=200","ar1_rho_0.5","quantile_2","mean_entry_tau",100,0.906804633075497,0.0188953861069167,0.00188953861069168,0.903101137398541,0.910508128752452
"sensitivity_dense_wide",100,200,"n=100, p=200","ar1_rho_0.5","quantile_2","mean_jaccard_s",100,0.986312817617165,0.0214020941087317,0.00214020941087317,0.982118007171854,0.990507628062477
"sensitivity_dense_wide",100,200,"n=100, p=200","ar1_rho_0.5","quantile_2","mean_jaccard_2s",100,0.970519367976827,0.0288480702168831,0.00288480702168831,0.964865146214318,0.976173589739336
"sensitivity_dense_wide",100,200,"n=100, p=200","ar1_rho_0.5","quantile_2","mean_support_f1",100,0.456038624638738,0.0798810079391894,0.00798810079391894,0.440381947082657,0.471695302194819
"sensitivity_dense_wide",100,200,"n=100, p=200","ar1_rho_0.5","quantile_2","mean_rmse",100,4.76282354397279,0.387515529495495,0.0387515529495495,4.68687050019167,4.8387765877539
"sensitivity_dense_wide",100,200,"n=100, p=200","ar1_rho_0.5","quantile_2","f1_lasso",100,0.4565,0.0802945964696394,0.00802945964696393,0.440762259091951,0.472237740908049
"sensitivity_dense_wide",100,200,"n=100, p=200","ar1_rho_0.5","quantile_2","f1_lar",100,0.456,0.0804909179894718,0.00804909179894718,0.440223780074064,0.471776219925936
"sensitivity_dense_wide",100,200,"n=100, p=200","ar1_rho_0.5","quantile_2","f1_glmnet",100,0.455615873916214,0.0795584800381831,0.00795584800381831,0.44002241182873,0.471209336003698
"sensitivity_dense_wide",100,200,"n=100, p=200","ar1_rho_0.5","quantile_2","rmse_lasso",100,4.75920666967267,0.387967714336191,0.0387967714336191,4.68316499766277,4.83524834168256
"sensitivity_dense_wide",100,200,"n=100, p=200","ar1_rho_0.5","quantile_2","rmse_lar",100,4.7594846685816,0.388322964117543,0.0388322964117543,4.68337336761456,4.83559596954864
"sensitivity_dense_wide",100,200,"n=100, p=200","ar1_rho_0.5","quantile_2","rmse_glmnet",100,4.76977929366409,0.386654882284483,0.0386654882284483,4.69399493673633,4.84556365059185
"sensitivity_dense_wide",100,200,"n=100, p=200","ar1_rho_0.5","quantile_2","elapsed_seconds",100,0.402400000000271,0.106875931090655,0.0106875931090655,0.381452317506502,0.423347682494039
"sensitivity_dense_wide",100,200,"n=100, p=200","ar1_rho_0.5","quantile_4","mean_entry_tau",100,0.924033411442441,0.0202772523782217,0.00202772523782217,0.92005906997631,0.928007752908573
"sensitivity_dense_wide",100,200,"n=100, p=200","ar1_rho_0.5","quantile_4","mean_jaccard_s",100,0.985750360750361,0.0233514745146493,0.00233514745146493,0.981173471745489,0.990327249755232
"sensitivity_dense_wide",100,200,"n=100, p=200","ar1_rho_0.5","quantile_4","mean_jaccard_2s",100,0.976963449829303,0.0240441690884163,0.00240441690884163,0.972250792687974,0.981676106970633
"sensitivity_dense_wide",100,200,"n=100, p=200","ar1_rho_0.5","quantile_4","mean_support_f1",100,0.340345915602013,0.0830699890311287,0.00830699890311287,0.324064197751912,0.356627633452114
"sensitivity_dense_wide",100,200,"n=100, p=200","ar1_rho_0.5","quantile_4","mean_rmse",100,5.06505278451257,0.39102569964828,0.039102569964828,4.9884117473815,5.14169382164363
"sensitivity_dense_wide",100,200,"n=100, p=200","ar1_rho_0.5","quantile_4","f1_lasso",100,0.34,0.0843872746402686,0.00843872746402686,0.323460094170507,0.356539905829493
"sensitivity_dense_wide",100,200,"n=100, p=200","ar1_rho_0.5","quantile_4","f1_lar",100,0.34,0.0840874965182522,0.00840874965182522,0.323518850682423,0.356481149317577
"sensitivity_dense_wide",100,200,"n=100, p=200","ar1_rho_0.5","quantile_4","f1_glmnet",100,0.341037746806039,0.0815577130737035,0.00815577130737035,0.325052435043594,0.357023058568485
"sensitivity_dense_wide",100,200,"n=100, p=200","ar1_rho_0.5","quantile_4","rmse_lasso",100,5.06367455556266,0.390617038380347,0.0390617038380347,4.98711361604011,5.14023549508521
"sensitivity_dense_wide",100,200,"n=100, p=200","ar1_rho_0.5","quantile_4","rmse_lar",100,5.06403281939519,0.390921729156222,0.0390921729156222,4.98741216048057,5.14065347830981
"sensitivity_dense_wide",100,200,"n=100, p=200","ar1_rho_0.5","quantile_4","rmse_glmnet",100,5.06745097857985,0.391601138655608,0.0391601138655608,4.99069715540335,5.14420480175635
"sensitivity_dense_wide",100,200,"n=100, p=200","ar1_rho_0.5","quantile_4","elapsed_seconds",100,0.524800000000032,0.137146091832768,0.0137146091832768,0.49791936600081,0.551680633999254
"sensitivity_dense_wide",100,200,"n=100, p=200","ar1_rho_0.5","quantile_8","mean_entry_tau",100,0.924751381229207,0.0202544742005582,0.00202544742005582,0.920781504285897,0.928721258172516
"sensitivity_dense_wide",100,200,"n=100, p=200","ar1_rho_0.5","quantile_8","mean_jaccard_s",100,0.984487420791769,0.0226939738840833,0.00226939738840833,0.980039401910488,0.988935439673049
"sensitivity_dense_wide",100,200,"n=100, p=200","ar1_rho_0.5","quantile_8","mean_jaccard_2s",100,0.974129037859894,0.0299963358774282,0.00299963358774282,0.968249756027918,0.98000831969187
"sensitivity_dense_wide",100,200,"n=100, p=200","ar1_rho_0.5","quantile_8","mean_support_f1",100,0.249178879795442,0.0826436938919614,0.00826436938919614,0.232980715792618,0.265377043798267
"sensitivity_dense_wide",100,200,"n=100, p=200","ar1_rho_0.5","quantile_8","mean_rmse",100,5.26474708054509,0.402233426195139,0.0402233426195139,5.18590932901084,5.34358483207934
"sensitivity_dense_wide",100,200,"n=100, p=200","ar1_rho_0.5","quantile_8","f1_lasso",100,0.249,0.0834786611577286,0.00834786611577286,0.232638182413085,0.265361817586915
"sensitivity_dense_wide",100,200,"n=100, p=200","ar1_rho_0.5","quantile_8","f1_lar",100,0.249,0.0834786611577286,0.00834786611577286,0.232638182413085,0.265361817586915
"sensitivity_dense_wide",100,200,"n=100, p=200","ar1_rho_0.5","quantile_8","f1_glmnet",100,0.249536639386327,0.0814292460675213,0.00814292460675213,0.233576507157093,0.265496771615562
"sensitivity_dense_wide",100,200,"n=100, p=200","ar1_rho_0.5","quantile_8","rmse_lasso",100,5.26479054059271,0.402230123100833,0.0402230123100833,5.18595343646495,5.34362764472048
"sensitivity_dense_wide",100,200,"n=100, p=200","ar1_rho_0.5","quantile_8","rmse_lar",100,5.26478765971844,0.402225890279398,0.0402225890279398,5.18595138522368,5.3436239342132
"sensitivity_dense_wide",100,200,"n=100, p=200","ar1_rho_0.5","quantile_8","rmse_glmnet",100,5.26466304132412,0.40225303433527,0.040225303433527,5.18582144659441,5.34350463605383
"sensitivity_dense_wide",100,200,"n=100, p=200","ar1_rho_0.5","quantile_8","elapsed_seconds",100,0.846700000000055,0.250845257946837,0.0250845257946837,0.797534329442475,0.895865670557635
"sensitivity_dense_wide",100,200,"n=100, p=200","ar1_rho_0.5","equal_width_4","mean_entry_tau",100,0.92055569111479,0.019615907879935,0.0019615907879935,0.916710973170323,0.924400409059258
"sensitivity_dense_wide",100,200,"n=100, p=200","ar1_rho_0.5","equal_width_4","mean_jaccard_s",100,0.986763912416086,0.0226143235979852,0.00226143235979852,0.982331504990881,0.991196319841291
"sensitivity_dense_wide",100,200,"n=100, p=200","ar1_rho_0.5","equal_width_4","mean_jaccard_2s",100,0.974373624421838,0.0285344748061371,0.00285344748061371,0.968780867359835,0.979966381483841
"sensitivity_dense_wide",100,200,"n=100, p=200","ar1_rho_0.5","equal_width_4","mean_support_f1",100,0.309478001799045,0.0887172493009709,0.00887172493009709,0.292089420936055,0.326866582662036
"sensitivity_dense_wide",100,200,"n=100, p=200","ar1_rho_0.5","equal_width_4","mean_rmse",100,5.16914066194412,0.393988254721365,0.0393988254721365,5.09191896401874,5.24636235986951
"sensitivity_dense_wide",100,200,"n=100, p=200","ar1_rho_0.5","equal_width_4","f1_lasso",100,0.309,0.0891542755479783,0.00891542755479783,0.291525761992596,0.326474238007404
"sensitivity_dense_wide",100,200,"n=100, p=200","ar1_rho_0.5","equal_width_4","f1_lar",100,0.3095,0.0886757229369112,0.00886757229369112,0.292119558304365,0.326880441695635
"sensitivity_dense_wide",100,200,"n=100, p=200","ar1_rho_0.5","equal_width_4","f1_glmnet",100,0.309934005397136,0.0889634128688131,0.00889634128688131,0.292497176474849,0.327370834319424
"sensitivity_dense_wide",100,200,"n=100, p=200","ar1_rho_0.5","equal_width_4","rmse_lasso",100,5.16850391440201,0.39393179564954,0.039393179564954,5.0912932824547,5.24571454634932
"sensitivity_dense_wide",100,200,"n=100, p=200","ar1_rho_0.5","equal_width_4","rmse_lar",100,5.16873199337817,0.393816242898146,0.0393816242898146,5.09154400977014,5.24591997698621
"sensitivity_dense_wide",100,200,"n=100, p=200","ar1_rho_0.5","equal_width_4","rmse_glmnet",100,5.17018607805219,0.394245016369562,0.0394245016369562,5.09291405484375,5.24745810126062
"sensitivity_dense_wide",100,200,"n=100, p=200","ar1_rho_0.5","equal_width_4","elapsed_seconds",100,0.538299999999836,0.143927977218536,0.0143927977218536,0.510090116465002,0.566509883534669
"sensitivity_dense_wide",100,200,"n=100, p=200","ar1_rho_0.9","original","mean_entry_tau",100,0.82236177903616,0.0330682999259341,0.00330682999259341,0.815880392250677,0.828843165821643
"sensitivity_dense_wide",100,200,"n=100, p=200","ar1_rho_0.9","original","mean_jaccard_s",100,0.918027443570922,0.0702464546521714,0.00702464546521714,0.904259138459096,0.931795748682747
"sensitivity_dense_wide",100,200,"n=100, p=200","ar1_rho_0.9","original","mean_jaccard_2s",100,0.821589527461538,0.0647427980609773,0.00647427980609773,0.808899939041586,0.834279115881489
"sensitivity_dense_wide",100,200,"n=100, p=200","ar1_rho_0.9","original","mean_support_f1",100,0.339323848238482,0.0798758985798588,0.00798758985798588,0.32366817211683,0.354979524360135
"sensitivity_dense_wide",100,200,"n=100, p=200","ar1_rho_0.9","original","mean_rmse",100,3.95359337894128,0.54815380780397,0.054815380780397,3.8461552326117,4.06103152527086
"sensitivity_dense_wide",100,200,"n=100, p=200","ar1_rho_0.9","original","f1_lasso",100,0.3405,0.0812450464690468,0.00812450464690468,0.324575970892067,0.356424029107933
"sensitivity_dense_wide",100,200,"n=100, p=200","ar1_rho_0.9","original","f1_lar",100,0.337,0.0818411864404457,0.00818411864404458,0.320959127457673,0.353040872542327
"sensitivity_dense_wide",100,200,"n=100, p=200","ar1_rho_0.9","original","f1_glmnet",100,0.340471544715447,0.0825445096322422,0.00825445096322422,0.324292820827528,0.356650268603367
"sensitivity_dense_wide",100,200,"n=100, p=200","ar1_rho_0.9","original","rmse_lasso",100,3.92457786237766,0.544614191968956,0.0544614191968956,3.81783348075175,4.03132224400358
"sensitivity_dense_wide",100,200,"n=100, p=200","ar1_rho_0.9","original","rmse_lar",100,3.97180697134211,0.55319888693316,0.055319888693316,3.86337998950321,4.08023395318101
"sensitivity_dense_wide",100,200,"n=100, p=200","ar1_rho_0.9","original","rmse_glmnet",100,3.96439530310406,0.549650679015917,0.0549650679015917,3.85666377001694,4.07212683619118
"sensitivity_dense_wide",100,200,"n=100, p=200","ar1_rho_0.9","original","elapsed_seconds",100,0.683700000000026,0.20880929872126,0.020880929872126,0.642773377450659,0.724626622549393
"sensitivity_dense_wide",100,200,"n=100, p=200","ar1_rho_0.9","quantile_2","mean_entry_tau",100,0.840661066376127,0.0286389797295601,0.00286389797295601,0.835047826349133,0.846274306403121
"sensitivity_dense_wide",100,200,"n=100, p=200","ar1_rho_0.9","quantile_2","mean_jaccard_s",100,0.949543886065625,0.0508528758657935,0.00508528758657935,0.93957672239593,0.959511049735321
"sensitivity_dense_wide",100,200,"n=100, p=200","ar1_rho_0.9","quantile_2","mean_jaccard_2s",100,0.861338727743211,0.0605778815058922,0.00605778815058922,0.849465462968056,0.873211992518366
"sensitivity_dense_wide",100,200,"n=100, p=200","ar1_rho_0.9","quantile_2","mean_support_f1",100,0.291660472319009,0.0799933360645853,0.00799933360645853,0.27598177845035,0.307339166187668
"sensitivity_dense_wide",100,200,"n=100, p=200","ar1_rho_0.9","quantile_2","mean_rmse",100,4.35097308139323,0.563307925504315,0.0563307925504315,4.24056472799438,4.46138143479207
"sensitivity_dense_wide",100,200,"n=100, p=200","ar1_rho_0.9","quantile_2","f1_lasso",100,0.292,0.0812528165789975,0.00812528165789974,0.276074447950516,0.307925552049483
"sensitivity_dense_wide",100,200,"n=100, p=200","ar1_rho_0.9","quantile_2","f1_lar",100,0.29,0.080403025220737,0.0080403025220737,0.274241007056736,0.305758992943264
"sensitivity_dense_wide",100,200,"n=100, p=200","ar1_rho_0.9","quantile_2","f1_glmnet",100,0.292981416957027,0.0806364856027793,0.00806364856027793,0.277176665778882,0.308786168135171
"sensitivity_dense_wide",100,200,"n=100, p=200","ar1_rho_0.9","quantile_2","rmse_lasso",100,4.33479031613287,0.562748870432507,0.0562748870432507,4.2244915375281,4.44508909473764
"sensitivity_dense_wide",100,200,"n=100, p=200","ar1_rho_0.9","quantile_2","rmse_lar",100,4.36233291255062,0.566169361329717,0.0566169361329717,4.25136371772999,4.47330210737124
"sensitivity_dense_wide",100,200,"n=100, p=200","ar1_rho_0.9","quantile_2","rmse_glmnet",100,4.35579601549619,0.563074152861399,0.0563074152861399,4.24543348153536,4.46615854945703
"sensitivity_dense_wide",100,200,"n=100, p=200","ar1_rho_0.9","quantile_2","elapsed_seconds",100,0.616300000000047,0.163735775078079,0.0163735775078079,0.584207788084743,0.64839221191535
"sensitivity_dense_wide",100,200,"n=100, p=200","ar1_rho_0.9","quantile_4","mean_entry_tau",100,0.885913907367304,0.0262537437069634,0.00262537437069634,0.880768173600739,0.891059641133868
"sensitivity_dense_wide",100,200,"n=100, p=200","ar1_rho_0.9","quantile_4","mean_jaccard_s",100,0.971416629023151,0.0427531690214797,0.00427531690214797,0.963037007894941,0.979796250151361
"sensitivity_dense_wide",100,200,"n=100, p=200","ar1_rho_0.9","quantile_4","mean_jaccard_2s",100,0.922714407842357,0.051435627640749,0.0051435627640749,0.91263302482477,0.932795790859944
"sensitivity_dense_wide",100,200,"n=100, p=200","ar1_rho_0.9","quantile_4","mean_support_f1",100,0.228332090862437,0.0824653024159775,0.00824653024159775,0.212168891588905,0.244495290135968
"sensitivity_dense_wide",100,200,"n=100, p=200","ar1_rho_0.9","quantile_4","mean_rmse",100,4.66448683318413,0.618400438235504,0.0618400438235504,4.54328034728997,4.78569331907828
"sensitivity_dense_wide",100,200,"n=100, p=200","ar1_rho_0.9","quantile_4","f1_lasso",100,0.2275,0.0829917240610548,0.00829917240610548,0.211233622084033,0.243766377915967
"sensitivity_dense_wide",100,200,"n=100, p=200","ar1_rho_0.9","quantile_4","f1_lar",100,0.229,0.082321125337107,0.0082321125337107,0.212865059433927,0.245134940566073
"sensitivity_dense_wide",100,200,"n=100, p=200","ar1_rho_0.9","quantile_4","f1_glmnet",100,0.228496272587311,0.0837425765129641,0.00837425765129641,0.21208272759077,0.244909817583852
"sensitivity_dense_wide",100,200,"n=100, p=200","ar1_rho_0.9","quantile_4","rmse_lasso",100,4.6605133469562,0.617964552993606,0.0617964552993606,4.53939229456945,4.78163439934295
"sensitivity_dense_wide",100,200,"n=100, p=200","ar1_rho_0.9","quantile_4","rmse_lar",100,4.66387808683948,0.619861817730316,0.0619861817730316,4.54238517056434,4.78537100311462
"sensitivity_dense_wide",100,200,"n=100, p=200","ar1_rho_0.9","quantile_4","rmse_glmnet",100,4.66906906575669,0.617545344854021,0.0617545344854021,4.5480301781653,4.79010795334808
"sensitivity_dense_wide",100,200,"n=100, p=200","ar1_rho_0.9","quantile_4","elapsed_seconds",100,0.64179999999993,0.173835984465037,0.0173835984465037,0.607728147044783,0.675871852955077
"sensitivity_dense_wide",100,200,"n=100, p=200","ar1_rho_0.9","quantile_8","mean_entry_tau",100,0.904913675605121,0.0195957760859023,0.00195957760859023,0.901072903492284,0.908754447717958
"sensitivity_dense_wide",100,200,"n=100, p=200","ar1_rho_0.9","quantile_8","mean_jaccard_s",100,0.978435284522241,0.0328534945241468,0.00328534945241468,0.971995999595508,0.984874569448974
"sensitivity_dense_wide",100,200,"n=100, p=200","ar1_rho_0.9","quantile_8","mean_jaccard_2s",100,0.944290860489847,0.0437600955978978,0.00437600955978978,0.935713881752659,0.952867839227035
"sensitivity_dense_wide",100,200,"n=100, p=200","ar1_rho_0.9","quantile_8","mean_support_f1",100,0.190052237798125,0.0740584015978335,0.00740584015978335,0.17553679108495,0.204567684511301
"sensitivity_dense_wide",100,200,"n=100, p=200","ar1_rho_0.9","quantile_8","mean_rmse",100,5.02782105343319,0.673892863214016,0.0673892863214016,4.89573805224324,5.15990405462313
"sensitivity_dense_wide",100,200,"n=100, p=200","ar1_rho_0.9","quantile_8","f1_lasso",100,0.19,0.0748736309127626,0.00748736309127626,0.175324768341099,0.204675231658901
"sensitivity_dense_wide",100,200,"n=100, p=200","ar1_rho_0.9","quantile_8","f1_lar",100,0.189,0.0740529431139532,0.00740529431139532,0.174485623149665,0.203514376850335
"sensitivity_dense_wide",100,200,"n=100, p=200","ar1_rho_0.9","quantile_8","f1_glmnet",100,0.191156713394376,0.0745473020826074,0.00745473020826074,0.176545442186185,0.205767984602568
"sensitivity_dense_wide",100,200,"n=100, p=200","ar1_rho_0.9","quantile_8","rmse_lasso",100,5.02432805322055,0.672579080450329,0.0672579080450329,4.89250255345228,5.15615355298881
"sensitivity_dense_wide",100,200,"n=100, p=200","ar1_rho_0.9","quantile_8","rmse_lar",100,5.02742806659795,0.673845072601461,0.0673845072601461,4.89535443236806,5.15950170082784
"sensitivity_dense_wide",100,200,"n=100, p=200","ar1_rho_0.9","quantile_8","rmse_glmnet",100,5.03170704048107,0.675362015281593,0.0675362015281593,4.89933608548587,5.16407799547626
"sensitivity_dense_wide",100,200,"n=100, p=200","ar1_rho_0.9","quantile_8","elapsed_seconds",100,0.889000000000306,0.196260494797576,0.0196260494797576,0.850532943019981,0.92746705698063
"sensitivity_dense_wide",100,200,"n=100, p=200","ar1_rho_0.9","equal_width_4","mean_entry_tau",100,0.880245328447978,0.0251339491240743,0.00251339491240743,0.875319074419659,0.885171582476297
"sensitivity_dense_wide",100,200,"n=100, p=200","ar1_rho_0.9","equal_width_4","mean_jaccard_s",100,0.975656565656566,0.0318745716522261,0.00318745716522261,0.969409149612729,0.981903981700402
"sensitivity_dense_wide",100,200,"n=100, p=200","ar1_rho_0.9","equal_width_4","mean_jaccard_2s",100,0.933154079054064,0.0433145787392899,0.00433145787392899,0.924664421621163,0.941643736486965
"sensitivity_dense_wide",100,200,"n=100, p=200","ar1_rho_0.9","equal_width_4","mean_support_f1",100,0.210031746031746,0.0826532684874034,0.00826532684874034,0.193831705408215,0.226231786655277
"sensitivity_dense_wide",100,200,"n=100, p=200","ar1_rho_0.9","equal_width_4","mean_rmse",100,4.88466651058096,0.66348479107952,0.066348479107952,4.75462349152938,5.01470952963255
"sensitivity_dense_wide",100,200,"n=100, p=200","ar1_rho_0.9","equal_width_4","f1_lasso",100,0.2085,0.0841040120831631,0.00841040120831631,0.1920156136317,0.2249843863683
"sensitivity_dense_wide",100,200,"n=100, p=200","ar1_rho_0.9","equal_width_4","f1_lar",100,0.2095,0.0833924033068536,0.00833924033068536,0.193155088951857,0.225844911048143
"sensitivity_dense_wide",100,200,"n=100, p=200","ar1_rho_0.9","equal_width_4","f1_glmnet",100,0.212095238095238,0.0819040865462394,0.00819040865462394,0.196042037132175,0.228148439058301
"sensitivity_dense_wide",100,200,"n=100, p=200","ar1_rho_0.9","equal_width_4","rmse_lasso",100,4.88062409905604,0.661909483110668,0.0661909483110668,4.75088984036635,5.01035835774573
"sensitivity_dense_wide",100,200,"n=100, p=200","ar1_rho_0.9","equal_width_4","rmse_lar",100,4.88372897632326,0.663930936146392,0.0663930936146392,4.75359851283857,5.01385943980795
"sensitivity_dense_wide",100,200,"n=100, p=200","ar1_rho_0.9","equal_width_4","rmse_glmnet",100,4.88964645636358,0.66482938957895,0.0664829389578949,4.75933989600611,5.01995301672105
"sensitivity_dense_wide",100,200,"n=100, p=200","ar1_rho_0.9","equal_width_4","elapsed_seconds",100,0.646499999999833,0.180746907150395,0.0180746907150395,0.611073606198355,0.68192639380131
"sensitivity_dense_wide",100,200,"n=100, p=200","block","original","mean_entry_tau",100,0.851816935638586,0.0315708354696667,0.00315708354696667,0.845629051886531,0.858004819390641
"sensitivity_dense_wide",100,200,"n=100, p=200","block","original","mean_jaccard_s",100,0.956167018006148,0.0548984678720058,0.00548984678720058,0.945406918303235,0.966927117709062
"sensitivity_dense_wide",100,200,"n=100, p=200","block","original","mean_jaccard_2s",100,0.870286217789867,0.0576424171233536,0.00576424171233536,0.85898830403369,0.881584131546044
"sensitivity_dense_wide",100,200,"n=100, p=200","block","original","mean_support_f1",100,0.372916848985766,0.0903869044155441,0.00903869044155441,0.355201015720319,0.390632682251212
"sensitivity_dense_wide",100,200,"n=100, p=200","block","original","mean_rmse",100,3.94985032877731,0.500087545019488,0.0500087545019488,3.85183316995349,4.04786748760112
"sensitivity_dense_wide",100,200,"n=100, p=200","block","original","f1_lasso",100,0.374,0.0905873092991541,0.00905873092991541,0.356244887377366,0.391755112622634
"sensitivity_dense_wide",100,200,"n=100, p=200","block","original","f1_lar",100,0.3695,0.0904240850189547,0.00904240850189547,0.351776879336285,0.387223120663715
"sensitivity_dense_wide",100,200,"n=100, p=200","block","original","f1_glmnet",100,0.375250546957297,0.0919445815058449,0.00919445815058449,0.357229408982151,0.393271684932442
"sensitivity_dense_wide",100,200,"n=100, p=200","block","original","rmse_lasso",100,3.93523740927025,0.499621006079626,0.0499621006079626,3.83731169207865,4.03316312646186
"sensitivity_dense_wide",100,200,"n=100, p=200","block","original","rmse_lar",100,3.95309564677228,0.500976297966902,0.0500976297966902,3.85490429237077,4.05128700117379
"sensitivity_dense_wide",100,200,"n=100, p=200","block","original","rmse_glmnet",100,3.96121793028938,0.501331806240152,0.0501331806240152,3.86295689626631,4.05947896431245
"sensitivity_dense_wide",100,200,"n=100, p=200","block","original","elapsed_seconds",100,0.553700000000135,0.140156153895572,0.0140156153895572,0.526229393836603,0.581170606163667
"sensitivity_dense_wide",100,200,"n=100, p=200","block","quantile_2","mean_entry_tau",100,0.852040783912924,0.0288541888922231,0.00288541888922231,0.846385362890048,0.8576962049358
"sensitivity_dense_wide",100,200,"n=100, p=200","block","quantile_2","mean_jaccard_s",100,0.961668156722504,0.0505154663287399,0.00505154663287399,0.951767125322072,0.971569188122937
"sensitivity_dense_wide",100,200,"n=100, p=200","block","quantile_2","mean_jaccard_2s",100,0.881219561008776,0.0616521223440511,0.00616521223440511,0.869135745029342,0.89330337698821
"sensitivity_dense_wide",100,200,"n=100, p=200","block","quantile_2","mean_support_f1",100,0.309953542392567,0.0776640461514914,0.00776640461514914,0.294731389346874,0.325175695438259
"sensitivity_dense_wide",100,200,"n=100, p=200","block","quantile_2","mean_rmse",100,4.35298708676233,0.54737544505557,0.054737544505557,4.24570149953144,4.46027267399322
"sensitivity_dense_wide",100,200,"n=100, p=200","block","quantile_2","f1_lasso",100,0.311,0.0783607302186755,0.00783607302186755,0.29564129687714,0.32635870312286
"sensitivity_dense_wide",100,200,"n=100, p=200","block","quantile_2","f1_lar",100,0.3075,0.0789370673768706,0.00789370673768706,0.292028334794133,0.322971665205867
"sensitivity_dense_wide",100,200,"n=100, p=200","block","quantile_2","f1_glmnet",100,0.3113606271777,0.0775108102997529,0.00775108102997529,0.296168508358949,0.326552745996452
"sensitivity_dense_wide",100,200,"n=100, p=200","block","quantile_2","rmse_lasso",100,4.3427289077076,0.546640996358195,0.0546640996358195,4.23558727242139,4.44987054299381
"sensitivity_dense_wide",100,200,"n=100, p=200","block","quantile_2","rmse_lar",100,4.3553754693037,0.547502220727447,0.0547502220727447,4.24806503404113,4.46268590456628
"sensitivity_dense_wide",100,200,"n=100, p=200","block","quantile_2","rmse_glmnet",100,4.36085688327569,0.548702279129867,0.0548702279129867,4.25331123656624,4.46840252998514
"sensitivity_dense_wide",100,200,"n=100, p=200","block","quantile_2","elapsed_seconds",100,0.571199999999808,0.145486158180904,0.0145486158180904,0.542684712996351,0.599715287003265
"sensitivity_dense_wide",100,200,"n=100, p=200","block","quantile_4","mean_entry_tau",100,0.891128341684734,0.0258685940003234,0.00258685940003234,0.886058097260671,0.896198586108798
"sensitivity_dense_wide",100,200,"n=100, p=200","block","quantile_4","mean_jaccard_s",100,0.977959094046051,0.0342140117994923,0.00342140117994923,0.97125314773335,0.984665040358751
"sensitivity_dense_wide",100,200,"n=100, p=200","block","quantile_4","mean_jaccard_2s",100,0.930574010400687,0.0504747896488027,0.00504747896488027,0.920680951629522,0.940467069171853
"sensitivity_dense_wide",100,200,"n=100, p=200","block","quantile_4","mean_support_f1",100,0.250113740107501,0.0792266029667845,0.00792266029667845,0.234585325926011,0.265642154288991
"sensitivity_dense_wide",100,200,"n=100, p=200","block","quantile_4","mean_rmse",100,4.67713263016622,0.576477274920572,0.0576477274920572,4.56414308428178,4.79012217605065
"sensitivity_dense_wide",100,200,"n=100, p=200","block","quantile_4","f1_lasso",100,0.2515,0.081170415568952,0.0081170415568952,0.235590598548485,0.267409401451515
"sensitivity_dense_wide",100,200,"n=100, p=200","block","quantile_4","f1_lar",100,0.2475,0.0792563288108001,0.00792563288108001,0.231965759553083,0.263034240446917
"sensitivity_dense_wide",100,200,"n=100, p=200","block","quantile_4","f1_glmnet",100,0.251341220322502,0.0786106194892125,0.00786106194892125,0.235933538902617,0.266748901742388
"sensitivity_dense_wide",100,200,"n=100, p=200","block","quantile_4","rmse_lasso",100,4.67219533279749,0.576044619038234,0.0576044619038234,4.559290587466,4.78510007812899
"sensitivity_dense_wide",100,200,"n=100, p=200","block","quantile_4","rmse_lar",100,4.67566119890987,0.576223757744,0.0576223757744,4.56272134239204,4.78860105542769
"sensitivity_dense_wide",100,200,"n=100, p=200","block","quantile_4","rmse_glmnet",100,4.68354135879129,0.577516963889729,0.0577516963889729,4.5703480338689,4.79673468371368
"sensitivity_dense_wide",100,200,"n=100, p=200","block","quantile_4","elapsed_seconds",100,0.651599999999889,0.160666037971883,0.0160666037971883,0.6201094565574,0.683090543442379
"sensitivity_dense_wide",100,200,"n=100, p=200","block","quantile_8","mean_entry_tau",100,0.913187684319669,0.0227212936056604,0.00227212936056604,0.908734310772959,0.917641057866378
"sensitivity_dense_wide",100,200,"n=100, p=200","block","quantile_8","mean_jaccard_s",100,0.988023088023088,0.0218038010487768,0.00218038010487768,0.983749543017528,0.992296633028648
"sensitivity_dense_wide",100,200,"n=100, p=200","block","quantile_8","mean_jaccard_2s",100,0.960265760268596,0.0327253264797277,0.00327253264797277,0.95385159627857,0.966679924258623
"sensitivity_dense_wide",100,200,"n=100, p=200","block","quantile_8","mean_support_f1",100,0.192018583042973,0.0750029577511931,0.00750029577511931,0.177318003323739,0.206719162762207
"sensitivity_dense_wide",100,200,"n=100, p=200","block","quantile_8","mean_rmse",100,5.00522663780836,0.626547414326994,0.0626547414326994,4.88242334460027,5.12802993101645
"sensitivity_dense_wide",100,200,"n=100, p=200","block","quantile_8","f1_lasso",100,0.192,0.0757854494176444,0.00757854494176444,0.177146051914142,0.206853948085858
"sensitivity_dense_wide",100,200,"n=100, p=200","block","quantile_8","f1_lar",100,0.1905,0.0754431353183752,0.00754431353183752,0.175713145477598,0.205286854522402
"sensitivity_dense_wide",100,200,"n=100, p=200","block","quantile_8","f1_glmnet",100,0.19355574912892,0.0745611808495909,0.00745611808495909,0.1789417576824,0.20816974057544
"sensitivity_dense_wide",100,200,"n=100, p=200","block","quantile_8","rmse_lasso",100,5.00320904042522,0.626153000652695,0.0626153000652695,4.88048305229729,5.12593502855315
"sensitivity_dense_wide",100,200,"n=100, p=200","block","quantile_8","rmse_lar",100,5.00413332982162,0.625995593552759,0.0625995593552759,4.88143819348528,5.12682846615796
"sensitivity_dense_wide",100,200,"n=100, p=200","block","quantile_8","rmse_glmnet",100,5.00833754317824,0.627540916861914,0.0627540916861914,4.88533952347331,5.13133556288318
"sensitivity_dense_wide",100,200,"n=100, p=200","block","quantile_8","elapsed_seconds",100,0.928799999999865,0.204708612817197,0.0204708612817197,0.888677111887694,0.968922888112035
"sensitivity_dense_wide",100,200,"n=100, p=200","block","equal_width_4","mean_entry_tau",100,0.891383771186517,0.0243927462621964,0.00243927462621964,0.886602792919126,0.896164749453908
"sensitivity_dense_wide",100,200,"n=100, p=200","block","equal_width_4","mean_jaccard_s",100,0.975509442248573,0.0351837687551917,0.00351837687551917,0.968613423572555,0.98240546092459
"sensitivity_dense_wide",100,200,"n=100, p=200","block","equal_width_4","mean_jaccard_2s",100,0.941202397560398,0.0512606486344166,0.00512606486344166,0.931155310428052,0.951249484692743
"sensitivity_dense_wide",100,200,"n=100, p=200","block","equal_width_4","mean_support_f1",100,0.221376306620209,0.0747336679071514,0.00747336679071514,0.206728507710407,0.236024105530011
"sensitivity_dense_wide",100,200,"n=100, p=200","block","equal_width_4","mean_rmse",100,4.86472515236348,0.621439074766755,0.0621439074766755,4.7429230937092,4.98652721101776
"sensitivity_dense_wide",100,200,"n=100, p=200","block","equal_width_4","f1_lasso",100,0.2215,0.0756303477114147,0.00756303477114147,0.206676451848563,0.236323548151437
"sensitivity_dense_wide",100,200,"n=100, p=200","block","equal_width_4","f1_lar",100,0.222,0.0746439359339871,0.00746439359339871,0.207369788556939,0.236630211443061
"sensitivity_dense_wide",100,200,"n=100, p=200","block","equal_width_4","f1_glmnet",100,0.220628919860627,0.07492348200371,0.007492348200371,0.2059439173879,0.235313922333354
"sensitivity_dense_wide",100,200,"n=100, p=200","block","equal_width_4","rmse_lasso",100,4.86018256705348,0.62114178356079,0.062114178356079,4.73843877747556,4.98192635663139
"sensitivity_dense_wide",100,200,"n=100, p=200","block","equal_width_4","rmse_lar",100,4.86466895310818,0.621438304638777,0.0621438304638777,4.74286704539898,4.98647086081738
"sensitivity_dense_wide",100,200,"n=100, p=200","block","equal_width_4","rmse_glmnet",100,4.86932393692878,0.622010069025383,0.0622010069025383,4.74740996339981,4.99123791045776
"sensitivity_dense_wide",100,200,"n=100, p=200","block","equal_width_4","elapsed_seconds",100,0.67380000000001,0.15371349447526,0.015371349447526,0.643672155082859,0.703927844917161
"sensitivity_dense_wide",500,100,"n=500, p=100","independent","original","mean_entry_tau",100,0.998448007485463,0.000407156596186231,4.07156596186231e-05,0.99836820479261,0.998527810178315
"sensitivity_dense_wide",500,100,"n=500, p=100","independent","original","mean_jaccard_s",100,1,0,0,1,1
"sensitivity_dense_wide",500,100,"n=500, p=100","independent","original","mean_jaccard_2s",100,0.9900395256917,0.0183943149213351,0.00183943149213351,0.986434239967118,0.993644811416281
"sensitivity_dense_wide",500,100,"n=500, p=100","independent","original","mean_support_f1",100,1,0,0,1,1
"sensitivity_dense_wide",500,100,"n=500, p=100","independent","original","mean_rmse",100,2.24552259154451,0.210879798787794,0.0210879798787794,2.20419015098211,2.28685503210692
"sensitivity_dense_wide",500,100,"n=500, p=100","independent","original","f1_lasso",100,1,0,0,1,1
"sensitivity_dense_wide",500,100,"n=500, p=100","independent","original","f1_lar",100,1,0,0,1,1
"sensitivity_dense_wide",500,100,"n=500, p=100","independent","original","f1_glmnet",100,1,0,0,1,1
"sensitivity_dense_wide",500,100,"n=500, p=100","independent","original","rmse_lasso",100,2.08147639457665,0.202787562616326,0.0202787562616326,2.04173003230385,2.12122275684945
"sensitivity_dense_wide",500,100,"n=500, p=100","independent","original","rmse_lar",100,2.08147639457665,0.202787562616326,0.0202787562616326,2.04173003230385,2.12122275684945
"sensitivity_dense_wide",500,100,"n=500, p=100","independent","original","rmse_glmnet",100,2.57361498548023,0.283852846163409,0.0283852846163409,2.5179798276322,2.62925014332826
"sensitivity_dense_wide",500,100,"n=500, p=100","independent","original","elapsed_seconds",100,0.28270000000015,0.0526635020147783,0.00526635020147783,0.272377953605253,0.293022046395046
"sensitivity_dense_wide",500,100,"n=500, p=100","independent","quantile_2","mean_entry_tau",100,0.997580970123592,0.000944835172723727,9.44835172723727e-05,0.997395782429738,0.997766157817446
"sensitivity_dense_wide",500,100,"n=500, p=100","independent","quantile_2","mean_jaccard_s",100,1,0,0,1,1
"sensitivity_dense_wide",500,100,"n=500, p=100","independent","quantile_2","mean_jaccard_2s",100,0.992467532467532,0.0154023698173168,0.00154023698173168,0.989448667983338,0.995486396951727
"sensitivity_dense_wide",500,100,"n=500, p=100","independent","quantile_2","mean_support_f1",100,0.995,0.021904291355759,0.0021904291355759,0.990706758894271,0.999293241105729
"sensitivity_dense_wide",500,100,"n=500, p=100","independent","quantile_2","mean_rmse",100,2.61244794096094,0.294923186300373,0.0294923186300373,2.55464299644606,2.67025288547581
"sensitivity_dense_wide",500,100,"n=500, p=100","independent","quantile_2","f1_lasso",100,0.995,0.021904291355759,0.0021904291355759,0.990706758894271,0.999293241105729
"sensitivity_dense_wide",500,100,"n=500, p=100","independent","quantile_2","f1_lar",100,0.995,0.021904291355759,0.0021904291355759,0.990706758894271,0.999293241105729
"sensitivity_dense_wide",500,100,"n=500, p=100","independent","quantile_2","f1_glmnet",100,0.995,0.021904291355759,0.0021904291355759,0.990706758894271,0.999293241105729
"sensitivity_dense_wide",500,100,"n=500, p=100","independent","quantile_2","rmse_lasso",100,2.57157910030563,0.297758287984301,0.0297758287984301,2.5132184758607,2.62993972475055
"sensitivity_dense_wide",500,100,"n=500, p=100","independent","quantile_2","rmse_lar",100,2.57157910030563,0.297758287984301,0.0297758287984301,2.5132184758607,2.62993972475055
"sensitivity_dense_wide",500,100,"n=500, p=100","independent","quantile_2","rmse_glmnet",100,2.69418562227156,0.30754963757468,0.030754963757468,2.63390589330692,2.75446535123619
"sensitivity_dense_wide",500,100,"n=500, p=100","independent","quantile_2","elapsed_seconds",100,0.974999999999964,0.154661572539086,0.0154661572539086,0.944686331782303,1.00531366821762
"sensitivity_dense_wide",500,100,"n=500, p=100","independent","quantile_4","mean_entry_tau",100,0.996693986683869,0.00109765294247909,0.000109765294247909,0.996478846707143,0.996909126660595
"sensitivity_dense_wide",500,100,"n=500, p=100","independent","quantile_4","mean_jaccard_s",100,0.998787878787879,0.00852759358401757,0.000852759358401757,0.997116470445411,1.00045928713035
"sensitivity_dense_wide",500,100,"n=500, p=100","independent","quantile_4","mean_jaccard_2s",100,0.9903281259803,0.0178087588851384,0.00178087588851384,0.986837609238813,0.993818642721787
"sensitivity_dense_wide",500,100,"n=500, p=100","independent","quantile_4","mean_support_f1",100,0.983698412698413,0.0397897253713444,0.00397897253713444,0.975899626525629,0.991497198871196
"sensitivity_dense_wide",500,100,"n=500, p=100","independent","quantile_4","mean_rmse",100,2.77515139763636,0.300449644477152,0.0300449644477152,2.71626326731884,2.83403952795388
"sensitivity_dense_wide",500,100,"n=500, p=100","independent","quantile_4","f1_lasso",100,0.984,0.0394917201397452,0.00394917201397452,0.97625962285261,0.99174037714739
"sensitivity_dense_wide",500,100,"n=500, p=100","independent","quantile_4","f1_lar",100,0.984,0.0394917201397452,0.00394917201397452,0.97625962285261,0.99174037714739
"sensitivity_dense_wide",500,100,"n=500, p=100","independent","quantile_4","f1_glmnet",100,0.983095238095238,0.040713167583779,0.0040713167583779,0.975115457248817,0.991075018941659
"sensitivity_dense_wide",500,100,"n=500, p=100","independent","quantile_4","rmse_lasso",100,2.74817292581739,0.297372633861928,0.0297372633861928,2.68988788958045,2.80645796205433
"sensitivity_dense_wide",500,100,"n=500, p=100","independent","quantile_4","rmse_lar",100,2.74817292581739,0.297372633861928,0.0297372633861928,2.68988788958045,2.80645796205433
"sensitivity_dense_wide",500,100,"n=500, p=100","independent","quantile_4","rmse_glmnet",100,2.8291083412743,0.314648173789768,0.0314648173789768,2.76743729921151,2.8907793833371
"sensitivity_dense_wide",500,100,"n=500, p=100","independent","quantile_4","elapsed_seconds",100,4.98260000000028,0.672435074407153,0.0672435074407153,4.85080272541647,5.11439727458408
"sensitivity_dense_wide",500,100,"n=500, p=100","independent","quantile_8","mean_entry_tau",100,0.995936838378828,0.00214813793873808,0.000214813793873808,0.995515803342835,0.996357873414821
"sensitivity_dense_wide",500,100,"n=500, p=100","independent","quantile_8","mean_jaccard_s",100,0.994545454545455,0.0174317267433128,0.00174317267433128,0.991128836103765,0.997962072987144
"sensitivity_dense_wide",500,100,"n=500, p=100","independent","quantile_8","mean_jaccard_2s",100,0.99038961038961,0.0188738383910234,0.00188738383910234,0.98669033806497,0.994088882714251
"sensitivity_dense_wide",500,100,"n=500, p=100","independent","quantile_8","mean_support_f1",100,0.904968253968254,0.0719769995688334,0.00719769995688334,0.890860762052763,0.919075745883745
"sensitivity_dense_wide",500,100,"n=500, p=100","independent","quantile_8","mean_rmse",100,3.13085082328519,0.31646547384133,0.031646547384133,3.06882359041229,3.19287805615809
"sensitivity_dense_wide",500,100,"n=500, p=100","independent","quantile_8","f1_lasso",100,0.905,0.0729950876996721,0.00729950876996721,0.890692962810864,0.919307037189136
"sensitivity_dense_wide",500,100,"n=500, p=100","independent","quantile_8","f1_lar",100,0.905,0.0729950876996721,0.00729950876996721,0.890692962810864,0.919307037189136
"sensitivity_dense_wide",500,100,"n=500, p=100","independent","quantile_8","f1_glmnet",100,0.904904761904762,0.0709716183636888,0.00709716183636888,0.890994324705479,0.918815199104045
"sensitivity_dense_wide",500,100,"n=500, p=100","independent","quantile_8","rmse_lasso",100,3.12472923711199,0.316787280428079,0.0316787280428079,3.06263893014809,3.1868195440759
"sensitivity_dense_wide",500,100,"n=500, p=100","independent","quantile_8","rmse_lar",100,3.12472923711199,0.316787280428079,0.0316787280428079,3.06263893014809,3.1868195440759
"sensitivity_dense_wide",500,100,"n=500, p=100","independent","quantile_8","rmse_glmnet",100,3.14309399563159,0.316560264641946,0.0316560264641946,3.08104818376177,3.20513980750141
"sensitivity_dense_wide",500,100,"n=500, p=100","independent","quantile_8","elapsed_seconds",100,12.9808000000002,1.6945776149026,0.16945776149026,12.6486627874793,13.3129372125211
"sensitivity_dense_wide",500,100,"n=500, p=100","independent","equal_width_4","mean_entry_tau",100,0.99652814088527,0.00165791068183826,0.000165791068183826,0.996203190391629,0.99685309137891
"sensitivity_dense_wide",500,100,"n=500, p=100","independent","equal_width_4","mean_jaccard_s",100,0.995353535353535,0.0193909207595336,0.00193909207595336,0.991552914884667,0.999154155822404
"sensitivity_dense_wide",500,100,"n=500, p=100","independent","equal_width_4","mean_jaccard_2s",100,0.991197691197691,0.0160312357404044,0.00160312357404044,0.988055568992572,0.99433981340281
"sensitivity_dense_wide",500,100,"n=500, p=100","independent","equal_width_4","mean_support_f1",100,0.947805194805195,0.05946822220887,0.005946822220887,0.936149423252256,0.959460966358133
"sensitivity_dense_wide",500,100,"n=500, p=100","independent","equal_width_4","mean_rmse",100,2.98559597506007,0.331711673866166,0.0331711673866166,2.92058048698231,3.05061146313784
"sensitivity_dense_wide",500,100,"n=500, p=100","independent","equal_width_4","f1_lasso",100,0.948,0.0594248528085104,0.00594248528085104,0.936352728849532,0.959647271150468
"sensitivity_dense_wide",500,100,"n=500, p=100","independent","equal_width_4","f1_lar",100,0.948,0.0594248528085104,0.00594248528085104,0.936352728849532,0.959647271150468
"sensitivity_dense_wide",500,100,"n=500, p=100","independent","equal_width_4","f1_glmnet",100,0.947415584415584,0.060471307343208,0.0060471307343208,0.935563208176316,0.959267960654853
"sensitivity_dense_wide",500,100,"n=500, p=100","independent","equal_width_4","rmse_lasso",100,2.97726707611329,0.332263693449541,0.0332263693449541,2.91214339219718,3.0423907600294
"sensitivity_dense_wide",500,100,"n=500, p=100","independent","equal_width_4","rmse_lar",100,2.97726707611329,0.332263693449541,0.0332263693449541,2.91214339219718,3.0423907600294
"sensitivity_dense_wide",500,100,"n=500, p=100","independent","equal_width_4","rmse_glmnet",100,3.00225377295365,0.332409634423431,0.0332409634423431,2.93710148460665,3.06740606130064
"sensitivity_dense_wide",500,100,"n=500, p=100","independent","equal_width_4","elapsed_seconds",100,4.84460000000028,0.717449776512824,0.0717449776512824,4.70397984380377,4.9852201561968
"sensitivity_dense_wide",500,100,"n=500, p=100","ar1_rho_0.5","original","mean_entry_tau",100,0.997942704392039,0.00141794226771725,0.000141794226771725,0.997664787707567,0.998220621076512
"sensitivity_dense_wide",500,100,"n=500, p=100","ar1_rho_0.5","original","mean_jaccard_s",100,0.998181818181818,0.0103907035150161,0.00103907035150161,0.996145240292875,1.00021839607076
"sensitivity_dense_wide",500,100,"n=500, p=100","ar1_rho_0.5","original","mean_jaccard_2s",100,0.993997113997114,0.0131818706169971,0.00131818706169971,0.991413467356183,0.996580760638045
"sensitivity_dense_wide",500,100,"n=500, p=100","ar1_rho_0.5","original","mean_support_f1",100,0.980190476190476,0.0395218680886437,0.00395218680886437,0.972444190045102,0.98793676233585
"sensitivity_dense_wide",500,100,"n=500, p=100","ar1_rho_0.5","original","mean_rmse",100,2.30456237922811,0.283207705213998,0.0283207705213998,2.24905366900617,2.36007108945006
"sensitivity_dense_wide",500,100,"n=500, p=100","ar1_rho_0.5","original","f1_lasso",100,0.98,0.0402015126103685,0.00402015126103685,0.972120503528368,0.987879496471632
"sensitivity_dense_wide",500,100,"n=500, p=100","ar1_rho_0.5","original","f1_lar",100,0.98,0.0402015126103685,0.00402015126103685,0.972120503528368,0.987879496471632
"sensitivity_dense_wide",500,100,"n=500, p=100","ar1_rho_0.5","original","f1_glmnet",100,0.980571428571429,0.038802241723344,0.0038802241723344,0.972966189193653,0.988176667949204
"sensitivity_dense_wide",500,100,"n=500, p=100","ar1_rho_0.5","original","rmse_lasso",100,2.20040875710752,0.276901197310202,0.0276901197310202,2.14613612243472,2.25468139178032
"sensitivity_dense_wide",500,100,"n=500, p=100","ar1_rho_0.5","original","rmse_lar",100,2.20040875710752,0.276901197310202,0.0276901197310202,2.14613612243472,2.25468139178032
"sensitivity_dense_wide",500,100,"n=500, p=100","ar1_rho_0.5","original","rmse_glmnet",100,2.51286962346931,0.366112432183076,0.0366112432183076,2.44111158676142,2.58462766017719
"sensitivity_dense_wide",500,100,"n=500, p=100","ar1_rho_0.5","original","elapsed_seconds",100,0.333499999999913,0.0831497978884364,0.00831497978884365,0.317202639613779,0.349797360386046
"sensitivity_dense_wide",500,100,"n=500, p=100","ar1_rho_0.5","quantile_2","mean_entry_tau",100,0.997017831579944,0.00195987462254931,0.000195987462254931,0.996633696153924,0.997401967005963
"sensitivity_dense_wide",500,100,"n=500, p=100","ar1_rho_0.5","quantile_2","mean_jaccard_s",100,0.997070707070707,0.0150778743017043,0.00150778743017043,0.994115443707573,1.00002597043384
"sensitivity_dense_wide",500,100,"n=500, p=100","ar1_rho_0.5","quantile_2","mean_jaccard_2s",100,0.993708513708514,0.0140392227239936,0.00140392227239936,0.990956826054611,0.996460201362417
"sensitivity_dense_wide",500,100,"n=500, p=100","ar1_rho_0.5","quantile_2","mean_support_f1",100,0.954282828282828,0.0551603994788281,0.00551603994788281,0.943471389984978,0.965094266580679
"sensitivity_dense_wide",500,100,"n=500, p=100","ar1_rho_0.5","quantile_2","mean_rmse",100,2.61743159146465,0.379370481510931,0.0379370481510931,2.54307497708851,2.69178820584079
"sensitivity_dense_wide",500,100,"n=500, p=100","ar1_rho_0.5","quantile_2","f1_lasso",100,0.954,0.0558135423992378,0.00558135423992378,0.943060545689749,0.964939454310251
"sensitivity_dense_wide",500,100,"n=500, p=100","ar1_rho_0.5","quantile_2","f1_lar",100,0.954,0.0558135423992378,0.00558135423992378,0.943060545689749,0.964939454310251
"sensitivity_dense_wide",500,100,"n=500, p=100","ar1_rho_0.5","quantile_2","f1_glmnet",100,0.954848484848485,0.0543348967444409,0.00543348967444409,0.944198845086574,0.965498124610395
"sensitivity_dense_wide",500,100,"n=500, p=100","ar1_rho_0.5","quantile_2","rmse_lasso",100,2.59453832293353,0.380468731645413,0.0380468731645413,2.51996645153103,2.66911019433603
"sensitivity_dense_wide",500,100,"n=500, p=100","ar1_rho_0.5","quantile_2","rmse_lar",100,2.59453832293353,0.380468731645413,0.0380468731645413,2.51996645153103,2.66911019433603
"sensitivity_dense_wide",500,100,"n=500, p=100","ar1_rho_0.5","quantile_2","rmse_glmnet",100,2.66321812852688,0.381348254613117,0.0381348254613117,2.58847387062271,2.73796238643106
"sensitivity_dense_wide",500,100,"n=500, p=100","ar1_rho_0.5","quantile_2","elapsed_seconds",100,1.15059999999998,0.284437492023525,0.0284437492023525,1.09485025156337,1.20634974843659
"sensitivity_dense_wide",500,100,"n=500, p=100","ar1_rho_0.5","quantile_4","mean_entry_tau",100,0.994459010760765,0.00647324531263171,0.000647324531263171,0.993190254679489,0.995727766842041
"sensitivity_dense_wide",500,100,"n=500, p=100","ar1_rho_0.5","quantile_4","mean_jaccard_s",100,0.996363636363636,0.0144656519136935,0.00144656519136935,0.993528368588552,0.99919890413872
"sensitivity_dense_wide",500,100,"n=500, p=100","ar1_rho_0.5","quantile_4","mean_jaccard_2s",100,0.98963924963925,0.017160303856256,0.0017160303856256,0.986275830083423,0.993002669195076
"sensitivity_dense_wide",500,100,"n=500, p=100","ar1_rho_0.5","quantile_4","mean_support_f1",100,0.895492063492064,0.0749717882998322,0.00749717882998322,0.880797592985296,0.910186533998831
"sensitivity_dense_wide",500,100,"n=500, p=100","ar1_rho_0.5","quantile_4","mean_rmse",100,2.82775882276891,0.376825049967984,0.0376825049967984,2.75390111297519,2.90161653256264
"sensitivity_dense_wide",500,100,"n=500, p=100","ar1_rho_0.5","quantile_4","f1_lasso",100,0.895,0.0757121075675696,0.00757121075675696,0.880160426916756,0.909839573083244
"sensitivity_dense_wide",500,100,"n=500, p=100","ar1_rho_0.5","quantile_4","f1_lar",100,0.895,0.0757121075675696,0.00757121075675696,0.880160426916756,0.909839573083244
"sensitivity_dense_wide",500,100,"n=500, p=100","ar1_rho_0.5","quantile_4","f1_glmnet",100,0.896476190476191,0.0742064302304501,0.00742064302304501,0.881931730151022,0.911020650801359
"sensitivity_dense_wide",500,100,"n=500, p=100","ar1_rho_0.5","quantile_4","rmse_lasso",100,2.811201344476,0.375494427171234,0.0375494427171234,2.73760443675044,2.88479825220157
"sensitivity_dense_wide",500,100,"n=500, p=100","ar1_rho_0.5","quantile_4","rmse_lar",100,2.811201344476,0.375494427171234,0.0375494427171234,2.73760443675044,2.88479825220157
"sensitivity_dense_wide",500,100,"n=500, p=100","ar1_rho_0.5","quantile_4","rmse_glmnet",100,2.86087377935472,0.381987637583995,0.0381987637583995,2.78600420238826,2.93574335632119
"sensitivity_dense_wide",500,100,"n=500, p=100","ar1_rho_0.5","quantile_4","elapsed_seconds",100,5.5290000000002,0.997842622355716,0.0997842622355716,5.33342284601848,5.72457715398192
"sensitivity_dense_wide",500,100,"n=500, p=100","ar1_rho_0.5","quantile_8","mean_entry_tau",100,0.993991804511962,0.00691328315354428,0.000691328315354428,0.992636801013867,0.995346808010057
"sensitivity_dense_wide",500,100,"n=500, p=100","ar1_rho_0.5","quantile_8","mean_jaccard_s",100,0.99030303030303,0.0223304817683316,0.00223304817683316,0.985926255876437,0.994679804729623
"sensitivity_dense_wide",500,100,"n=500, p=100","ar1_rho_0.5","quantile_8","mean_jaccard_2s",100,0.99024531024531,0.0164221917532384,0.00164221917532384,0.987026560661675,0.993464059828945
"sensitivity_dense_wide",500,100,"n=500, p=100","ar1_rho_0.5","quantile_8","mean_support_f1",100,0.807968253968254,0.0802404760203549,0.00802404760203549,0.792241120668264,0.823695387268244
"sensitivity_dense_wide",500,100,"n=500, p=100","ar1_rho_0.5","quantile_8","mean_rmse",100,3.20497307842541,0.372853788813678,0.0372853788813678,3.13189373581793,3.27805242103289
"sensitivity_dense_wide",500,100,"n=500, p=100","ar1_rho_0.5","quantile_8","f1_lasso",100,0.808,0.0812528165789975,0.00812528165789975,0.792074447950517,0.823925552049484
"sensitivity_dense_wide",500,100,"n=500, p=100","ar1_rho_0.5","quantile_8","f1_lar",100,0.808,0.0812528165789975,0.00812528165789975,0.792074447950517,0.823925552049484
"sensitivity_dense_wide",500,100,"n=500, p=100","ar1_rho_0.5","quantile_8","f1_glmnet",100,0.807904761904762,0.0797428814370256,0.00797428814370256,0.792275157143105,0.823534366666419
"sensitivity_dense_wide",500,100,"n=500, p=100","ar1_rho_0.5","quantile_8","rmse_lasso",100,3.19906964537992,0.372333538217312,0.0372333538217312,3.12609227188933,3.27204701887052
"sensitivity_dense_wide",500,100,"n=500, p=100","ar1_rho_0.5","quantile_8","rmse_lar",100,3.19906964537992,0.372333538217312,0.0372333538217312,3.12609227188933,3.27204701887052
"sensitivity_dense_wide",500,100,"n=500, p=100","ar1_rho_0.5","quantile_8","rmse_glmnet",100,3.21677994451637,0.374519416872329,0.0374519416872329,3.1433741388094,3.29018575022335
"sensitivity_dense_wide",500,100,"n=500, p=100","ar1_rho_0.5","quantile_8","elapsed_seconds",100,13.9061,2.33071710255036,0.233071710255036,13.4492794479001,14.3629205520998
"sensitivity_dense_wide",500,100,"n=500, p=100","ar1_rho_0.5","equal_width_4","mean_entry_tau",100,0.994300456545908,0.00482325922921757,0.000482325922921757,0.993355097736981,0.995245815354834
"sensitivity_dense_wide",500,100,"n=500, p=100","ar1_rho_0.5","equal_width_4","mean_jaccard_s",100,0.998181818181818,0.0103907035150161,0.00103907035150161,0.996145240292875,1.00021839607076
"sensitivity_dense_wide",500,100,"n=500, p=100","ar1_rho_0.5","equal_width_4","mean_jaccard_2s",100,0.990815295815296,0.017541042947287,0.0017541042947287,0.987377251397628,0.994253340232964
"sensitivity_dense_wide",500,100,"n=500, p=100","ar1_rho_0.5","equal_width_4","mean_support_f1",100,0.814285714285714,0.0827921300705976,0.00827921300705976,0.798058456791877,0.830512971779552
"sensitivity_dense_wide",500,100,"n=500, p=100","ar1_rho_0.5","equal_width_4","mean_rmse",100,3.16745661608275,0.407360916402139,0.0407360916402139,3.08761387646793,3.24729935569757
"sensitivity_dense_wide",500,100,"n=500, p=100","ar1_rho_0.5","equal_width_4","f1_lasso",100,0.814,0.0829019135649309,0.00829019135649309,0.797751224941274,0.830248775058727
"sensitivity_dense_wide",500,100,"n=500, p=100","ar1_rho_0.5","equal_width_4","f1_lar",100,0.814,0.0829019135649309,0.00829019135649309,0.797751224941274,0.830248775058727
"sensitivity_dense_wide",500,100,"n=500, p=100","ar1_rho_0.5","equal_width_4","f1_glmnet",100,0.814857142857143,0.0829031844789301,0.00829031844789301,0.798608118699273,0.831106167015013
"sensitivity_dense_wide",500,100,"n=500, p=100","ar1_rho_0.5","equal_width_4","rmse_lasso",100,3.1615559653322,0.407623211462166,0.0407623211462166,3.08166181588562,3.24145011477879
"sensitivity_dense_wide",500,100,"n=500, p=100","ar1_rho_0.5","equal_width_4","rmse_lar",100,3.1615559653322,0.407623211462166,0.0407623211462166,3.08166181588562,3.24145011477879
"sensitivity_dense_wide",500,100,"n=500, p=100","ar1_rho_0.5","equal_width_4","rmse_glmnet",100,3.17925791758385,0.407338867429269,0.0407338867429269,3.09941949956771,3.25909633559999
"sensitivity_dense_wide",500,100,"n=500, p=100","ar1_rho_0.5","equal_width_4","elapsed_seconds",100,5.32569999999982,0.956005214262289,0.0956005214262289,5.13832297800441,5.51307702199522
"sensitivity_dense_wide",500,100,"n=500, p=100","ar1_rho_0.9","original","mean_entry_tau",100,0.985347682194496,0.0133726690281127,0.00133726690281127,0.982726639064986,0.987968725324006
"sensitivity_dense_wide",500,100,"n=500, p=100","ar1_rho_0.9","original","mean_jaccard_s",100,0.984343434343434,0.0358744258138064,0.00358744258138064,0.977312046883928,0.99137482180294
"sensitivity_dense_wide",500,100,"n=500, p=100","ar1_rho_0.9","original","mean_jaccard_2s",100,0.952011104837192,0.0581390497799965,0.00581390497799965,0.940615851080312,0.963406358594071
"sensitivity_dense_wide",500,100,"n=500, p=100","ar1_rho_0.9","original","mean_support_f1",100,0.67172582972583,0.107327464801486,0.0107327464801486,0.650689646624738,0.692762012826921
"sensitivity_dense_wide",500,100,"n=500, p=100","ar1_rho_0.9","original","mean_rmse",100,2.44622026823347,0.521296007691758,0.0521296007691758,2.34404625072588,2.54839428574105
"sensitivity_dense_wide",500,100,"n=500, p=100","ar1_rho_0.9","original","f1_lasso",100,0.674,0.106950380262923,0.0106950380262923,0.653037725468467,0.694962274531533
"sensitivity_dense_wide",500,100,"n=500, p=100","ar1_rho_0.9","original","f1_lar",100,0.669,0.109816191700477,0.0109816191700477,0.647476026426707,0.690523973573294
"sensitivity_dense_wide",500,100,"n=500, p=100","ar1_rho_0.9","original","f1_glmnet",100,0.672177489177489,0.10723934029436,0.010723934029436,0.651158578479795,0.693196399875184
"sensitivity_dense_wide",500,100,"n=500, p=100","ar1_rho_0.9","original","rmse_lasso",100,2.41858011086737,0.510854781693501,0.0510854781693501,2.31845257365545,2.5187076480793
"sensitivity_dense_wide",500,100,"n=500, p=100","ar1_rho_0.9","original","rmse_lar",100,2.42409117105548,0.515279574768404,0.0515279574768404,2.32309637440087,2.52508596771009
"sensitivity_dense_wide",500,100,"n=500, p=100","ar1_rho_0.9","original","rmse_glmnet",100,2.49598952277755,0.544909127070751,0.0544909127070751,2.38918733387169,2.60279171168342
"sensitivity_dense_wide",500,100,"n=500, p=100","ar1_rho_0.9","original","elapsed_seconds",100,0.634900000000052,0.181266559675464,0.0181266559675464,0.599371754303661,0.670428245696443
"sensitivity_dense_wide",500,100,"n=500, p=100","ar1_rho_0.9","quantile_2","mean_entry_tau",100,0.978700867385977,0.0139232179843845,0.00139232179843845,0.975971916661037,0.981429818110916
"sensitivity_dense_wide",500,100,"n=500, p=100","ar1_rho_0.9","quantile_2","mean_jaccard_s",100,0.985258352758353,0.0426989591734616,0.00426989591734616,0.976889356760354,0.993627348756351
"sensitivity_dense_wide",500,100,"n=500, p=100","ar1_rho_0.9","quantile_2","mean_jaccard_2s",100,0.965136771441119,0.0426494672069198,0.00426494672069198,0.956777475868563,0.973496067013676
"sensitivity_dense_wide",500,100,"n=500, p=100","ar1_rho_0.9","quantile_2","mean_support_f1",100,0.556857142857143,0.0952996380707322,0.00952996380707322,0.538178413795279,0.575535871919006
"sensitivity_dense_wide",500,100,"n=500, p=100","ar1_rho_0.9","quantile_2","mean_rmse",100,2.75297838964657,0.591060036583066,0.0591060036583066,2.63713062247629,2.86882615681685
"sensitivity_dense_wide",500,100,"n=500, p=100","ar1_rho_0.9","quantile_2","f1_lasso",100,0.557,0.0966666666666666,0.00966666666666666,0.538053333333333,0.575946666666667
"sensitivity_dense_wide",500,100,"n=500, p=100","ar1_rho_0.9","quantile_2","f1_lar",100,0.555,0.0957427107756338,0.00957427107756338,0.536234428687976,0.573765571312024
"sensitivity_dense_wide",500,100,"n=500, p=100","ar1_rho_0.9","quantile_2","f1_glmnet",100,0.558571428571429,0.0949116579654292,0.00949116579654292,0.539968743610205,0.577174113532653
"sensitivity_dense_wide",500,100,"n=500, p=100","ar1_rho_0.9","quantile_2","rmse_lasso",100,2.73896712636856,0.590245185042779,0.0590245185042779,2.62327907010018,2.85465518263695
"sensitivity_dense_wide",500,100,"n=500, p=100","ar1_rho_0.9","quantile_2","rmse_lar",100,2.74404663527234,0.593122019769646,0.0593122019769646,2.62779471939749,2.86029855114719
"sensitivity_dense_wide",500,100,"n=500, p=100","ar1_rho_0.9","quantile_2","rmse_glmnet",100,2.7759214072988,0.591510401588843,0.0591510401588843,2.65998536858738,2.89185744601021
"sensitivity_dense_wide",500,100,"n=500, p=100","ar1_rho_0.9","quantile_2","elapsed_seconds",100,1.82449999999979,0.43249656972991,0.043249656972991,1.73973067233273,1.90926932766685
"sensitivity_dense_wide",500,100,"n=500, p=100","ar1_rho_0.9","quantile_4","mean_entry_tau",100,0.978273458298978,0.0107907360808984,0.00107907360808984,0.976158474027122,0.980388442570834
"sensitivity_dense_wide",500,100,"n=500, p=100","ar1_rho_0.9","quantile_4","mean_jaccard_s",100,0.98040404040404,0.0407297351485607,0.00407297351485607,0.972421012314923,0.988387068493158
"sensitivity_dense_wide",500,100,"n=500, p=100","ar1_rho_0.9","quantile_4","mean_jaccard_2s",100,0.978193111236589,0.0364514736119279,0.00364514736119279,0.971048622408652,0.985337600064527
"sensitivity_dense_wide",500,100,"n=500, p=100","ar1_rho_0.9","quantile_4","mean_support_f1",100,0.481506493506493,0.0948892981307717,0.00948892981307716,0.462908191072862,0.500104795940125
"sensitivity_dense_wide",500,100,"n=500, p=100","ar1_rho_0.9","quantile_4","mean_rmse",100,2.97421716164651,0.626858836773655,0.0626858836773655,2.85135282963887,3.09708149365415
"sensitivity_dense_wide",500,100,"n=500, p=100","ar1_rho_0.9","quantile_4","f1_lasso",100,0.482,0.0957479857108063,0.00957479857108063,0.463233394800682,0.500766605199318
"sensitivity_dense_wide",500,100,"n=500, p=100","ar1_rho_0.9","quantile_4","f1_lar",100,0.479,0.0945964314785967,0.00945964314785967,0.460459099430195,0.497540900569805
"sensitivity_dense_wide",500,100,"n=500, p=100","ar1_rho_0.9","quantile_4","f1_glmnet",100,0.483519480519481,0.0965783139513135,0.00965783139513135,0.464590130985023,0.502448830053938
"sensitivity_dense_wide",500,100,"n=500, p=100","ar1_rho_0.9","quantile_4","rmse_lasso",100,2.96046558285814,0.624904416638499,0.0624904416638499,2.837984317197,3.08294684851929
"sensitivity_dense_wide",500,100,"n=500, p=100","ar1_rho_0.9","quantile_4","rmse_lar",100,2.96664004643269,0.623931983802716,0.0623931983802716,2.84434937760736,3.08893071525802
"sensitivity_dense_wide",500,100,"n=500, p=100","ar1_rho_0.9","quantile_4","rmse_glmnet",100,2.9955458556487,0.632913958411438,0.0632913958411438,2.87149471980005,3.11959699149734
"sensitivity_dense_wide",500,100,"n=500, p=100","ar1_rho_0.9","quantile_4","elapsed_seconds",100,7.0670999999997,1.3870609105937,0.13870609105937,6.79523606152333,7.33896393847607
"sensitivity_dense_wide",500,100,"n=500, p=100","ar1_rho_0.9","quantile_8","mean_entry_tau",100,0.984556442022461,0.00897028643737511,0.000897028643737511,0.982798265880735,0.986314618164186
"sensitivity_dense_wide",500,100,"n=500, p=100","ar1_rho_0.9","quantile_8","mean_jaccard_s",100,0.987449494949495,0.0306611138245578,0.00306611138245578,0.981439916639882,0.993459073259108
"sensitivity_dense_wide",500,100,"n=500, p=100","ar1_rho_0.9","quantile_8","mean_jaccard_2s",100,0.986385281385281,0.0253889928171128,0.00253889928171128,0.981409038793127,0.991361523977435
"sensitivity_dense_wide",500,100,"n=500, p=100","ar1_rho_0.9","quantile_8","mean_support_f1",100,0.37694227994228,0.0964378218315748,0.00964378218315748,0.358040466863291,0.395844093021269
"sensitivity_dense_wide",500,100,"n=500, p=100","ar1_rho_0.9","quantile_8","mean_rmse",100,3.20794159192009,0.644081516177649,0.0644081516177649,3.08170161474927,3.33418156909091
"sensitivity_dense_wide",500,100,"n=500, p=100","ar1_rho_0.9","quantile_8","f1_lasso",100,0.378,0.0970056751437822,0.00970056751437822,0.358986887671819,0.397013112328181
"sensitivity_dense_wide",500,100,"n=500, p=100","ar1_rho_0.9","quantile_8","f1_lar",100,0.377,0.096247786279147,0.0096247786279147,0.358135433889287,0.395864566110713
"sensitivity_dense_wide",500,100,"n=500, p=100","ar1_rho_0.9","quantile_8","f1_glmnet",100,0.37582683982684,0.0968187342735632,0.00968187342735632,0.356850367909221,0.394803311744458
"sensitivity_dense_wide",500,100,"n=500, p=100","ar1_rho_0.9","quantile_8","rmse_lasso",100,3.20071373657478,0.641762289704722,0.0641762289704722,3.07492832779266,3.32649914535691
"sensitivity_dense_wide",500,100,"n=500, p=100","ar1_rho_0.9","quantile_8","rmse_lar",100,3.20099986840387,0.641859262537662,0.0641859262537662,3.07519545294649,3.32680428386125
"sensitivity_dense_wide",500,100,"n=500, p=100","ar1_rho_0.9","quantile_8","rmse_glmnet",100,3.22211117078162,0.648994059973343,0.0648994059973343,3.09490833502684,3.34931400653639
"sensitivity_dense_wide",500,100,"n=500, p=100","ar1_rho_0.9","quantile_8","elapsed_seconds",100,14.3776999999999,2.30922648949745,0.230922648949745,13.9250916080584,14.8303083919414
"sensitivity_dense_wide",500,100,"n=500, p=100","ar1_rho_0.9","equal_width_4","mean_entry_tau",100,0.973682868112141,0.0152336629033213,0.00152336629033213,0.97069707018309,0.976668666041192
"sensitivity_dense_wide",500,100,"n=500, p=100","ar1_rho_0.9","equal_width_4","mean_jaccard_s",100,0.986060606060606,0.0283810442108363,0.00283810442108363,0.980497921395282,0.99162329072593
"sensitivity_dense_wide",500,100,"n=500, p=100","ar1_rho_0.9","equal_width_4","mean_jaccard_2s",100,0.981576479076479,0.0310912051885375,0.00310912051885375,0.975482602859526,0.987670355293432
"sensitivity_dense_wide",500,100,"n=500, p=100","ar1_rho_0.9","equal_width_4","mean_support_f1",100,0.362507936507937,0.0969654637867552,0.00969654637867552,0.343502705605733,0.381513167410141
"sensitivity_dense_wide",500,100,"n=500, p=100","ar1_rho_0.9","equal_width_4","mean_rmse",100,3.21401833312903,0.660222818233824,0.0660222818233824,3.0846146607552,3.34342200550286
"sensitivity_dense_wide",500,100,"n=500, p=100","ar1_rho_0.9","equal_width_4","f1_lasso",100,0.362,0.097213708140905,0.0097213708140905,0.342946113204383,0.381053886795617
"sensitivity_dense_wide",500,100,"n=500, p=100","ar1_rho_0.9","equal_width_4","f1_lar",100,0.361,0.09733312577811,0.009733312577811,0.34192270734749,0.38007729265251
"sensitivity_dense_wide",500,100,"n=500, p=100","ar1_rho_0.9","equal_width_4","f1_glmnet",100,0.36452380952381,0.098082523447838,0.0098082523447838,0.345299634928033,0.383747984119586
"sensitivity_dense_wide",500,100,"n=500, p=100","ar1_rho_0.9","equal_width_4","rmse_lasso",100,3.20834076497245,0.660328102100037,0.0660328102100037,3.07891645696084,3.33776507298405
"sensitivity_dense_wide",500,100,"n=500, p=100","ar1_rho_0.9","equal_width_4","rmse_lar",100,3.20951994837112,0.661278570743308,0.0661278570743308,3.07990934850543,3.33913054823681
"sensitivity_dense_wide",500,100,"n=500, p=100","ar1_rho_0.9","equal_width_4","rmse_glmnet",100,3.22419428604351,0.659386295472768,0.0659386295472768,3.09495457213085,3.35343399995617
"sensitivity_dense_wide",500,100,"n=500, p=100","ar1_rho_0.9","equal_width_4","elapsed_seconds",100,6.59279999999995,1.33326596799529,0.133326596799529,6.33147987027287,6.85412012972703
"sensitivity_dense_wide",500,100,"n=500, p=100","block","original","mean_entry_tau",100,0.992320110955476,0.00901476334849702,0.000901476334849702,0.99055321733917,0.994087004571781
"sensitivity_dense_wide",500,100,"n=500, p=100","block","original","mean_jaccard_s",100,0.991616161616162,0.025442809252387,0.0025442809252387,0.986629371002694,0.996602952229629
"sensitivity_dense_wide",500,100,"n=500, p=100","block","original","mean_jaccard_2s",100,0.978722943722944,0.0346462271595172,0.00346462271595172,0.971932283199678,0.985513604246209
"sensitivity_dense_wide",500,100,"n=500, p=100","block","original","mean_support_f1",100,0.740883116883117,0.0965370980303991,0.00965370980303991,0.721961845669159,0.759804388097075
"sensitivity_dense_wide",500,100,"n=500, p=100","block","original","mean_rmse",100,2.3673254182713,0.525105309445455,0.0525105309445455,2.26440477761999,2.47024605892261
"sensitivity_dense_wide",500,100,"n=500, p=100","block","original","f1_lasso",100,0.741,0.0964993327029841,0.00964993327029841,0.722086130790215,0.759913869209785
"sensitivity_dense_wide",500,100,"n=500, p=100","block","original","f1_lar",100,0.74,0.0984731927834662,0.00984731927834662,0.720699254214441,0.75930074578556
"sensitivity_dense_wide",500,100,"n=500, p=100","block","original","f1_glmnet",100,0.741649350649351,0.0958311251463115,0.00958311251463115,0.722866450120674,0.760432251178028
"sensitivity_dense_wide",500,100,"n=500, p=100","block","original","rmse_lasso",100,2.34040246645548,0.513794756298784,0.0513794756298784,2.23969869422091,2.44110623869004
"sensitivity_dense_wide",500,100,"n=500, p=100","block","original","rmse_lar",100,2.34108396892174,0.513445438026604,0.0513445438026604,2.24044866306852,2.44171927477495
"sensitivity_dense_wide",500,100,"n=500, p=100","block","original","rmse_glmnet",100,2.42048981943669,0.55271679514433,0.055271679514433,2.3121573275884,2.52882231128498
"sensitivity_dense_wide",500,100,"n=500, p=100","block","original","elapsed_seconds",100,0.660500000000065,0.269928441695307,0.0269928441695307,0.607594025427785,0.713405974572346
"sensitivity_dense_wide",500,100,"n=500, p=100","block","quantile_2","mean_entry_tau",100,0.987552120363347,0.00928102024082258,0.000928102024082258,0.985733040396146,0.989371200330548
"sensitivity_dense_wide",500,100,"n=500, p=100","block","quantile_2","mean_jaccard_s",100,0.996363636363636,0.0144656519136935,0.00144656519136935,0.993528368588552,0.99919890413872
"sensitivity_dense_wide",500,100,"n=500, p=100","block","quantile_2","mean_jaccard_2s",100,0.985956458999937,0.0308356775753087,0.00308356775753087,0.979912666195177,0.992000251804698
"sensitivity_dense_wide",500,100,"n=500, p=100","block","quantile_2","mean_support_f1",100,0.647031746031746,0.108775857046049,0.0108775857046049,0.62571167805072,0.668351814012772
"sensitivity_dense_wide",500,100,"n=500, p=100","block","quantile_2","mean_rmse",100,2.69362834178156,0.582278078473547,0.0582278078473547,2.57950183840075,2.80775484516238
"sensitivity_dense_wide",500,100,"n=500, p=100","block","quantile_2","f1_lasso",100,0.647,0.109595214818491,0.0109595214818491,0.625519337895576,0.668480662104424
"sensitivity_dense_wide",500,100,"n=500, p=100","block","quantile_2","f1_lar",100,0.647,0.109595214818491,0.0109595214818491,0.625519337895576,0.668480662104424
"sensitivity_dense_wide",500,100,"n=500, p=100","block","quantile_2","f1_glmnet",100,0.647095238095238,0.107579187431955,0.0107579187431955,0.626009717358575,0.668180758831901
"sensitivity_dense_wide",500,100,"n=500, p=100","block","quantile_2","rmse_lasso",100,2.68103330687852,0.582358729310321,0.0582358729310321,2.5668909959337,2.79517561782334
"sensitivity_dense_wide",500,100,"n=500, p=100","block","quantile_2","rmse_lar",100,2.68103330687852,0.582358729310321,0.0582358729310321,2.5668909959337,2.79517561782334
"sensitivity_dense_wide",500,100,"n=500, p=100","block","quantile_2","rmse_glmnet",100,2.71881841158765,0.583185107972845,0.0583185107972845,2.60451413042497,2.83312269275032
"sensitivity_dense_wide",500,100,"n=500, p=100","block","quantile_2","elapsed_seconds",100,2.0230999999999,0.834335996799619,0.0834335996799619,1.85957014462718,2.18662985537263
"sensitivity_dense_wide",500,100,"n=500, p=100","block","quantile_4","mean_entry_tau",100,0.983151768159877,0.00889517491159517,0.000889517491159517,0.981408313877204,0.98489522244255
"sensitivity_dense_wide",500,100,"n=500, p=100","block","quantile_4","mean_jaccard_s",100,0.98969696969697,0.0244481627904505,0.00244481627904505,0.984905129790041,0.994488809603898
"sensitivity_dense_wide",500,100,"n=500, p=100","block","quantile_4","mean_jaccard_2s",100,0.986374615722442,0.0314436998603105,0.00314436998603105,0.980211650549821,0.992537580895063
"sensitivity_dense_wide",500,100,"n=500, p=100","block","quantile_4","mean_support_f1",100,0.528349206349206,0.112827400570253,0.0112827400570253,0.506235035837437,0.550463376860976
"sensitivity_dense_wide",500,100,"n=500, p=100","block","quantile_4","mean_rmse",100,2.99542325050637,0.603854309747856,0.0603854309747856,2.87706780579579,3.11377869521695
"sensitivity_dense_wide",500,100,"n=500, p=100","block","quantile_4","f1_lasso",100,0.529,0.113079037344986,0.0113079037344986,0.506836508680383,0.551163491319617
"sensitivity_dense_wide",500,100,"n=500, p=100","block","quantile_4","f1_lar",100,0.529,0.113079037344986,0.0113079037344986,0.506836508680383,0.551163491319617
"sensitivity_dense_wide",500,100,"n=500, p=100","block","quantile_4","f1_glmnet",100,0.527047619047619,0.112867746694484,0.0112867746694484,0.5049255406955,0.549169697399738
"sensitivity_dense_wide",500,100,"n=500, p=100","block","quantile_4","rmse_lasso",100,2.98493690221412,0.602022473959646,0.0602022473959646,2.86694049731803,3.10293330711021
"sensitivity_dense_wide",500,100,"n=500, p=100","block","quantile_4","rmse_lar",100,2.9850775384975,0.60205198460471,0.060205198460471,2.86707534951498,3.10307972748002
"sensitivity_dense_wide",500,100,"n=500, p=100","block","quantile_4","rmse_glmnet",100,3.01625531080749,0.608339362787113,0.0608339362787113,2.89702079570122,3.13548982591376
"sensitivity_dense_wide",500,100,"n=500, p=100","block","quantile_4","elapsed_seconds",100,8.50470000000001,3.43331522648976,0.343331522648976,7.83177021560802,9.17762978439201
"sensitivity_dense_wide",500,100,"n=500, p=100","block","quantile_8","mean_entry_tau",100,0.986521830275002,0.00663827286003341,0.000663827286003341,0.985220728794436,0.987822931755569
"sensitivity_dense_wide",500,100,"n=500, p=100","block","quantile_8","mean_jaccard_s",100,0.989191919191919,0.0245018513528324,0.00245018513528324,0.984389556326764,0.993994282057074
"sensitivity_dense_wide",500,100,"n=500, p=100","block","quantile_8","mean_jaccard_2s",100,0.98501443001443,0.0258731875625231,0.00258731875625231,0.979943285252175,0.990085574776685
"sensitivity_dense_wide",500,100,"n=500, p=100","block","quantile_8","mean_support_f1",100,0.421242424242424,0.0952862765050708,0.00952862765050707,0.40256631404743,0.439918534437418
"sensitivity_dense_wide",500,100,"n=500, p=100","block","quantile_8","mean_rmse",100,3.27205750741414,0.620644015546651,0.0620644015546651,3.15041128036699,3.39370373446128
"sensitivity_dense_wide",500,100,"n=500, p=100","block","quantile_8","f1_lasso",100,0.421,0.0956582722533971,0.00956582722533971,0.402250978638334,0.439749021361666
"sensitivity_dense_wide",500,100,"n=500, p=100","block","quantile_8","f1_lar",100,0.421,0.0956582722533971,0.00956582722533971,0.402250978638334,0.439749021361666
"sensitivity_dense_wide",500,100,"n=500, p=100","block","quantile_8","f1_glmnet",100,0.421727272727273,0.0955831880232221,0.00955831880232221,0.402992967874721,0.440461577579824
"sensitivity_dense_wide",500,100,"n=500, p=100","block","quantile_8","rmse_lasso",100,3.26733025259618,0.620635805424285,0.0620635805424285,3.14568563473302,3.38897487045934
"sensitivity_dense_wide",500,100,"n=500, p=100","block","quantile_8","rmse_lar",100,3.26733025259618,0.620635805424285,0.0620635805424285,3.14568563473302,3.38897487045934
"sensitivity_dense_wide",500,100,"n=500, p=100","block","quantile_8","rmse_glmnet",100,3.28151201705005,0.62098044110543,0.062098044110543,3.15979985059339,3.40322418350672
"sensitivity_dense_wide",500,100,"n=500, p=100","block","quantile_8","elapsed_seconds",100,91.7513999999998,726.724386484417,72.6724386484417,-50.6865797509458,234.189379750945
"sensitivity_dense_wide",500,100,"n=500, p=100","block","equal_width_4","mean_entry_tau",100,0.977273984117347,0.0113222050589402,0.00113222050589402,0.975054831925794,0.979493136308899
"sensitivity_dense_wide",500,100,"n=500, p=100","block","equal_width_4","mean_jaccard_s",100,0.99040404040404,0.0234759191268552,0.00234759191268552,0.985802760255177,0.995005320552904
"sensitivity_dense_wide",500,100,"n=500, p=100","block","equal_width_4","mean_jaccard_2s",100,0.981613652048435,0.0322179618412496,0.00322179618412496,0.97529893152755,0.98792837256932
"sensitivity_dense_wide",500,100,"n=500, p=100","block","equal_width_4","mean_support_f1",100,0.392354978354978,0.095175549010136,0.0095175549010136,0.373700570748992,0.411009385960965
"sensitivity_dense_wide",500,100,"n=500, p=100","block","equal_width_4","mean_rmse",100,3.2857205664073,0.632152957905371,0.0632152957905371,3.16181858665785,3.40962254615675
"sensitivity_dense_wide",500,100,"n=500, p=100","block","equal_width_4","f1_lasso",100,0.392,0.0960639517627858,0.00960639517627858,0.373171465454494,0.410828534545506
"sensitivity_dense_wide",500,100,"n=500, p=100","block","equal_width_4","f1_lar",100,0.392,0.0960639517627858,0.00960639517627858,0.373171465454494,0.410828534545506
"sensitivity_dense_wide",500,100,"n=500, p=100","block","equal_width_4","f1_glmnet",100,0.393064935064935,0.0943564465028516,0.00943564465028516,0.374571071550376,0.411558798579494
"sensitivity_dense_wide",500,100,"n=500, p=100","block","equal_width_4","rmse_lasso",100,3.28046720049104,0.630423913464733,0.0630423913464733,3.15690411345195,3.40403028753013
"sensitivity_dense_wide",500,100,"n=500, p=100","block","equal_width_4","rmse_lar",100,3.28028419314978,0.630451555724445,0.0630451555724445,3.15671568822779,3.40385269807177
"sensitivity_dense_wide",500,100,"n=500, p=100","block","equal_width_4","rmse_glmnet",100,3.29641030558108,0.635905144813899,0.0635905144813899,3.17177289719755,3.4210477139646
"sensitivity_dense_wide",500,100,"n=500, p=100","block","equal_width_4","elapsed_seconds",100,8.25940000000031,3.35221404899847,0.335221404899847,7.60236604639661,8.91643395360401
