"x1_std","x2_std","x3_std","x4_std","x5_std","x6_std","x7_std"
0,0,0,0,0,0,0
0,0,0,0,0,0,0.0986344284119461
0,0,0,0,0.0572597167148803,0,0.155894145126831
0,0,0,0.0327542998649668,0.0667328918426858,0,0.188794491510965
0,0,-0.050801587747198,0.00959590974379766,0.0494374834317904,0,0.279549147575051
0,0,-0.0763059069523619,-0.00824684314171989,0.0399443481831618,0.0145583880819256,0.317560720423929
0,-0.0606026288134418,-0.140212394034434,-0.0150865580300644,0.0568264969822939,0.0239602716100655,0.421824689210462
0.101259003499402,-0.139312886694385,-0.246519845962296,-0.0331670846779459,0.0960960956557667,0.0390124009883136,0.468256078084759
