"term","value"
"beta0.(Intercept)",-0.3899919840543
"x1",0.0449870850066432
"x2",0.0256211513336421
"x3",0.0225985520107229
"x4",0.974509798776307
"x5",0.0319038066296993
"x6",0.250293771150846
"x7",0.0735432150001035
