"dataset","representation","method","k","run_id","fit_seed","silhouette_seed","n_used","p_used","nstart","iter_max","algorithm","silhouette_sample_n","silhouette","davies_bouldin","calinski_harabasz","adjusted_rand_index","normalized_mutual_information","clustering_accuracy","purity","total_withinss","iterations","ifault","runtime_sec"
"breast_tissue","original","kmeans",6,1,40219318,50219318,106,9,30,100,"Hartigan-Wong",106,0.317369679087754,0.885087069926655,78.8968887364918,0.286201695158742,0.506694541551457,0.481132075471698,0.537735849056604,191.108135366711,3,0,0.0100000000000477
"breast_tissue","sparsified","kmeans",6,1,40219318,50219318,106,36,30,100,"Hartigan-Wong",106,0.200332908641517,1.65878204024842,16.9674240727929,0.360852644896783,0.504223002635815,0.528301886792453,0.584905660377358,2045.04376207374,3,0,0.0100000000000477
"breast_tissue","original","kmeans",6,2,40219319,50219319,106,9,30,100,"Hartigan-Wong",106,0.401301235065037,0.869104461817519,81.1312590558139,0.285080124199285,0.527645775761126,0.481132075471698,0.556603773584906,186.885837044402,4,0,0
"breast_tissue","sparsified","kmeans",6,2,40219319,50219319,106,36,30,100,"Hartigan-Wong",106,0.200332908641517,1.65878204024842,16.9674240727929,0.360852644896783,0.504223002635815,0.528301886792453,0.584905660377358,2045.04376207374,2,0,0.0199999999999818
"breast_tissue","original","kmeans",6,3,40219320,50219320,106,9,30,100,"Hartigan-Wong",106,0.401301235065037,0.869104461817519,81.1312590558139,0.285080124199285,0.527645775761126,0.481132075471698,0.556603773584906,186.885837044402,2,0,0
"breast_tissue","sparsified","kmeans",6,3,40219320,50219320,106,36,30,100,"Hartigan-Wong",106,0.200332908641517,1.65878204024842,16.9674240727929,0.360852644896783,0.504223002635815,0.528301886792453,0.584905660377358,2045.04376207374,3,0,0.0199999999999818
"breast_tissue","original","kmeans",6,4,40219321,50219321,106,9,30,100,"Hartigan-Wong",106,0.317369679087754,0.885087069926655,78.8968887364918,0.286201695158742,0.506694541551457,0.481132075471698,0.537735849056604,191.108135366711,2,0,0.00999999999999091
"breast_tissue","sparsified","kmeans",6,4,40219321,50219321,106,36,30,100,"Hartigan-Wong",106,0.200332908641517,1.65878204024842,16.9674240727929,0.360852644896783,0.504223002635815,0.528301886792453,0.584905660377358,2045.04376207374,3,0,0
"breast_tissue","original","kmeans",6,5,40219322,50219322,106,9,30,100,"Hartigan-Wong",106,0.399829007628479,0.844976784519031,81.0727917428667,0.309400070335959,0.55424438784505,0.509433962264151,0.584905660377358,186.993944404765,2,0,0
"breast_tissue","sparsified","kmeans",6,5,40219322,50219322,106,36,30,100,"Hartigan-Wong",106,0.200332908641517,1.65878204024842,16.9674240727929,0.360852644896783,0.504223002635815,0.528301886792453,0.584905660377358,2045.04376207374,3,0,0.0200000000000387
"breast_tissue","original","kmeans",6,6,40219323,50219323,106,9,30,100,"Hartigan-Wong",106,0.401301235065037,0.869104461817519,81.1312590558139,0.285080124199285,0.527645775761126,0.481132075471698,0.556603773584906,186.885837044402,2,0,0
"breast_tissue","sparsified","kmeans",6,6,40219323,50219323,106,36,30,100,"Hartigan-Wong",106,0.200332908641517,1.65878204024842,16.9674240727929,0.360852644896783,0.504223002635815,0.528301886792453,0.584905660377358,2045.04376207374,4,0,0
"breast_tissue","original","kmeans",6,7,40219324,50219324,106,9,30,100,"Hartigan-Wong",106,0.317369679087754,0.885087069926655,78.8968887364918,0.286201695158742,0.506694541551457,0.481132075471698,0.537735849056604,191.108135366711,2,0,0
"breast_tissue","sparsified","kmeans",6,7,40219324,50219324,106,36,30,100,"Hartigan-Wong",106,0.200332908641517,1.65878204024842,16.9674240727929,0.360852644896783,0.504223002635815,0.528301886792453,0.584905660377358,2045.04376207374,2,0,0
"breast_tissue","original","kmeans",6,8,40219325,50219325,106,9,30,100,"Hartigan-Wong",106,0.401301235065037,0.869104461817519,81.1312590558139,0.285080124199285,0.527645775761126,0.481132075471698,0.556603773584906,186.885837044402,3,0,0.0100000000000477
"breast_tissue","sparsified","kmeans",6,8,40219325,50219325,106,36,30,100,"Hartigan-Wong",106,0.200332908641517,1.65878204024842,16.9674240727929,0.360852644896783,0.504223002635815,0.528301886792453,0.584905660377358,2045.04376207374,4,0,0
"breast_tissue","original","kmeans",6,9,40219326,50219326,106,9,30,100,"Hartigan-Wong",106,0.399829007628479,0.844976784519031,81.0727917428667,0.309400070335959,0.55424438784505,0.509433962264151,0.584905660377358,186.993944404765,3,0,0.0199999999999818
"breast_tissue","sparsified","kmeans",6,9,40219326,50219326,106,36,30,100,"Hartigan-Wong",106,0.200332908641517,1.65878204024842,16.9674240727929,0.360852644896783,0.504223002635815,0.528301886792453,0.584905660377358,2045.04376207374,3,0,0.00999999999999091
"breast_tissue","original","kmeans",6,10,40219327,50219327,106,9,30,100,"Hartigan-Wong",106,0.317369679087754,0.885087069926655,78.8968887364918,0.286201695158742,0.506694541551457,0.481132075471698,0.537735849056604,191.108135366711,3,0,0
"breast_tissue","sparsified","kmeans",6,10,40219327,50219327,106,36,30,100,"Hartigan-Wong",106,0.200332908641517,1.65878204024842,16.9674240727929,0.360852644896783,0.504223002635815,0.528301886792453,0.584905660377358,2045.04376207374,3,0,0.00999999999999091
"breast_tissue","original","kmeans",6,11,40219328,50219328,106,9,30,100,"Hartigan-Wong",106,0.399829007628479,0.844976784519031,81.0727917428667,0.309400070335959,0.554244387845049,0.509433962264151,0.584905660377358,186.993944404765,2,0,0
"breast_tissue","sparsified","kmeans",6,11,40219328,50219328,106,36,30,100,"Hartigan-Wong",106,0.200332908641517,1.65878204024842,16.9674240727929,0.360852644896783,0.504223002635815,0.528301886792453,0.584905660377358,2045.04376207374,3,0,0.00999999999999091
"breast_tissue","original","kmeans",6,12,40219329,50219329,106,9,30,100,"Hartigan-Wong",106,0.401301235065037,0.869104461817519,81.1312590558139,0.285080124199285,0.527645775761126,0.481132075471698,0.556603773584906,186.885837044402,3,0,0.00999999999999091
"breast_tissue","sparsified","kmeans",6,12,40219329,50219329,106,36,30,100,"Hartigan-Wong",106,0.200332908641517,1.65878204024842,16.9674240727929,0.360852644896783,0.504223002635815,0.528301886792453,0.584905660377358,2045.04376207374,3,0,0.0199999999999818
"breast_tissue","original","kmeans",6,13,40219330,50219330,106,9,30,100,"Hartigan-Wong",106,0.401301235065037,0.869104461817519,81.1312590558139,0.285080124199285,0.527645775761126,0.481132075471698,0.556603773584906,186.885837044402,3,0,0
"breast_tissue","sparsified","kmeans",6,13,40219330,50219330,106,36,30,100,"Hartigan-Wong",106,0.200332908641517,1.65878204024842,16.9674240727929,0.360852644896783,0.504223002635815,0.528301886792453,0.584905660377358,2045.04376207374,3,0,0
"breast_tissue","original","kmeans",6,14,40219331,50219331,106,9,30,100,"Hartigan-Wong",106,0.401301235065037,0.869104461817519,81.1312590558139,0.285080124199285,0.527645775761126,0.481132075471698,0.556603773584906,186.885837044402,3,0,0.0200000000000387
"breast_tissue","sparsified","kmeans",6,14,40219331,50219331,106,36,30,100,"Hartigan-Wong",106,0.200332908641517,1.65878204024842,16.9674240727929,0.360852644896783,0.504223002635815,0.528301886792453,0.584905660377358,2045.04376207374,3,0,0.0100000000000477
"breast_tissue","original","kmeans",6,15,40219332,50219332,106,9,30,100,"Hartigan-Wong",106,0.401301235065037,0.869104461817519,81.1312590558139,0.285080124199285,0.527645775761126,0.481132075471698,0.556603773584906,186.885837044402,2,0,0.0100000000000477
"breast_tissue","sparsified","kmeans",6,15,40219332,50219332,106,36,30,100,"Hartigan-Wong",106,0.200332908641517,1.65878204024842,16.9674240727929,0.360852644896783,0.504223002635815,0.528301886792453,0.584905660377358,2045.04376207374,3,0,0.0200000000000387
"breast_tissue","original","kmeans",6,16,40219333,50219333,106,9,30,100,"Hartigan-Wong",106,0.399829007628479,0.844976784519031,81.0727917428667,0.309400070335959,0.55424438784505,0.509433962264151,0.584905660377358,186.993944404765,3,0,0
"breast_tissue","sparsified","kmeans",6,16,40219333,50219333,106,36,30,100,"Hartigan-Wong",106,0.200332908641517,1.65878204024842,16.9674240727929,0.360852644896783,0.504223002635815,0.528301886792453,0.584905660377358,2045.04376207374,3,0,0.0199999999999818
"breast_tissue","original","kmeans",6,17,40219334,50219334,106,9,30,100,"Hartigan-Wong",106,0.413581868061714,0.830576042228012,81.0708196734015,0.297092865894652,0.566162681638399,0.509433962264151,0.584905660377358,186.997592985524,3,0,0.0199999999999818
"breast_tissue","sparsified","kmeans",6,17,40219334,50219334,106,36,30,100,"Hartigan-Wong",106,0.200332908641517,1.65878204024842,16.9674240727929,0.360852644896783,0.504223002635815,0.528301886792453,0.584905660377358,2045.04376207374,3,0,0.0199999999999818
"breast_tissue","original","kmeans",6,18,40219335,50219335,106,9,30,100,"Hartigan-Wong",106,0.399829007628479,0.844976784519031,81.0727917428667,0.309400070335959,0.55424438784505,0.509433962264151,0.584905660377358,186.993944404765,3,0,0.00999999999999091
"breast_tissue","sparsified","kmeans",6,18,40219335,50219335,106,36,30,100,"Hartigan-Wong",106,0.200332908641517,1.65878204024842,16.9674240727929,0.360852644896783,0.504223002635815,0.528301886792453,0.584905660377358,2045.04376207374,3,0,0
"breast_tissue","original","kmeans",6,19,40219336,50219336,106,9,30,100,"Hartigan-Wong",106,0.317369679087754,0.885087069926655,78.8968887364918,0.286201695158742,0.506694541551457,0.481132075471698,0.537735849056604,191.108135366711,4,0,0.00999999999999091
"breast_tissue","sparsified","kmeans",6,19,40219336,50219336,106,36,30,100,"Hartigan-Wong",106,0.200332908641517,1.65878204024842,16.9674240727929,0.360852644896783,0.504223002635815,0.528301886792453,0.584905660377358,2045.04376207374,2,0,0.00999999999999091
"breast_tissue","original","kmeans",6,20,40219337,50219337,106,9,30,100,"Hartigan-Wong",106,0.401301235065037,0.869104461817519,81.1312590558139,0.285080124199285,0.527645775761126,0.481132075471698,0.556603773584906,186.885837044402,2,0,0.00999999999999091
"breast_tissue","sparsified","kmeans",6,20,40219337,50219337,106,36,30,100,"Hartigan-Wong",106,0.200332908641517,1.65878204024842,16.9674240727929,0.360852644896783,0.504223002635815,0.528301886792453,0.584905660377358,2045.04376207374,2,0,0
"breast_tissue","original","kmeans",6,21,40219338,50219338,106,9,30,100,"Hartigan-Wong",106,0.401301235065037,0.869104461817519,81.1312590558139,0.285080124199285,0.527645775761126,0.481132075471698,0.556603773584906,186.885837044402,3,0,0
"breast_tissue","sparsified","kmeans",6,21,40219338,50219338,106,36,30,100,"Hartigan-Wong",106,0.200332908641517,1.65878204024842,16.9674240727929,0.360852644896783,0.504223002635815,0.528301886792453,0.584905660377358,2045.04376207374,2,0,0
"breast_tissue","original","kmeans",6,22,40219339,50219339,106,9,30,100,"Hartigan-Wong",106,0.317369679087754,0.885087069926655,78.8968887364919,0.286201695158742,0.506694541551457,0.481132075471698,0.537735849056604,191.108135366711,3,0,0.00999999999999091
"breast_tissue","sparsified","kmeans",6,22,40219339,50219339,106,36,30,100,"Hartigan-Wong",106,0.200332908641517,1.65878204024842,16.9674240727929,0.360852644896783,0.504223002635815,0.528301886792453,0.584905660377358,2045.04376207374,3,0,0.0200000000000387
"breast_tissue","original","kmeans",6,23,40219340,50219340,106,9,30,100,"Hartigan-Wong",106,0.401301235065037,0.869104461817519,81.1312590558139,0.285080124199285,0.527645775761126,0.481132075471698,0.556603773584906,186.885837044402,3,0,0.0199999999999818
"breast_tissue","sparsified","kmeans",6,23,40219340,50219340,106,36,30,100,"Hartigan-Wong",106,0.200332908641517,1.65878204024842,16.9674240727929,0.360852644896783,0.504223002635815,0.528301886792453,0.584905660377358,2045.04376207374,3,0,0.0199999999999818
"breast_tissue","original","kmeans",6,24,40219341,50219341,106,9,30,100,"Hartigan-Wong",106,0.401301235065037,0.869104461817519,81.1312590558139,0.285080124199285,0.527645775761126,0.481132075471698,0.556603773584906,186.885837044402,2,0,0
"breast_tissue","sparsified","kmeans",6,24,40219341,50219341,106,36,30,100,"Hartigan-Wong",106,0.200332908641517,1.65878204024842,16.9674240727929,0.360852644896783,0.504223002635815,0.528301886792453,0.584905660377358,2045.04376207374,3,0,0.00999999999999091
"breast_tissue","original","kmeans",6,25,40219342,50219342,106,9,30,100,"Hartigan-Wong",106,0.317369679087754,0.885087069926655,78.8968887364918,0.286201695158742,0.506694541551457,0.481132075471698,0.537735849056604,191.108135366711,3,0,0.00999999999999091
"breast_tissue","sparsified","kmeans",6,25,40219342,50219342,106,36,30,100,"Hartigan-Wong",106,0.200332908641517,1.65878204024842,16.9674240727929,0.360852644896783,0.504223002635815,0.528301886792453,0.584905660377358,2045.04376207374,3,0,0.0199999999999818
"breast_tissue","original","kmeans",6,26,40219343,50219343,106,9,30,100,"Hartigan-Wong",106,0.401301235065037,0.869104461817519,81.1312590558139,0.285080124199285,0.527645775761126,0.481132075471698,0.556603773584906,186.885837044402,2,0,0.0199999999999818
"breast_tissue","sparsified","kmeans",6,26,40219343,50219343,106,36,30,100,"Hartigan-Wong",106,0.200332908641517,1.65878204024842,16.9674240727929,0.360852644896783,0.504223002635815,0.528301886792453,0.584905660377358,2045.04376207374,3,0,0.0100000000000477
"breast_tissue","original","kmeans",6,27,40219344,50219344,106,9,30,100,"Hartigan-Wong",106,0.399829007628479,0.844976784519031,81.0727917428667,0.309400070335959,0.55424438784505,0.509433962264151,0.584905660377358,186.993944404765,3,0,0.0100000000000477
"breast_tissue","sparsified","kmeans",6,27,40219344,50219344,106,36,30,100,"Hartigan-Wong",106,0.200332908641517,1.65878204024842,16.9674240727929,0.360852644896783,0.504223002635815,0.528301886792453,0.584905660377358,2045.04376207374,3,0,0
"breast_tissue","original","kmeans",6,28,40219345,50219345,106,9,30,100,"Hartigan-Wong",106,0.401301235065037,0.869104461817519,81.1312590558139,0.285080124199285,0.527645775761126,0.481132075471698,0.556603773584906,186.885837044402,2,0,0.0199999999999818
"breast_tissue","sparsified","kmeans",6,28,40219345,50219345,106,36,30,100,"Hartigan-Wong",106,0.200332908641517,1.65878204024842,16.9674240727929,0.360852644896783,0.504223002635815,0.528301886792453,0.584905660377358,2045.04376207374,3,0,0.0199999999999818
"breast_tissue","original","kmeans",6,29,40219346,50219346,106,9,30,100,"Hartigan-Wong",106,0.401301235065037,0.869104461817519,81.1312590558139,0.285080124199285,0.527645775761126,0.481132075471698,0.556603773584906,186.885837044402,2,0,0
"breast_tissue","sparsified","kmeans",6,29,40219346,50219346,106,36,30,100,"Hartigan-Wong",106,0.200332908641517,1.65878204024842,16.9674240727929,0.360852644896783,0.504223002635815,0.528301886792453,0.584905660377358,2045.04376207374,3,0,0.00999999999999091
"breast_tissue","original","kmeans",6,30,40219347,50219347,106,9,30,100,"Hartigan-Wong",106,0.413581868061714,0.830576042228012,81.0708196734015,0.297092865894652,0.566162681638399,0.509433962264151,0.584905660377358,186.997592985524,2,0,0
"breast_tissue","sparsified","kmeans",6,30,40219347,50219347,106,36,30,100,"Hartigan-Wong",106,0.200332908641517,1.65878204024842,16.9674240727929,0.360852644896783,0.504223002635815,0.528301886792453,0.584905660377358,2045.04376207374,3,0,0.00999999999999091
"hcv","original","kmeans",5,1,30917218,40917218,615,13,30,100,"Hartigan-Wong",615,0.191516268296014,1.64876385537586,98.4537648752433,0.0747605010033684,0.161832251271524,0.40650406504065,0.900813008130081,4850.51499667731,3,0,0.0400000000000205
"hcv","sparsified","kmeans",5,1,30917218,40917218,615,46,30,100,"Hartigan-Wong",615,0.0473066040428205,3.2177633299952,28.1912605097843,0.0853219616485838,0.187648529360128,0.396747967479675,0.897560975609756,23837.4008120152,4,0,0.200000000000045
"hcv","original","kmeans",5,2,30917219,40917219,615,13,30,100,"Hartigan-Wong",615,0.19090281372459,1.64551303740015,98.2714951608716,0.0670242185350035,0.156944824013255,0.409756097560976,0.895934959349593,4854.04052489747,3,0,0.0500000000000114
"hcv","sparsified","kmeans",5,2,30917219,40917219,615,46,30,100,"Hartigan-Wong",615,0.0465284036054682,3.1502197954276,28.2089405182957,0.0855615985073407,0.183507153543916,0.396747967479675,0.897560975609756,23835.0686338283,4,0,0.230000000000018
"hcv","original","kmeans",5,3,30917220,40917220,615,13,30,100,"Hartigan-Wong",615,0.267688873490355,1.45275402856263,99.3123483262078,0.149557876976259,0.229597391238267,0.547967479674797,0.895934959349593,4833.97660238298,3,0,0.0400000000000205
"hcv","sparsified","kmeans",5,3,30917220,40917220,615,46,30,100,"Hartigan-Wong",615,0.0491801350200663,3.07544955531263,28.1616980341138,0.0977278376910793,0.186756498913341,0.416260162601626,0.897560975609756,23841.3014317324,4,0,0.189999999999998
"hcv","original","kmeans",5,4,30917221,40917221,615,13,30,100,"Hartigan-Wong",615,0.192925332278016,1.64961051015326,98.4713960376111,0.0729991872892534,0.154353043349067,0.403252032520325,0.899186991869919,4850.17423984676,3,0,0.0500000000000114
"hcv","sparsified","kmeans",5,4,30917221,40917221,615,46,30,100,"Hartigan-Wong",615,0.039905119892135,3.62150019263482,28.059076830623,0.0548770168570402,0.170515522794917,0.330081300813008,0.899186991869919,23854.8516951074,6,0,0.170000000000016
"hcv","original","kmeans",5,5,30917222,40917222,615,13,30,100,"Hartigan-Wong",615,0.187107976365534,1.84317306751057,95.6598711777144,0.0769976366821954,0.191462314793084,0.417886178861789,0.902439024390244,4905.12424197822,4,0,0.0300000000000296
"hcv","sparsified","kmeans",5,5,30917222,40917222,615,46,30,100,"Hartigan-Wong",615,0.0403004937570043,3.64120025368179,28.0527991281564,0.0539610549996093,0.170336596608716,0.32520325203252,0.899186991869919,23855.6811126628,5,0,0.199999999999989
"hcv","original","kmeans",5,6,30917223,40917223,615,13,30,100,"Hartigan-Wong",615,0.267212972000846,1.43121890629482,100.014802495243,0.149419962147257,0.24103676848722,0.55609756097561,0.900813008130081,4820.52928371569,5,0,0.0500000000000114
"hcv","sparsified","kmeans",5,6,30917223,40917223,615,46,30,100,"Hartigan-Wong",615,0.0403004937570043,3.64120025368179,28.0527991281564,0.0539610549996093,0.170336596608716,0.32520325203252,0.899186991869919,23855.6811126628,7,0,0.180000000000007
"hcv","original","kmeans",5,7,30917224,40917224,615,13,30,100,"Hartigan-Wong",615,0.192925332278016,1.64961051015326,98.4713960376111,0.0729991872892534,0.154353043349067,0.403252032520325,0.899186991869919,4850.17423984676,3,0,0.0499999999999545
"hcv","sparsified","kmeans",5,7,30917224,40917224,615,46,30,100,"Hartigan-Wong",615,0.047070642028338,3.13759608596419,28.1893676087666,0.0825686470794472,0.178764678813155,0.390243902439024,0.897560975609756,23837.6505325204,4,0,0.180000000000007
"hcv","original","kmeans",5,8,30917225,40917225,615,13,30,100,"Hartigan-Wong",615,0.249224316574791,1.44941786886763,97.1952797320061,0.0870917713402715,0.161415425372671,0.482926829268293,0.892682926829268,4874.96199890706,4,0,0.0500000000000114
"hcv","sparsified","kmeans",5,8,30917225,40917225,615,46,30,100,"Hartigan-Wong",615,0.0401039427951728,3.62830142281834,28.061771912918,0.054299871285679,0.170301357381977,0.326829268292683,0.899186991869919,23854.4956353069,5,0,0.220000000000027
"hcv","original","kmeans",5,9,30917226,40917226,615,13,30,100,"Hartigan-Wong",615,0.190554765915977,1.83708390437082,95.9245355663696,0.0752594231564268,0.173693968488781,0.409756097560976,0.902439024390244,4899.8984630276,4,0,0.0699999999999932
"hcv","sparsified","kmeans",5,9,30917226,40917226,615,46,30,100,"Hartigan-Wong",615,0.047666680589094,3.27115495653699,28.1698646962999,0.0810045391153053,0.186772365806311,0.390243902439024,0.895934959349593,23840.2237541952,4,0,0.21999999999997
"hcv","original","kmeans",5,10,30917227,40917227,615,13,30,100,"Hartigan-Wong",615,0.191516268296014,1.64876385537586,98.4537648752433,0.0747605010033684,0.161832251271524,0.40650406504065,0.900813008130081,4850.51499667731,3,0,0.0500000000000114
"hcv","sparsified","kmeans",5,10,30917227,40917227,615,46,30,100,"Hartigan-Wong",615,0.0466902222650585,3.15348445292536,28.1467829958225,0.0839223484252818,0.179494547348917,0.391869918699187,0.897560975609756,23843.2698804253,4,0,0.180000000000007
"hcv","original","kmeans",5,11,30917228,40917228,615,13,30,100,"Hartigan-Wong",615,0.19037356514592,1.92109903734756,94.2511645168835,0.0845411112577627,0.182802465386456,0.404878048780488,0.899186991869919,4933.12768101125,3,0,0.0500000000000114
"hcv","sparsified","kmeans",5,11,30917228,40917228,615,46,30,100,"Hartigan-Wong",615,0.0401039427951728,3.62830142281834,28.061771912918,0.054299871285679,0.170301357381977,0.326829268292683,0.899186991869919,23854.4956353069,4,0,0.240000000000009
"hcv","original","kmeans",5,12,30917229,40917229,615,13,30,100,"Hartigan-Wong",615,0.249224316574791,1.44941786886763,97.1952797320061,0.0870917713402715,0.161415425372671,0.482926829268293,0.892682926829268,4874.96199890706,4,0,0.0300000000000296
"hcv","sparsified","kmeans",5,12,30917229,40917229,615,46,30,100,"Hartigan-Wong",615,0.0468833056113237,3.14426104978181,28.2181894038452,0.0843605104606643,0.18765568027771,0.39349593495935,0.897560975609756,23833.8487908087,5,0,0.189999999999998
"hcv","original","kmeans",5,13,30917230,40917230,615,13,30,100,"Hartigan-Wong",615,0.267688873490355,1.45275402856263,99.3123483262078,0.149557876976259,0.229597391238267,0.547967479674797,0.895934959349593,4833.97660238298,4,0,0.0500000000000114
"hcv","sparsified","kmeans",5,13,30917230,40917230,615,46,30,100,"Hartigan-Wong",615,0.0401039427951728,3.62830142281834,28.061771912918,0.054299871285679,0.170301357381977,0.326829268292683,0.899186991869919,23854.4956353069,5,0,0.170000000000016
"hcv","original","kmeans",5,14,30917231,40917231,615,13,30,100,"Hartigan-Wong",615,0.267688873490355,1.45275402856263,99.3123483262078,0.149557876976259,0.229597391238267,0.547967479674797,0.895934959349593,4833.97660238298,3,0,0.0500000000000114
"hcv","sparsified","kmeans",5,14,30917231,40917231,615,46,30,100,"Hartigan-Wong",615,0.0401039427951728,3.62830142281834,28.061771912918,0.054299871285679,0.170301357381977,0.326829268292683,0.899186991869919,23854.4956353069,4,0,0.110000000000014
"hcv","original","kmeans",5,15,30917232,40917232,615,13,30,100,"Hartigan-Wong",615,0.264360783797866,1.46475334222286,94.9929743670731,0.170734549254177,0.245528938048291,0.554471544715447,0.902439024390244,4918.34163419365,3,0,0.0300000000000296
"hcv","sparsified","kmeans",5,15,30917232,40917232,615,46,30,100,"Hartigan-Wong",615,0.0476255953525232,3.27388277233983,28.1702174730558,0.0803942816727039,0.186428440390267,0.388617886178862,0.895934959349593,23840.1772037627,4,0,0.100000000000023
"hcv","original","kmeans",5,16,30917233,40917233,615,13,30,100,"Hartigan-Wong",615,0.263967516244899,1.45091050432455,97.224900024786,0.125083349931511,0.188047507194703,0.539837398373984,0.891056910569106,4874.38377141879,3,0,0.0399999999999636
"hcv","sparsified","kmeans",5,16,30917233,40917233,615,46,30,100,"Hartigan-Wong",615,0.0400706937174355,3.62764653864948,28.0612633680967,0.0547767115553237,0.170606612381971,0.330081300813008,0.899186991869919,23854.5628207044,6,0,0.129999999999995
"hcv","original","kmeans",5,17,30917234,40917234,615,13,30,100,"Hartigan-Wong",615,0.186222422811899,1.92328159728694,94.0873879708124,0.0811269626136467,0.182774693506219,0.40650406504065,0.899186991869919,4936.40412843857,3,0,0.0299999999999727
"hcv","sparsified","kmeans",5,17,30917234,40917234,615,46,30,100,"Hartigan-Wong",615,0.0475653188693608,3.26987005008667,28.1695071019172,0.0805134212898699,0.186443491011328,0.390243902439024,0.895934959349593,23840.2709405203,4,0,0.110000000000014
"hcv","original","kmeans",5,18,30917235,40917235,615,13,30,100,"Hartigan-Wong",615,0.192925332278016,1.64961051015326,98.4713960376111,0.0729991872892534,0.154353043349067,0.403252032520325,0.899186991869919,4850.17423984676,3,0,0.0199999999999818
"hcv","sparsified","kmeans",5,18,30917235,40917235,615,46,30,100,"Hartigan-Wong",615,0.0491434402749797,3.06547117773621,28.1646692510634,0.0999984459184359,0.187897214028425,0.414634146341463,0.897560975609756,23840.9093369244,4,0,0.100000000000023
"hcv","original","kmeans",5,19,30917236,40917236,615,13,30,100,"Hartigan-Wong",615,0.194192764262647,1.64228866910546,98.4438893545324,0.0676768324343652,0.140686883817177,0.4,0.895934959349593,4850.70588142622,3,0,0.0299999999999727
"hcv","sparsified","kmeans",5,19,30917236,40917236,615,46,30,100,"Hartigan-Wong",615,0.047070642028338,3.13759608596419,28.1893676087666,0.0825686470794472,0.178764678813155,0.390243902439024,0.897560975609756,23837.6505325204,5,0,0.100000000000023
"hcv","original","kmeans",5,20,30917237,40917237,615,13,30,100,"Hartigan-Wong",615,0.192925332278016,1.64961051015326,98.4713960376111,0.0729991872892534,0.154353043349067,0.403252032520325,0.899186991869919,4850.17423984676,3,0,0.0299999999999727
"hcv","sparsified","kmeans",5,20,30917237,40917237,615,46,30,100,"Hartigan-Wong",615,0.0403809520971646,3.63595835000515,28.0613427859292,0.0537032489350561,0.169955270028049,0.32520325203252,0.899186991869919,23854.5523285487,5,0,0.1099999999999
"hcv","original","kmeans",5,21,30917238,40917238,615,13,30,100,"Hartigan-Wong",615,0.191516268296014,1.64876385537586,98.4537648752433,0.0747605010033684,0.161832251271524,0.40650406504065,0.900813008130081,4850.51499667731,4,0,0.0300000000000864
"hcv","sparsified","kmeans",5,21,30917238,40917238,615,46,30,100,"Hartigan-Wong",615,0.0401039427951728,3.62830142281834,28.061771912918,0.054299871285679,0.170301357381977,0.326829268292683,0.899186991869919,23854.4956353069,5,0,0.120000000000005
"hcv","original","kmeans",5,22,30917239,40917239,615,13,30,100,"Hartigan-Wong",615,0.192925332278016,1.64961051015326,98.4713960376111,0.0729991872892534,0.154353043349067,0.403252032520325,0.899186991869919,4850.17423984676,3,0,0.0299999999999727
"hcv","sparsified","kmeans",5,22,30917239,40917239,615,46,30,100,"Hartigan-Wong",615,0.0475375042749394,3.27193738778057,28.1642016868891,0.0792822226768109,0.177349498895706,0.385365853658537,0.895934959349593,23840.9710378866,4,0,0.0900000000000318
"hcv","original","kmeans",5,23,30917240,40917240,615,13,30,100,"Hartigan-Wong",615,0.190554765915977,1.83708390437082,95.9245355663696,0.0752594231564268,0.173693968488781,0.409756097560976,0.902439024390244,4899.8984630276,4,0,0.0199999999999818
"hcv","sparsified","kmeans",5,23,30917240,40917240,615,46,30,100,"Hartigan-Wong",615,0.047070642028338,3.13759608596419,28.1893676087666,0.0825686470794472,0.178764678813155,0.390243902439024,0.897560975609756,23837.6505325204,5,0,0.110000000000014
"hcv","original","kmeans",5,24,30917241,40917241,615,13,30,100,"Hartigan-Wong",615,0.191516268296014,1.64876385537586,98.4537648752433,0.0747605010033684,0.161832251271524,0.40650406504065,0.900813008130081,4850.51499667731,4,0,0.0299999999999727
"hcv","sparsified","kmeans",5,24,30917241,40917241,615,46,30,100,"Hartigan-Wong",615,0.0484064237978734,3.263821758444,28.1447700298664,0.0789261862123523,0.177731193426802,0.386991869918699,0.895934959349593,23843.53557143,4,0,0.110000000000014
"hcv","original","kmeans",5,25,30917242,40917242,615,13,30,100,"Hartigan-Wong",615,0.191516268296014,1.64876385537586,98.4537648752433,0.0747605010033684,0.161832251271524,0.40650406504065,0.900813008130081,4850.51499667731,3,0,0.0199999999999818
"hcv","sparsified","kmeans",5,25,30917242,40917242,615,46,30,100,"Hartigan-Wong",615,0.0468833056113237,3.14426104978181,28.2181894038452,0.0843605104606643,0.18765568027771,0.39349593495935,0.897560975609756,23833.8487908087,5,0,0.110000000000014
"hcv","original","kmeans",5,26,30917243,40917243,615,13,30,100,"Hartigan-Wong",615,0.194192764262647,1.64228866910546,98.4438893545324,0.0676768324343652,0.140686883817177,0.4,0.895934959349593,4850.70588142622,3,0,0.0299999999999727
"hcv","sparsified","kmeans",5,26,30917243,40917243,615,46,30,100,"Hartigan-Wong",615,0.0401908381559037,3.62712729623842,28.0567356256404,0.0560633686948081,0.170846127306896,0.339837398373984,0.899186991869919,23855.1610111648,5,0,0.0900000000000318
"hcv","original","kmeans",5,27,30917244,40917244,615,13,30,100,"Hartigan-Wong",615,0.249224316574791,1.44941786886763,97.195279732006,0.0870917713402715,0.161415425372671,0.482926829268293,0.892682926829268,4874.96199890706,4,0,0.0299999999999727
"hcv","sparsified","kmeans",5,27,30917244,40917244,615,46,30,100,"Hartigan-Wong",615,0.0401039427951728,3.62830142281834,28.061771912918,0.054299871285679,0.170301357381977,0.326829268292683,0.899186991869919,23854.4956353069,4,0,0.1099999999999
"hcv","original","kmeans",5,28,30917245,40917245,615,13,30,100,"Hartigan-Wong",615,0.191095018485645,1.8363821715661,95.9454812980487,0.0759015322755495,0.173893283482329,0.408130081300813,0.902439024390244,4899.48536652882,3,0,0.0300000000000864
"hcv","sparsified","kmeans",5,28,30917245,40917245,615,46,30,100,"Hartigan-Wong",615,0.0403004937570043,3.64120025368179,28.0527991281564,0.0539610549996093,0.170336596608716,0.32520325203252,0.899186991869919,23855.6811126628,6,0,0.110000000000014
"hcv","original","kmeans",5,29,30917246,40917246,615,13,30,100,"Hartigan-Wong",615,0.192925332278016,1.64961051015326,98.4713960376111,0.0729991872892534,0.154353043349067,0.403252032520325,0.899186991869919,4850.17423984676,3,0,0.0299999999999727
"hcv","sparsified","kmeans",5,29,30917246,40917246,615,46,30,100,"Hartigan-Wong",615,0.0468833056113237,3.14426104978181,28.2181894038452,0.0843605104606643,0.18765568027771,0.39349593495935,0.897560975609756,23833.8487908087,4,0,0.0900000000000318
"hcv","original","kmeans",5,30,30917247,40917247,615,13,30,100,"Hartigan-Wong",615,0.189801417427023,1.64542888661058,98.2901793069666,0.0675740601244511,0.143276695311617,0.401626016260163,0.895934959349593,4853.67889350278,3,0,0.0299999999999727
"hcv","sparsified","kmeans",5,30,30917247,40917247,615,46,30,100,"Hartigan-Wong",615,0.0401039427951728,3.62830142281834,28.061771912918,0.054299871285679,0.170301357381977,0.326829268292683,0.899186991869919,23854.4956353069,5,0,0.110000000000014
"wholesale_customers","original","kmeans",3,1,50925018,60925018,440,7,30,100,"Hartigan-Wong",440,0.442915492046339,1.14646617147803,175.115129210211,-0.0102816059713854,0.00706686668698281,0.518181818181818,0.718181818181818,1705.85541604375,3,0,0
"wholesale_customers","sparsified","kmeans",3,1,50925018,60925018,440,25,30,100,"Hartigan-Wong",440,0.110861746140904,2.63868939616371,44.1622432835413,-0.0100969302190176,0.00566381392757097,0.390909090909091,0.718181818181818,9129.73813831085,3,0,0.0299999999999727
"wholesale_customers","original","kmeans",3,2,50925019,60925019,440,7,30,100,"Hartigan-Wong",440,0.442915492046339,1.14646617147803,175.115129210211,-0.0102816059713854,0.00706686668698281,0.518181818181818,0.718181818181818,1705.85541604375,3,0,0
"wholesale_customers","sparsified","kmeans",3,2,50925019,60925019,440,25,30,100,"Hartigan-Wong",440,0.110861746140904,2.63868939616371,44.1622432835413,-0.0100969302190176,0.00566381392757097,0.390909090909091,0.718181818181818,9129.73813831085,3,0,0.0300000000000864
"wholesale_customers","original","kmeans",3,3,50925020,60925020,440,7,30,100,"Hartigan-Wong",440,0.442915492046339,1.14646617147803,175.115129210211,-0.0102816059713854,0.00706686668698281,0.518181818181818,0.718181818181818,1705.85541604375,3,0,0
"wholesale_customers","sparsified","kmeans",3,3,50925020,60925020,440,25,30,100,"Hartigan-Wong",440,0.110861746140904,2.63868939616371,44.1622432835413,-0.0100969302190176,0.00566381392757097,0.390909090909091,0.718181818181818,9129.73813831085,4,0,0.00999999999999091
"wholesale_customers","original","kmeans",3,4,50925021,60925021,440,7,30,100,"Hartigan-Wong",440,0.442915492046339,1.14646617147803,175.115129210211,-0.0102816059713854,0.00706686668698281,0.518181818181818,0.718181818181818,1705.85541604375,3,0,0
"wholesale_customers","sparsified","kmeans",3,4,50925021,60925021,440,25,30,100,"Hartigan-Wong",440,0.110861746140904,2.63868939616371,44.1622432835413,-0.0100969302190176,0.00566381392757097,0.390909090909091,0.718181818181818,9129.73813831085,4,0,0.00999999999999091
"wholesale_customers","original","kmeans",3,5,50925022,60925022,440,7,30,100,"Hartigan-Wong",440,0.442915492046339,1.14646617147803,175.115129210211,-0.0102816059713854,0.00706686668698281,0.518181818181818,0.718181818181818,1705.85541604375,3,0,0.00999999999999091
"wholesale_customers","sparsified","kmeans",3,5,50925022,60925022,440,25,30,100,"Hartigan-Wong",440,0.110861746140904,2.63868939616371,44.1622432835413,-0.0100969302190176,0.00566381392757097,0.390909090909091,0.718181818181818,9129.73813831085,3,0,0.0299999999999727
"wholesale_customers","original","kmeans",3,6,50925023,60925023,440,7,30,100,"Hartigan-Wong",440,0.442915492046339,1.14646617147803,175.115129210211,-0.0102816059713854,0.00706686668698281,0.518181818181818,0.718181818181818,1705.85541604375,3,0,0.0199999999999818
"wholesale_customers","sparsified","kmeans",3,6,50925023,60925023,440,25,30,100,"Hartigan-Wong",440,0.110861746140904,2.63868939616371,44.1622432835413,-0.0100969302190176,0.00566381392757097,0.390909090909091,0.718181818181818,9129.73813831085,4,0,0.00999999999999091
"wholesale_customers","original","kmeans",3,7,50925024,60925024,440,7,30,100,"Hartigan-Wong",440,0.442915492046339,1.14646617147803,175.115129210211,-0.0102816059713854,0.00706686668698281,0.518181818181818,0.718181818181818,1705.85541604375,3,0,0.0100000000001046
"wholesale_customers","sparsified","kmeans",3,7,50925024,60925024,440,25,30,100,"Hartigan-Wong",440,0.110861746140904,2.63868939616371,44.1622432835413,-0.0100969302190176,0.00566381392757097,0.390909090909091,0.718181818181818,9129.73813831085,2,0,0.00999999999999091
"wholesale_customers","original","kmeans",3,8,50925025,60925025,440,7,30,100,"Hartigan-Wong",440,0.442915492046339,1.14646617147803,175.115129210211,-0.0102816059713854,0.00706686668698281,0.518181818181818,0.718181818181818,1705.85541604375,3,0,0.0199999999999818
"wholesale_customers","sparsified","kmeans",3,8,50925025,60925025,440,25,30,100,"Hartigan-Wong",440,0.110861746140904,2.63868939616371,44.1622432835413,-0.0100969302190176,0.00566381392757097,0.390909090909091,0.718181818181818,9129.73813831085,3,0,0.0300000000000864
"wholesale_customers","original","kmeans",3,9,50925026,60925026,440,7,30,100,"Hartigan-Wong",440,0.442915492046339,1.14646617147803,175.115129210211,-0.0102816059713854,0.00706686668698281,0.518181818181818,0.718181818181818,1705.85541604375,2,0,0
"wholesale_customers","sparsified","kmeans",3,9,50925026,60925026,440,25,30,100,"Hartigan-Wong",440,0.110861746140904,2.63868939616371,44.1622432835413,-0.0100969302190176,0.00566381392757097,0.390909090909091,0.718181818181818,9129.73813831085,3,0,0.00999999999999091
"wholesale_customers","original","kmeans",3,10,50925027,60925027,440,7,30,100,"Hartigan-Wong",440,0.442915492046339,1.14646617147803,175.115129210211,-0.0102816059713854,0.00706686668698281,0.518181818181818,0.718181818181818,1705.85541604375,3,0,0
"wholesale_customers","sparsified","kmeans",3,10,50925027,60925027,440,25,30,100,"Hartigan-Wong",440,0.110861746140904,2.63868939616371,44.1622432835413,-0.0100969302190176,0.00566381392757097,0.390909090909091,0.718181818181818,9129.73813831085,3,0,0.00999999999999091
"wholesale_customers","original","kmeans",3,11,50925028,60925028,440,7,30,100,"Hartigan-Wong",440,0.442915492046339,1.14646617147803,175.115129210211,-0.0102816059713854,0.00706686668698281,0.518181818181818,0.718181818181818,1705.85541604375,2,0,0.00999999999999091
"wholesale_customers","sparsified","kmeans",3,11,50925028,60925028,440,25,30,100,"Hartigan-Wong",440,0.110861746140904,2.63868939616371,44.1622432835413,-0.0100969302190176,0.00566381392757097,0.390909090909091,0.718181818181818,9129.73813831085,3,0,0.0300000000000864
"wholesale_customers","original","kmeans",3,12,50925029,60925029,440,7,30,100,"Hartigan-Wong",440,0.442915492046339,1.14646617147803,175.115129210211,-0.0102816059713854,0.00706686668698281,0.518181818181818,0.718181818181818,1705.85541604375,3,0,0.0199999999999818
"wholesale_customers","sparsified","kmeans",3,12,50925029,60925029,440,25,30,100,"Hartigan-Wong",440,0.110861746140904,2.63868939616371,44.1622432835413,-0.0100969302190176,0.00566381392757097,0.390909090909091,0.718181818181818,9129.73813831085,4,0,0.0199999999999818
"wholesale_customers","original","kmeans",3,13,50925030,60925030,440,7,30,100,"Hartigan-Wong",440,0.442915492046339,1.14646617147803,175.115129210211,-0.0102816059713854,0.00706686668698281,0.518181818181818,0.718181818181818,1705.85541604375,2,0,0.0199999999999818
"wholesale_customers","sparsified","kmeans",3,13,50925030,60925030,440,25,30,100,"Hartigan-Wong",440,0.110861746140904,2.63868939616371,44.1622432835413,-0.0100969302190176,0.00566381392757097,0.390909090909091,0.718181818181818,9129.73813831085,3,0,0.0299999999999727
"wholesale_customers","original","kmeans",3,14,50925031,60925031,440,7,30,100,"Hartigan-Wong",440,0.442915492046339,1.14646617147803,175.115129210211,-0.0102816059713854,0.00706686668698281,0.518181818181818,0.718181818181818,1705.85541604375,3,0,0.00999999999999091
"wholesale_customers","sparsified","kmeans",3,14,50925031,60925031,440,25,30,100,"Hartigan-Wong",440,0.110861746140904,2.63868939616371,44.1622432835413,-0.0100969302190176,0.00566381392757097,0.390909090909091,0.718181818181818,9129.73813831085,3,0,0.00999999999999091
"wholesale_customers","original","kmeans",3,15,50925032,60925032,440,7,30,100,"Hartigan-Wong",440,0.442915492046339,1.14646617147803,175.115129210211,-0.0102816059713854,0.00706686668698281,0.518181818181818,0.718181818181818,1705.85541604375,3,0,0.0199999999999818
"wholesale_customers","sparsified","kmeans",3,15,50925032,60925032,440,25,30,100,"Hartigan-Wong",440,0.110861746140904,2.63868939616371,44.1622432835413,-0.0100969302190176,0.00566381392757097,0.390909090909091,0.718181818181818,9129.73813831085,4,0,0.0199999999999818
"wholesale_customers","original","kmeans",3,16,50925033,60925033,440,7,30,100,"Hartigan-Wong",440,0.442915492046339,1.14646617147803,175.115129210211,-0.0102816059713854,0.00706686668698281,0.518181818181818,0.718181818181818,1705.85541604375,3,0,0
"wholesale_customers","sparsified","kmeans",3,16,50925033,60925033,440,25,30,100,"Hartigan-Wong",440,0.110861746140904,2.63868939616371,44.1622432835413,-0.0100969302190176,0.00566381392757097,0.390909090909091,0.718181818181818,9129.73813831085,3,0,0.0300000000000864
"wholesale_customers","original","kmeans",3,17,50925034,60925034,440,7,30,100,"Hartigan-Wong",440,0.442915492046339,1.14646617147803,175.115129210211,-0.0102816059713854,0.00706686668698281,0.518181818181818,0.718181818181818,1705.85541604375,3,0,0
"wholesale_customers","sparsified","kmeans",3,17,50925034,60925034,440,25,30,100,"Hartigan-Wong",440,0.110861746140904,2.63868939616371,44.1622432835413,-0.0100969302190176,0.00566381392757097,0.390909090909091,0.718181818181818,9129.73813831085,4,0,0.0299999999999727
"wholesale_customers","original","kmeans",3,18,50925035,60925035,440,7,30,100,"Hartigan-Wong",440,0.442915492046339,1.14646617147803,175.115129210211,-0.0102816059713854,0.00706686668698281,0.518181818181818,0.718181818181818,1705.85541604375,3,0,0.0199999999999818
"wholesale_customers","sparsified","kmeans",3,18,50925035,60925035,440,25,30,100,"Hartigan-Wong",440,0.110861746140904,2.63868939616371,44.1622432835413,-0.0100969302190176,0.00566381392757097,0.390909090909091,0.718181818181818,9129.73813831085,3,0,0.0100000000001046
"wholesale_customers","original","kmeans",3,19,50925036,60925036,440,7,30,100,"Hartigan-Wong",440,0.442915492046339,1.14646617147803,175.115129210211,-0.0102816059713854,0.00706686668698281,0.518181818181818,0.718181818181818,1705.85541604375,2,0,0.0199999999999818
"wholesale_customers","sparsified","kmeans",3,19,50925036,60925036,440,25,30,100,"Hartigan-Wong",440,0.110861746140904,2.63868939616371,44.1622432835413,-0.0100969302190176,0.00566381392757097,0.390909090909091,0.718181818181818,9129.73813831085,3,0,0.0199999999999818
"wholesale_customers","original","kmeans",3,20,50925037,60925037,440,7,30,100,"Hartigan-Wong",440,0.442915492046339,1.14646617147803,175.115129210211,-0.0102816059713854,0.00706686668698281,0.518181818181818,0.718181818181818,1705.85541604375,3,0,0.0200000000000955
"wholesale_customers","sparsified","kmeans",3,20,50925037,60925037,440,25,30,100,"Hartigan-Wong",440,0.110861746140904,2.63868939616371,44.1622432835413,-0.0100969302190176,0.00566381392757097,0.390909090909091,0.718181818181818,9129.73813831085,3,0,0.0299999999999727
"wholesale_customers","original","kmeans",3,21,50925038,60925038,440,7,30,100,"Hartigan-Wong",440,0.442915492046339,1.14646617147803,175.115129210211,-0.0102816059713854,0.00706686668698281,0.518181818181818,0.718181818181818,1705.85541604375,3,0,0
"wholesale_customers","sparsified","kmeans",3,21,50925038,60925038,440,25,30,100,"Hartigan-Wong",440,0.110861746140904,2.63868939616371,44.1622432835413,-0.0100969302190176,0.00566381392757097,0.390909090909091,0.718181818181818,9129.73813831085,3,0,0.0300000000000864
"wholesale_customers","original","kmeans",3,22,50925039,60925039,440,7,30,100,"Hartigan-Wong",440,0.442915492046339,1.14646617147803,175.115129210211,-0.0102816059713854,0.00706686668698281,0.518181818181818,0.718181818181818,1705.85541604375,3,0,0.0199999999999818
"wholesale_customers","sparsified","kmeans",3,22,50925039,60925039,440,25,30,100,"Hartigan-Wong",440,0.110861746140904,2.63868939616371,44.1622432835413,-0.0100969302190176,0.00566381392757097,0.390909090909091,0.718181818181818,9129.73813831085,3,0,0.0399999999999636
"wholesale_customers","original","kmeans",3,23,50925040,60925040,440,7,30,100,"Hartigan-Wong",440,0.442915492046339,1.14646617147803,175.115129210211,-0.0102816059713854,0.00706686668698281,0.518181818181818,0.718181818181818,1705.85541604375,3,0,0.0200000000000955
"wholesale_customers","sparsified","kmeans",3,23,50925040,60925040,440,25,30,100,"Hartigan-Wong",440,0.110861746140904,2.63868939616371,44.1622432835413,-0.0100969302190176,0.00566381392757097,0.390909090909091,0.718181818181818,9129.73813831085,3,0,0.0299999999999727
"wholesale_customers","original","kmeans",3,24,50925041,60925041,440,7,30,100,"Hartigan-Wong",440,0.442915492046339,1.14646617147803,175.115129210211,-0.0102816059713854,0.00706686668698281,0.518181818181818,0.718181818181818,1705.85541604375,2,0,0
"wholesale_customers","sparsified","kmeans",3,24,50925041,60925041,440,25,30,100,"Hartigan-Wong",440,0.110861746140904,2.63868939616371,44.1622432835413,-0.0100969302190176,0.00566381392757097,0.390909090909091,0.718181818181818,9129.73813831085,3,0,0.00999999999999091
"wholesale_customers","original","kmeans",3,25,50925042,60925042,440,7,30,100,"Hartigan-Wong",440,0.442915492046339,1.14646617147803,175.115129210211,-0.0102816059713854,0.00706686668698281,0.518181818181818,0.718181818181818,1705.85541604375,2,0,0
"wholesale_customers","sparsified","kmeans",3,25,50925042,60925042,440,25,30,100,"Hartigan-Wong",440,0.110861746140904,2.63868939616371,44.1622432835413,-0.0100969302190176,0.00566381392757097,0.390909090909091,0.718181818181818,9129.73813831085,3,0,0.00999999999999091
"wholesale_customers","original","kmeans",3,26,50925043,60925043,440,7,30,100,"Hartigan-Wong",440,0.442915492046339,1.14646617147803,175.115129210211,-0.0102816059713854,0.00706686668698281,0.518181818181818,0.718181818181818,1705.85541604375,3,0,0.0199999999999818
"wholesale_customers","sparsified","kmeans",3,26,50925043,60925043,440,25,30,100,"Hartigan-Wong",440,0.110861746140904,2.63868939616371,44.1622432835413,-0.0100969302190176,0.00566381392757097,0.390909090909091,0.718181818181818,9129.73813831085,3,0,0.0299999999999727
"wholesale_customers","original","kmeans",3,27,50925044,60925044,440,7,30,100,"Hartigan-Wong",440,0.442915492046339,1.14646617147803,175.115129210211,-0.0102816059713854,0.00706686668698281,0.518181818181818,0.718181818181818,1705.85541604375,3,0,0
"wholesale_customers","sparsified","kmeans",3,27,50925044,60925044,440,25,30,100,"Hartigan-Wong",440,0.110861746140904,2.63868939616371,44.1622432835413,-0.0100969302190176,0.00566381392757097,0.390909090909091,0.718181818181818,9129.73813831085,3,0,0.0299999999999727
"wholesale_customers","original","kmeans",3,28,50925045,60925045,440,7,30,100,"Hartigan-Wong",440,0.442915492046339,1.14646617147803,175.115129210211,-0.0102816059713854,0.00706686668698281,0.518181818181818,0.718181818181818,1705.85541604375,3,0,0
"wholesale_customers","sparsified","kmeans",3,28,50925045,60925045,440,25,30,100,"Hartigan-Wong",440,0.110861746140904,2.63868939616371,44.1622432835413,-0.0100969302190176,0.00566381392757097,0.390909090909091,0.718181818181818,9129.73813831085,3,0,0.0300000000000864
"wholesale_customers","original","kmeans",3,29,50925046,60925046,440,7,30,100,"Hartigan-Wong",440,0.442915492046339,1.14646617147803,175.115129210211,-0.0102816059713854,0.00706686668698281,0.518181818181818,0.718181818181818,1705.85541604375,3,0,0.00999999999999091
"wholesale_customers","sparsified","kmeans",3,29,50925046,60925046,440,25,30,100,"Hartigan-Wong",440,0.110861746140904,2.63868939616371,44.1622432835413,-0.0100969302190176,0.00566381392757097,0.390909090909091,0.718181818181818,9129.73813831085,3,0,0.00999999999999091
"wholesale_customers","original","kmeans",3,30,50925047,60925047,440,7,30,100,"Hartigan-Wong",440,0.442915492046339,1.14646617147803,175.115129210211,-0.0102816059713854,0.00706686668698281,0.518181818181818,0.718181818181818,1705.85541604375,2,0,0
"wholesale_customers","sparsified","kmeans",3,30,50925047,60925047,440,25,30,100,"Hartigan-Wong",440,0.110861746140904,2.63868939616371,44.1622432835413,-0.0100969302190176,0.00566381392757097,0.390909090909091,0.718181818181818,9129.73813831085,3,0,0.0299999999999727
"vehicle_silhouettes","original","kmeans",4,1,50871118,60871118,846,18,30,100,"Hartigan-Wong",846,0.305389094559658,1.06835040952416,433.9752360232,0.0761244520806915,0.117064874760899,0.359338061465721,0.367612293144208,5973.53721343796,3,0,0.0499999999999545
"vehicle_silhouettes","sparsified","kmeans",4,1,50871118,60871118,846,72,30,100,"Hartigan-Wong",846,0.164645437655601,2.12092692130962,116.588529035499,0.12015079256137,0.179403807810797,0.449172576832151,0.449172576832151,42984.359134227,3,0,0.139999999999986
"vehicle_silhouettes","original","kmeans",4,2,50871119,60871119,846,18,30,100,"Hartigan-Wong",846,0.245994971229242,1.55805879384586,359.94330559651,0.0713641621664159,0.0962758020033971,0.373522458628842,0.373522458628842,6663.86754005481,3,0,0.0499999999999545
"vehicle_silhouettes","sparsified","kmeans",4,2,50871119,60871119,846,72,30,100,"Hartigan-Wong",846,0.164645437655601,2.12092692130962,116.588529035499,0.12015079256137,0.179403807810797,0.449172576832151,0.449172576832151,42984.359134227,4,0,0.120000000000005
"vehicle_silhouettes","original","kmeans",4,3,50871120,60871120,846,18,30,100,"Hartigan-Wong",846,0.305389094559658,1.06835040952416,433.9752360232,0.0761244520806915,0.117064874760899,0.359338061465721,0.367612293144208,5973.53721343796,2,0,0.0399999999999636
"vehicle_silhouettes","sparsified","kmeans",4,3,50871120,60871120,846,72,30,100,"Hartigan-Wong",846,0.164645437655601,2.12092692130962,116.588529035499,0.12015079256137,0.179403807810797,0.449172576832151,0.449172576832151,42984.359134227,3,0,0.139999999999986
"vehicle_silhouettes","original","kmeans",4,4,50871121,60871121,846,18,30,100,"Hartigan-Wong",846,0.303547949692853,1.07389236011793,433.876464935848,0.074067274037002,0.114751434532121,0.355791962174941,0.366430260047281,5974.36293373359,3,0,0.0300000000000864
"vehicle_silhouettes","sparsified","kmeans",4,4,50871121,60871121,846,72,30,100,"Hartigan-Wong",846,0.164645437655601,2.12092692130962,116.588529035499,0.12015079256137,0.179403807810797,0.449172576832151,0.449172576832151,42984.359134227,4,0,0.1400000000001
"vehicle_silhouettes","original","kmeans",4,5,50871122,60871122,846,18,30,100,"Hartigan-Wong",846,0.304902739836261,1.0685227255353,433.934635507649,0.0738145334177928,0.114948043287677,0.359338061465721,0.366430260047281,5973.87660365428,2,0,0.0299999999999727
"vehicle_silhouettes","sparsified","kmeans",4,5,50871122,60871122,846,72,30,100,"Hartigan-Wong",846,0.164645437655601,2.12092692130962,116.588529035499,0.12015079256137,0.179403807810797,0.449172576832151,0.449172576832151,42984.359134227,3,0,0.139999999999986
"vehicle_silhouettes","original","kmeans",4,6,50871123,60871123,846,18,30,100,"Hartigan-Wong",846,0.305389094559658,1.06835040952416,433.9752360232,0.0761244520806915,0.117064874760899,0.359338061465721,0.367612293144208,5973.53721343796,2,0,0.0300000000000864
"vehicle_silhouettes","sparsified","kmeans",4,6,50871123,60871123,846,72,30,100,"Hartigan-Wong",846,0.164645437655601,2.12092692130962,116.588529035499,0.12015079256137,0.179403807810797,0.449172576832151,0.449172576832151,42984.359134227,4,0,0.139999999999986
"vehicle_silhouettes","original","kmeans",4,7,50871124,60871124,846,18,30,100,"Hartigan-Wong",846,0.305389094559658,1.06835040952416,433.9752360232,0.0761244520806915,0.117064874760899,0.359338061465721,0.367612293144208,5973.53721343796,3,0,0.0499999999999545
"vehicle_silhouettes","sparsified","kmeans",4,7,50871124,60871124,846,72,30,100,"Hartigan-Wong",846,0.164645437655601,2.12092692130962,116.588529035499,0.12015079256137,0.179403807810797,0.449172576832151,0.449172576832151,42984.359134227,3,0,0.149999999999977
"vehicle_silhouettes","original","kmeans",4,8,50871125,60871125,846,18,30,100,"Hartigan-Wong",846,0.305389094559658,1.06835040952416,433.9752360232,0.0761244520806915,0.117064874760899,0.359338061465721,0.367612293144208,5973.53721343796,2,0,0.0499999999999545
"vehicle_silhouettes","sparsified","kmeans",4,8,50871125,60871125,846,72,30,100,"Hartigan-Wong",846,0.164645437655601,2.12092692130962,116.588529035499,0.12015079256137,0.179403807810797,0.449172576832151,0.449172576832151,42984.359134227,2,0,0.149999999999977
"vehicle_silhouettes","original","kmeans",4,9,50871126,60871126,846,18,30,100,"Hartigan-Wong",846,0.305389094559658,1.06835040952416,433.9752360232,0.0761244520806915,0.117064874760899,0.359338061465721,0.367612293144208,5973.53721343796,3,0,0.0299999999999727
"vehicle_silhouettes","sparsified","kmeans",4,9,50871126,60871126,846,72,30,100,"Hartigan-Wong",846,0.164645437655601,2.12092692130962,116.588529035499,0.12015079256137,0.179403807810797,0.449172576832151,0.449172576832151,42984.359134227,4,0,0.159999999999968
"vehicle_silhouettes","original","kmeans",4,10,50871127,60871127,846,18,30,100,"Hartigan-Wong",846,0.305389094559658,1.06835040952416,433.9752360232,0.0761244520806915,0.117064874760899,0.359338061465721,0.367612293144208,5973.53721343796,3,0,0.0299999999999727
"vehicle_silhouettes","sparsified","kmeans",4,10,50871127,60871127,846,72,30,100,"Hartigan-Wong",846,0.164645437655601,2.12092692130962,116.588529035499,0.12015079256137,0.179403807810797,0.449172576832151,0.449172576832151,42984.359134227,3,0,0.139999999999986
"vehicle_silhouettes","original","kmeans",4,11,50871128,60871128,846,18,30,100,"Hartigan-Wong",846,0.305389094559658,1.06835040952416,433.9752360232,0.0761244520806915,0.117064874760899,0.359338061465721,0.367612293144208,5973.53721343796,2,0,0.0500000000000682
"vehicle_silhouettes","sparsified","kmeans",4,11,50871128,60871128,846,72,30,100,"Hartigan-Wong",846,0.164645437655601,2.12092692130962,116.588529035499,0.12015079256137,0.179403807810797,0.449172576832151,0.449172576832151,42984.359134227,3,0,0.149999999999977
"vehicle_silhouettes","original","kmeans",4,12,50871129,60871129,846,18,30,100,"Hartigan-Wong",846,0.305389094559658,1.06835040952416,433.9752360232,0.0761244520806915,0.117064874760899,0.359338061465721,0.367612293144208,5973.53721343796,3,0,0.0499999999999545
"vehicle_silhouettes","sparsified","kmeans",4,12,50871129,60871129,846,72,30,100,"Hartigan-Wong",846,0.164645437655601,2.12092692130962,116.588529035499,0.12015079256137,0.179403807810797,0.449172576832151,0.449172576832151,42984.359134227,4,0,0.159999999999968
"vehicle_silhouettes","original","kmeans",4,13,50871130,60871130,846,18,30,100,"Hartigan-Wong",846,0.304902739836261,1.0685227255353,433.934635507649,0.0738145334177928,0.114948043287677,0.359338061465721,0.366430260047281,5973.87660365428,3,0,0.0499999999999545
"vehicle_silhouettes","sparsified","kmeans",4,13,50871130,60871130,846,72,30,100,"Hartigan-Wong",846,0.164645437655601,2.12092692130962,116.588529035499,0.12015079256137,0.179403807810797,0.449172576832151,0.449172576832151,42984.359134227,3,0,0.139999999999986
"vehicle_silhouettes","original","kmeans",4,14,50871131,60871131,846,18,30,100,"Hartigan-Wong",846,0.304902739836261,1.0685227255353,433.934635507649,0.0738145334177928,0.114948043287677,0.359338061465721,0.366430260047281,5973.87660365428,2,0,0.0399999999999636
"vehicle_silhouettes","sparsified","kmeans",4,14,50871131,60871131,846,72,30,100,"Hartigan-Wong",846,0.164645437655601,2.12092692130962,116.588529035499,0.12015079256137,0.179403807810797,0.449172576832151,0.449172576832151,42984.359134227,5,0,0.139999999999986
"vehicle_silhouettes","original","kmeans",4,15,50871132,60871132,846,18,30,100,"Hartigan-Wong",846,0.305389094559658,1.06835040952416,433.9752360232,0.0761244520806915,0.117064874760899,0.359338061465721,0.367612293144208,5973.53721343796,3,0,0.0300000000000864
"vehicle_silhouettes","sparsified","kmeans",4,15,50871132,60871132,846,72,30,100,"Hartigan-Wong",846,0.164645437655601,2.12092692130962,116.588529035499,0.12015079256137,0.179403807810797,0.449172576832151,0.449172576832151,42984.359134227,4,0,0.139999999999986
"vehicle_silhouettes","original","kmeans",4,16,50871133,60871133,846,18,30,100,"Hartigan-Wong",846,0.305389094559658,1.06835040952416,433.9752360232,0.0761244520806915,0.117064874760899,0.359338061465721,0.367612293144208,5973.53721343796,3,0,0.0300000000000864
"vehicle_silhouettes","sparsified","kmeans",4,16,50871133,60871133,846,72,30,100,"Hartigan-Wong",846,0.164645437655601,2.12092692130962,116.588529035499,0.12015079256137,0.179403807810797,0.449172576832151,0.449172576832151,42984.359134227,4,0,0.150000000000091
"vehicle_silhouettes","original","kmeans",4,17,50871134,60871134,846,18,30,100,"Hartigan-Wong",846,0.303547949692853,1.07389236011793,433.876464935848,0.074067274037002,0.114751434532121,0.355791962174941,0.366430260047281,5974.36293373359,3,0,0.0400000000000773
"vehicle_silhouettes","sparsified","kmeans",4,17,50871134,60871134,846,72,30,100,"Hartigan-Wong",846,0.164645437655601,2.12092692130962,116.588529035499,0.12015079256137,0.179403807810797,0.449172576832151,0.449172576832151,42984.359134227,3,0,0.129999999999995
"vehicle_silhouettes","original","kmeans",4,18,50871135,60871135,846,18,30,100,"Hartigan-Wong",846,0.305389094559658,1.06835040952416,433.9752360232,0.0761244520806915,0.117064874760899,0.359338061465721,0.367612293144208,5973.53721343796,3,0,0.0299999999999727
"vehicle_silhouettes","sparsified","kmeans",4,18,50871135,60871135,846,72,30,100,"Hartigan-Wong",846,0.164645437655601,2.12092692130962,116.588529035499,0.12015079256137,0.179403807810797,0.449172576832151,0.449172576832151,42984.359134227,3,0,0.149999999999977
"vehicle_silhouettes","original","kmeans",4,19,50871136,60871136,846,18,30,100,"Hartigan-Wong",846,0.305389094559658,1.06835040952416,433.9752360232,0.0761244520806915,0.117064874760899,0.359338061465721,0.367612293144208,5973.53721343796,3,0,0.0299999999999727
"vehicle_silhouettes","sparsified","kmeans",4,19,50871136,60871136,846,72,30,100,"Hartigan-Wong",846,0.164645437655601,2.12092692130962,116.588529035499,0.12015079256137,0.179403807810797,0.449172576832151,0.449172576832151,42984.359134227,4,0,0.110000000000014
"vehicle_silhouettes","original","kmeans",4,20,50871137,60871137,846,18,30,100,"Hartigan-Wong",846,0.245994971229242,1.55805879384586,359.94330559651,0.0713641621664159,0.0962758020033971,0.373522458628842,0.373522458628842,6663.86754005481,3,0,0.0299999999999727
"vehicle_silhouettes","sparsified","kmeans",4,20,50871137,60871137,846,72,30,100,"Hartigan-Wong",846,0.164645437655601,2.12092692130962,116.588529035499,0.12015079256137,0.179403807810797,0.449172576832151,0.449172576832151,42984.359134227,3,0,0.120000000000005
"vehicle_silhouettes","original","kmeans",4,21,50871138,60871138,846,18,30,100,"Hartigan-Wong",846,0.305389094559658,1.06835040952416,433.9752360232,0.0761244520806915,0.117064874760899,0.359338061465721,0.367612293144208,5973.53721343796,2,0,0.0399999999999636
"vehicle_silhouettes","sparsified","kmeans",4,21,50871138,60871138,846,72,30,100,"Hartigan-Wong",846,0.164645437655601,2.12092692130962,116.588529035499,0.12015079256137,0.179403807810797,0.449172576832151,0.449172576832151,42984.359134227,5,0,0.129999999999995
"vehicle_silhouettes","original","kmeans",4,22,50871139,60871139,846,18,30,100,"Hartigan-Wong",846,0.305389094559658,1.06835040952416,433.9752360232,0.0761244520806915,0.117064874760899,0.359338061465721,0.367612293144208,5973.53721343796,3,0,0.0499999999999545
"vehicle_silhouettes","sparsified","kmeans",4,22,50871139,60871139,846,72,30,100,"Hartigan-Wong",846,0.164645437655601,2.12092692130962,116.588529035499,0.12015079256137,0.179403807810797,0.449172576832151,0.449172576832151,42984.359134227,3,0,0.139999999999986
"vehicle_silhouettes","original","kmeans",4,23,50871140,60871140,846,18,30,100,"Hartigan-Wong",846,0.305389094559658,1.06835040952416,433.9752360232,0.0761244520806915,0.117064874760899,0.359338061465721,0.367612293144208,5973.53721343796,4,0,0.0300000000000864
"vehicle_silhouettes","sparsified","kmeans",4,23,50871140,60871140,846,72,30,100,"Hartigan-Wong",846,0.164645437655601,2.12092692130962,116.588529035499,0.12015079256137,0.179403807810797,0.449172576832151,0.449172576832151,42984.359134227,4,0,0.129999999999995
"vehicle_silhouettes","original","kmeans",4,24,50871141,60871141,846,18,30,100,"Hartigan-Wong",846,0.305389094559658,1.06835040952416,433.9752360232,0.0761244520806915,0.117064874760899,0.359338061465721,0.367612293144208,5973.53721343796,3,0,0.0500000000000682
"vehicle_silhouettes","sparsified","kmeans",4,24,50871141,60871141,846,72,30,100,"Hartigan-Wong",846,0.164645437655601,2.12092692130962,116.588529035499,0.12015079256137,0.179403807810797,0.449172576832151,0.449172576832151,42984.359134227,4,0,0.110000000000014
"vehicle_silhouettes","original","kmeans",4,25,50871142,60871142,846,18,30,100,"Hartigan-Wong",846,0.305389094559658,1.06835040952416,433.9752360232,0.0761244520806915,0.117064874760899,0.359338061465721,0.367612293144208,5973.53721343796,3,0,0.0399999999999636
"vehicle_silhouettes","sparsified","kmeans",4,25,50871142,60871142,846,72,30,100,"Hartigan-Wong",846,0.164645437655601,2.12092692130962,116.588529035499,0.12015079256137,0.179403807810797,0.449172576832151,0.449172576832151,42984.359134227,5,0,0.120000000000005
"vehicle_silhouettes","original","kmeans",4,26,50871143,60871143,846,18,30,100,"Hartigan-Wong",846,0.245994971229242,1.55805879384586,359.94330559651,0.0713641621664159,0.0962758020033971,0.373522458628842,0.373522458628842,6663.86754005481,3,0,0.0299999999999727
"vehicle_silhouettes","sparsified","kmeans",4,26,50871143,60871143,846,72,30,100,"Hartigan-Wong",846,0.164645437655601,2.12092692130962,116.588529035499,0.12015079256137,0.179403807810797,0.449172576832151,0.449172576832151,42984.359134227,3,0,0.139999999999986
"vehicle_silhouettes","original","kmeans",4,27,50871144,60871144,846,18,30,100,"Hartigan-Wong",846,0.305389094559658,1.06835040952416,433.9752360232,0.0761244520806915,0.117064874760899,0.359338061465721,0.367612293144208,5973.53721343796,3,0,0.0300000000000864
"vehicle_silhouettes","sparsified","kmeans",4,27,50871144,60871144,846,72,30,100,"Hartigan-Wong",846,0.164645437655601,2.12092692130962,116.588529035499,0.12015079256137,0.179403807810797,0.449172576832151,0.449172576832151,42984.359134227,5,0,0.129999999999995
"vehicle_silhouettes","original","kmeans",4,28,50871145,60871145,846,18,30,100,"Hartigan-Wong",846,0.305389094559658,1.06835040952416,433.9752360232,0.0761244520806915,0.117064874760899,0.359338061465721,0.367612293144208,5973.53721343796,3,0,0.0299999999999727
"vehicle_silhouettes","sparsified","kmeans",4,28,50871145,60871145,846,72,30,100,"Hartigan-Wong",846,0.164645437655601,2.12092692130962,116.588529035499,0.12015079256137,0.179403807810797,0.449172576832151,0.449172576832151,42984.359134227,5,0,0.129999999999995
"vehicle_silhouettes","original","kmeans",4,29,50871146,60871146,846,18,30,100,"Hartigan-Wong",846,0.245994971229242,1.55805879384586,359.94330559651,0.0713641621664159,0.0962758020033971,0.373522458628842,0.373522458628842,6663.86754005481,3,0,0.0400000000000773
"vehicle_silhouettes","sparsified","kmeans",4,29,50871146,60871146,846,72,30,100,"Hartigan-Wong",846,0.164645437655601,2.12092692130962,116.588529035499,0.12015079256137,0.179403807810797,0.449172576832151,0.449172576832151,42984.359134227,3,0,0.129999999999995
"vehicle_silhouettes","original","kmeans",4,30,50871147,60871147,846,18,30,100,"Hartigan-Wong",846,0.303547949692853,1.07389236011793,433.876464935848,0.074067274037002,0.114751434532121,0.355791962174941,0.366430260047281,5974.36293373359,3,0,0.0300000000000864
"vehicle_silhouettes","sparsified","kmeans",4,30,50871147,60871147,846,72,30,100,"Hartigan-Wong",846,0.164645437655601,2.12092692130962,116.588529035499,0.12015079256137,0.179403807810797,0.449172576832151,0.449172576832151,42984.359134227,5,0,0.139999999999986
"statlog_image_segmentation","original","kmeans",7,1,67597418,77597418,2310,18,30,100,"Hartigan-Wong",1000,0.357075506328099,1.08295728577807,850.953358391186,0.461546029743688,0.588806872192316,0.545887445887446,0.554545454545455,12919.5440045762,3,0,0.159999999999968
"statlog_image_segmentation","sparsified","kmeans",7,1,67597418,77597418,2310,66,30,100,"Hartigan-Wong",1000,0.198597090074078,1.84710472633591,290.34360748439,0.499889504162289,0.632595205726258,0.611688311688312,0.633333333333333,86763.4198954586,4,0,0.450000000000045
"statlog_image_segmentation","original","kmeans",7,2,67597419,77597419,2310,18,30,100,"Hartigan-Wong",1000,0.29997624074148,1.27006053324186,844.054177828497,0.476049046863044,0.600181794200953,0.586580086580087,0.5995670995671,12992.1355620804,4,0,0.139999999999986
"statlog_image_segmentation","sparsified","kmeans",7,2,67597419,77597419,2310,66,30,100,"Hartigan-Wong",1000,0.200182143997317,1.84710472633591,290.34360748439,0.499889504162289,0.632595205726258,0.611688311688312,0.633333333333333,86763.4198954586,3,0,0.42999999999995
"statlog_image_segmentation","original","kmeans",7,3,67597420,77597420,2310,18,30,100,"Hartigan-Wong",1000,0.359966970338568,1.08094539614402,850.933512179981,0.459982026912638,0.585719552102595,0.545021645021645,0.553679653679654,12919.7516583531,4,0,0.149999999999977
"statlog_image_segmentation","sparsified","kmeans",7,3,67597420,77597420,2310,66,30,100,"Hartigan-Wong",1000,0.197935449638109,1.84710472633591,290.34360748439,0.499889504162289,0.632595205726259,0.611688311688312,0.633333333333333,86763.4198954586,4,0,0.690000000000055
"statlog_image_segmentation","original","kmeans",7,4,67597421,77597421,2310,18,30,100,"Hartigan-Wong",1000,0.353022618177942,1.08441053818738,850.675906115366,0.462969921999999,0.594400853138378,0.546320346320346,0.554112554112554,12922.4476336233,4,0,0.32000000000005
"statlog_image_segmentation","sparsified","kmeans",7,4,67597421,77597421,2310,66,30,100,"Hartigan-Wong",1000,0.191475210513102,1.84710472633591,290.34360748439,0.499889504162289,0.632595205726258,0.611688311688312,0.633333333333333,86763.4198954586,3,0,0.950000000000045
"statlog_image_segmentation","original","kmeans",7,5,67597422,77597422,2310,18,30,100,"Hartigan-Wong",1000,0.309198167069051,1.27064992329709,844.08305993331,0.477380756074537,0.599851066106647,0.586147186147186,0.599134199134199,12991.829971062,4,0,0.409999999999968
"statlog_image_segmentation","sparsified","kmeans",7,5,67597422,77597422,2310,66,30,100,"Hartigan-Wong",1000,0.18120536290901,1.85089154575764,286.264246798827,0.440699602050363,0.608421988857951,0.574025974025974,0.591341991341991,87291.6105568727,4,0,1.01999999999998
"statlog_image_segmentation","original","kmeans",7,6,67597423,77597423,2310,18,30,100,"Hartigan-Wong",1000,0.351270134205602,1.08094539614402,850.933512179981,0.459982026912638,0.585719552102595,0.545021645021645,0.553679653679654,12919.7516583531,5,0,0.389999999999986
"statlog_image_segmentation","sparsified","kmeans",7,6,67597423,77597423,2310,66,30,100,"Hartigan-Wong",1000,0.191162559183721,1.85049641662799,290.240637748747,0.494934224247164,0.629279098932804,0.607792207792208,0.627272727272727,86776.6736432565,3,0,1
"statlog_image_segmentation","original","kmeans",7,7,67597424,77597424,2310,18,30,100,"Hartigan-Wong",1000,0.361843246762454,1.08441053818738,850.675906115366,0.462969921999999,0.594400853138378,0.546320346320346,0.554112554112554,12922.4476336233,4,0,0.360000000000014
"statlog_image_segmentation","sparsified","kmeans",7,7,67597424,77597424,2310,66,30,100,"Hartigan-Wong",1000,0.190458952934329,1.84710472633591,290.34360748439,0.499889504162289,0.632595205726259,0.611688311688312,0.633333333333333,86763.4198954586,3,0,0.889999999999986
"statlog_image_segmentation","original","kmeans",7,8,67597425,77597425,2310,18,30,100,"Hartigan-Wong",1000,0.360274858486895,1.08094539614402,850.933512179981,0.459982026912638,0.585719552102595,0.545021645021645,0.553679653679654,12919.7516583531,4,0,0.279999999999973
"statlog_image_segmentation","sparsified","kmeans",7,8,67597425,77597425,2310,66,30,100,"Hartigan-Wong",1000,0.196828904224532,1.84710472633591,290.34360748439,0.499889504162289,0.632595205726258,0.611688311688312,0.633333333333333,86763.4198954586,3,0,0.830000000000041
"statlog_image_segmentation","original","kmeans",7,9,67597426,77597426,2310,18,30,100,"Hartigan-Wong",1000,0.352832419996518,1.08094539614402,850.933512179981,0.459982026912638,0.585719552102595,0.545021645021645,0.553679653679654,12919.7516583531,4,0,0.299999999999955
"statlog_image_segmentation","sparsified","kmeans",7,9,67597426,77597426,2310,66,30,100,"Hartigan-Wong",1000,0.175331552913928,1.85089154575764,286.264246798827,0.440699602050363,0.608421988857951,0.574025974025974,0.591341991341991,87291.6105568727,6,0,0.899999999999977
"statlog_image_segmentation","original","kmeans",7,10,67597427,77597427,2310,18,30,100,"Hartigan-Wong",1000,0.359687611498163,1.08295728577807,850.953358391186,0.461546029743688,0.588806872192316,0.545887445887446,0.554545454545455,12919.5440045762,5,0,0.280000000000086
"statlog_image_segmentation","sparsified","kmeans",7,10,67597427,77597427,2310,66,30,100,"Hartigan-Wong",1000,0.187316959348719,1.84710472633591,290.34360748439,0.499889504162289,0.632595205726258,0.611688311688312,0.633333333333333,86763.4198954586,3,0,0.889999999999986
"statlog_image_segmentation","original","kmeans",7,11,67597428,77597428,2310,18,30,100,"Hartigan-Wong",1000,0.358489989806614,1.08094539614402,850.933512179981,0.459982026912638,0.585719552102595,0.545021645021645,0.553679653679654,12919.7516583531,3,0,0.379999999999995
"statlog_image_segmentation","sparsified","kmeans",7,11,67597428,77597428,2310,66,30,100,"Hartigan-Wong",1000,0.19447261766408,1.84710472633591,290.34360748439,0.499889504162289,0.632595205726258,0.611688311688312,0.633333333333333,86763.4198954586,3,0,0.949999999999932
"statlog_image_segmentation","original","kmeans",7,12,67597429,77597429,2310,18,30,100,"Hartigan-Wong",1000,0.362669390140736,1.08295728577807,850.953358391186,0.461546029743688,0.588806872192316,0.545887445887446,0.554545454545455,12919.5440045762,3,0,0.440000000000055
"statlog_image_segmentation","sparsified","kmeans",7,12,67597429,77597429,2310,66,30,100,"Hartigan-Wong",1000,0.19294560485043,1.85049641662799,290.240637748747,0.494934224247164,0.629279098932804,0.607792207792208,0.627272727272727,86776.6736432565,3,0,1.16999999999996
"statlog_image_segmentation","original","kmeans",7,13,67597430,77597430,2310,18,30,100,"Hartigan-Wong",1000,0.361121751261346,1.08234514724874,850.964517561003,0.461267895775241,0.587754630756841,0.545887445887446,0.554545454545455,12919.427247501,5,0,0.360000000000014
"statlog_image_segmentation","sparsified","kmeans",7,13,67597430,77597430,2310,66,30,100,"Hartigan-Wong",1000,0.192185205848048,1.85049641662799,290.240637748747,0.494934224247164,0.629279098932804,0.607792207792208,0.627272727272727,86776.6736432565,4,0,1.11000000000001
"statlog_image_segmentation","original","kmeans",7,14,67597431,77597431,2310,18,30,100,"Hartigan-Wong",1000,0.294491305086371,1.27032721519717,844.082598848719,0.476948139189382,0.59948755827037,0.585281385281385,0.598268398268398,12991.834849517,4,0,0.389999999999986
"statlog_image_segmentation","sparsified","kmeans",7,14,67597431,77597431,2310,66,30,100,"Hartigan-Wong",1000,0.186252313352534,1.85049641662799,290.240637748747,0.494934224247164,0.629279098932804,0.607792207792208,0.627272727272727,86776.6736432565,3,0,0.970000000000027
"statlog_image_segmentation","original","kmeans",7,15,67597432,77597432,2310,18,30,100,"Hartigan-Wong",1000,0.353430259412219,1.08234514724874,850.964517561003,0.461267895775241,0.587754630756841,0.545887445887446,0.554545454545455,12919.427247501,6,0,0.379999999999995
"statlog_image_segmentation","sparsified","kmeans",7,15,67597432,77597432,2310,66,30,100,"Hartigan-Wong",1000,0.199699188863221,1.85049641662799,290.240637748747,0.494934224247164,0.629279098932804,0.607792207792208,0.627272727272727,86776.6736432565,3,0,0.970000000000027
"statlog_image_segmentation","original","kmeans",7,16,67597433,77597433,2310,18,30,100,"Hartigan-Wong",1000,0.349539320706253,1.08295728577807,850.953358391186,0.461546029743688,0.588806872192316,0.545887445887446,0.554545454545455,12919.5440045762,3,0,0.379999999999995
"statlog_image_segmentation","sparsified","kmeans",7,16,67597433,77597433,2310,66,30,100,"Hartigan-Wong",1000,0.195517447246478,1.85049641662799,290.240637748747,0.494934224247164,0.629279098932804,0.607792207792208,0.627272727272727,86776.6736432565,4,0,1.13
"statlog_image_segmentation","original","kmeans",7,17,67597434,77597434,2310,18,30,100,"Hartigan-Wong",1000,0.349655818766415,1.08234514724874,850.964517561003,0.461267895775241,0.587754630756841,0.545887445887446,0.554545454545455,12919.427247501,4,0,0.42999999999995
"statlog_image_segmentation","sparsified","kmeans",7,17,67597434,77597434,2310,66,30,100,"Hartigan-Wong",1000,0.196717272164952,1.85049641662799,290.240637748747,0.494934224247164,0.629279098932804,0.607792207792208,0.627272727272727,86776.6736432565,4,0,1.36000000000001
"statlog_image_segmentation","original","kmeans",7,18,67597435,77597435,2310,18,30,100,"Hartigan-Wong",1000,0.353701998284422,1.08234514724874,850.964517561003,0.461267895775241,0.587754630756841,0.545887445887446,0.554545454545455,12919.427247501,4,0,0.550000000000068
"statlog_image_segmentation","sparsified","kmeans",7,18,67597435,77597435,2310,66,30,100,"Hartigan-Wong",1000,0.187523042349977,1.84710472633591,290.34360748439,0.499889504162289,0.632595205726258,0.611688311688312,0.633333333333333,86763.4198954586,4,0,1.13999999999999
"statlog_image_segmentation","original","kmeans",7,19,67597436,77597436,2310,18,30,100,"Hartigan-Wong",1000,0.355255744525673,1.08441053818738,850.675906115366,0.462969921999999,0.594400853138378,0.546320346320346,0.554112554112554,12922.4476336233,4,0,0.170000000000073
"statlog_image_segmentation","sparsified","kmeans",7,19,67597436,77597436,2310,66,30,100,"Hartigan-Wong",1000,0.190070732422025,1.84710472633591,290.34360748439,0.499889504162289,0.632595205726258,0.611688311688312,0.633333333333333,86763.4198954586,3,0,0.559999999999945
"statlog_image_segmentation","original","kmeans",7,20,67597437,77597437,2310,18,30,100,"Hartigan-Wong",1000,0.352783428794271,1.08094539614402,850.933512179981,0.459982026912638,0.585719552102595,0.545021645021645,0.553679653679654,12919.7516583531,4,0,0.150000000000091
"statlog_image_segmentation","sparsified","kmeans",7,20,67597437,77597437,2310,66,30,100,"Hartigan-Wong",1000,0.197821706683363,1.86305604297503,289.516186277674,0.448265484667082,0.597834796259417,0.575757575757576,0.581385281385281,86870.0359863479,3,0,0.490000000000009
"statlog_image_segmentation","original","kmeans",7,21,67597438,77597438,2310,18,30,100,"Hartigan-Wong",1000,0.354055402016228,1.08094539614402,850.933512179981,0.459982026912638,0.585719552102595,0.545021645021645,0.553679653679654,12919.7516583531,3,0,0.159999999999968
"statlog_image_segmentation","sparsified","kmeans",7,21,67597438,77597438,2310,66,30,100,"Hartigan-Wong",1000,0.188212213501421,1.84710472633591,290.34360748439,0.499889504162289,0.632595205726258,0.611688311688312,0.633333333333333,86763.4198954586,3,0,0.460000000000036
"statlog_image_segmentation","original","kmeans",7,22,67597439,77597439,2310,18,30,100,"Hartigan-Wong",1000,0.303646415903995,1.27032721519717,844.082598848719,0.476948139189382,0.59948755827037,0.585281385281385,0.598268398268398,12991.834849517,4,0,0.160000000000082
"statlog_image_segmentation","sparsified","kmeans",7,22,67597439,77597439,2310,66,30,100,"Hartigan-Wong",1000,0.19137068857569,2.04248651343061,282.961268023359,0.509810690885779,0.608390512224789,0.616017316017316,0.627705627705628,87724.0110837497,3,0,0.509999999999991
"statlog_image_segmentation","original","kmeans",7,23,67597440,77597440,2310,18,30,100,"Hartigan-Wong",1000,0.364310471523898,1.08441053818738,850.675906115365,0.462969921999999,0.594400853138378,0.546320346320346,0.554112554112554,12922.4476336233,3,0,0.220000000000027
"statlog_image_segmentation","sparsified","kmeans",7,23,67597440,77597440,2310,66,30,100,"Hartigan-Wong",1000,0.189048135326884,1.85049641662799,290.240637748747,0.494934224247164,0.629279098932804,0.607792207792208,0.627272727272727,86776.6736432565,4,0,0.529999999999973
"statlog_image_segmentation","original","kmeans",7,24,67597441,77597441,2310,18,30,100,"Hartigan-Wong",1000,0.355111489750648,1.08094539614402,850.933512179981,0.459982026912638,0.585719552102595,0.545021645021645,0.553679653679654,12919.7516583531,4,0,0.25
"statlog_image_segmentation","sparsified","kmeans",7,24,67597441,77597441,2310,66,30,100,"Hartigan-Wong",1000,0.194109633290645,1.85049641662799,290.240637748747,0.494934224247164,0.629279098932804,0.607792207792208,0.627272727272727,86776.6736432565,4,0,0.620000000000005
"statlog_image_segmentation","original","kmeans",7,25,67597442,77597442,2310,18,30,100,"Hartigan-Wong",1000,0.350398217746181,1.08094539614402,850.933512179981,0.459982026912638,0.585719552102595,0.545021645021645,0.553679653679654,12919.7516583531,5,0,0.220000000000027
"statlog_image_segmentation","sparsified","kmeans",7,25,67597442,77597442,2310,66,30,100,"Hartigan-Wong",1000,0.207672127754034,1.84179148844557,287.495744834258,0.493068028698455,0.616784694528692,0.587445887445887,0.593073593073593,87131.4812694561,3,0,0.769999999999982
"statlog_image_segmentation","original","kmeans",7,26,67597443,77597443,2310,18,30,100,"Hartigan-Wong",1000,0.357453538218309,1.08234514724874,850.964517561003,0.461267895775241,0.587754630756841,0.545887445887446,0.554545454545455,12919.427247501,5,0,0.180000000000064
"statlog_image_segmentation","sparsified","kmeans",7,26,67597443,77597443,2310,66,30,100,"Hartigan-Wong",1000,0.186709156414538,1.84710472633591,290.34360748439,0.499889504162289,0.632595205726259,0.611688311688312,0.633333333333333,86763.4198954586,3,0,0.629999999999995
"statlog_image_segmentation","original","kmeans",7,27,67597444,77597444,2310,18,30,100,"Hartigan-Wong",1000,0.358135019730599,1.08094539614402,850.933512179981,0.459982026912638,0.585719552102595,0.545021645021645,0.553679653679654,12919.7516583531,5,0,0.230000000000018
"statlog_image_segmentation","sparsified","kmeans",7,27,67597444,77597444,2310,66,30,100,"Hartigan-Wong",1000,0.194691232994746,1.85049641662799,290.240637748747,0.494934224247164,0.629279098932804,0.607792207792208,0.627272727272727,86776.6736432565,4,0,0.529999999999973
"statlog_image_segmentation","original","kmeans",7,28,67597445,77597445,2310,18,30,100,"Hartigan-Wong",1000,0.350156894382019,1.08094539614402,850.933512179981,0.459982026912638,0.585719552102595,0.545021645021645,0.553679653679654,12919.7516583531,4,0,0.200000000000045
"statlog_image_segmentation","sparsified","kmeans",7,28,67597445,77597445,2310,66,30,100,"Hartigan-Wong",1000,0.192393632213779,1.84710472633591,290.34360748439,0.499889504162289,0.632595205726258,0.611688311688312,0.633333333333333,86763.4198954586,4,0,0.580000000000041
"statlog_image_segmentation","original","kmeans",7,29,67597446,77597446,2310,18,30,100,"Hartigan-Wong",1000,0.303167375413293,1.27032721519717,844.082598848719,0.476948139189382,0.59948755827037,0.585281385281385,0.598268398268398,12991.834849517,4,0,0.210000000000036
"statlog_image_segmentation","sparsified","kmeans",7,29,67597446,77597446,2310,66,30,100,"Hartigan-Wong",1000,0.195135687174822,1.84710472633591,290.34360748439,0.499889504162289,0.632595205726259,0.611688311688312,0.633333333333333,86763.4198954586,4,0,0.5
"statlog_image_segmentation","original","kmeans",7,30,67597447,77597447,2310,18,30,100,"Hartigan-Wong",1000,0.348590334286972,1.08234514724874,850.964517561003,0.461267895775241,0.587754630756841,0.545887445887446,0.554545454545455,12919.427247501,5,0,0.220000000000027
"statlog_image_segmentation","sparsified","kmeans",7,30,67597447,77597447,2310,66,30,100,"Hartigan-Wong",1000,0.191773019529756,1.84710472633591,290.34360748439,0.499889504162289,0.632595205726258,0.611688311688312,0.633333333333333,86763.4198954586,3,0,0.699999999999932
"vertebral_column_3classes","original","kmeans",3,1,63919018,73919018,310,6,30,100,"Hartigan-Wong",310,0.295131105194198,1.298552774954,153.595924480553,0.211391479326811,0.303127128830606,0.467741935483871,0.667741935483871,926.710442287299,4,0,0.0199999999999818
"vertebral_column_3classes","sparsified","kmeans",3,1,63919018,73919018,310,24,30,100,"Hartigan-Wong",310,0.125255540687928,2.44473887685789,39.8274923325522,0.214773224181461,0.291859820456164,0.474193548387097,0.661290322580645,5888.22617138103,3,0,0.0299999999999727
"vertebral_column_3classes","original","kmeans",3,2,63919019,73919019,310,6,30,100,"Hartigan-Wong",310,0.295131105194198,1.298552774954,153.595924480553,0.211391479326811,0.303127128830606,0.467741935483871,0.667741935483871,926.710442287299,4,0,0.00999999999999091
"vertebral_column_3classes","sparsified","kmeans",3,2,63919019,73919019,310,24,30,100,"Hartigan-Wong",310,0.125255540687928,2.44473887685789,39.8274923325522,0.214773224181461,0.291859820456164,0.474193548387097,0.661290322580645,5888.22617138103,3,0,0.0299999999999727
"vertebral_column_3classes","original","kmeans",3,3,63919020,73919020,310,6,30,100,"Hartigan-Wong",310,0.295131105194198,1.298552774954,153.595924480553,0.211391479326811,0.303127128830606,0.467741935483871,0.667741935483871,926.710442287299,4,0,0.00999999999999091
"vertebral_column_3classes","sparsified","kmeans",3,3,63919020,73919020,310,24,30,100,"Hartigan-Wong",310,0.125255540687928,2.44473887685789,39.8274923325522,0.214773224181461,0.291859820456164,0.474193548387097,0.661290322580645,5888.22617138103,3,0,0.0299999999999727
"vertebral_column_3classes","original","kmeans",3,4,63919021,73919021,310,6,30,100,"Hartigan-Wong",310,0.295131105194198,1.298552774954,153.595924480553,0.211391479326811,0.303127128830606,0.467741935483871,0.667741935483871,926.710442287299,3,0,0.0100000000001046
"vertebral_column_3classes","sparsified","kmeans",3,4,63919021,73919021,310,24,30,100,"Hartigan-Wong",310,0.125255540687928,2.44473887685789,39.8274923325522,0.214773224181461,0.291859820456164,0.474193548387097,0.661290322580645,5888.22617138103,3,0,0.0399999999999636
"vertebral_column_3classes","original","kmeans",3,5,63919022,73919022,310,6,30,100,"Hartigan-Wong",310,0.295131105194198,1.298552774954,153.595924480553,0.211391479326811,0.303127128830606,0.467741935483871,0.667741935483871,926.710442287299,3,0,0.0199999999999818
"vertebral_column_3classes","sparsified","kmeans",3,5,63919022,73919022,310,24,30,100,"Hartigan-Wong",310,0.125255540687928,2.44473887685789,39.8274923325522,0.214773224181461,0.291859820456164,0.474193548387097,0.661290322580645,5888.22617138103,3,0,0.0299999999999727
"vertebral_column_3classes","original","kmeans",3,6,63919023,73919023,310,6,30,100,"Hartigan-Wong",310,0.295131105194198,1.298552774954,153.595924480553,0.211391479326811,0.303127128830606,0.467741935483871,0.667741935483871,926.710442287299,4,0,0.0199999999999818
"vertebral_column_3classes","sparsified","kmeans",3,6,63919023,73919023,310,24,30,100,"Hartigan-Wong",310,0.125255540687928,2.44473887685789,39.8274923325522,0.214773224181461,0.291859820456164,0.474193548387097,0.661290322580645,5888.22617138103,3,0,0.0299999999999727
"vertebral_column_3classes","original","kmeans",3,7,63919024,73919024,310,6,30,100,"Hartigan-Wong",310,0.295131105194198,1.298552774954,153.595924480553,0.211391479326811,0.303127128830606,0.467741935483871,0.667741935483871,926.710442287299,2,0,0.00999999999999091
"vertebral_column_3classes","sparsified","kmeans",3,7,63919024,73919024,310,24,30,100,"Hartigan-Wong",310,0.125255540687928,2.44473887685789,39.8274923325522,0.214773224181461,0.291859820456164,0.474193548387097,0.661290322580645,5888.22617138103,4,0,0.00999999999999091
"vertebral_column_3classes","original","kmeans",3,8,63919025,73919025,310,6,30,100,"Hartigan-Wong",310,0.295131105194198,1.298552774954,153.595924480553,0.211391479326811,0.303127128830606,0.467741935483871,0.667741935483871,926.710442287299,2,0,0.0100000000001046
"vertebral_column_3classes","sparsified","kmeans",3,8,63919025,73919025,310,24,30,100,"Hartigan-Wong",310,0.125255540687928,2.44473887685789,39.8274923325522,0.214773224181461,0.291859820456164,0.474193548387097,0.661290322580645,5888.22617138103,3,0,0.0299999999999727
"vertebral_column_3classes","original","kmeans",3,9,63919026,73919026,310,6,30,100,"Hartigan-Wong",310,0.295131105194198,1.298552774954,153.595924480553,0.211391479326811,0.303127128830606,0.467741935483871,0.667741935483871,926.710442287299,3,0,0.00999999999999091
"vertebral_column_3classes","sparsified","kmeans",3,9,63919026,73919026,310,24,30,100,"Hartigan-Wong",310,0.125255540687928,2.44473887685789,39.8274923325522,0.214773224181461,0.291859820456164,0.474193548387097,0.661290322580645,5888.22617138103,3,0,0.0200000000000955
"vertebral_column_3classes","original","kmeans",3,10,63919027,73919027,310,6,30,100,"Hartigan-Wong",310,0.295131105194198,1.298552774954,153.595924480553,0.211391479326811,0.303127128830606,0.467741935483871,0.667741935483871,926.710442287299,4,0,0.00999999999999091
"vertebral_column_3classes","sparsified","kmeans",3,10,63919027,73919027,310,24,30,100,"Hartigan-Wong",310,0.125255540687928,2.44473887685789,39.8274923325522,0.214773224181461,0.291859820456164,0.474193548387097,0.661290322580645,5888.22617138103,3,0,0.0300000000000864
"vertebral_column_3classes","original","kmeans",3,11,63919028,73919028,310,6,30,100,"Hartigan-Wong",310,0.295131105194198,1.298552774954,153.595924480553,0.211391479326811,0.303127128830606,0.467741935483871,0.667741935483871,926.710442287299,4,0,0.00999999999999091
"vertebral_column_3classes","sparsified","kmeans",3,11,63919028,73919028,310,24,30,100,"Hartigan-Wong",310,0.125255540687928,2.44473887685789,39.8274923325522,0.214773224181461,0.291859820456164,0.474193548387097,0.661290322580645,5888.22617138103,3,0,0.0199999999999818
"vertebral_column_3classes","original","kmeans",3,12,63919029,73919029,310,6,30,100,"Hartigan-Wong",310,0.295131105194198,1.298552774954,153.595924480553,0.211391479326811,0.303127128830606,0.467741935483871,0.667741935483871,926.710442287299,4,0,0.0199999999999818
"vertebral_column_3classes","sparsified","kmeans",3,12,63919029,73919029,310,24,30,100,"Hartigan-Wong",310,0.125255540687928,2.44473887685789,39.8274923325522,0.214773224181461,0.291859820456164,0.474193548387097,0.661290322580645,5888.22617138103,3,0,0.0299999999999727
"vertebral_column_3classes","original","kmeans",3,13,63919030,73919030,310,6,30,100,"Hartigan-Wong",310,0.295131105194198,1.298552774954,153.595924480553,0.211391479326811,0.303127128830605,0.467741935483871,0.667741935483871,926.710442287299,3,0,0.00999999999999091
"vertebral_column_3classes","sparsified","kmeans",3,13,63919030,73919030,310,24,30,100,"Hartigan-Wong",310,0.125255540687928,2.44473887685789,39.8274923325522,0.214773224181461,0.291859820456164,0.474193548387097,0.661290322580645,5888.22617138103,3,0,0.0299999999999727
"vertebral_column_3classes","original","kmeans",3,14,63919031,73919031,310,6,30,100,"Hartigan-Wong",310,0.295131105194198,1.298552774954,153.595924480553,0.211391479326811,0.303127128830605,0.467741935483871,0.667741935483871,926.710442287299,4,0,0.0299999999999727
"vertebral_column_3classes","sparsified","kmeans",3,14,63919031,73919031,310,24,30,100,"Hartigan-Wong",310,0.125255540687928,2.44473887685789,39.8274923325522,0.214773224181461,0.291859820456164,0.474193548387097,0.661290322580645,5888.22617138103,3,0,0.0199999999999818
"vertebral_column_3classes","original","kmeans",3,15,63919032,73919032,310,6,30,100,"Hartigan-Wong",310,0.295131105194198,1.298552774954,153.595924480553,0.211391479326811,0.303127128830606,0.467741935483871,0.667741935483871,926.710442287299,4,0,0.0199999999999818
"vertebral_column_3classes","sparsified","kmeans",3,15,63919032,73919032,310,24,30,100,"Hartigan-Wong",310,0.125255540687928,2.44473887685789,39.8274923325522,0.214773224181461,0.291859820456164,0.474193548387097,0.661290322580645,5888.22617138103,3,0,0.0299999999999727
"vertebral_column_3classes","original","kmeans",3,16,63919033,73919033,310,6,30,100,"Hartigan-Wong",310,0.295131105194198,1.298552774954,153.595924480553,0.211391479326811,0.303127128830606,0.467741935483871,0.667741935483871,926.710442287299,3,0,0.0199999999999818
"vertebral_column_3classes","sparsified","kmeans",3,16,63919033,73919033,310,24,30,100,"Hartigan-Wong",310,0.125255540687928,2.44473887685789,39.8274923325522,0.214773224181461,0.291859820456164,0.474193548387097,0.661290322580645,5888.22617138103,3,0,0.0399999999999636
"vertebral_column_3classes","original","kmeans",3,17,63919034,73919034,310,6,30,100,"Hartigan-Wong",310,0.295131105194198,1.298552774954,153.595924480553,0.211391479326811,0.303127128830606,0.467741935483871,0.667741935483871,926.710442287299,4,0,0
"vertebral_column_3classes","sparsified","kmeans",3,17,63919034,73919034,310,24,30,100,"Hartigan-Wong",310,0.125255540687928,2.44473887685789,39.8274923325522,0.214773224181461,0.291859820456164,0.474193548387097,0.661290322580645,5888.22617138103,3,0,0.0299999999999727
"vertebral_column_3classes","original","kmeans",3,18,63919035,73919035,310,6,30,100,"Hartigan-Wong",310,0.295131105194198,1.298552774954,153.595924480553,0.211391479326811,0.303127128830605,0.467741935483871,0.667741935483871,926.710442287299,4,0,0.00999999999999091
"vertebral_column_3classes","sparsified","kmeans",3,18,63919035,73919035,310,24,30,100,"Hartigan-Wong",310,0.125255540687928,2.44473887685789,39.8274923325522,0.214773224181461,0.291859820456164,0.474193548387097,0.661290322580645,5888.22617138103,3,0,0.0300000000000864
"vertebral_column_3classes","original","kmeans",3,19,63919036,73919036,310,6,30,100,"Hartigan-Wong",310,0.295131105194198,1.298552774954,153.595924480553,0.211391479326811,0.303127128830605,0.467741935483871,0.667741935483871,926.710442287299,2,0,0.0200000000000955
"vertebral_column_3classes","sparsified","kmeans",3,19,63919036,73919036,310,24,30,100,"Hartigan-Wong",310,0.125255540687928,2.44473887685789,39.8274923325522,0.214773224181461,0.291859820456164,0.474193548387097,0.661290322580645,5888.22617138103,3,0,0.0200000000000955
"vertebral_column_3classes","original","kmeans",3,20,63919037,73919037,310,6,30,100,"Hartigan-Wong",310,0.295131105194198,1.298552774954,153.595924480553,0.211391479326811,0.303127128830606,0.467741935483871,0.667741935483871,926.710442287299,3,0,0.00999999999999091
"vertebral_column_3classes","sparsified","kmeans",3,20,63919037,73919037,310,24,30,100,"Hartigan-Wong",310,0.125255540687928,2.44473887685789,39.8274923325522,0.214773224181461,0.291859820456164,0.474193548387097,0.661290322580645,5888.22617138103,3,0,0.0299999999999727
"vertebral_column_3classes","original","kmeans",3,21,63919038,73919038,310,6,30,100,"Hartigan-Wong",310,0.295131105194198,1.298552774954,153.595924480553,0.211391479326811,0.303127128830606,0.467741935483871,0.667741935483871,926.710442287299,3,0,0.0199999999999818
"vertebral_column_3classes","sparsified","kmeans",3,21,63919038,73919038,310,24,30,100,"Hartigan-Wong",310,0.125255540687928,2.44473887685789,39.8274923325522,0.214773224181461,0.291859820456164,0.474193548387097,0.661290322580645,5888.22617138103,3,0,0.0399999999999636
"vertebral_column_3classes","original","kmeans",3,22,63919039,73919039,310,6,30,100,"Hartigan-Wong",310,0.295131105194198,1.298552774954,153.595924480553,0.211391479326811,0.303127128830606,0.467741935483871,0.667741935483871,926.710442287299,5,0,0.00999999999999091
"vertebral_column_3classes","sparsified","kmeans",3,22,63919039,73919039,310,24,30,100,"Hartigan-Wong",310,0.125255540687928,2.44473887685789,39.8274923325522,0.214773224181461,0.291859820456164,0.474193548387097,0.661290322580645,5888.22617138103,3,0,0.0400000000000773
"vertebral_column_3classes","original","kmeans",3,23,63919040,73919040,310,6,30,100,"Hartigan-Wong",310,0.295131105194198,1.298552774954,153.595924480553,0.211391479326811,0.303127128830606,0.467741935483871,0.667741935483871,926.710442287299,3,0,0.00999999999999091
"vertebral_column_3classes","sparsified","kmeans",3,23,63919040,73919040,310,24,30,100,"Hartigan-Wong",310,0.125255540687928,2.44473887685789,39.8274923325522,0.214773224181461,0.291859820456164,0.474193548387097,0.661290322580645,5888.22617138103,3,0,0.00999999999999091
"vertebral_column_3classes","original","kmeans",3,24,63919041,73919041,310,6,30,100,"Hartigan-Wong",310,0.295131105194198,1.298552774954,153.595924480553,0.211391479326811,0.303127128830606,0.467741935483871,0.667741935483871,926.710442287299,2,0,0
"vertebral_column_3classes","sparsified","kmeans",3,24,63919041,73919041,310,24,30,100,"Hartigan-Wong",310,0.125255540687928,2.44473887685789,39.8274923325522,0.214773224181461,0.291859820456164,0.474193548387097,0.661290322580645,5888.22617138103,3,0,0.0299999999999727
"vertebral_column_3classes","original","kmeans",3,25,63919042,73919042,310,6,30,100,"Hartigan-Wong",310,0.295131105194198,1.298552774954,153.595924480553,0.211391479326811,0.303127128830606,0.467741935483871,0.667741935483871,926.710442287299,4,0,0.0200000000000955
"vertebral_column_3classes","sparsified","kmeans",3,25,63919042,73919042,310,24,30,100,"Hartigan-Wong",310,0.125255540687928,2.44473887685789,39.8274923325522,0.214773224181461,0.291859820456164,0.474193548387097,0.661290322580645,5888.22617138103,3,0,0.0399999999999636
"vertebral_column_3classes","original","kmeans",3,26,63919043,73919043,310,6,30,100,"Hartigan-Wong",310,0.295131105194198,1.298552774954,153.595924480553,0.211391479326811,0.303127128830606,0.467741935483871,0.667741935483871,926.710442287299,4,0,0.0199999999999818
"vertebral_column_3classes","sparsified","kmeans",3,26,63919043,73919043,310,24,30,100,"Hartigan-Wong",310,0.125255540687928,2.44473887685789,39.8274923325522,0.214773224181461,0.291859820456164,0.474193548387097,0.661290322580645,5888.22617138103,3,0,0.00999999999999091
"vertebral_column_3classes","original","kmeans",3,27,63919044,73919044,310,6,30,100,"Hartigan-Wong",310,0.295131105194198,1.298552774954,153.595924480553,0.211391479326811,0.303127128830606,0.467741935483871,0.667741935483871,926.710442287299,2,0,0
"vertebral_column_3classes","sparsified","kmeans",3,27,63919044,73919044,310,24,30,100,"Hartigan-Wong",310,0.125255540687928,2.44473887685789,39.8274923325522,0.214773224181461,0.291859820456164,0.474193548387097,0.661290322580645,5888.22617138103,3,0,0.0300000000000864
"vertebral_column_3classes","original","kmeans",3,28,63919045,73919045,310,6,30,100,"Hartigan-Wong",310,0.295131105194198,1.298552774954,153.595924480553,0.211391479326811,0.303127128830606,0.467741935483871,0.667741935483871,926.710442287299,3,0,0.00999999999999091
"vertebral_column_3classes","sparsified","kmeans",3,28,63919045,73919045,310,24,30,100,"Hartigan-Wong",310,0.125255540687928,2.44473887685789,39.8274923325522,0.214773224181461,0.291859820456164,0.474193548387097,0.661290322580645,5888.22617138103,3,0,0.0299999999999727
"vertebral_column_3classes","original","kmeans",3,29,63919046,73919046,310,6,30,100,"Hartigan-Wong",310,0.295131105194198,1.298552774954,153.595924480553,0.211391479326811,0.303127128830606,0.467741935483871,0.667741935483871,926.710442287299,3,0,0.00999999999999091
"vertebral_column_3classes","sparsified","kmeans",3,29,63919046,73919046,310,24,30,100,"Hartigan-Wong",310,0.125255540687928,2.44473887685789,39.8274923325522,0.214773224181461,0.291859820456164,0.474193548387097,0.661290322580645,5888.22617138103,3,0,0.0399999999999636
"vertebral_column_3classes","original","kmeans",3,30,63919047,73919047,310,6,30,100,"Hartigan-Wong",310,0.295131105194198,1.298552774954,153.595924480553,0.211391479326811,0.303127128830605,0.467741935483871,0.667741935483871,926.710442287299,3,0,0.0199999999999818
"vertebral_column_3classes","sparsified","kmeans",3,30,63919047,73919047,310,24,30,100,"Hartigan-Wong",310,0.125255540687928,2.44473887685789,39.8274923325522,0.214773224181461,0.291859820456164,0.474193548387097,0.661290322580645,5888.22617138103,3,0,0.00999999999999091
"vertebral_column_2classes","original","kmeans",2,1,63900918,73900918,310,6,30,100,"Hartigan-Wong",310,0.362901784727651,1.13086105904364,189.338916000659,0.101851901452218,0.160871796150058,0.664516129032258,0.67741935483871,1148.17477906604,1,0,0.0199999999999818
"vertebral_column_2classes","sparsified","kmeans",2,1,63900918,73900918,310,24,30,100,"Hartigan-Wong",310,0.131109289559502,2.48914907576522,46.8436435366002,0.127615996358667,0.137800384607136,0.680645161290323,0.680645161290323,6436.99849667568,1,0,0.0300000000000864
"vertebral_column_2classes","original","kmeans",2,2,63900919,73900919,310,6,30,100,"Hartigan-Wong",310,0.362901784727651,1.13086105904364,189.338916000659,0.101851901452218,0.160871796150058,0.664516129032258,0.67741935483871,1148.17477906604,1,0,0.00999999999999091
"vertebral_column_2classes","sparsified","kmeans",2,2,63900919,73900919,310,24,30,100,"Hartigan-Wong",310,0.131109289559502,2.48914907576522,46.8436435366002,0.127615996358667,0.137800384607136,0.680645161290323,0.680645161290323,6436.99849667568,1,0,0.00999999999999091
"vertebral_column_2classes","original","kmeans",2,3,63900920,73900920,310,6,30,100,"Hartigan-Wong",310,0.362901784727651,1.13086105904364,189.338916000659,0.101851901452218,0.160871796150058,0.664516129032258,0.67741935483871,1148.17477906604,1,0,0
"vertebral_column_2classes","sparsified","kmeans",2,3,63900920,73900920,310,24,30,100,"Hartigan-Wong",310,0.131109289559502,2.48914907576522,46.8436435366002,0.127615996358667,0.137800384607136,0.680645161290323,0.680645161290323,6436.99849667568,1,0,0.0199999999999818
"vertebral_column_2classes","original","kmeans",2,4,63900921,73900921,310,6,30,100,"Hartigan-Wong",310,0.362901784727651,1.13086105904364,189.338916000659,0.101851901452218,0.160871796150058,0.664516129032258,0.67741935483871,1148.17477906604,1,0,0
"vertebral_column_2classes","sparsified","kmeans",2,4,63900921,73900921,310,24,30,100,"Hartigan-Wong",310,0.131109289559502,2.48914907576522,46.8436435366002,0.127615996358667,0.137800384607136,0.680645161290323,0.680645161290323,6436.99849667568,1,0,0.00999999999999091
"vertebral_column_2classes","original","kmeans",2,5,63900922,73900922,310,6,30,100,"Hartigan-Wong",310,0.362901784727651,1.13086105904364,189.338916000659,0.101851901452218,0.160871796150058,0.664516129032258,0.67741935483871,1148.17477906604,1,0,0.0199999999999818
"vertebral_column_2classes","sparsified","kmeans",2,5,63900922,73900922,310,24,30,100,"Hartigan-Wong",310,0.131109289559502,2.48914907576522,46.8436435366002,0.127615996358667,0.137800384607136,0.680645161290323,0.680645161290323,6436.99849667568,1,0,0.0100000000001046
"vertebral_column_2classes","original","kmeans",2,6,63900923,73900923,310,6,30,100,"Hartigan-Wong",310,0.362901784727651,1.13086105904364,189.338916000659,0.101851901452218,0.160871796150058,0.664516129032258,0.67741935483871,1148.17477906604,1,0,0.00999999999999091
"vertebral_column_2classes","sparsified","kmeans",2,6,63900923,73900923,310,24,30,100,"Hartigan-Wong",310,0.131109289559502,2.48914907576522,46.8436435366002,0.127615996358667,0.137800384607136,0.680645161290323,0.680645161290323,6436.99849667568,1,0,0.0199999999999818
"vertebral_column_2classes","original","kmeans",2,7,63900924,73900924,310,6,30,100,"Hartigan-Wong",310,0.362901784727651,1.13086105904364,189.338916000659,0.101851901452218,0.160871796150058,0.664516129032258,0.67741935483871,1148.17477906604,1,0,0.0199999999999818
"vertebral_column_2classes","sparsified","kmeans",2,7,63900924,73900924,310,24,30,100,"Hartigan-Wong",310,0.131109289559502,2.48914907576522,46.8436435366002,0.127615996358667,0.137800384607136,0.680645161290323,0.680645161290323,6436.99849667568,1,0,0.0199999999999818
"vertebral_column_2classes","original","kmeans",2,8,63900925,73900925,310,6,30,100,"Hartigan-Wong",310,0.362901784727651,1.13086105904364,189.338916000659,0.101851901452218,0.160871796150058,0.664516129032258,0.67741935483871,1148.17477906604,1,0,0.0100000000001046
"vertebral_column_2classes","sparsified","kmeans",2,8,63900925,73900925,310,24,30,100,"Hartigan-Wong",310,0.131109289559502,2.48914907576522,46.8436435366002,0.127615996358667,0.137800384607136,0.680645161290323,0.680645161290323,6436.99849667568,1,0,0.00999999999999091
"vertebral_column_2classes","original","kmeans",2,9,63900926,73900926,310,6,30,100,"Hartigan-Wong",310,0.362901784727651,1.13086105904364,189.338916000659,0.101851901452218,0.160871796150058,0.664516129032258,0.67741935483871,1148.17477906604,1,0,0
"vertebral_column_2classes","sparsified","kmeans",2,9,63900926,73900926,310,24,30,100,"Hartigan-Wong",310,0.131109289559502,2.48914907576522,46.8436435366002,0.127615996358667,0.137800384607136,0.680645161290323,0.680645161290323,6436.99849667568,1,0,0.0200000000000955
"vertebral_column_2classes","original","kmeans",2,10,63900927,73900927,310,6,30,100,"Hartigan-Wong",310,0.362901784727651,1.13086105904364,189.338916000659,0.101851901452218,0.160871796150058,0.664516129032258,0.67741935483871,1148.17477906604,1,0,0
"vertebral_column_2classes","sparsified","kmeans",2,10,63900927,73900927,310,24,30,100,"Hartigan-Wong",310,0.131109289559502,2.48914907576522,46.8436435366002,0.127615996358667,0.137800384607136,0.680645161290323,0.680645161290323,6436.99849667568,1,0,0.0199999999999818
"vertebral_column_2classes","original","kmeans",2,11,63900928,73900928,310,6,30,100,"Hartigan-Wong",310,0.362901784727651,1.13086105904364,189.338916000659,0.101851901452218,0.160871796150058,0.664516129032258,0.67741935483871,1148.17477906604,1,0,0
"vertebral_column_2classes","sparsified","kmeans",2,11,63900928,73900928,310,24,30,100,"Hartigan-Wong",310,0.131109289559502,2.48914907576522,46.8436435366002,0.127615996358667,0.137800384607136,0.680645161290323,0.680645161290323,6436.99849667568,1,0,0.0199999999999818
"vertebral_column_2classes","original","kmeans",2,12,63900929,73900929,310,6,30,100,"Hartigan-Wong",310,0.362901784727651,1.13086105904364,189.338916000659,0.101851901452218,0.160871796150058,0.664516129032258,0.67741935483871,1148.17477906604,1,0,0
"vertebral_column_2classes","sparsified","kmeans",2,12,63900929,73900929,310,24,30,100,"Hartigan-Wong",310,0.131109289559502,2.48914907576522,46.8436435366002,0.127615996358667,0.137800384607136,0.680645161290323,0.680645161290323,6436.99849667568,1,0,0
"vertebral_column_2classes","original","kmeans",2,13,63900930,73900930,310,6,30,100,"Hartigan-Wong",310,0.362901784727651,1.13086105904364,189.338916000659,0.101851901452218,0.160871796150058,0.664516129032258,0.67741935483871,1148.17477906604,1,0,0
"vertebral_column_2classes","sparsified","kmeans",2,13,63900930,73900930,310,24,30,100,"Hartigan-Wong",310,0.131109289559502,2.48914907576522,46.8436435366002,0.127615996358667,0.137800384607136,0.680645161290323,0.680645161290323,6436.99849667568,1,0,0.0199999999999818
"vertebral_column_2classes","original","kmeans",2,14,63900931,73900931,310,6,30,100,"Hartigan-Wong",310,0.362901784727651,1.13086105904364,189.338916000659,0.101851901452218,0.160871796150058,0.664516129032258,0.67741935483871,1148.17477906604,1,0,0
"vertebral_column_2classes","sparsified","kmeans",2,14,63900931,73900931,310,24,30,100,"Hartigan-Wong",310,0.131109289559502,2.48914907576522,46.8436435366002,0.127615996358667,0.137800384607136,0.680645161290323,0.680645161290323,6436.99849667568,1,0,0
"vertebral_column_2classes","original","kmeans",2,15,63900932,73900932,310,6,30,100,"Hartigan-Wong",310,0.362901784727651,1.13086105904364,189.338916000659,0.101851901452218,0.160871796150058,0.664516129032258,0.67741935483871,1148.17477906604,1,0,0
"vertebral_column_2classes","sparsified","kmeans",2,15,63900932,73900932,310,24,30,100,"Hartigan-Wong",310,0.131109289559502,2.48914907576522,46.8436435366002,0.127615996358667,0.137800384607136,0.680645161290323,0.680645161290323,6436.99849667568,1,0,0
"vertebral_column_2classes","original","kmeans",2,16,63900933,73900933,310,6,30,100,"Hartigan-Wong",310,0.362901784727651,1.13086105904364,189.338916000659,0.101851901452218,0.160871796150058,0.664516129032258,0.67741935483871,1148.17477906604,1,0,0.0199999999999818
"vertebral_column_2classes","sparsified","kmeans",2,16,63900933,73900933,310,24,30,100,"Hartigan-Wong",310,0.131109289559502,2.48914907576522,46.8436435366002,0.127615996358667,0.137800384607136,0.680645161290323,0.680645161290323,6436.99849667568,1,0,0
"vertebral_column_2classes","original","kmeans",2,17,63900934,73900934,310,6,30,100,"Hartigan-Wong",310,0.362901784727651,1.13086105904364,189.338916000659,0.101851901452218,0.160871796150058,0.664516129032258,0.67741935483871,1148.17477906604,1,0,0
"vertebral_column_2classes","sparsified","kmeans",2,17,63900934,73900934,310,24,30,100,"Hartigan-Wong",310,0.131109289559502,2.48914907576522,46.8436435366002,0.127615996358667,0.137800384607136,0.680645161290323,0.680645161290323,6436.99849667568,1,0,0
"vertebral_column_2classes","original","kmeans",2,18,63900935,73900935,310,6,30,100,"Hartigan-Wong",310,0.362901784727651,1.13086105904364,189.338916000659,0.101851901452218,0.160871796150058,0.664516129032258,0.67741935483871,1148.17477906604,1,0,0.00999999999999091
"vertebral_column_2classes","sparsified","kmeans",2,18,63900935,73900935,310,24,30,100,"Hartigan-Wong",310,0.131109289559502,2.48914907576522,46.8436435366002,0.127615996358667,0.137800384607136,0.680645161290323,0.680645161290323,6436.99849667568,1,0,0.0199999999999818
"vertebral_column_2classes","original","kmeans",2,19,63900936,73900936,310,6,30,100,"Hartigan-Wong",310,0.362901784727651,1.13086105904364,189.338916000659,0.101851901452218,0.160871796150058,0.664516129032258,0.67741935483871,1148.17477906604,1,0,0.0199999999999818
"vertebral_column_2classes","sparsified","kmeans",2,19,63900936,73900936,310,24,30,100,"Hartigan-Wong",310,0.131109289559502,2.48914907576522,46.8436435366002,0.127615996358667,0.137800384607136,0.680645161290323,0.680645161290323,6436.99849667568,1,0,0
"vertebral_column_2classes","original","kmeans",2,20,63900937,73900937,310,6,30,100,"Hartigan-Wong",310,0.362901784727651,1.13086105904364,189.338916000659,0.101851901452218,0.160871796150058,0.664516129032258,0.67741935483871,1148.17477906604,1,0,0
"vertebral_column_2classes","sparsified","kmeans",2,20,63900937,73900937,310,24,30,100,"Hartigan-Wong",310,0.131109289559502,2.48914907576522,46.8436435366002,0.127615996358667,0.137800384607136,0.680645161290323,0.680645161290323,6436.99849667568,1,0,0
"vertebral_column_2classes","original","kmeans",2,21,63900938,73900938,310,6,30,100,"Hartigan-Wong",310,0.362901784727651,1.13086105904364,189.338916000659,0.101851901452218,0.160871796150058,0.664516129032258,0.67741935483871,1148.17477906604,1,0,0.0199999999999818
"vertebral_column_2classes","sparsified","kmeans",2,21,63900938,73900938,310,24,30,100,"Hartigan-Wong",310,0.131109289559502,2.48914907576522,46.8436435366002,0.127615996358667,0.137800384607136,0.680645161290323,0.680645161290323,6436.99849667568,1,0,0.0199999999999818
"vertebral_column_2classes","original","kmeans",2,22,63900939,73900939,310,6,30,100,"Hartigan-Wong",310,0.362901784727651,1.13086105904364,189.338916000659,0.101851901452218,0.160871796150058,0.664516129032258,0.67741935483871,1148.17477906604,1,0,0
"vertebral_column_2classes","sparsified","kmeans",2,22,63900939,73900939,310,24,30,100,"Hartigan-Wong",310,0.131109289559502,2.48914907576522,46.8436435366002,0.127615996358667,0.137800384607136,0.680645161290323,0.680645161290323,6436.99849667568,1,0,0
"vertebral_column_2classes","original","kmeans",2,23,63900940,73900940,310,6,30,100,"Hartigan-Wong",310,0.362901784727651,1.13086105904364,189.338916000659,0.101851901452218,0.160871796150058,0.664516129032258,0.67741935483871,1148.17477906604,1,0,0.0199999999999818
"vertebral_column_2classes","sparsified","kmeans",2,23,63900940,73900940,310,24,30,100,"Hartigan-Wong",310,0.131109289559502,2.48914907576522,46.8436435366002,0.127615996358667,0.137800384607136,0.680645161290323,0.680645161290323,6436.99849667568,1,0,0.0199999999999818
"vertebral_column_2classes","original","kmeans",2,24,63900941,73900941,310,6,30,100,"Hartigan-Wong",310,0.362901784727651,1.13086105904364,189.338916000659,0.101851901452218,0.160871796150058,0.664516129032258,0.67741935483871,1148.17477906604,1,0,0
"vertebral_column_2classes","sparsified","kmeans",2,24,63900941,73900941,310,24,30,100,"Hartigan-Wong",310,0.131109289559502,2.48914907576522,46.8436435366002,0.127615996358667,0.137800384607136,0.680645161290323,0.680645161290323,6436.99849667568,1,0,0.0199999999999818
"vertebral_column_2classes","original","kmeans",2,25,63900942,73900942,310,6,30,100,"Hartigan-Wong",310,0.362901784727651,1.13086105904364,189.338916000659,0.101851901452218,0.160871796150058,0.664516129032258,0.67741935483871,1148.17477906604,1,0,0
"vertebral_column_2classes","sparsified","kmeans",2,25,63900942,73900942,310,24,30,100,"Hartigan-Wong",310,0.131109289559502,2.48914907576522,46.8436435366002,0.127615996358667,0.137800384607136,0.680645161290323,0.680645161290323,6436.99849667568,1,0,0
"vertebral_column_2classes","original","kmeans",2,26,63900943,73900943,310,6,30,100,"Hartigan-Wong",310,0.362901784727651,1.13086105904364,189.338916000659,0.101851901452218,0.160871796150058,0.664516129032258,0.67741935483871,1148.17477906604,1,0,0.00999999999999091
"vertebral_column_2classes","sparsified","kmeans",2,26,63900943,73900943,310,24,30,100,"Hartigan-Wong",310,0.131109289559502,2.48914907576522,46.8436435366002,0.127615996358667,0.137800384607136,0.680645161290323,0.680645161290323,6436.99849667568,1,0,0.0199999999999818
"vertebral_column_2classes","original","kmeans",2,27,63900944,73900944,310,6,30,100,"Hartigan-Wong",310,0.362901784727651,1.13086105904364,189.338916000659,0.101851901452218,0.160871796150058,0.664516129032258,0.67741935483871,1148.17477906604,1,0,0
"vertebral_column_2classes","sparsified","kmeans",2,27,63900944,73900944,310,24,30,100,"Hartigan-Wong",310,0.131109289559502,2.48914907576522,46.8436435366002,0.127615996358667,0.137800384607136,0.680645161290323,0.680645161290323,6436.99849667568,1,0,0
"vertebral_column_2classes","original","kmeans",2,28,63900945,73900945,310,6,30,100,"Hartigan-Wong",310,0.362901784727651,1.13086105904364,189.338916000659,0.101851901452218,0.160871796150058,0.664516129032258,0.67741935483871,1148.17477906604,1,0,0
"vertebral_column_2classes","sparsified","kmeans",2,28,63900945,73900945,310,24,30,100,"Hartigan-Wong",310,0.131109289559502,2.48914907576522,46.8436435366002,0.127615996358667,0.137800384607136,0.680645161290323,0.680645161290323,6436.99849667568,1,0,0
"vertebral_column_2classes","original","kmeans",2,29,63900946,73900946,310,6,30,100,"Hartigan-Wong",310,0.362901784727651,1.13086105904364,189.338916000659,0.101851901452218,0.160871796150058,0.664516129032258,0.67741935483871,1148.17477906604,1,0,0
"vertebral_column_2classes","sparsified","kmeans",2,29,63900946,73900946,310,24,30,100,"Hartigan-Wong",310,0.131109289559502,2.48914907576522,46.8436435366002,0.127615996358667,0.137800384607136,0.680645161290323,0.680645161290323,6436.99849667568,1,0,0
"vertebral_column_2classes","original","kmeans",2,30,63900947,73900947,310,6,30,100,"Hartigan-Wong",310,0.362901784727651,1.13086105904364,189.338916000659,0.101851901452218,0.160871796150058,0.664516129032258,0.67741935483871,1148.17477906604,1,0,0
"vertebral_column_2classes","sparsified","kmeans",2,30,63900947,73900947,310,24,30,100,"Hartigan-Wong",310,0.131109289559502,2.48914907576522,46.8436435366002,0.127615996358667,0.137800384607136,0.680645161290323,0.680645161290323,6436.99849667568,1,0,0
"user_knowledge_modeling","original","kmeans",5,1,59286218,69286218,403,5,30,100,"Hartigan-Wong",403,0.182373558025866,1.45959735400006,79.6926717209738,0.102065069176728,0.198310771763204,0.37468982630273,0.459057071960298,1116.08916859847,4,0,0.0199999999999818
"user_knowledge_modeling","sparsified","kmeans",5,1,59286218,69286218,403,20,30,100,"Hartigan-Wong",403,0.118784431663865,2.37219122459837,29.5344933247904,0.393249719280232,0.504341714188959,0.60545905707196,0.732009925558313,6199.73760028943,4,0,0.0300000000000864
"user_knowledge_modeling","original","kmeans",5,2,59286219,69286219,403,5,30,100,"Hartigan-Wong",403,0.182373558025866,1.45959735400006,79.6926717209738,0.102065069176728,0.198310771763204,0.37468982630273,0.459057071960298,1116.08916859847,4,0,0.0300000000000864
"user_knowledge_modeling","sparsified","kmeans",5,2,59286219,69286219,403,20,30,100,"Hartigan-Wong",403,0.118092888037872,2.39142461565677,30.3203882846728,0.435089535829713,0.509589553731315,0.657568238213399,0.727047146401985,6162.20618787393,5,0,0.0500000000000682
"user_knowledge_modeling","original","kmeans",5,3,59286220,69286220,403,5,30,100,"Hartigan-Wong",403,0.181523611947814,1.45708707724099,79.6818383065706,0.100423006787566,0.191863709726241,0.379652605459057,0.466501240694789,1116.15664785077,6,0,0.00999999999999091
"user_knowledge_modeling","sparsified","kmeans",5,3,59286220,69286220,403,20,30,100,"Hartigan-Wong",403,0.122885277272611,2.31356419011511,29.8058454244928,0.424975720225564,0.521463520820006,0.635235732009926,0.744416873449132,6186.72726955058,4,0,0.0400000000000773
"user_knowledge_modeling","original","kmeans",5,4,59286221,69286221,403,5,30,100,"Hartigan-Wong",403,0.182373558025866,1.45959735400006,79.6926717209738,0.102065069176728,0.198310771763204,0.37468982630273,0.459057071960298,1116.08916859847,4,0,0.0299999999999727
"user_knowledge_modeling","sparsified","kmeans",5,4,59286221,69286221,403,20,30,100,"Hartigan-Wong",403,0.118092888037872,2.39142461565677,30.3203882846728,0.435089535829713,0.509589553731315,0.657568238213399,0.727047146401985,6162.20618787393,4,0,0.0300000000000864
"user_knowledge_modeling","original","kmeans",5,5,59286222,69286222,403,5,30,100,"Hartigan-Wong",403,0.182436221743452,1.47187391481817,79.6875356376997,0.105742700805764,0.201935519978625,0.387096774193548,0.471464019851117,1116.12115925502,4,0,0.0100000000001046
"user_knowledge_modeling","sparsified","kmeans",5,5,59286222,69286222,403,20,30,100,"Hartigan-Wong",403,0.118092888037872,2.39142461565677,30.3203882846728,0.435089535829713,0.509589553731315,0.657568238213399,0.727047146401985,6162.20618787393,4,0,0.0400000000000773
"user_knowledge_modeling","original","kmeans",5,6,59286223,69286223,403,5,30,100,"Hartigan-Wong",403,0.182436221743452,1.47187391481817,79.6875356376997,0.105742700805764,0.201935519978625,0.387096774193548,0.471464019851117,1116.12115925502,4,0,0.0300000000000864
"user_knowledge_modeling","sparsified","kmeans",5,6,59286223,69286223,403,20,30,100,"Hartigan-Wong",403,0.118092888037872,2.39142461565677,30.3203882846728,0.435089535829713,0.509589553731315,0.657568238213399,0.727047146401985,6162.20618787393,4,0,0.0299999999999727
"user_knowledge_modeling","original","kmeans",5,7,59286224,69286224,403,5,30,100,"Hartigan-Wong",403,0.182436221743452,1.47187391481817,79.6875356376997,0.105742700805764,0.201935519978625,0.387096774193548,0.471464019851117,1116.12115925502,5,0,0.00999999999999091
"user_knowledge_modeling","sparsified","kmeans",5,7,59286224,69286224,403,20,30,100,"Hartigan-Wong",403,0.118092888037872,2.39142461565677,30.3203882846728,0.435089535829713,0.509589553731315,0.657568238213399,0.727047146401985,6162.20618787393,3,0,0.0199999999999818
"user_knowledge_modeling","original","kmeans",5,8,59286225,69286225,403,5,30,100,"Hartigan-Wong",403,0.182373558025866,1.45959735400006,79.6926717209738,0.102065069176728,0.198310771763204,0.37468982630273,0.459057071960298,1116.08916859847,4,0,0.00999999999999091
"user_knowledge_modeling","sparsified","kmeans",5,8,59286225,69286225,403,20,30,100,"Hartigan-Wong",403,0.118784431663865,2.37219122459837,29.5344933247904,0.393249719280232,0.504341714188959,0.60545905707196,0.732009925558313,6199.73760028943,5,0,0.0299999999999727
"user_knowledge_modeling","original","kmeans",5,9,59286226,69286226,403,5,30,100,"Hartigan-Wong",403,0.181411092497853,1.47007476847348,79.6789481556065,0.103601167661351,0.200434566054212,0.382133995037221,0.466501240694789,1116.17465142342,4,0,0.0199999999999818
"user_knowledge_modeling","sparsified","kmeans",5,9,59286226,69286226,403,20,30,100,"Hartigan-Wong",403,0.118092888037872,2.39142461565677,30.3203882846728,0.435089535829713,0.509589553731315,0.657568238213399,0.727047146401985,6162.20618787393,4,0,0.0300000000000864
"user_knowledge_modeling","original","kmeans",5,10,59286227,69286227,403,5,30,100,"Hartigan-Wong",403,0.182373558025866,1.45959735400006,79.6926717209738,0.102065069176728,0.198310771763204,0.37468982630273,0.459057071960298,1116.08916859847,3,0,0.00999999999999091
"user_knowledge_modeling","sparsified","kmeans",5,10,59286227,69286227,403,20,30,100,"Hartigan-Wong",403,0.118092888037872,2.39142461565677,30.3203882846728,0.435089535829713,0.509589553731315,0.657568238213399,0.727047146401985,6162.20618787393,4,0,0.0299999999999727
"user_knowledge_modeling","original","kmeans",5,11,59286228,69286228,403,5,30,100,"Hartigan-Wong",403,0.182373558025866,1.45959735400006,79.6926717209739,0.102065069176728,0.198310771763204,0.37468982630273,0.459057071960298,1116.08916859847,3,0,0.00999999999999091
"user_knowledge_modeling","sparsified","kmeans",5,11,59286228,69286228,403,20,30,100,"Hartigan-Wong",403,0.118092888037872,2.39142461565677,30.3203882846728,0.435089535829713,0.509589553731315,0.657568238213399,0.727047146401985,6162.20618787393,4,0,0.0199999999999818
"user_knowledge_modeling","original","kmeans",5,12,59286229,69286229,403,5,30,100,"Hartigan-Wong",403,0.182373558025866,1.45959735400006,79.6926717209738,0.102065069176728,0.198310771763204,0.37468982630273,0.459057071960298,1116.08916859847,5,0,0.0199999999999818
"user_knowledge_modeling","sparsified","kmeans",5,12,59286229,69286229,403,20,30,100,"Hartigan-Wong",403,0.118092888037872,2.39142461565677,30.3203882846728,0.435089535829713,0.509589553731315,0.657568238213399,0.727047146401985,6162.20618787393,4,0,0.0300000000000864
"user_knowledge_modeling","original","kmeans",5,13,59286230,69286230,403,5,30,100,"Hartigan-Wong",403,0.182373558025866,1.45959735400006,79.6926717209738,0.102065069176728,0.198310771763204,0.37468982630273,0.459057071960298,1116.08916859847,4,0,0.00999999999999091
"user_knowledge_modeling","sparsified","kmeans",5,13,59286230,69286230,403,20,30,100,"Hartigan-Wong",403,0.118092888037872,2.39142461565677,30.3203882846728,0.435089535829713,0.509589553731315,0.657568238213399,0.727047146401985,6162.20618787393,4,0,0.0299999999999727
"user_knowledge_modeling","original","kmeans",5,14,59286231,69286231,403,5,30,100,"Hartigan-Wong",403,0.182373558025866,1.45959735400006,79.6926717209738,0.102065069176728,0.198310771763204,0.37468982630273,0.459057071960298,1116.08916859847,5,0,0.00999999999999091
"user_knowledge_modeling","sparsified","kmeans",5,14,59286231,69286231,403,20,30,100,"Hartigan-Wong",403,0.118092888037872,2.39142461565677,30.3203882846728,0.435089535829713,0.509589553731315,0.657568238213399,0.727047146401985,6162.20618787393,4,0,0.0299999999999727
"user_knowledge_modeling","original","kmeans",5,15,59286232,69286232,403,5,30,100,"Hartigan-Wong",403,0.182373558025866,1.45959735400006,79.6926717209738,0.102065069176728,0.198310771763204,0.37468982630273,0.459057071960298,1116.08916859847,5,0,0.00999999999999091
"user_knowledge_modeling","sparsified","kmeans",5,15,59286232,69286232,403,20,30,100,"Hartigan-Wong",403,0.118092888037872,2.39142461565677,30.3203882846728,0.435089535829713,0.509589553731315,0.657568238213399,0.727047146401985,6162.20618787393,6,0,0.0299999999999727
"user_knowledge_modeling","original","kmeans",5,16,59286233,69286233,403,5,30,100,"Hartigan-Wong",403,0.182436221743452,1.47187391481817,79.6875356376997,0.105742700805764,0.201935519978625,0.387096774193548,0.471464019851117,1116.12115925502,7,0,0.0199999999999818
"user_knowledge_modeling","sparsified","kmeans",5,16,59286233,69286233,403,20,30,100,"Hartigan-Wong",403,0.118092888037872,2.39142461565677,30.3203882846728,0.435089535829713,0.509589553731315,0.657568238213399,0.727047146401985,6162.20618787393,4,0,0.00999999999999091
"user_knowledge_modeling","original","kmeans",5,17,59286234,69286234,403,5,30,100,"Hartigan-Wong",403,0.18213964268629,1.46926002216887,79.63642678889,0.0957576840111761,0.183794554634433,0.384615384615385,0.468982630272953,1116.43959626197,5,0,0.0199999999999818
"user_knowledge_modeling","sparsified","kmeans",5,17,59286234,69286234,403,20,30,100,"Hartigan-Wong",403,0.118092888037872,2.39142461565677,30.3203882846728,0.435089535829713,0.509589553731315,0.657568238213399,0.727047146401985,6162.20618787393,4,0,0.0299999999999727
"user_knowledge_modeling","original","kmeans",5,18,59286235,69286235,403,5,30,100,"Hartigan-Wong",403,0.182373558025866,1.45959735400006,79.6926717209738,0.102065069176728,0.198310771763204,0.37468982630273,0.459057071960298,1116.08916859847,4,0,0.00999999999999091
"user_knowledge_modeling","sparsified","kmeans",5,18,59286235,69286235,403,20,30,100,"Hartigan-Wong",403,0.118092888037872,2.39142461565677,30.3203882846728,0.435089535829713,0.509589553731315,0.657568238213399,0.727047146401985,6162.20618787393,4,0,0.0299999999999727
"user_knowledge_modeling","original","kmeans",5,19,59286236,69286236,403,5,30,100,"Hartigan-Wong",403,0.182373558025866,1.45959735400006,79.6926717209738,0.102065069176728,0.198310771763204,0.37468982630273,0.459057071960298,1116.08916859847,5,0,0.0199999999999818
"user_knowledge_modeling","sparsified","kmeans",5,19,59286236,69286236,403,20,30,100,"Hartigan-Wong",403,0.118092888037872,2.39142461565677,30.3203882846728,0.435089535829713,0.509589553731315,0.657568238213399,0.727047146401985,6162.20618787393,4,0,0.00999999999999091
"user_knowledge_modeling","original","kmeans",5,20,59286237,69286237,403,5,30,100,"Hartigan-Wong",403,0.182373558025866,1.45959735400006,79.6926717209738,0.102065069176728,0.198310771763204,0.37468982630273,0.459057071960298,1116.08916859847,4,0,0.00999999999999091
"user_knowledge_modeling","sparsified","kmeans",5,20,59286237,69286237,403,20,30,100,"Hartigan-Wong",403,0.118092888037872,2.39142461565677,30.3203882846728,0.435089535829713,0.509589553731315,0.657568238213399,0.727047146401985,6162.20618787393,4,0,0.0300000000000864
"user_knowledge_modeling","original","kmeans",5,21,59286238,69286238,403,5,30,100,"Hartigan-Wong",403,0.182373558025866,1.45959735400006,79.6926717209738,0.102065069176728,0.198310771763204,0.37468982630273,0.459057071960298,1116.08916859847,6,0,0.00999999999999091
"user_knowledge_modeling","sparsified","kmeans",5,21,59286238,69286238,403,20,30,100,"Hartigan-Wong",403,0.118092888037872,2.39142461565677,30.3203882846728,0.435089535829713,0.509589553731315,0.657568238213399,0.727047146401985,6162.20618787393,6,0,0.00999999999999091
"user_knowledge_modeling","original","kmeans",5,22,59286239,69286239,403,5,30,100,"Hartigan-Wong",403,0.182373558025866,1.45959735400006,79.6926717209739,0.102065069176728,0.198310771763204,0.37468982630273,0.459057071960298,1116.08916859847,6,0,0.0199999999999818
"user_knowledge_modeling","sparsified","kmeans",5,22,59286239,69286239,403,20,30,100,"Hartigan-Wong",403,0.118092888037872,2.39142461565677,30.3203882846728,0.435089535829713,0.509589553731315,0.657568238213399,0.727047146401985,6162.20618787393,7,0,0.00999999999999091
"user_knowledge_modeling","original","kmeans",5,23,59286240,69286240,403,5,30,100,"Hartigan-Wong",403,0.182373558025866,1.45959735400006,79.6926717209738,0.102065069176728,0.198310771763204,0.37468982630273,0.459057071960298,1116.08916859847,5,0,0.0199999999999818
"user_knowledge_modeling","sparsified","kmeans",5,23,59286240,69286240,403,20,30,100,"Hartigan-Wong",403,0.118092888037872,2.39142461565677,30.3203882846728,0.435089535829713,0.509589553731315,0.657568238213399,0.727047146401985,6162.20618787393,5,0,0.0300000000000864
"user_knowledge_modeling","original","kmeans",5,24,59286241,69286241,403,5,30,100,"Hartigan-Wong",403,0.182373558025866,1.45959735400006,79.6926717209738,0.102065069176728,0.198310771763204,0.37468982630273,0.459057071960298,1116.08916859847,6,0,0.00999999999999091
"user_knowledge_modeling","sparsified","kmeans",5,24,59286241,69286241,403,20,30,100,"Hartigan-Wong",403,0.118092888037872,2.39142461565677,30.3203882846728,0.435089535829713,0.509589553731315,0.657568238213399,0.727047146401985,6162.20618787393,4,0,0.0299999999999727
"user_knowledge_modeling","original","kmeans",5,25,59286242,69286242,403,5,30,100,"Hartigan-Wong",403,0.181523611947814,1.45708707724099,79.6818383065706,0.100423006787566,0.191863709726241,0.379652605459057,0.466501240694789,1116.15664785077,5,0,0.0199999999999818
"user_knowledge_modeling","sparsified","kmeans",5,25,59286242,69286242,403,20,30,100,"Hartigan-Wong",403,0.118092888037872,2.39142461565677,30.3203882846728,0.435089535829713,0.509589553731315,0.657568238213399,0.727047146401985,6162.20618787393,3,0,0.0100000000001046
"user_knowledge_modeling","original","kmeans",5,26,59286243,69286243,403,5,30,100,"Hartigan-Wong",403,0.182373558025866,1.45959735400006,79.6926717209738,0.102065069176728,0.198310771763204,0.37468982630273,0.459057071960298,1116.08916859847,4,0,0.0100000000001046
"user_knowledge_modeling","sparsified","kmeans",5,26,59286243,69286243,403,20,30,100,"Hartigan-Wong",403,0.118092888037872,2.39142461565677,30.3203882846728,0.435089535829713,0.509589553731315,0.657568238213399,0.727047146401985,6162.20618787393,5,0,0.0300000000000864
"user_knowledge_modeling","original","kmeans",5,27,59286244,69286244,403,5,30,100,"Hartigan-Wong",403,0.181523611947814,1.45708707724099,79.6818383065706,0.100423006787566,0.191863709726241,0.379652605459057,0.466501240694789,1116.15664785077,4,0,0.0300000000000864
"user_knowledge_modeling","sparsified","kmeans",5,27,59286244,69286244,403,20,30,100,"Hartigan-Wong",403,0.122885277272611,2.31356419011511,29.8058454244928,0.424975720225564,0.521463520820006,0.635235732009926,0.744416873449132,6186.72726955058,5,0,0.0100000000001046
"user_knowledge_modeling","original","kmeans",5,28,59286245,69286245,403,5,30,100,"Hartigan-Wong",403,0.182373558025866,1.45959735400006,79.6926717209738,0.102065069176728,0.198310771763204,0.37468982630273,0.459057071960298,1116.08916859847,4,0,0.0299999999999727
"user_knowledge_modeling","sparsified","kmeans",5,28,59286245,69286245,403,20,30,100,"Hartigan-Wong",403,0.118784431663865,2.37219122459837,29.5344933247904,0.393249719280232,0.504341714188959,0.60545905707196,0.732009925558313,6199.73760028943,4,0,0.0299999999999727
"user_knowledge_modeling","original","kmeans",5,29,59286246,69286246,403,5,30,100,"Hartigan-Wong",403,0.182436221743452,1.47187391481817,79.6875356376997,0.105742700805764,0.201935519978625,0.387096774193548,0.471464019851117,1116.12115925502,5,0,0.0199999999999818
"user_knowledge_modeling","sparsified","kmeans",5,29,59286246,69286246,403,20,30,100,"Hartigan-Wong",403,0.118092888037872,2.39142461565677,30.3203882846728,0.435089535829713,0.509589553731315,0.657568238213399,0.727047146401985,6162.20618787393,6,0,0.0399999999999636
"user_knowledge_modeling","original","kmeans",5,30,59286247,69286247,403,5,30,100,"Hartigan-Wong",403,0.182373558025866,1.45959735400006,79.6926717209738,0.102065069176728,0.198310771763204,0.37468982630273,0.459057071960298,1116.08916859847,4,0,0.00999999999999091
"user_knowledge_modeling","sparsified","kmeans",5,30,59286247,69286247,403,20,30,100,"Hartigan-Wong",403,0.118092888037872,2.39142461565677,30.3203882846728,0.435089535829713,0.509589553731315,0.657568238213399,0.727047146401985,6162.20618787393,3,0,0.0100000000001046
"banknote_authentication","original","kmeans",2,1,59829918,69829918,1372,4,30,100,"Hartigan-Wong",1000,0.330256540083887,1.19969173009006,807.220211650388,0.0132158327785109,0.0109953454890105,0.559037900874636,0.559037900874636,3450.76715703685,1,0,0.00999999999999091
"banknote_authentication","sparsified","kmeans",2,1,59829918,69829918,1372,16,30,100,"Hartigan-Wong",1000,0.14073306987796,2.49238481819171,209.752515034186,0.0236233590677363,0.0182718984054328,0.57798833819242,0.57798833819242,19023.4354520706,1,0,0.0199999999999818
"banknote_authentication","original","kmeans",2,2,59829919,69829919,1372,4,30,100,"Hartigan-Wong",1000,0.330456388040781,1.19969173009006,807.220211650388,0.0132158327785109,0.0109953454890105,0.559037900874636,0.559037900874636,3450.76715703685,1,0,0.00999999999999091
"banknote_authentication","sparsified","kmeans",2,2,59829919,69829919,1372,16,30,100,"Hartigan-Wong",1000,0.140971107431184,2.49238481819171,209.752515034186,0.0236233590677363,0.0182718984054328,0.57798833819242,0.57798833819242,19023.4354520706,1,0,0.0199999999999818
"banknote_authentication","original","kmeans",2,3,59829920,69829920,1372,4,30,100,"Hartigan-Wong",1000,0.326634295308395,1.19969173009006,807.220211650388,0.0132158327785109,0.0109953454890105,0.559037900874636,0.559037900874636,3450.76715703685,1,0,0.00999999999999091
"banknote_authentication","sparsified","kmeans",2,3,59829920,69829920,1372,16,30,100,"Hartigan-Wong",1000,0.138415152459834,2.49238481819171,209.752515034186,0.0236233590677363,0.0182718984054328,0.57798833819242,0.57798833819242,19023.4354520706,1,0,0.0300000000000864
"banknote_authentication","original","kmeans",2,4,59829921,69829921,1372,4,30,100,"Hartigan-Wong",1000,0.325338460858995,1.19969173009006,807.220211650388,0.0132158327785109,0.0109953454890105,0.559037900874636,0.559037900874636,3450.76715703685,1,0,0.00999999999999091
"banknote_authentication","sparsified","kmeans",2,4,59829921,69829921,1372,16,30,100,"Hartigan-Wong",1000,0.136406469012598,2.49238481819171,209.752515034186,0.0236233590677363,0.0182718984054328,0.57798833819242,0.57798833819242,19023.4354520706,1,0,0.0399999999999636
"banknote_authentication","original","kmeans",2,5,59829922,69829922,1372,4,30,100,"Hartigan-Wong",1000,0.32102529611354,1.19969173009006,807.220211650388,0.0132158327785109,0.0109953454890105,0.559037900874636,0.559037900874636,3450.76715703685,1,0,0
"banknote_authentication","sparsified","kmeans",2,5,59829922,69829922,1372,16,30,100,"Hartigan-Wong",1000,0.13686316535335,2.49238481819171,209.752515034186,0.0236233590677363,0.0182718984054328,0.57798833819242,0.57798833819242,19023.4354520706,1,0,0.0299999999999727
"banknote_authentication","original","kmeans",2,6,59829923,69829923,1372,4,30,100,"Hartigan-Wong",1000,0.325398470884548,1.19969173009006,807.220211650388,0.0132158327785109,0.0109953454890105,0.559037900874636,0.559037900874636,3450.76715703685,1,0,0.0199999999999818
"banknote_authentication","sparsified","kmeans",2,6,59829923,69829923,1372,16,30,100,"Hartigan-Wong",1000,0.13797180901288,2.49238481819171,209.752515034186,0.0236233590677363,0.0182718984054328,0.57798833819242,0.57798833819242,19023.4354520706,1,0,0.0199999999999818
"banknote_authentication","original","kmeans",2,7,59829924,69829924,1372,4,30,100,"Hartigan-Wong",1000,0.325839658089986,1.19969173009006,807.220211650388,0.0132158327785109,0.0109953454890105,0.559037900874636,0.559037900874636,3450.76715703685,1,0,0.0199999999999818
"banknote_authentication","sparsified","kmeans",2,7,59829924,69829924,1372,16,30,100,"Hartigan-Wong",1000,0.138265673366683,2.49238481819171,209.752515034186,0.0236233590677363,0.0182718984054328,0.57798833819242,0.57798833819242,19023.4354520706,1,0,0.0299999999999727
"banknote_authentication","original","kmeans",2,8,59829925,69829925,1372,4,30,100,"Hartigan-Wong",1000,0.32735150383304,1.19969173009006,807.220211650388,0.0132158327785109,0.0109953454890105,0.559037900874636,0.559037900874636,3450.76715703685,1,0,0.0199999999999818
"banknote_authentication","sparsified","kmeans",2,8,59829925,69829925,1372,16,30,100,"Hartigan-Wong",1000,0.139853695233501,2.49238481819171,209.752515034186,0.0236233590677363,0.0182718984054328,0.57798833819242,0.57798833819242,19023.4354520706,1,0,0.0299999999999727
"banknote_authentication","original","kmeans",2,9,59829926,69829926,1372,4,30,100,"Hartigan-Wong",1000,0.330711561822566,1.19969173009006,807.220211650388,0.0132158327785109,0.0109953454890105,0.559037900874636,0.559037900874636,3450.76715703685,1,0,0.00999999999999091
"banknote_authentication","sparsified","kmeans",2,9,59829926,69829926,1372,16,30,100,"Hartigan-Wong",1000,0.14052897424166,2.49238481819171,209.752515034186,0.0236233590677363,0.0182718984054328,0.57798833819242,0.57798833819242,19023.4354520706,1,0,0.0299999999999727
"banknote_authentication","original","kmeans",2,10,59829927,69829927,1372,4,30,100,"Hartigan-Wong",1000,0.336974960110666,1.19969173009006,807.220211650388,0.0132158327785109,0.0109953454890105,0.559037900874636,0.559037900874636,3450.76715703685,1,0,0.0199999999999818
"banknote_authentication","sparsified","kmeans",2,10,59829927,69829927,1372,16,30,100,"Hartigan-Wong",1000,0.142139501834351,2.49238481819171,209.752515034186,0.0236233590677363,0.0182718984054328,0.57798833819242,0.57798833819242,19023.4354520706,1,0,0.0199999999999818
"banknote_authentication","original","kmeans",2,11,59829928,69829928,1372,4,30,100,"Hartigan-Wong",1000,0.329563170112727,1.19969173009006,807.220211650388,0.0132158327785109,0.0109953454890105,0.559037900874636,0.559037900874636,3450.76715703685,1,0,0.0199999999999818
"banknote_authentication","sparsified","kmeans",2,11,59829928,69829928,1372,16,30,100,"Hartigan-Wong",1000,0.138909244090965,2.49238481819171,209.752515034186,0.0236233590677363,0.0182718984054328,0.57798833819242,0.57798833819242,19023.4354520706,1,0,0.0299999999999727
"banknote_authentication","original","kmeans",2,12,59829929,69829929,1372,4,30,100,"Hartigan-Wong",1000,0.333115823828746,1.19969173009006,807.220211650388,0.0132158327785109,0.0109953454890105,0.559037900874636,0.559037900874636,3450.76715703685,1,0,0.00999999999999091
"banknote_authentication","sparsified","kmeans",2,12,59829929,69829929,1372,16,30,100,"Hartigan-Wong",1000,0.141545487980107,2.49238481819171,209.752515034186,0.0236233590677363,0.0182718984054328,0.57798833819242,0.57798833819242,19023.4354520706,1,0,0.0299999999999727
"banknote_authentication","original","kmeans",2,13,59829930,69829930,1372,4,30,100,"Hartigan-Wong",1000,0.336291389877372,1.19969173009006,807.220211650388,0.0132158327785109,0.0109953454890105,0.559037900874636,0.559037900874636,3450.76715703685,1,0,0
"banknote_authentication","sparsified","kmeans",2,13,59829930,69829930,1372,16,30,100,"Hartigan-Wong",1000,0.143062927790382,2.49238481819171,209.752515034186,0.0236233590677363,0.0182718984054328,0.57798833819242,0.57798833819242,19023.4354520706,1,0,0.0299999999999727
"banknote_authentication","original","kmeans",2,14,59829931,69829931,1372,4,30,100,"Hartigan-Wong",1000,0.328143801137325,1.19969173009006,807.220211650388,0.0132158327785109,0.0109953454890105,0.559037900874636,0.559037900874636,3450.76715703685,1,0,0.00999999999999091
"banknote_authentication","sparsified","kmeans",2,14,59829931,69829931,1372,16,30,100,"Hartigan-Wong",1000,0.138479447162435,2.49238481819171,209.752515034186,0.0236233590677363,0.0182718984054328,0.57798833819242,0.57798833819242,19023.4354520706,1,0,0.0299999999999727
"banknote_authentication","original","kmeans",2,15,59829932,69829932,1372,4,30,100,"Hartigan-Wong",1000,0.328254000909387,1.19969173009006,807.220211650388,0.0132158327785109,0.0109953454890105,0.559037900874636,0.559037900874636,3450.76715703685,1,0,0.0200000000000955
"banknote_authentication","sparsified","kmeans",2,15,59829932,69829932,1372,16,30,100,"Hartigan-Wong",1000,0.137997312161925,2.49238481819171,209.752515034186,0.0236233590677363,0.0182718984054328,0.57798833819242,0.57798833819242,19023.4354520706,1,0,0.0400000000000773
"banknote_authentication","original","kmeans",2,16,59829933,69829933,1372,4,30,100,"Hartigan-Wong",1000,0.327866323833516,1.19969173009006,807.220211650388,0.0132158327785109,0.0109953454890105,0.559037900874636,0.559037900874636,3450.76715703685,1,0,0.0199999999999818
"banknote_authentication","sparsified","kmeans",2,16,59829933,69829933,1372,16,30,100,"Hartigan-Wong",1000,0.139491519521366,2.49238481819171,209.752515034186,0.0236233590677363,0.0182718984054328,0.57798833819242,0.57798833819242,19023.4354520706,1,0,0.0300000000000864
"banknote_authentication","original","kmeans",2,17,59829934,69829934,1372,4,30,100,"Hartigan-Wong",1000,0.324959615221964,1.19969173009006,807.220211650388,0.0132158327785109,0.0109953454890105,0.559037900874636,0.559037900874636,3450.76715703685,1,0,0.00999999999999091
"banknote_authentication","sparsified","kmeans",2,17,59829934,69829934,1372,16,30,100,"Hartigan-Wong",1000,0.13989218042063,2.49238481819171,209.752515034186,0.0236233590677363,0.0182718984054328,0.57798833819242,0.57798833819242,19023.4354520706,1,0,0.0299999999999727
"banknote_authentication","original","kmeans",2,18,59829935,69829935,1372,4,30,100,"Hartigan-Wong",1000,0.32817544804708,1.19969173009006,807.220211650388,0.0132158327785109,0.0109953454890105,0.559037900874636,0.559037900874636,3450.76715703685,1,0,0.0299999999999727
"banknote_authentication","sparsified","kmeans",2,18,59829935,69829935,1372,16,30,100,"Hartigan-Wong",1000,0.13957931018714,2.49238481819171,209.752515034186,0.0236233590677363,0.0182718984054328,0.57798833819242,0.57798833819242,19023.4354520706,1,0,0.0199999999999818
"banknote_authentication","original","kmeans",2,19,59829936,69829936,1372,4,30,100,"Hartigan-Wong",1000,0.330015470866389,1.19969173009006,807.220211650388,0.0132158327785109,0.0109953454890105,0.559037900874636,0.559037900874636,3450.76715703685,1,0,0.0199999999999818
"banknote_authentication","sparsified","kmeans",2,19,59829936,69829936,1372,16,30,100,"Hartigan-Wong",1000,0.139446823310457,2.49238481819171,209.752515034186,0.0236233590677363,0.0182718984054328,0.57798833819242,0.57798833819242,19023.4354520706,1,0,0.0199999999999818
"banknote_authentication","original","kmeans",2,20,59829937,69829937,1372,4,30,100,"Hartigan-Wong",1000,0.327786825867982,1.19969173009006,807.220211650388,0.0132158327785109,0.0109953454890105,0.559037900874636,0.559037900874636,3450.76715703685,1,0,0.0199999999999818
"banknote_authentication","sparsified","kmeans",2,20,59829937,69829937,1372,16,30,100,"Hartigan-Wong",1000,0.139811013011644,2.49238481819171,209.752515034186,0.0236233590677363,0.0182718984054328,0.57798833819242,0.57798833819242,19023.4354520706,1,0,0.00999999999999091
"banknote_authentication","original","kmeans",2,21,59829938,69829938,1372,4,30,100,"Hartigan-Wong",1000,0.32748848526214,1.19969173009006,807.220211650388,0.0132158327785109,0.0109953454890105,0.559037900874636,0.559037900874636,3450.76715703685,1,0,0.0199999999999818
"banknote_authentication","sparsified","kmeans",2,21,59829938,69829938,1372,16,30,100,"Hartigan-Wong",1000,0.138012873588435,2.49238481819171,209.752515034186,0.0236233590677363,0.0182718984054328,0.57798833819242,0.57798833819242,19023.4354520706,1,0,0.0299999999999727
"banknote_authentication","original","kmeans",2,22,59829939,69829939,1372,4,30,100,"Hartigan-Wong",1000,0.323477238989645,1.19969173009006,807.220211650388,0.0132158327785109,0.0109953454890105,0.559037900874636,0.559037900874636,3450.76715703685,1,0,0.0199999999999818
"banknote_authentication","sparsified","kmeans",2,22,59829939,69829939,1372,16,30,100,"Hartigan-Wong",1000,0.138675537687819,2.49238481819171,209.752515034186,0.0236233590677363,0.0182718984054328,0.57798833819242,0.57798833819242,19023.4354520706,1,0,0.0299999999999727
"banknote_authentication","original","kmeans",2,23,59829940,69829940,1372,4,30,100,"Hartigan-Wong",1000,0.325693443136728,1.19969173009006,807.220211650388,0.0132158327785109,0.0109953454890105,0.559037900874636,0.559037900874636,3450.76715703685,1,0,0.0199999999999818
"banknote_authentication","sparsified","kmeans",2,23,59829940,69829940,1372,16,30,100,"Hartigan-Wong",1000,0.139282180421003,2.49238481819171,209.752515034186,0.0236233590677363,0.0182718984054328,0.57798833819242,0.57798833819242,19023.4354520706,1,0,0.0300000000000864
"banknote_authentication","original","kmeans",2,24,59829941,69829941,1372,4,30,100,"Hartigan-Wong",1000,0.328531924673581,1.19969173009006,807.220211650388,0.0132158327785109,0.0109953454890105,0.559037900874636,0.559037900874636,3450.76715703685,1,0,0.00999999999999091
"banknote_authentication","sparsified","kmeans",2,24,59829941,69829941,1372,16,30,100,"Hartigan-Wong",1000,0.139799994783964,2.49238481819171,209.752515034186,0.0236233590677363,0.0182718984054328,0.57798833819242,0.57798833819242,19023.4354520706,1,0,0.0199999999999818
"banknote_authentication","original","kmeans",2,25,59829942,69829942,1372,4,30,100,"Hartigan-Wong",1000,0.330909368272349,1.19969173009006,807.220211650388,0.0132158327785109,0.0109953454890105,0.559037900874636,0.559037900874636,3450.76715703685,1,0,0.00999999999999091
"banknote_authentication","sparsified","kmeans",2,25,59829942,69829942,1372,16,30,100,"Hartigan-Wong",1000,0.1417620019112,2.49238481819171,209.752515034186,0.0236233590677363,0.0182718984054328,0.57798833819242,0.57798833819242,19023.4354520706,1,0,0.0299999999999727
"banknote_authentication","original","kmeans",2,26,59829943,69829943,1372,4,30,100,"Hartigan-Wong",1000,0.330239494856732,1.19969173009006,807.220211650388,0.0132158327785109,0.0109953454890105,0.559037900874636,0.559037900874636,3450.76715703685,1,0,0.0199999999999818
"banknote_authentication","sparsified","kmeans",2,26,59829943,69829943,1372,16,30,100,"Hartigan-Wong",1000,0.138504942581997,2.49238481819171,209.752515034186,0.0236233590677363,0.0182718984054328,0.57798833819242,0.57798833819242,19023.4354520706,1,0,0.0300000000000864
"banknote_authentication","original","kmeans",2,27,59829944,69829944,1372,4,30,100,"Hartigan-Wong",1000,0.326702524299788,1.19969173009006,807.220211650388,0.0132158327785109,0.0109953454890105,0.559037900874636,0.559037900874636,3450.76715703685,1,0,0.00999999999999091
"banknote_authentication","sparsified","kmeans",2,27,59829944,69829944,1372,16,30,100,"Hartigan-Wong",1000,0.139374090596788,2.49238481819171,209.752515034186,0.0236233590677363,0.0182718984054328,0.57798833819242,0.57798833819242,19023.4354520706,1,0,0.00999999999999091
"banknote_authentication","original","kmeans",2,28,59829945,69829945,1372,4,30,100,"Hartigan-Wong",1000,0.334085642743954,1.19969173009006,807.220211650388,0.0132158327785109,0.0109953454890105,0.559037900874636,0.559037900874636,3450.76715703685,1,0,0.00999999999999091
"banknote_authentication","sparsified","kmeans",2,28,59829945,69829945,1372,16,30,100,"Hartigan-Wong",1000,0.140575565297742,2.49238481819171,209.752515034186,0.0236233590677363,0.0182718984054328,0.57798833819242,0.57798833819242,19023.4354520706,1,0,0.0299999999999727
"banknote_authentication","original","kmeans",2,29,59829946,69829946,1372,4,30,100,"Hartigan-Wong",1000,0.328119971852081,1.19969173009006,807.220211650388,0.0132158327785109,0.0109953454890105,0.559037900874636,0.559037900874636,3450.76715703685,1,0,0.00999999999999091
"banknote_authentication","sparsified","kmeans",2,29,59829946,69829946,1372,16,30,100,"Hartigan-Wong",1000,0.138430767241221,2.49238481819171,209.752515034186,0.0236233590677363,0.0182718984054328,0.57798833819242,0.57798833819242,19023.4354520706,1,0,0.0299999999999727
"banknote_authentication","original","kmeans",2,30,59829947,69829947,1372,4,30,100,"Hartigan-Wong",1000,0.327548721009245,1.19969173009006,807.220211650388,0.0132158327785109,0.0109953454890105,0.559037900874636,0.559037900874636,3450.76715703685,1,0,0
"banknote_authentication","sparsified","kmeans",2,30,59829947,69829947,1372,16,30,100,"Hartigan-Wong",1000,0.139513966458848,2.49238481819171,209.752515034186,0.0236233590677363,0.0182718984054328,0.57798833819242,0.57798833819242,19023.4354520706,1,0,0.0199999999999818
"wine","original","kmeans",3,1,31324018,41324018,178,13,30,100,"Hartigan-Wong",178,0.284858919189899,1.38918797771816,70.9400080031512,0.897494981509321,0.875898467540787,0.966292134831461,0.966292134831461,1270.74911531181,2,0,0.0199999999999818
"wine","sparsified","kmeans",3,1,31324018,41324018,178,52,30,100,"Hartigan-Wong",178,0.116660338412682,2.64120003064106,19.750873933982,0.914879596066953,0.892589719352039,0.971910112359551,0.971910112359551,7509.02972124721,3,0,0.0199999999999818
"wine","original","kmeans",3,2,31324019,41324019,178,13,30,100,"Hartigan-Wong",178,0.284858919189899,1.38918797771816,70.9400080031512,0.897494981509321,0.875898467540787,0.966292134831461,0.966292134831461,1270.74911531181,3,0,0
"wine","sparsified","kmeans",3,2,31324019,41324019,178,52,30,100,"Hartigan-Wong",178,0.116660338412682,2.64120003064106,19.750873933982,0.914879596066953,0.892589719352039,0.971910112359551,0.971910112359551,7509.02972124721,3,0,0.0199999999999818
"wine","original","kmeans",3,3,31324020,41324020,178,13,30,100,"Hartigan-Wong",178,0.284858919189899,1.38918797771816,70.9400080031512,0.897494981509321,0.875898467540787,0.966292134831461,0.966292134831461,1270.74911531181,3,0,0
"wine","sparsified","kmeans",3,3,31324020,41324020,178,52,30,100,"Hartigan-Wong",178,0.116660338412682,2.64120003064106,19.750873933982,0.914879596066953,0.892589719352039,0.971910112359551,0.971910112359551,7509.02972124721,4,0,0.00999999999999091
"wine","original","kmeans",3,4,31324021,41324021,178,13,30,100,"Hartigan-Wong",178,0.284858919189899,1.38918797771816,70.9400080031512,0.897494981509321,0.875898467540787,0.966292134831461,0.966292134831461,1270.74911531181,2,0,0
"wine","sparsified","kmeans",3,4,31324021,41324021,178,52,30,100,"Hartigan-Wong",178,0.116660338412682,2.64120003064106,19.750873933982,0.914879596066953,0.892589719352039,0.971910112359551,0.971910112359551,7509.02972124721,2,0,0.0300000000000864
"wine","original","kmeans",3,5,31324022,41324022,178,13,30,100,"Hartigan-Wong",178,0.284858919189899,1.38918797771816,70.9400080031512,0.897494981509321,0.875898467540787,0.966292134831461,0.966292134831461,1270.74911531181,3,0,0
"wine","sparsified","kmeans",3,5,31324022,41324022,178,52,30,100,"Hartigan-Wong",178,0.116660338412682,2.64120003064106,19.750873933982,0.914879596066953,0.892589719352039,0.971910112359551,0.971910112359551,7509.02972124721,3,0,0.0399999999999636
"wine","original","kmeans",3,6,31324023,41324023,178,13,30,100,"Hartigan-Wong",178,0.284858919189899,1.38918797771816,70.9400080031512,0.897494981509321,0.875898467540787,0.966292134831461,0.966292134831461,1270.74911531181,2,0,0
"wine","sparsified","kmeans",3,6,31324023,41324023,178,52,30,100,"Hartigan-Wong",178,0.116660338412682,2.64120003064106,19.750873933982,0.914879596066953,0.892589719352039,0.971910112359551,0.971910112359551,7509.02972124721,3,0,0.0299999999999727
"wine","original","kmeans",3,7,31324024,41324024,178,13,30,100,"Hartigan-Wong",178,0.284858919189899,1.38918797771816,70.9400080031512,0.897494981509321,0.875898467540787,0.966292134831461,0.966292134831461,1270.74911531181,2,0,0.0199999999999818
"wine","sparsified","kmeans",3,7,31324024,41324024,178,52,30,100,"Hartigan-Wong",178,0.116660338412682,2.64120003064106,19.750873933982,0.914879596066953,0.892589719352039,0.971910112359551,0.971910112359551,7509.02972124721,2,0,0.0199999999999818
"wine","original","kmeans",3,8,31324025,41324025,178,13,30,100,"Hartigan-Wong",178,0.284858919189899,1.38918797771816,70.9400080031512,0.897494981509321,0.875898467540787,0.966292134831461,0.966292134831461,1270.74911531181,3,0,0
"wine","sparsified","kmeans",3,8,31324025,41324025,178,52,30,100,"Hartigan-Wong",178,0.116660338412682,2.64120003064106,19.750873933982,0.914879596066953,0.892589719352039,0.971910112359551,0.971910112359551,7509.02972124721,3,0,0.0199999999999818
"wine","original","kmeans",3,9,31324026,41324026,178,13,30,100,"Hartigan-Wong",178,0.284858919189899,1.38918797771816,70.9400080031512,0.897494981509321,0.875898467540787,0.966292134831461,0.966292134831461,1270.74911531181,3,0,0.0199999999999818
"wine","sparsified","kmeans",3,9,31324026,41324026,178,52,30,100,"Hartigan-Wong",178,0.116660338412682,2.64120003064106,19.750873933982,0.914879596066953,0.892589719352039,0.971910112359551,0.971910112359551,7509.02972124721,3,0,0.00999999999999091
"wine","original","kmeans",3,10,31324027,41324027,178,13,30,100,"Hartigan-Wong",178,0.284858919189899,1.38918797771816,70.9400080031512,0.897494981509321,0.875898467540787,0.966292134831461,0.966292134831461,1270.74911531181,3,0,0
"wine","sparsified","kmeans",3,10,31324027,41324027,178,52,30,100,"Hartigan-Wong",178,0.116660338412682,2.64120003064106,19.750873933982,0.914879596066953,0.89258971935204,0.971910112359551,0.971910112359551,7509.02972124721,3,0,0.0199999999999818
"wine","original","kmeans",3,11,31324028,41324028,178,13,30,100,"Hartigan-Wong",178,0.284858919189899,1.38918797771816,70.9400080031512,0.897494981509321,0.875898467540787,0.966292134831461,0.966292134831461,1270.74911531181,3,0,0.0200000000000955
"wine","sparsified","kmeans",3,11,31324028,41324028,178,52,30,100,"Hartigan-Wong",178,0.116660338412682,2.64120003064106,19.750873933982,0.914879596066953,0.89258971935204,0.971910112359551,0.971910112359551,7509.02972124721,3,0,0.0199999999999818
"wine","original","kmeans",3,12,31324029,41324029,178,13,30,100,"Hartigan-Wong",178,0.284858919189899,1.38918797771816,70.9400080031512,0.897494981509321,0.875898467540787,0.966292134831461,0.966292134831461,1270.74911531181,3,0,0.0199999999999818
"wine","sparsified","kmeans",3,12,31324029,41324029,178,52,30,100,"Hartigan-Wong",178,0.116660338412682,2.64120003064106,19.750873933982,0.914879596066953,0.89258971935204,0.971910112359551,0.971910112359551,7509.02972124721,3,0,0.00999999999999091
"wine","original","kmeans",3,13,31324030,41324030,178,13,30,100,"Hartigan-Wong",178,0.284858919189899,1.38918797771816,70.9400080031512,0.897494981509321,0.875898467540787,0.966292134831461,0.966292134831461,1270.74911531181,3,0,0.00999999999999091
"wine","sparsified","kmeans",3,13,31324030,41324030,178,52,30,100,"Hartigan-Wong",178,0.116660338412682,2.64120003064106,19.750873933982,0.914879596066953,0.892589719352039,0.971910112359551,0.971910112359551,7509.02972124721,3,0,0.0300000000000864
"wine","original","kmeans",3,14,31324031,41324031,178,13,30,100,"Hartigan-Wong",178,0.284858919189899,1.38918797771816,70.9400080031512,0.897494981509321,0.875898467540787,0.966292134831461,0.966292134831461,1270.74911531181,3,0,0.0200000000000955
"wine","sparsified","kmeans",3,14,31324031,41324031,178,52,30,100,"Hartigan-Wong",178,0.116660338412682,2.64120003064106,19.750873933982,0.914879596066953,0.892589719352039,0.971910112359551,0.971910112359551,7509.02972124721,4,0,0.0300000000000864
"wine","original","kmeans",3,15,31324032,41324032,178,13,30,100,"Hartigan-Wong",178,0.284858919189899,1.38918797771816,70.9400080031512,0.897494981509321,0.875898467540787,0.966292134831461,0.966292134831461,1270.74911531181,3,0,0.0199999999999818
"wine","sparsified","kmeans",3,15,31324032,41324032,178,52,30,100,"Hartigan-Wong",178,0.116660338412682,2.64120003064106,19.750873933982,0.914879596066953,0.89258971935204,0.971910112359551,0.971910112359551,7509.02972124721,4,0,0.0399999999999636
"wine","original","kmeans",3,16,31324033,41324033,178,13,30,100,"Hartigan-Wong",178,0.284858919189899,1.38918797771816,70.9400080031512,0.897494981509321,0.875898467540787,0.966292134831461,0.966292134831461,1270.74911531181,3,0,0.0199999999999818
"wine","sparsified","kmeans",3,16,31324033,41324033,178,52,30,100,"Hartigan-Wong",178,0.116660338412682,2.64120003064106,19.750873933982,0.914879596066953,0.892589719352039,0.971910112359551,0.971910112359551,7509.02972124721,3,0,0.0399999999999636
"wine","original","kmeans",3,17,31324034,41324034,178,13,30,100,"Hartigan-Wong",178,0.284858919189899,1.38918797771816,70.9400080031512,0.897494981509321,0.875898467540787,0.966292134831461,0.966292134831461,1270.74911531181,2,0,0.00999999999999091
"wine","sparsified","kmeans",3,17,31324034,41324034,178,52,30,100,"Hartigan-Wong",178,0.116660338412682,2.64120003064106,19.750873933982,0.914879596066953,0.892589719352039,0.971910112359551,0.971910112359551,7509.02972124721,2,0,0.00999999999999091
"wine","original","kmeans",3,18,31324035,41324035,178,13,30,100,"Hartigan-Wong",178,0.284858919189899,1.38918797771816,70.9400080031512,0.897494981509321,0.875898467540787,0.966292134831461,0.966292134831461,1270.74911531181,3,0,0.0199999999999818
"wine","sparsified","kmeans",3,18,31324035,41324035,178,52,30,100,"Hartigan-Wong",178,0.116660338412682,2.64120003064106,19.750873933982,0.914879596066953,0.89258971935204,0.971910112359551,0.971910112359551,7509.02972124721,4,0,0.0200000000000955
"wine","original","kmeans",3,19,31324036,41324036,178,13,30,100,"Hartigan-Wong",178,0.284858919189899,1.38918797771816,70.9400080031512,0.897494981509321,0.875898467540787,0.966292134831461,0.966292134831461,1270.74911531181,3,0,0.0199999999999818
"wine","sparsified","kmeans",3,19,31324036,41324036,178,52,30,100,"Hartigan-Wong",178,0.116660338412682,2.64120003064106,19.750873933982,0.914879596066953,0.892589719352039,0.971910112359551,0.971910112359551,7509.02972124721,3,0,0.0199999999999818
"wine","original","kmeans",3,20,31324037,41324037,178,13,30,100,"Hartigan-Wong",178,0.284858919189899,1.38918797771816,70.9400080031512,0.897494981509321,0.875898467540787,0.966292134831461,0.966292134831461,1270.74911531181,2,0,0.0199999999999818
"wine","sparsified","kmeans",3,20,31324037,41324037,178,52,30,100,"Hartigan-Wong",178,0.116660338412682,2.64120003064106,19.750873933982,0.914879596066953,0.892589719352039,0.971910112359551,0.971910112359551,7509.02972124721,3,0,0.0299999999999727
"wine","original","kmeans",3,21,31324038,41324038,178,13,30,100,"Hartigan-Wong",178,0.284858919189899,1.38918797771816,70.9400080031512,0.897494981509321,0.875898467540787,0.966292134831461,0.966292134831461,1270.74911531181,3,0,0.00999999999999091
"wine","sparsified","kmeans",3,21,31324038,41324038,178,52,30,100,"Hartigan-Wong",178,0.116660338412682,2.64120003064106,19.750873933982,0.914879596066953,0.892589719352039,0.971910112359551,0.971910112359551,7509.02972124721,3,0,0.00999999999999091
"wine","original","kmeans",3,22,31324039,41324039,178,13,30,100,"Hartigan-Wong",178,0.284858919189899,1.38918797771816,70.9400080031512,0.897494981509321,0.875898467540787,0.966292134831461,0.966292134831461,1270.74911531181,3,0,0.00999999999999091
"wine","sparsified","kmeans",3,22,31324039,41324039,178,52,30,100,"Hartigan-Wong",178,0.116660338412682,2.64120003064106,19.750873933982,0.914879596066953,0.89258971935204,0.971910112359551,0.971910112359551,7509.02972124721,3,0,0.0300000000000864
"wine","original","kmeans",3,23,31324040,41324040,178,13,30,100,"Hartigan-Wong",178,0.284858919189899,1.38918797771816,70.9400080031512,0.897494981509321,0.875898467540787,0.966292134831461,0.966292134831461,1270.74911531181,3,0,0
"wine","sparsified","kmeans",3,23,31324040,41324040,178,52,30,100,"Hartigan-Wong",178,0.116660338412682,2.64120003064106,19.750873933982,0.914879596066953,0.89258971935204,0.971910112359551,0.971910112359551,7509.02972124721,3,0,0.0199999999999818
"wine","original","kmeans",3,24,31324041,41324041,178,13,30,100,"Hartigan-Wong",178,0.284858919189899,1.38918797771816,70.9400080031512,0.897494981509321,0.875898467540787,0.966292134831461,0.966292134831461,1270.74911531181,3,0,0
"wine","sparsified","kmeans",3,24,31324041,41324041,178,52,30,100,"Hartigan-Wong",178,0.116660338412682,2.64120003064106,19.750873933982,0.914879596066953,0.892589719352039,0.971910112359551,0.971910112359551,7509.02972124721,3,0,0.00999999999999091
"wine","original","kmeans",3,25,31324042,41324042,178,13,30,100,"Hartigan-Wong",178,0.284858919189899,1.38918797771816,70.9400080031512,0.897494981509321,0.875898467540787,0.966292134831461,0.966292134831461,1270.74911531181,3,0,0
"wine","sparsified","kmeans",3,25,31324042,41324042,178,52,30,100,"Hartigan-Wong",178,0.116660338412682,2.64120003064106,19.750873933982,0.914879596066953,0.892589719352039,0.971910112359551,0.971910112359551,7509.02972124721,2,0,0.0299999999999727
"wine","original","kmeans",3,26,31324043,41324043,178,13,30,100,"Hartigan-Wong",178,0.284858919189899,1.38918797771816,70.9400080031512,0.897494981509321,0.875898467540787,0.966292134831461,0.966292134831461,1270.74911531181,3,0,0.00999999999999091
"wine","sparsified","kmeans",3,26,31324043,41324043,178,52,30,100,"Hartigan-Wong",178,0.116660338412682,2.64120003064106,19.750873933982,0.914879596066953,0.89258971935204,0.971910112359551,0.971910112359551,7509.02972124721,4,0,0.0299999999999727
"wine","original","kmeans",3,27,31324044,41324044,178,13,30,100,"Hartigan-Wong",178,0.284858919189899,1.38918797771816,70.9400080031512,0.897494981509321,0.875898467540787,0.966292134831461,0.966292134831461,1270.74911531181,2,0,0
"wine","sparsified","kmeans",3,27,31324044,41324044,178,52,30,100,"Hartigan-Wong",178,0.116660338412682,2.64120003064106,19.750873933982,0.914879596066953,0.892589719352039,0.971910112359551,0.971910112359551,7509.02972124721,3,0,0.00999999999999091
"wine","original","kmeans",3,28,31324045,41324045,178,13,30,100,"Hartigan-Wong",178,0.284858919189899,1.38918797771816,70.9400080031512,0.897494981509321,0.875898467540787,0.966292134831461,0.966292134831461,1270.74911531181,3,0,0
"wine","sparsified","kmeans",3,28,31324045,41324045,178,52,30,100,"Hartigan-Wong",178,0.116660338412682,2.64120003064106,19.750873933982,0.914879596066953,0.892589719352039,0.971910112359551,0.971910112359551,7509.02972124721,3,0,0.0199999999999818
"wine","original","kmeans",3,29,31324046,41324046,178,13,30,100,"Hartigan-Wong",178,0.284858919189899,1.38918797771816,70.9400080031512,0.897494981509321,0.875898467540787,0.966292134831461,0.966292134831461,1270.74911531181,4,0,0
"wine","sparsified","kmeans",3,29,31324046,41324046,178,52,30,100,"Hartigan-Wong",178,0.116660338412682,2.64120003064106,19.750873933982,0.914879596066953,0.892589719352039,0.971910112359551,0.971910112359551,7509.02972124721,3,0,0.0199999999999818
"wine","original","kmeans",3,30,31324047,41324047,178,13,30,100,"Hartigan-Wong",178,0.284858919189899,1.38918797771816,70.9400080031512,0.897494981509321,0.875898467540787,0.966292134831461,0.966292134831461,1270.74911531181,2,0,0
"wine","sparsified","kmeans",3,30,31324047,41324047,178,52,30,100,"Hartigan-Wong",178,0.116660338412682,2.64120003064106,19.750873933982,0.914879596066953,0.89258971935204,0.971910112359551,0.971910112359551,7509.02972124721,3,0,0.00999999999999091
